ts_code,name,fullname,enname,cn_spell,market,list_status,list_date,delist_date,trade_unit,isin,curr_type
00001.HK,长和,长江和记实业有限公司,CK Hutchison Holdings Ltd.,CH,主板,L,19721101,,500.0,KYG217651051,HKD
00002.HK,中电控股,中电控股有限公司,CLP Holdings Ltd.,ZDKG,主板,L,19800102,,500.0,HK0002007356,HKD
00003.HK,香港中华煤气,香港中华煤气有限公司,The Hong Kong and China Gas Co. Ltd.,XGZHMQ,主板,L,19600411,,1000.0,HK0003000038,HKD
00004.HK,九龙仓集团,九龙仓集团有限公司,The Wharf (Holdings) Limited,JLCJT,主板,L,19210101,,1000.0,HK0004000045,HKD
00005.HK,汇丰控股,汇丰控股有限公司,HSBC Holdings plc,HFKG,主板,L,19800102,,400.0,GB0005405286,HKD
00006.HK,电能实业,电能实业有限公司,Power Assets Holdings Limited,DNSY,主板,L,19760816,,500.0,HK0006000050,HKD
00007.HK,智富资源投资,智富资源投资控股集团有限公司,Wisdom Wealth Resources Investment Holding Group Limited,ZFZYTZ,主板,L,20000908,,10000.0,BMG4643R1245,HKD
00008.HK,电讯盈科,电讯盈科有限公司,PCCW Ltd.,DXYK,主板,L,19941018,,1000.0,HK0008011667,HKD
00010.HK,恒隆集团,恒隆集团有限公司,Hang Lung Group Ltd.,HLJT,主板,L,19721012,,1000.0,HK0010000088,HKD
00012.HK,恒基地产,恒基兆业地产有限公司,Henderson Land Development Co. Ltd.,HJDC,主板,L,19810723,,1000.0,HK0012000102,HKD
00013.HK,和黄医药,和黄医药(中国)有限公司,Hutchmed (China) Limited,HHYY,主板,L,20210630,,500.0,KYG4672N1198,HKD
00014.HK,希慎兴业,希慎兴业有限公司,Hysan Development Co. Ltd.,XSXY,主板,L,19810918,,1000.0,HK0014000126,HKD
00016.HK,新鸿基地产,新鸿基地产发展有限公司,Sun Hung Kai Properties Ltd.,XHJDC,主板,L,19720908,,500.0,HK0016000132,HKD
00017.HK,新世界发展,新世界发展有限公司,New World Development Co. Ltd.,XSJFZ,主板,L,19721123,,1000.0,HK0000608585,HKD
00018.HK,东方传媒集团,东方传媒集团有限公司,Oriental Media Group Limited,DFCMJT,主板,L,19870818,,2000.0,HK0018000155,HKD
00019.HK,太古股份公司A,太古股份有限公司A,Swire Pacific Limited A,TGGFGSA,主板,L,19590414,,500.0,HK0019000162,HKD
00020.HK,商汤-W,商汤集团股份有限公司,SenseTime Group Inc.,STW,主板,L,20211230,,1000.0,KYG8062L1041,HKD
00021.HK,大中华控股,大中华控股(香港)有限公司,Great China Holdings (Hong Kong) Limited,DZHKG,主板,L,19540301,,5000.0,HK0000132420,HKD
00022.HK,茂盛控股,茂盛控股有限公司,Mexan Limited,MSKG,主板,L,19721214,,40000.0,BMG6051D1175,HKD
00023.HK,东亚银行,东亚银行有限公司,"The Bank of East Asia, Ltd.",DYYH,主板,L,19210101,,200.0,HK0023000190,HKD
00025.HK,CHEVALIER INT'L,其士国际集团有限公司,Chevalier International Holdings Ltd.,CHEVALIERINTL,主板,L,19841205,,2000.0,BMG2097Z1471,HKD
00026.HK,中华汽车,中华汽车有限公司,"China Motor Bus Co., Ltd.",ZHQC,主板,L,19620101,,200.0,HK0026000205,HKD
00027.HK,银河娱乐,银河娱乐集团有限公司,Galaxy Entertainment Group Limited,YHYL,主板,L,19911007,,1000.0,HK0027032686,HKD
00028.HK,天安,天安中国投资有限公司,Tian An China Investments Co. Ltd.,TA,主板,L,19870318,,1000.0,HK0028013271,HKD
00029.HK,达力集团,达力集团有限公司,Dynamic Holdings Ltd.,DLJT,主板,L,19800104,,2000.0,BMG2889K1678,HKD
00030.HK,云白国际,云白国际有限公司,YNBY International Limited,YBGJ,主板,L,19911009,,2000.0,BMG0865U1009,HKD
00031.HK,航天控股,中国航天国际控股有限公司,China Aerospace International Holdings Ltd.,HTKG,主板,L,19810825,,2000.0,HK0031044180,HKD
00032.HK,港通控股,港通控股有限公司,The Cross-Harbour (Holdings) Ltd.,GTKG,主板,L,19740730,,1000.0,HK0032009356,HKD
00033.HK,INTL GENIUS,International Genius Company,International Genius Company,INTLGENIUS,主板,L,20071119,,2000.0,KYG0252B1115,HKD
00034.HK,九龙建业,九龙建业有限公司,Kowloon Development Company Limited,JLJY,主板,L,19950704,,1000.0,HK0034000254,HKD
00035.HK,远东发展,远东发展有限公司,Far East Consortium International Ltd.,YDFZ,主板,L,19720921,,1000.0,KYG3307Z1090,HKD
00036.HK,远东控股国际,远东控股国际有限公司,Far East Holdings International Limited,YDKGGJ,主板,L,19730212,,6000.0,HK0001095345,HKD
00037.HK,远东酒店实业,远东酒店实业有限公司,Far East Hotels & Entertainment Ltd.,YDJDSY,主板,L,19790703,,2000.0,HK0037039283,HKD
00038.HK,第一拖拉机股份,第一拖拉机股份有限公司,First Tractor Company Limited,DYTLJGF,主板,L,19970623,,2000.0,CNE100000320,HKD
00039.HK,中国北大荒,中国北大荒产业集团控股有限公司,China Beidahuang Industry Group Holdings Limited,ZGBDH,主板,L,20010116,,8000.0,KYG2117W1087,HKD
00040.HK,金山科技工业,金山科技工业有限公司,Gold Peak Technology Group Limited,JSKJGY,主板,L,19840702,,1000.0,HK0040000298,HKD
00041.HK,鹰君,鹰君集团有限公司,Great Eagle Holdings Limited,YJ,主板,L,19721026,,1000.0,BMG4069C1486,HKD
00042.HK,东北电气,东北电气发展股份有限公司,Northeast Electric Development Co. Ltd.,DBDQ,主板,L,19950706,,2000.0,CNE1000003V0,HKD
00045.HK,大酒店,香港上海大酒店有限公司,"The Hongkong and Shanghai Hotels, Limited",DJD,主板,L,19210101,,500.0,HK0045000319,HKD
00046.HK,科联系统,科联系统集团有限公司,Computer And Technologies Holdings Ltd.,KLXT,主板,L,19980518,,2000.0,BMG2335C1082,HKD
00048.HK,中国汽车内饰,中国汽车内饰集团有限公司,China Automotive Interior Decoration Holdings Limited,ZGQCNS,主板,L,20140825,,10000.0,KYG211351500,HKD
00050.HK,香港小轮(集团),香港小轮(集团)有限公司,Hong Kong Ferry (Holdings) Co. Ltd.,XGXLJT,主板,L,19210101,,1000.0,HK0050000345,HKD
00051.HK,海港企业,海港企业有限公司,Harbour Centre Development Ltd.,HGQY,主板,L,19710215,,1000.0,HK0051000351,HKD
00052.HK,大快活集团,大快活集团有限公司,Fairwood Holdings Ltd.,DKHJT,主板,L,19911009,,500.0,BMG3305Y1619,HKD
00053.HK,国浩集团,国浩集团有限公司,Guoco Group Ltd.,GHJT,主板,L,19830503,,1000.0,BMG420981224,HKD
00055.HK,中星集团控股,中星集团控股有限公司,Neway Group Holdings Limited,ZXJTKG,主板,L,19920910,,10000.0,BMG6433R1319,HKD
00057.HK,震雄集团,震雄集团有限公司,Chen Hsong Holdings Ltd.,ZXJT,主板,L,19911022,,2000.0,BMG208741063,HKD
00058.HK,新威国际,新威国际控股有限公司,Sunway International Holdings Ltd.,XWGJ,主板,L,19990903,,20000.0,BMG858331389,HKD
00059.HK,天誉置业,天誉置业(控股)有限公司,Skyfame Realty (Holdings) Ltd.,TYZY,主板,L,19931116,,2000.0,BMG8220B1476,HKD
00060.HK,香港食品投资,香港食品投资控股有限公司,Hong Kong Food Investment Holdings Ltd.,XGSPTZ,主板,L,19921216,,2000.0,HK0060028229,HKD
00061.HK,绿领控股,绿领控股集团有限公司,Green Leader Holdings Group Limited,LLKG,主板,L,19990706,,20000.0,BMG4165P1187,HKD
00062.HK,载通,载通国际控股有限公司,Transport International Holdings Ltd.,ZT,主板,L,19610501,,400.0,BMG9031M1082,HKD
00063.HK,中亚烯谷集团,中亚烯谷集团有限公司,China Asia Valley Group Limited,ZYXGJT,主板,L,19860226,,1000.0,BMG2123P1059,HKD
00064.HK,结好控股,结好控股有限公司,Get Nice Holdings Ltd.,JHKG,主板,L,20020606,,2000.0,KYG3926K1296,HKD
00065.HK,弘海高新资源,弘海高新资源有限公司,Grand Ocean Advanced Resources Company Limited,HHGXZY,主板,L,20090622,,4000.0,KYG4064U1013,HKD
00066.HK,港铁公司,香港铁路有限公司,MTR Corporation Ltd.,GTGS,主板,L,20001005,,500.0,HK0066009694,HKD
00068.HK,MANYCORE TECH,Manycore Tech Inc.,Manycore Tech Inc.,MANYCORETECH,主板,L,20260417,,500.0,KYG5860M1024,HKD
00069.HK,香格里拉(亚洲),香格里拉(亚洲)有限公司,Shangri-La Asia Ltd.,XGLLYZ,主板,L,19930617,,2000.0,BMG8063F1068,HKD
00070.HK,金粤控股,金粤控股有限公司,Rich Goldman Holdings Limited,JYKG,主板,L,19730101,,10000.0,HK0000295763,HKD
00071.HK,美丽华酒店,美丽华酒店企业有限公司,"Miramar Hotel & Investment Co., Ltd.",MLHJD,主板,L,19700725,,1000.0,HK0071000456,HKD
00072.HK,超媒体控股,超媒体控股有限公司,Meta Media Holdings Limited,CMTKG,主板,L,20090909,,2000.0,KYG618251089,HKD
00073.HK,亚洲果业,亚洲果业控股有限公司,Asian Citrus Holdings Limited,YZGY,主板,L,20091126,,1000.0,BMG0620W3009,HKD
00075.HK,渝太地产,渝太地产集团有限公司,Y. T. Realty Group Ltd.,YTDC,主板,L,19841112,,2000.0,BMG987731079,HKD
00076.HK,谊砾控股,谊砾控股有限公司,Elate Holdings Limited,YLKG,主板,L,19840924,,4000.0,HK0000900701,HKD
00077.HK,进智公共交通,进智公共交通控股有限公司,AMS Public Transport Holdings Ltd.,JZGGJT,主板,L,20040415,,2000.0,KYG041561088,HKD
00078.HK,REGAL INT'L,富豪酒店国际控股有限公司,Regal Hotels International Holdings Ltd.,REGALINTL,主板,L,19801103,,2000.0,BMG7475M1626,HKD
00079.HK,世纪建业,世纪建业(集团)有限公司,Century Legend (Holdings) Ltd.,SJJY,主板,L,19930708,,4000.0,BMG2021N1609,HKD
00080.HK,CAI控股,CAI控股,CAI Corp,CAIKG,主板,L,20110106,,10000.0,KYG211971687,HKD
00081.HK,中国海外宏洋集团,中国海外宏洋集团有限公司,China Overseas Grand Oceans Group Limited,ZGHWHYJT,主板,L,19840426,,1000.0,HK0000065737,HKD
00082.HK,疯狂体育,疯狂体育集团有限公司,Crazy Sports Group Limited,FKTY,主板,L,19911025,,2000.0,BMG249551091,HKD
00083.HK,信和置业,信和置业有限公司,Sino Land Co. Ltd.,XHZY,主板,L,19810408,,2000.0,HK0083000502,HKD
00084.HK,宝光实业,宝光实业(国际)有限公司,Stelux Holdings International Ltd.,BGSY,主板,L,19721002,,1000.0,BMG8465C1073,HKD
00085.HK,中电华大科技,中国电子华大科技有限公司,China Electronics Huada Technology Company Limited,ZDHDKJ,主板,L,19970725,,2000.0,BMG2122L1054,HKD
00086.HK,新鸿基公司,新鸿基有限公司,"Sun Hung Kai & Co., Ltd.",XHJGS,主板,L,19831003,,1000.0,HK0086000525,HKD
00087.HK,太古股份公司B,太古股份有限公司B,Swire Pacific Limited B,TGGFGSB,主板,L,19730501,,2500.0,HK0087000532,HKD
00088.HK,TAI CHEUNG HOLD,大昌集团有限公司,Tai Cheung Holdings Ltd.,TAICHEUNGHOLD,主板,L,19721211,,1000.0,BMG8659B1054,HKD
00089.HK,大生地产,大生地产发展有限公司,Tai Sang Land Development Ltd.,DSDC,主板,L,19730221,,1000.0,HK0089000548,HKD
00090.HK,普星能量,普星能量有限公司,Puxing Energy Limited,PXNL,主板,L,20090710,,2000.0,KYG730761049,HKD
00092.HK,冠军科技集团,冠军科技集团有限公司,Champion Technology Holdings Ltd.,GJKJJT,主板,L,19920819,,12000.0,BMG2033C4008,HKD
00093.HK,零在科技金融,零在科技金融集团有限公司,Zero Fintech Group Limited,LZKJJR,主板,L,19911023,,2000.0,BMG8760C1414,HKD
00094.HK,绿心集团,绿心集团有限公司,Greenheart Group Limited,LXJT,主板,L,19880621,,80000.0,BMG4094L1054,HKD
00095.HK,绿景中国地产,绿景(中国)地产投资有限公司,LVGEM (China) Real Estate Investment Company Limited,LJZGDC,主板,L,20051202,,2000.0,KYG5727E1035,HKD
00096.HK,YUSEI,友成控股有限公司,Yusei Holdings Ltd.,YUSEI,主板,L,20101215,,2000.0,KYG9883K1013,HKD
00097.HK,恒基发展,恒基兆业发展有限公司,Henderson Investment Ltd.,HJFZ,主板,L,19721106,,1000.0,HK0097000571,HKD
00098.HK,兴发铝业,兴发铝业控股有限公司,Xingfa Aluminium Holdings Ltd.,XFLY,主板,L,20080331,,1000.0,KYG9828C1078,HKD
00099.HK,王氏国际,王氏国际集团有限公司,Wong's International Holdings Ltd.,WSGJ,主板,L,19831215,,1000.0,BMG9738G1078,HKD
00100.HK,MINIMAX-W,MiniMax Group Inc.,MiniMax Group Inc.,MINIMAXW,主板,L,20260109,,20.0,KYG6181S1093,HKD
00101.HK,恒隆地产,恒隆地产有限公司,Hang Lung Properties Ltd.,HLDC,主板,L,19540101,,1000.0,HK0101000591,HKD
00103.HK,首佳科技,首佳科技制造有限公司,Shougang Century Holdings Limited,SJKJ,主板,L,19920409,,1000.0,HK0001215935,HKD
00104.HK,ASIA COMM HOLD,冠亚商业集团有限公司,Asia Commercial Holdings Ltd.,ASIACOMMHOLD,主板,L,19870729,,5000.0,BMG0532V2009,HKD
00105.HK,凯联国际酒店,凯联国际酒店有限公司,Associated International Hotels Ltd.,KLGJJD,主板,L,19851024,,2000.0,HK0105000613,HKD
00106.HK,朗诗绿色管理,朗诗绿色管理有限公司,Landsea Green Management Limited,LSLSGL,主板,L,19860324,,4000.0,BMG5370A1018,HKD
00107.HK,四川成渝高速公路,四川成渝高速公路股份有限公司,Sichuan Expressway Company Limited,SCCYGSGL,主板,L,19971007,,2000.0,CNE100000494,HKD
00108.HK,国锐生活,国锐生活有限公司,GR Life Style Company Limited,GRSH,主板,L,19730209,,2000.0,HK0108000628,HKD
00110.HK,中国长远,中国长远控股有限公司,China Fortune Holdings Limited,ZGCY,主板,L,20040126,,4000.0,BMG2154Z1216,HKD
00111.HK,信达国际控股,信达国际控股有限公司,Cinda International Holdings Limited,XDGJKG,主板,L,20000801,,2000.0,BMG2143M1082,HKD
00113.HK,迪生创建,迪生创建(国际)有限公司,Dickson Concepts (International) Ltd.,DSCJ,主板,L,19730315,,500.0,BMG275871231,HKD
00114.HK,HERALD HOLD,兴利集团有限公司,Herald Holdings Ltd.,HERALDHOLD,主板,L,19700312,,5000.0,BMG4410A1062,HKD
00115.HK,钧濠集团,钧濠集团有限公司,Grand Field Group Holdings Ltd.,JHJT,主板,L,19991013,,2000.0,BMG4054H3005,HKD
00116.HK,周生生,周生生集团国际有限公司,Chow Sang Sang Holdings International Ltd.,ZSS,主板,L,19730406,,1000.0,BMG2113M1203,HKD
00117.HK,天利控股集团,天利控股集团有限公司,Tianli Holdings Group Limited,TLKGJT,主板,L,20071221,,2000.0,KYG8884H1092,HKD
00118.HK,大同机械,大同机械企业有限公司,Cosmos Machinery Enterprises Ltd.,DTJX,主板,L,19881212,,2000.0,HK0118000667,HKD
00119.HK,保利置业集团,保利置业集团有限公司,"Poly Property Group Co.,Limited",BLZYJT,主板,L,19730830,,1000.0,HK0119000674,HKD
00120.HK,COSMOPOL INT'L,四海国际集团有限公司,Cosmopolitan International Holdings Ltd.,COSMOPOLINTL,主板,L,19891101,,600.0,KYG2445L1703,HKD
00122.HK,鳄鱼恤,鳄鱼恤有限公司,Crocodile Garments Ltd.,EYX,主板,L,19710901,,2000.0,HK0001074084,HKD
00123.HK,越秀地产,越秀地产股份有限公司,Yuexiu Property Company Limited,YXDC,主板,L,19921215,,1000.0,HK0000745908,HKD
00124.HK,粤海置地,粤海置地控股有限公司,Guangdong Land Holdings Limited,YHZD,主板,L,19970808,,2000.0,BMG4182K1009,HKD
00125.HK,新兴光学,新兴光学集团控股有限公司,Sun Hing Vision Group Holdings Ltd.,XXGX,主板,L,19990525,,2000.0,BMG8572F1005,HKD
00126.HK,佳宁娜,佳宁娜集团控股有限公司,Carrianna Group Holdings Company Limited,JNN,主板,L,19911101,,2000.0,BMG1993G1042,HKD
00127.HK,华人置业,华人置业集团有限公司,Chinese Estates Holdings Ltd.,HRZY,主板,L,19210101,,500.0,BMG2108M2182,HKD
00128.HK,安宁控股,安宁控股有限公司,ENM Holdings Limited,ANKG,主板,L,19721116,,4000.0,HK0128011282,HKD
00129.HK,泛海集团,泛海国际集团有限公司,Asia Standard International Group Ltd.,FHJT,主板,L,19730124,,2000.0,BMG0533U2355,HKD
00130.HK,慕诗国际,慕诗国际集团有限公司,Moiselle International Holdings Ltd.,MSGJ,主板,L,20020211,,2000.0,KYG618641073,HKD
00131.HK,卓能(集团),卓能(集团)有限公司,Cheuk Nang (Holdings) Ltd.,ZNJT,主板,L,19880815,,1000.0,HK0131037993,HKD
00132.HK,兴业控股,兴业控股有限公司,Hing Yip Holdings Limited,XYKG,主板,L,19730518,,1000.0,BMG210751092,HKD
00133.HK,招商局中国基金,招商局中国基金有限公司,China Merchants China Direct Investments Ltd.,ZSJZGJJ,主板,L,19930722,,2000.0,HK0133000726,HKD
00135.HK,昆仑能源,昆仑能源有限公司,Kunlun Energy Company Limited,KLNY,主板,L,19730313,,2000.0,BMG5320C1082,HKD
00136.HK,中国儒意,中国儒意控股有限公司,China Ruyi Holdings Limited,ZGRY,主板,L,19970925,,4000.0,BMG4404N1149,HKD
00137.HK,金辉集团,金辉集团有限公司,Jinhui Holdings Co. Ltd.,JHJT,主板,L,19911206,,1000.0,HK0137031065,HKD
00138.HK,中建富通,中建富通集团有限公司,CCT Fortis Holdings Limited,ZJFT,主板,L,19911111,,5000.0,BMG1987Y2020,HKD
00139.HK,小鱼盈通,小鱼盈通控股有限公司,Smart Fish Wealthlink Holdings Limited,XYYT,主板,L,19940315,,10000.0,BMG2118J2052,HKD
00142.HK,第一太平,第一太平有限公司,First Pacific Co. Ltd.,DYTP,主板,L,19880912,,2000.0,BMG348041077,HKD
00144.HK,招商局港口,招商局港口控股有限公司,China Merchants Port Holdings Company Limited,ZSJGK,主板,L,19920715,,2000.0,HK0144000764,HKD
00145.HK,信能低碳,信能低碳有限公司,CCIAM Future Energy Limited,XNDT,主板,L,19720701,,8000.0,HK0000990694,HKD
00146.HK,TAI PING CARPET,太平地毡国际有限公司,Tai Ping Carpets International Ltd.,TAIPINGCARPET,主板,L,19800108,,1000.0,BMG8659F1068,HKD
00147.HK,国际商业结算,国际商业结算控股有限公司,International Business Settlement Holdings Limited,GJSYJS,主板,L,19880606,,5000.0,BMG4824K1045,HKD
00148.HK,建滔集团,建滔集团有限公司,Kingboard Holdings Limited,JTJT,主板,L,19931008,,500.0,KYG525621408,HKD
00149.HK,中国农产品交易,中国农产品交易有限公司,China Agri-Products Exchange Limited,ZGNCPJY,主板,L,19730312,,5000.0,BMG2150P2343,HKD
00150.HK,HYPEBEAST,Hypebeast Limited,Hypebeast Limited,HYPEBEAST,主板,L,20190308,,2800.0,KYG468321040,HKD
00151.HK,中国旺旺,中国旺旺控股有限公司,Want Want China Holdings Ltd.,ZGWW,主板,L,20080326,,1000.0,KYG9431R1039,HKD
00152.HK,深圳国际,深圳国际控股有限公司,Shenzhen International Holdings Limited,SZGJ,主板,L,19720925,,500.0,BMG8086V1467,HKD
00154.HK,北京控股环境集团,北京控股环境集团有限公司,Beijing Enterprises Environment Group Limited,BJKGHJJT,主板,L,19800429,,1000.0,HK0154000803,HKD
00156.HK,力宝华润,力宝华润有限公司,Lippo China Resources Ltd.,LBHR,主板,L,19800124,,2000.0,HK0000936234,HKD
00157.HK,自然美,自然美生物科技有限公司,Natural Beauty Bio-Technology Ltd.,ZRM,主板,L,20020328,,10000.0,KYG640061027,HKD
00158.HK,万邦投资,万邦投资有限公司,Melbourne Enterprises Ltd.,WBTZ,主板,L,19720829,,500.0,HK0158000825,HKD
00159.HK,布莱克万矿业,布莱克万矿业有限公司,Brockman Mining Limited,BLKWKY,主板,L,19850705,,4000.0,BMG1739E1084,HKD
00160.HK,汉国置业,汉国置业有限公司,"Hon Kwok Land Investment Company, Limited",HGZY,主板,L,19720916,,2000.0,HK0160011786,HKD
00162.HK,世纪金花,世纪金花商业控股有限公司,Century Ginwa Retail Holdings Ltd.,SJJH,主板,L,20001023,,2000.0,BMG2021K1172,HKD
00163.HK,英皇国际,英皇国际集团有限公司,Emperor International Holdings Ltd.,YHGJ,主板,L,19721114,,10000.0,BMG3036C2239,HKD
00164.HK,中国宝力科技,中国宝力科技控股有限公司,China Baoli Technologies Holdings Limited,ZGBLKJ,主板,L,19730126,,5000.0,BMG2119D3063,HKD
00165.HK,中国光大控股,中国光大控股有限公司,China Everbright Ltd.,ZGGDKG,主板,L,19730226,,2000.0,HK0165000859,HKD
00166.HK,新时代集团控股,新时代集团控股有限公司,New Times Corporation Limited,XSDJTKG,主板,L,19981013,,2000.0,BMG648851092,HKD
00167.HK,IDT INT'L,万威国际有限公司,IDT International Ltd.,IDTINTL,主板,L,19881021,,18000.0,BMG4705P1499,HKD
00168.HK,青岛啤酒股份,青岛啤酒股份有限公司,Tsingtao Brewery Company Limited,QDPJGF,主板,L,19930715,,2000.0,CNE1000004K1,HKD
00169.HK,万达酒店发展,万达酒店发展有限公司,Wanda Hotel Development Company Limited,WDJDFZ,主板,L,20020604,,1000.0,BMG9430N1039,HKD
00171.HK,银建国际,银建国际控股集团有限公司,Silver Grant International Holdings Group Limited,YJGJ,主板,L,19730223,,2000.0,HK0171000877,HKD
00173.HK,嘉华国际,嘉华国际集团有限公司,K. Wah International Holdings Ltd.,JHGJ,主板,L,19870206,,1000.0,BMG5321P1169,HKD
00174.HK,盛洋投资,盛洋投资(控股)有限公司,Gemini Investments (Holdings) Limited,SYTZ,主板,L,19881005,,2000.0,HK0174000890,HKD
00175.HK,吉利汽车,吉利汽车控股有限公司,Geely Automobile Holdings Limited,JLQC,主板,L,19730223,,1000.0,KYG3777B1032,HKD
00176.HK,先机企业集团,先机企业集团有限公司,Superactive Group Company Limited,XJQYJT,主板,L,19940428,,2000.0,BMG8587Y1021,HKD
00177.HK,江苏宁沪高速公路,江苏宁沪高速公路股份有限公司,Jiangsu Expressway Company Limited,JSNHGSGL,主板,L,19970627,,2000.0,CNE1000003J5,HKD
00178.HK,莎莎国际,莎莎国际控股有限公司,Sa Sa International Holdings Ltd.,SSGJ,主板,L,19970613,,2000.0,KYG7814S1021,HKD
00179.HK,德昌电机控股,德昌电机控股有限公司,Johnson Electric Holdings Ltd.,DCDJKG,主板,L,19840711,,500.0,BMG5150J1577,HKD
00180.HK,开达集团,开达集团有限公司,"Kader Holdings Co., Ltd.",KDJT,主板,L,19850524,,2000.0,BMG5206W1038,HKD
00181.HK,闽港控股,闽港控股有限公司,Fujian Holdings Limited,MGKG,主板,L,19730222,,20000.0,HK0181013399,HKD
00182.HK,协合新能源,协合新能源集团有限公司,Concord New Energy Group Limited,XHXNY,主板,L,19911127,,10000.0,BMG2345T1099,HKD
00183.HK,宏辉集团,宏辉集团控股有限公司,Winfull Group Holdings Limited,HHJT,主板,L,20101202,,8000.0,KYG9704H1130,HKD
00184.HK,激成投资,激成投资(香港)有限公司,Keck Seng Investments (Hong Kong) Ltd.,JCTZ,主板,L,19730224,,2000.0,HK0184000948,HKD
00185.HK,正商实业,正商实业有限公司,Zensun Enterprises Limited,ZSSY,主板,L,19721220,,1000.0,HK0000769783,HKD
00186.HK,敏捷控股,敏捷控股有限公司,Nimble Holdings Company Limited,MJKG,主板,L,19870709,,30000.0,BMG652161065,HKD
00187.HK,京城机电股份,北京京城机电股份有限公司,Beijing Jingcheng Machinery Electric Company Limited,JCJDGF,主板,L,19930806,,2000.0,CNE100000270,HKD
00188.HK,新华汇富金融,新华汇富金融控股有限公司,Sunwah Kingsway Capital Holdings Ltd.,XHHFJR,主板,L,20000915,,5000.0,BMG8587P1196,HKD
00189.HK,东岳集团,东岳集团有限公司,Dongyue Group Limited,DYJT,主板,L,20071210,,1000.0,KYG2816P1072,HKD
00191.HK,丽新国际,丽新制衣国际有限公司,Lai Sun Garment (International) Ltd.,LXGJ,主板,L,19871203,,1000.0,HK0000356805,HKD
00193.HK,冠中地产,冠中地产有限公司,Capital Estate Ltd.,GZDC,主板,L,19720911,,3000.0,HK0000489689,HKD
00194.HK,廖创兴企业,廖创兴企业有限公司,Liu Chong Hing Investment Ltd.,LCXQY,主板,L,19721113,,2000.0,HK0194000995,HKD
00195.HK,绿科科技国际,绿科科技国际有限公司,Greentech Technology International Limited,LKKJGJ,主板,L,20081112,,2000.0,KYG4100V1133,HKD
00196.HK,宏华集团,宏华集团有限公司,Honghua Group Limited,HHJT,主板,L,20080307,,1000.0,KYG4584R1092,HKD
00197.HK,亨泰,亨泰消费品集团有限公司,Heng Tai Consumables Group Ltd.,HT,主板,L,20011203,,5000.0,KYG440351305,HKD
00199.HK,德祥地产,德祥地产集团有限公司,ITC Properties Group Limited,DXDC,主板,L,19940318,,1000.0,BMG4984N1618,HKD
00200.HK,新濠国际发展,新濠国际发展有限公司,Melco International Development Ltd.,XHGJFZ,主板,L,19810813,,1000.0,HK0200030994,HKD
00201.HK,华大酒店,华大酒店投资有限公司,Magnificent Hotel Investments Limited,HDJD,主板,L,19721117,,2000.0,HK0201008726,HKD
00202.HK,润中国际控股,润中国际控股有限公司,"EverChina Int'l Holdings Co., Ltd.",RZGJKG,主板,L,20000831,,5000.0,HK0000062734,HKD
00204.HK,资本界金控,资本界金控集团有限公司,Capital Realm Financial Holdings Group Limited,ZBJJK,主板,L,20001212,,5000.0,BMG2115B2053,HKD
00205.HK,BFB HEALTH,BFB Health Limited,BFB Health Limited,BFBHEALTH,主板,L,19930105,,10000.0,BMG8012K1311,HKD
00206.HK,华商能源,华商能源科技股份有限公司,"CM Energy Tech Co., Ltd.",HSNY,主板,L,20090605,,1000.0,KYG2124A1076,HKD
00209.HK,瀛晟科学,瀛晟科学有限公司,Winshine Science Company Limited,YSKX,主板,L,20020306,,10000.0,BMG9723F1225,HKD
00210.HK,达芙妮国际,达芙妮国际控股有限公司,Daphne International Holdings Limited,DFNGJ,主板,L,19951103,,2000.0,KYG2830J1031,HKD
00211.HK,STYLAND HOLD,大凌集团有限公司,Styland Holdings Ltd.,STYLANDHOLD,主板,L,19911205,,10000.0,BMG8540A3088,HKD
00212.HK,NANYANG HOLD,南洋集团有限公司,Nanyang Holdings Limited,NANYANGHOLD,主板,L,19540915,,500.0,BMG6362N1011,HKD
00213.HK,NATIONAL ELEC H,乐声电子有限公司,National Electronics Holdings Ltd.,NATIONALELECH,主板,L,19850204,,2000.0,BMG6374F1041,HKD
00214.HK,汇汉控股,汇汉控股有限公司,Asia Orient Holdings Ltd.,HHKG,主板,L,19860106,,2000.0,BMG0534H1189,HKD
00215.HK,和记电讯香港,和记电讯香港控股有限公司,Hutchison Telecommunications Hong Kong Holdings Limited,HJDXXG,主板,L,20090508,,2000.0,KYG4672G1064,HKD
00216.HK,建业实业,建业实业有限公司,"Chinney Investments,Ltd.",JYSY,主板,L,19730131,,4000.0,HK0216001088,HKD
00217.HK,中国诚通发展集团,中国诚通发展集团有限公司,China Chengtong Development Group Ltd.,ZGCTFZJT,主板,L,19720110,,2000.0,HK0217012357,HKD
00218.HK,申万宏源香港,申万宏源(香港)有限公司,Shenwan Hongyuan (H.K.) Limited,SWHYXG,主板,L,19730201,,5000.0,HK0218001102,HKD
00219.HK,顺豪物业,顺豪物业投资有限公司,Shun Ho Property Investments Ltd.,SHWY,主板,L,19730510,,2000.0,HK0219009344,HKD
00220.HK,统一企业中国,统一企业中国控股有限公司,Uni-President China Holdings Ltd.,TYQYZG,主板,L,20071217,,1000.0,KYG9222R1065,HKD
00222.HK,闽信集团,闽信集团有限公司,Min Xin Holdings Ltd.,MXJT,主板,L,19820628,,2000.0,HK0222001130,HKD
00223.HK,易生活控股,易生活控股有限公司,Elife Holdings Limited,YSHKG,主板,L,20020410,,20000.0,KYG3002T1195,HKD
00224.HK,建生国际,建生国际集团有限公司,Pioneer Global Group Ltd.,JSGJ,主板,L,19700801,,4000.0,BMG7098N1002,HKD
00225.HK,博富临置业,博富临置业有限公司,Pokfulam Development Co. Ltd.,BFLZY,主板,L,19721219,,2000.0,HK0225001145,HKD
00227.HK,第一上海,第一上海投资有限公司,First Shanghai Investments Ltd.,DYSH,主板,L,19720824,,8000.0,HK0227001168,HKD
00228.HK,中能控股,中国能源开发控股有限公司,China Energy Development Holdings Limited,ZNKG,主板,L,20020218,,2000.0,KYG2153W1116,HKD
00229.HK,利民实业,利民实业有限公司,Raymond Industrial Ltd.,LMSY,主板,L,19841122,,5000.0,HK0229001182,HKD
00232.HK,大陆航空科技控股,大陆航空科技控股有限公司,Continental Aerospace Technologies Holding Limited,DLHKKJKG,主板,L,19911212,,2000.0,BMG2381M1091,HKD
00234.HK,新世纪集团,新世纪集团香港有限公司,New Century Group Hong Kong Ltd.,XSJJT,主板,L,19721124,,24000.0,BMG644581396,HKD
00235.HK,中策资本控股,中策资本控股有限公司,CSC Holdings Limited,ZCZBKG,主板,L,19721204,,5000.0,HK0235034623,HKD
00236.HK,香港生力啤,香港生力啤酒厂有限公司,San Miguel Brewery Hong Kong Ltd.,XGSLP,主板,L,19630722,,2000.0,HK0236001209,HKD
00237.HK,安全货仓,安全货仓有限公司,"Safety Godown Co., Ltd.",AQHC,主板,L,19730109,,2000.0,HK0000642089,HKD
00239.HK,白花油,白花油国际有限公司,Pak Fah Yeow International Ltd.,BHY,主板,L,19911218,,2500.0,BMG6873Y1176,HKD
00240.HK,利基控股,利基控股有限公司,Build King Holdings Ltd.,LJKG,主板,L,19730315,,10000.0,BMG1675M1064,HKD
00241.HK,阿里健康,阿里健康信息技术有限公司,Alibaba Health Information Technology Limited,ALJK,主板,L,19720706,,2000.0,BMG0171K1018,HKD
00242.HK,信德集团,信德集团有限公司,Shun Tak Holdings Ltd.,XDJT,主板,L,19730125,,2000.0,HK0242001243,HKD
00243.HK,QPL INT'L,品质国际集团有限公司,QPL International Holdings Ltd.,QPLINTL,主板,L,19870120,,9000.0,BMG7302M2110,HKD
00244.HK,先施,先施有限公司,The Sincere Co. Ltd.,XS,主板,L,19210101,,1000.0,HK0244001258,HKD
00245.HK,中薇金融,中薇金融控股有限公司,China Vered Financial Holding Corporation Limited,ZWJR,主板,L,19720825,,5000.0,HK0001163432,HKD
00247.HK,TST PROPERTIES,尖沙咀置业集团有限公司,Tsim Sha Tsui Properties Ltd.,TSTPROPERTIES,主板,L,19720720,,2000.0,HK0247001271,HKD
00248.HK,香港通讯国际控股,香港通讯国际控股有限公司,HKC International Holdings Ltd.,XGTXGJKG,主板,L,20011109,,10000.0,KYG4515X1189,HKD
00251.HK,爪哇控股,爪哇控股有限公司,S E A Holdings Ltd.,ZWKG,主板,L,19731003,,2000.0,BMG7946B1000,HKD
00252.HK,华信地产财务,华信地产财务有限公司,Southeast Asia Properties & Finance Ltd.,HXDCCW,主板,L,19730301,,2000.0,HK0252001307,HKD
00253.HK,顺豪控股,顺豪控股有限公司,Shun Ho Holdings Ltd.,SHKG,主板,L,19801013,,2000.0,HK0253001314,HKD
00254.HK,国家联合资源,国家联合资源控股有限公司,National United Resources Holdings Limited,GJLHZY,主板,L,19721116,,20000.0,HK0001185096,HKD
00255.HK,龙记集团,龙记集团控股有限公司,Lung Kee Group Holdings Limited,LJJT,主板,L,19930305,,2000.0,BMG5697D1011,HKD
00256.HK,冠城钟表珠宝,冠城钟表珠宝集团有限公司,Citychamp Watch & Jewellery Group Limited,GCZBZB,主板,L,19911210,,2000.0,KYG2161T1004,HKD
00257.HK,光大环境,中国光大环境(集团)有限公司,China Everbright Environment Group Ltd.,GDHJ,主板,L,19730101,,1000.0,HK0257001336,HKD
00258.HK,汤臣集团,汤臣集团有限公司,Tomson Group Ltd.,TCJT,主板,L,19820726,,2000.0,KYG8917R1083,HKD
00259.HK,亿都(国际控股),亿都(国际控股)有限公司,Yeebo (International Holdings) Ltd.,YDGJKG,主板,L,19930901,,2000.0,BMG9835R1051,HKD
00261.HK,GBA集团,GBA集团有限公司,GBA Holdings Limited,GBAJT,主板,L,19911230,,16000.0,BMG4153U1523,HKD
00262.HK,迪臣发展国际,迪臣发展国际集团有限公司,Deson Development International Holdings Ltd.,DCFZGJ,主板,L,19970610,,5000.0,BMG2734F1656,HKD
00264.HK,中联发展控股,中联发展控股集团有限公司,China International Development Corporation Limited,ZLFZKG,主板,L,20030312,,4000.0,KYG2121T1094,HKD
00265.HK,港誉智慧城市服务,港誉智慧城市服务控股有限公司,Gangyu Smart Urban Services Holding Limited,GYZHCSFW,主板,L,19721212,,2000.0,KYG6777V1445,HKD
00266.HK,天德地产,天德地产有限公司,Tian Teck Land Ltd.,TDDC,主板,L,19860226,,2000.0,HK0266001368,HKD
00267.HK,中信股份,中国中信股份有限公司,CITIC Limited,ZXGF,主板,L,19860226,,1000.0,HK0267001375,HKD
00268.HK,金蝶国际,金蝶国际软件集团有限公司,Kingdee International Software Group Company Limited,JDGJ,主板,L,20050720,,1000.0,KYG525681477,HKD
00269.HK,中国资源交通,中国资源交通集团有限公司,China Resources and Transportation Group Limited,ZGZYJT,主板,L,19730319,,5000.0,KYG2162D1126,HKD
00270.HK,粤海投资,粤海投资有限公司,Guangdong Investment Ltd.,YHTZ,主板,L,19730105,,2000.0,HK0270001396,HKD
00271.HK,亚证地产,亚证地产有限公司,Asiasec Properties Limited,YZDC,主板,L,19730228,,1000.0,HK0271007608,HKD
00272.HK,瑞安房地产,瑞安房地产有限公司,Shui On Land Limited,RAFDC,主板,L,20061004,,500.0,KYG811511131,HKD
00274.HK,复兴亚洲,复兴亚洲丝路集团有限公司,Renaissance Asia Silk Road Group Limited,FXYZ,主板,L,20001218,,10000.0,KYG2115F1726,HKD
00276.HK,蒙古能源,蒙古能源有限公司,Mongolia Energy Corporation Limited,MGNY,主板,L,19720823,,6000.0,BMG6260K1595,HKD
00277.HK,太兴置业,太兴置业有限公司,Tern Properties Co. Ltd.,TXZY,主板,L,19890104,,2000.0,HK0277001415,HKD
00279.HK,裕承科金,裕承科金有限公司,Arta TechFin Corporation Limited,YCKJ,主板,L,19880511,,6000.0,KYG366302860,HKD
00280.HK,景福集团,景福集团有限公司,King Fook Holdings Ltd.,JFJT,主板,L,19880328,,2000.0,HK0280001436,HKD
00285.HK,比亚迪电子,比亚迪电子(国际)有限公司,BYD Electronic (International) Company Limited,BYDDZ,主板,L,20071220,,500.0,HK0285041858,HKD
00286.HK,爱帝宫,爱帝宫母婴健康股份有限公司,Aidigong Maternal & Child Health Limited,ADG,主板,L,19900907,,2000.0,BMG0133U1229,HKD
00287.HK,永发置业,永发置业有限公司,Winfair Investment Co. Ltd.,YFZY,主板,L,19730315,,2000.0,HK0287001470,HKD
00288.HK,万洲国际,万洲国际有限公司,WH Group Limited,WZGJ,主板,L,20140805,,500.0,KYG960071028,HKD
00289.HK,WING ON CO,永安国际有限公司,Wing On Company International Ltd.,WINGONCO,主板,L,19800102,,1000.0,BMG970561087,HKD
00290.HK,国富量子,国富量子创新有限公司,GoFintech Quantum Innovation Limited,GFLZ,主板,L,20010503,,2000.0,KYG2118A1132,HKD
00291.HK,华润啤酒,华润啤酒(控股)有限公司,China Resources Beer (Holdings) Company Limited,HRPJ,主板,L,19731115,,500.0,HK0291001490,HKD
00293.HK,国泰航空,国泰航空有限公司,Cathay Pacific Airways Ltd.,GTHK,主板,L,19860515,,1000.0,HK0293001514,HKD
00294.HK,长江制衣,长江制衣有限公司,Yangtzekiang Garment Limited,CJZY,主板,L,19700915,,1000.0,HK0294001521,HKD
00295.HK,江山控股,江山控股有限公司,Kong Sun Holdings Ltd.,JSKG,主板,L,19701128,,25000.0,HK0000120151,HKD
00296.HK,英皇娱乐酒店,英皇娱乐酒店有限公司,Emperor Entertainment Hotel Limited,YHYLJD,主板,L,19881230,,5000.0,BMG313891027,HKD
00297.HK,中化化肥,中化化肥控股有限公司,Sinofert Holdings Limited,ZHHF,主板,L,19960930,,2000.0,BMG8403G1033,HKD
00298.HK,庄士中国,庄士中国投资有限公司,Chuang's China Investments Ltd.,ZSZG,主板,L,19800123,,10000.0,BMG2122W1010,HKD
00299.HK,宝新置地,宝新置地集团有限公司,Glory Sun Land Group Ltd.,BXZD,主板,L,20040430,,5000.0,KYG3997X1253,HKD
00300.HK,美的集团,美的集团股份有限公司,"Midea Group Co., Ltd.",MDJT,主板,L,20240917,,100.0,CNE100006M58,HKD
00301.HK,三和精化,三和精化集团有限公司,SANVO Fine Chemicals Group Ltd.,SHJH,主板,L,20200116,,2000.0,KYG7809C1042,HKD
00302.HK,中手游,中手游科技集团有限公司,CMGE Technology Group Limited,ZSY,主板,L,20191031,,2000.0,KYG2347J1094,HKD
00303.HK,VTECH HOLDINGS,伟易达集团有限公司,VTech Holdings Ltd.,VTECHHOLDINGS,主板,L,19921105,,100.0,BMG9400S1329,HKD
00305.HK,五菱汽车,五菱汽车集团控股有限公司,Wuling Motors Holdings Limited,WLQC,主板,L,19921123,,10000.0,BMG9604B1090,HKD
00306.HK,冠忠巴士集团,冠忠巴士集团有限公司,Kwoon Chung Bus Holdings Ltd.,GZBSJT,主板,L,19960925,,2000.0,BMG5330P1077,HKD
00308.HK,香港中旅,香港中旅国际投资有限公司,China Travel International Investment Hong Kong Ltd.,XGZL,主板,L,19921111,,2000.0,HK0308001558,HKD
00309.HK,新华通讯频媒,新华通讯频媒控股有限公司,Xinhua News Media Holdings Limited,XHTXPM,主板,L,20030725,,1000.0,KYG5699G1367,HKD
00310.HK,嘉进投资国际,嘉进投资国际有限公司,Prosperity Investment Holdings Limited,JJTZGJ,主板,L,19921221,,15000.0,BMG727402056,HKD
00311.HK,联泰控股,联泰控股有限公司,Luen Thai Holdings Ltd.,LTKG,主板,L,20040715,,1000.0,KYG5697P1046,HKD
00312.HK,岁宝百货,岁宝百货控股(中国)有限公司,Shirble Department Store Holdings (China) Ltd.,SBBH,主板,L,20101117,,2000.0,KYG810871015,HKD
00313.HK,裕田中国,裕田中国发展有限公司,Richly Field China Development Limited,YTZG,主板,L,19930105,,25000.0,BMG7568A1172,HKD
00314.HK,思派健康,思派健康科技有限公司,"Sipai Health Technology Co., Ltd.",SPJK,主板,L,20221223,,200.0,KYG8192S1021,HKD
00315.HK,数码通电讯,数码通电讯集团有限公司,SmarTone Telecommunications Holdings Ltd.,SMTDX,主板,L,19961031,,500.0,BMG8219Z1059,HKD
00316.HK,东方海外国际,东方海外(国际)有限公司,Orient Overseas (International) Ltd.,DFHWGJ,主板,L,19920731,,500.0,BMG677491539,HKD
00317.HK,中船防务,中船海洋与防务装备股份有限公司,CSSC Offshore & Marine Engineering (Group) Company Limited,ZCFW,主板,L,19930806,,2000.0,CNE100000395,HKD
00318.HK,黄河实业,黄河实业有限公司,Vongroup Ltd.,HHSY,主板,L,20011009,,5000.0,KYG9387J1132,HKD
00320.HK,金宝通,金宝通集团有限公司,Computime Group Limited,JBT,主板,L,20061009,,2000.0,KYG2341T1031,HKD
00321.HK,德永佳集团,德永佳集团有限公司,Texwinca Holdings Ltd.,DYJJT,主板,L,19920806,,2000.0,BMG8770Z1068,HKD
00322.HK,康师傅控股,康师傅控股有限公司,Tingyi (Cayman Islands) Holding Corp.,KSFKG,主板,L,19960205,,2000.0,KYG8878S1030,HKD
00323.HK,马鞍山钢铁股份,马鞍山钢铁股份有限公司,Maanshan Iron & Steel Company Limited,MASGTGF,主板,L,19931103,,2000.0,CNE1000003R8,HKD
00325.HK,布鲁可,布鲁可集团有限公司,Bloks Group Limited,BLK,主板,L,20250110,,300.0,KYG1R24P1085,HKD
00326.HK,中国星集团,中国星集团有限公司,China Star Entertainment Limited,ZGXJT,主板,L,19921112,,10000.0,BMG8437G3195,HKD
00327.HK,百富环球,百富环球科技有限公司,PAX Global Technology Limited,BFHQ,主板,L,20101220,,1000.0,BMG6955J1036,HKD
00328.HK,ALCO HOLDINGS,爱高集团有限公司,Alco Holdings Limited,ALCOHOLDINGS,主板,L,19921127,,2000.0,BMG0R33J2028,HKD
00329.HK,东建国际,东建国际控股有限公司,OCI International Holdings Limited,DJGJ,主板,L,20010509,,4000.0,KYG6706E1061,HKD
00330.HK,思捷环球,思捷环球控股有限公司,Esprit Holdings Ltd.,SJHQ,主板,L,19931209,,10000.0,BMG3122U2026,HKD
00331.HK,丰盛生活服务,丰盛生活服务有限公司,FSE Lifestyle Services Limited,FSSHFW,主板,L,20151210,,1000.0,KYG3727N1088,HKD
00332.HK,元亨燃气,元亨燃气控股有限公司,Yuan Heng Gas Holdings Limited,YHRQ,主板,L,19920925,,4000.0,BMG9877V1054,HKD
00333.HK,黛丽斯国际,黛丽斯国际有限公司,Top Form International Ltd.,DLSGJ,主板,L,19911216,,2000.0,BMG8922H1299,HKD
00334.HK,华显光电,华显光电技术控股有限公司,China Display Optoelectronics Technology Holdings Limited,HXGD,主板,L,19970618,,8000.0,BMG2120L1072,HKD
00335.HK,美建集团,美建集团有限公司,Upbest Group Ltd.,MJJT,主板,L,20001018,,2000.0,KYG9288X1043,HKD
00336.HK,华宝国际,华宝国际控股有限公司,Huabao International Holdings Ltd.,HBGJ,主板,L,19920122,,1000.0,BMG4639H1227,HKD
00337.HK,绿地香港,绿地香港控股有限公司,Greenland Hong Kong Holdings Limited,LDXG,主板,L,20061010,,1000.0,KYG4587S1049,HKD
00338.HK,上海石油化工股份,中国石化上海石油化工股份有限公司,Sinopec Shanghai Petrochemical Company Limited,SHSYHGGF,主板,L,19930726,,2000.0,CNE1000004C8,HKD
00339.HK,全球数字控股,全球数字控股集团有限公司,WebX Holding Group Limited,QQSZKG,主板,L,20000726,,10000.0,BMG2423L1019,HKD
00340.HK,潼关黄金,潼关黄金集团有限公司,Tongguan Gold Group Limited,TGHJ,主板,L,19970326,,2000.0,BMG8919D1074,HKD
00341.HK,大家乐集团,大家乐集团有限公司,Cafe De Coral Holdings Ltd.,DJLJT,主板,L,19860716,,2000.0,BMG1744V1037,HKD
00343.HK,文化传信,文化传信集团有限公司,Culturecom Holdings Ltd.,WHCX,主板,L,19860812,,5000.0,BMG2587F2058,HKD
00345.HK,VITASOY INT'L,维他奶国际集团有限公司,Vitasoy International Holdings Ltd.,VITASOYINTL,主板,L,19940330,,2000.0,HK0345001611,HKD
00346.HK,延长石油国际,延长石油国际有限公司,Yanchang Petroleum International Limited,YCSYGJ,主板,L,20010419,,5000.0,BMG9833W1221,HKD
00347.HK,鞍钢股份,鞍钢股份有限公司,Angang Steel Company Limited,AGGF,主板,L,19970724,,2000.0,CNE1000001V4,HKD
00348.HK,中国智能健康,中国智能健康控股有限公司,China Healthwise Holdings Limited,ZGZNJK,主板,L,19970930,,10000.0,KYG2120E1290,HKD
00351.HK,亚洲能源物流,亚洲能源物流集团有限公司,Asia Energy Logistics Group Limited,YZNYWL,主板,L,19920818,,10000.0,HK0000527306,HKD
00352.HK,富阳,富阳(中国)控股有限公司,Fortune Sun (China) Holdings Limited,FY,主板,L,20060705,,2000.0,KYG364261076,HKD
00353.HK,能源国际投资,能源国际投资控股有限公司,Energy International Investments Holdings Limited,NYGJTZ,主板,L,20010726,,4000.0,KYG3041H1598,HKD
00354.HK,中国软件国际,中软国际有限公司,Chinasoft International Ltd.,ZGRJGJ,主板,L,20081229,,2000.0,KYG2110A1114,HKD
00355.HK,世纪城市国际,世纪城市国际控股有限公司,Century City International Holdings Ltd.,SJCSGJ,主板,L,19810907,,4000.0,BMG2020F1683,HKD
00356.HK,鼎立资本,鼎立资本有限公司,DT Capital Limited,DLZB,主板,L,20020607,,30000.0,KYG2848V1068,HKD
00357.HK,美兰空港,海南美兰国际空港股份有限公司,Hainan Meilan International Airport Company Limited,MLKG,主板,L,20021118,,1000.0,CNE1000003B2,HKD
00358.HK,江西铜业股份,江西铜业股份有限公司,Jiangxi Copper Company Limited,JXTYGF,主板,L,19970612,,1000.0,CNE1000003K3,HKD
00360.HK,新焦点,新焦点汽车技术控股有限公司,New Focus Auto Tech Holdings Ltd.,XJD,主板,L,20050228,,4000.0,KYG645451090,HKD
00361.HK,汉成发展控股,汉成发展控股有限公司,Hanfort Development Holdings Limited,HCFZKG,主板,L,20001220,,20000.0,BMG816821091,HKD
00362.HK,中国天化工,中国天化工集团有限公司,China Zenith Chemical Group Limited,ZGTHG,主板,L,20010502,,10000.0,BMG983052074,HKD
00363.HK,上海实业控股,上海实业控股有限公司,Shanghai Industrial Holdings Ltd.,SHSYKG,主板,L,19960530,,1000.0,HK0363006039,HKD
00365.HK,芯成科技,芯成科技控股有限公司,Sino ICT Holdings Limited,XCKJ,主板,L,20001016,,2000.0,BMG9340L1063,HKD
00366.HK,陆氏集团(越南),陆氏集团(越南控股)有限公司,Luks Group (Vietnam Holdings) Company Limited,LSJTYN,主板,L,19870107,,2000.0,BMG5700D1065,HKD
00367.HK,庄士机构国际,庄士机构国际有限公司,Chuang's Consortium International Ltd.,ZSJGGJ,主板,L,19870116,,4000.0,BMG2122V1458,HKD
00368.HK,德合集团,德合集团控股有限公司,Superland Group Holdings Limited,DHJT,主板,L,20200717,,4000.0,KYG8588F1028,HKD
00369.HK,永泰地产,永泰地产有限公司,Wing Tai Properties Limited,YTDC,主板,L,19730207,,2000.0,BMG9716V1000,HKD
00370.HK,港仔机器人,港仔机器人集团控股有限公司,Hong Kong Robotics Group Holding Limited,GZJQR,主板,L,19960326,,6000.0,BMG2111B1752,HKD
00371.HK,北控水务集团,北控水务集团有限公司,Beijing Enterprises Water Group Limited,BKSWJT,主板,L,19930419,,2000.0,BMG0957L1090,HKD
00372.HK,保德国际发展,保德国际发展企业有限公司,PT International Development Corporation Limited,BDGJFZ,主板,L,19920213,,30000.0,BMG7S93G1428,HKD
00373.HK,联合集团,联合集团有限公司,Allied Group Ltd.,LHJT,主板,L,19730112,,2000.0,HK0000650413,HKD
00374.HK,四洲集团,四洲集团有限公司,Four Seas Mercantile Holdings Ltd.,SZJT,主板,L,19930825,,2000.0,KYG365451049,HKD
00375.HK,YGM TRADING,YGM贸易有限公司,YGM Trading Ltd.,YGMTRADING,主板,L,19880125,,1000.0,HK0375001663,HKD
00376.HK,云锋金融,云锋金融集团有限公司,Yunfeng Financial Group Limited,YFJR,主板,L,19870717,,2000.0,HK0000091790,HKD
00377.HK,中国华君,中国华君集团有限公司,China Huajun Group Limited,ZGHJ,主板,L,19930419,,80.0,BMG215AX1039,HKD
00379.HK,恒嘉融资租赁,中国恒嘉融资租赁集团有限公司,"China Ever Grand Financial Leasing Group Co., Ltd.",HJRZZL,主板,L,20021113,,10000.0,KYG2119F1292,HKD
00380.HK,中国管业,中国管业集团有限公司,China Pipe Group Limited,ZGGY,主板,L,20001221,,4000.0,BMG2162P1077,HKD
00381.HK,权识国际,权识国际集团股份有限公司,AOM International Group Company Limited,QSGJ,主板,L,20010122,,20000.0,BMG5278S5012,HKD
00382.HK,中汇集团,中汇集团控股有限公司,Edvantage Group Holdings Limited,ZHJT,主板,L,20190716,,2000.0,KYG2901A1067,HKD
00383.HK,天安卓健,天安卓健有限公司,Tian An Medicare Limited,TAZJ,主板,L,19910801,,5000.0,BMG2133H2006,HKD
00384.HK,中国燃气,中国燃气控股有限公司,China Gas Holdings Ltd.,ZGRQ,主板,L,19951020,,200.0,BMG2109G1033,HKD
00385.HK,建联集团,建联集团有限公司,Chinney Alliance Group Ltd.,JLJT,主板,L,19931015,,2000.0,BMG2109L1697,HKD
00386.HK,中国石油化工股份,中国石油化工股份有限公司,China Petroleum & Chemical Corporation,ZGSYHGGF,主板,L,20001019,,2000.0,CNE1000002Q2,HKD
00387.HK,力丰(集团),力丰(集团)有限公司,Leeport (Holdings) Ltd.,LFJT,主板,L,20030710,,4000.0,BMG542851040,HKD
00388.HK,香港交易所,香港交易及结算所有限公司,Hong Kong Exchanges and Clearing Ltd.,XGJYS,主板,L,20000627,,100.0,HK0388045442,HKD
00389.HK,通天酒业,中国通天酒业集团有限公司,China Tontine Wines Group Limited,TTJY,主板,L,20091119,,2000.0,BMG215A42065,HKD
00390.HK,中国中铁,中国中铁股份有限公司,China Railway Group Limited,ZGZT,主板,L,20071207,,1000.0,CNE1000007Z2,HKD
00391.HK,美亚娱乐资讯,美亚娱乐资讯集团有限公司,Mei Ah Entertainment Group Ltd.,MYYLZX,主板,L,19931018,,20000.0,BMG5964A1523,HKD
00392.HK,北京控股,北京控股有限公司,Beijing Enterprises Holdings Limited,BJKG,主板,L,19970529,,500.0,HK0392044647,HKD
00393.HK,旭日企业,旭日企业有限公司,Glorious Sun Enterprises Ltd.,XRQY,主板,L,19960917,,4000.0,BMG3939X1002,HKD
00396.HK,兴利(香港)控股,兴利(香港)控股有限公司,Hing Lee (HK) Holdings Limited,XLXGKG,主板,L,20090622,,2000.0,BMG451171018,HKD
00397.HK,嬴集团,嬴集团控股有限公司,Minerva Group Holding Limited,YJT,主板,L,19931013,,10000.0,BMG7210B1090,HKD
00398.HK,东方表行集团,东方表行集团有限公司,Oriental Watch Holdings Ltd.,DFBHJT,主板,L,19931012,,2000.0,BMG6773R1051,HKD
00399.HK,星太链集团,星太链集团有限公司,Starcoin Group Limited,XTLJT,主板,L,20000823,,5000.0,BMG4783W1073,HKD
00400.HK,硬蛋创新,硬蛋创新,"Ingdan, Inc.",YDCX,主板,L,20140718,,1000.0,KYG225371072,HKD
00401.HK,万嘉集团,万嘉集团控股有限公司,Wanjia Group Holdings Limited,WJJT,主板,L,20131011,,20000.0,KYG9431A1186,HKD
00403.HK,星光集团,星光集团有限公司,Starlite Holdings Ltd.,XGJT,主板,L,19930303,,2000.0,BMG8438Y1030,HKD
00406.HK,有利集团,有利集团有限公司,Yau Lee Holdings Ltd.,YLJT,主板,L,19910829,,2000.0,BMG9834K1505,HKD
00408.HK,叶氏化工集团,叶氏化工集团有限公司,Yip's Chemical Holdings Ltd.,YSHGJT,主板,L,19910822,,2000.0,KYG9842Z1164,HKD
00410.HK,SOHO中国,SOHO中国有限公司,SOHO China Ltd.,SOHOZG,主板,L,20071008,,500.0,KYG826001003,HKD
00411.HK,南顺(香港),南顺(香港)有限公司,Lam Soon (Hong Kong) Ltd.,NSXG,主板,L,19721031,,1000.0,HK0411006957,HKD
00412.HK,山高控股,山高控股集团有限公司,Shandong Hi-Speed Holdings Group Limited,SGKG,主板,L,19920415,,1000.0,BMG805AL1070,HKD
00413.HK,南华集团控股,南华集团控股有限公司,South China Holdings Company Limited,NHJTKG,主板,L,19870616,,8000.0,KYG8279G1120,HKD
00417.HK,谢瑞麟,谢瑞麟珠宝(国际)有限公司,Tse Sui Luen Jewellery (International) Ltd.,XRL,主板,L,19870630,,2000.0,BMG911231519,HKD
00418.HK,方正控股,方正控股有限公司,Founder Holdings Ltd.,FZKG,主板,L,19951221,,2000.0,BMG3654D1074,HKD
00419.HK,弘毅文化集团,弘毅文化集团,Hony Media Group,HYWHJT,主板,L,19870708,,10000.0,KYG4642G1111,HKD
00420.HK,福田实业,福田实业(集团)有限公司,Fountain Set (Holdings) Ltd.,FTSY,主板,L,19880420,,2000.0,HK0420001817,HKD
00422.HK,越南制造加工出口,越南制造加工出口(控股)有限公司,Vietnam Manufacturing and Export Processing (Holdings) Ltd.,YNZZJGCK,主板,L,20071220,,1000.0,KYG936171019,HKD
00423.HK,经济日报集团,香港经济日报集团有限公司,Hong Kong Economic Times Holdings Ltd.,JJRBJT,主板,L,20050803,,2000.0,KYG4587A1031,HKD
00425.HK,敏实集团,敏实集团有限公司,Minth Group Ltd.,MSJT,主板,L,20051201,,100.0,KYG6145U1094,HKD
00426.HK,万华媒体,万华媒体集团有限公司,One Media Group Ltd.,WHMT,主板,L,20051018,,2000.0,KYG6752K1058,HKD
00428.HK,中国天弓控股,中国天弓控股有限公司,Cocoon Holdings Limited,ZGTGKG,主板,L,19931214,,4000.0,BMG2365B1292,HKD
00430.HK,东方兴业控股,东方兴业控股有限公司,Oriental Explorer Holdings Ltd.,DFXYKG,主板,L,19930330,,4000.0,BMG6771J1053,HKD
00431.HK,大中华金融,大中华金融控股有限公司,Greater China Financial Holdings Limited,DZHJR,主板,L,19920916,,4000.0,BMG407061552,HKD
00432.HK,盈大地产,盈科大衍地产发展有限公司,Pacific Century Premium Developments Ltd.,YDDC,主板,L,19930920,,1000.0,BMG6844T1229,HKD
00433.HK,北方矿业,北方矿业股份有限公司,North Mining Shares Company Limited,BFKY,主板,L,19951012,,10000.0,BMG6661B2045,HKD
00434.HK,博雅互动,博雅互动国际有限公司,Boyaa Interactive International Limited,BYHD,主板,L,20131112,,1000.0,KYG127751058,HKD
00436.HK,新宇环保,新宇环保集团有限公司,New Universe Environmental Group Limited,XYHB,主板,L,20160801,,20000.0,KYG6493Q1718,HKD
00438.HK,彩虹新能源,彩虹集团新能源股份有限公司,IRICO Group New Energy Company Limited,CHXNY,主板,L,20041220,,200.0,CNE1000003H9,HKD
00439.HK,瀚源控股,瀚源控股有限公司,Genesis Scale Holdings Limited,HYKG,主板,L,19920311,,2000.0,BMG5326A1146,HKD
00440.HK,大新金融,大新金融集团有限公司,Dah Sing Financial Holdings Ltd.,DXJR,主板,L,19871105,,400.0,HK0440001847,HKD
00442.HK,域能控股,域能控股有限公司,Domaine Power Holdings Limited,YNKG,主板,L,20150311,,1000.0,KYG4488W1050,HKD
00444.HK,SINCEREWATCH HK,Sincere Watch (Hong Kong) Ltd.,Sincere Watch (Hong Kong) Ltd.,SINCEREWATCHHK,主板,L,20051017,,10000.0,KYG814791268,HKD
00450.HK,鸿兴印刷集团,鸿兴印刷集团有限公司,Hung Hing Printing Group Ltd.,HXYSJT,主板,L,19920316,,2000.0,HK0450001869,HKD
00451.HK,协鑫新能源,协鑫新能源控股有限公司,GCL New Energy Holdings Limited,XXXNY,主板,L,19920325,,2000.0,BMG3775G1539,HKD
00455.HK,天大药业,天大药业有限公司,Tianda Pharmaceuticals Limited,TDYY,主板,L,19920330,,2000.0,KYG887471038,HKD
00456.HK,新城市建设发展,新城市建设发展集团有限公司,New City Development Group Limited,XCSJSFZ,主板,L,19930714,,2000.0,KYG648311119,HKD
00458.HK,联亚集团,联亚集团有限公司,Tristate Holdings Limited,LYJT,主板,L,19880106,,1000.0,BMG9074C1082,HKD
00460.HK,四环医药,四环医药控股集团有限公司,Sihuan Pharmaceutical Holdings Group Ltd.,SHYY,主板,L,20101028,,1000.0,BMG8162K1137,HKD
00464.HK,中国智能科技,中国智能科技有限公司,China In-Tech Limited,ZGZNKJ,主板,L,20050616,,4000.0,KYG2122E1017,HKD
00465.HK,富通科技,富通科技发展控股有限公司,Futong Technology Development Holdings Limited,FTKJ,主板,L,20091204,,2000.0,KYG369921088,HKD
00467.HK,联合能源集团,联合能源集团有限公司,United Energy Group Limited,LHNYJT,主板,L,19920408,,2000.0,BMG9231L1081,HKD
00468.HK,纷美包装,纷美包装有限公司,Greatview Aseptic Packaging Company Limited,FMBZ,主板,L,20101209,,1000.0,KYG407691040,HKD
00470.HK,先导智能,无锡先导智能装备股份有限公司,"Wuxi Lead Intelligent Equipment Co., Ltd.",XDZN,主板,L,20260211,,100.0,CNE100007F98,HKD
00471.HK,中播数据,中播数据有限公司,Silkwave Inc,ZBSJ,主板,L,20051010,,4000.0,KYG2237A2003,HKD
00472.HK,新丝路控股集团,新丝路控股集团有限公司,New Silkroad Holding Group Limited,XSLKGJT,主板,L,19880129,,10000.0,BMG6479N1011,HKD
00474.HK,信铭生命科技,信铭生命科技集团有限公司,Aceso Life Science Group Limited,XMSMKJ,主板,L,20060606,,6000.0,KYG0070S1066,HKD
00475.HK,中发展控股,中发展控股有限公司,Central Development Holdings Limited,ZFZKG,主板,L,20070417,,2000.0,KYG207011019,HKD
00476.HK,科轩动力控股,科轩动力(控股)有限公司,Ev Dynamics (Holdings) Limited,KXDLKG,主板,L,19960524,,10000.0,BMG321571694,HKD
00480.HK,香港兴业国际,香港兴业国际集团有限公司,HKR International Ltd.,XGXYGJ,主板,L,19880311,,800.0,KYG4520J1040,HKD
00482.HK,圣马丁国际(新),圣马丁国际控股有限公司,Sandmartin International Holdings Limited,SMDGJX,主板,L,20050512,,10000.0,BMG780521750,HKD
00483.HK,包浩斯国际,包浩斯国际(控股)有限公司,Bauhaus International (Holdings) Limited,BHSGJ,主板,L,20050512,,2000.0,KYG1080K1094,HKD
00484.HK,云游控股,云游控股有限公司,Forgame Holdings Limited,YYKG,主板,L,20131003,,3000.0,KYG363361083,HKD
00485.HK,中国华星,中国华星集团有限公司,China Sinostar Group Company Limited,ZGHX,主板,L,19880412,,20000.0,BMG2161L1155,HKD
00486.HK,俄铝,俄罗斯铝业联合公司,"United Company RUSAL, international public joint-stock Co.",EL,主板,L,20100127,,1000.0,RU000A1025V3,HKD
00487.HK,实德环球,实德环球有限公司,Success Universe Group Ltd.,SDHQ,主板,L,19880503,,4000.0,BMG8550S1089,HKD
00488.HK,丽新发展,丽新发展有限公司,Lai Sun Development Company Limited,LXFZ,主板,L,19880311,,300.0,HK0000356821,HKD
00491.HK,英皇文化产业,英皇文化产业集团有限公司,Emperor Culture Group Limited,YHWHCY,主板,L,19920610,,20000.0,BMG3036H1079,HKD
00493.HK,国美零售,国美零售控股有限公司,GOME Retail Holdings Limited,GMLS,主板,L,19920415,,1000.0,BMG3978C1249,HKD
00495.HK,PALADIN,百利大有限公司,Paladin Ltd.,PALADIN,主板,L,19880720,,5000.0,BMG687521317,HKD
00496.HK,卡森国际,卡森国际控股有限公司,Kasen International Holdings Ltd.,KSGJ,主板,L,20051020,,1000.0,KYG5216Q1047,HKD
00497.HK,资本策略地产,资本策略地产有限公司,CSI Properties Limited,ZBCLDC,主板,L,19920415,,20000.0,BMG2581C2081,HKD
00498.HK,蓝河控股,蓝河控股有限公司,Blue River Holdings Limited,LHKG,主板,L,19930921,,10000.0,BMG126341046,HKD
00499.HK,青岛控股,青岛控股国际有限公司,Qingdao Holdings International Limited,QDKG,主板,L,19880722,,2000.0,BMG7305Q1024,HKD
00500.HK,先丰服务集团,先丰服务集团有限公司,Frontier Services Group Limited,XFFWJT,主板,L,19880729,,1000.0,BMG3729C1001,HKD
00501.HK,豪威集团,豪威集成电路(集团)股份有限公司,"OmniVision Integrated Circuits Group, Inc.",HWJT,主板,L,20260112,,100.0,CNE100007DG1,HKD
00505.HK,兴业合金,兴业合金材料集团有限公司,Xingye Alloy Materials Group Limited,XYHJ,主板,L,20071227,,1000.0,KYG9831C1024,HKD
00506.HK,中国食品,中国食品有限公司,China Foods Limited,ZGSP,主板,L,19881007,,2000.0,BMG2154F1095,HKD
00508.HK,鼎亿集团投资,鼎亿集团投资有限公司,Dingyi Group Investment Ltd.,DYJTTZ,主板,L,19881026,,5000.0,BMG2763D2064,HKD
00509.HK,世纪阳光,世纪阳光集团控股有限公司,Century Sunshine Group Holdings Limited,SJYG,主板,L,20080801,,10000.0,KYG2091K1388,HKD
00510.HK,时富金融服务集团,时富金融服务集团有限公司,CASH Financial Services Group Ltd.,SFJRFWJT,主板,L,20080303,,6000.0,BMG1932V2128,HKD
00511.HK,电视广播,电视广播有限公司,Television Broadcasts Limited,DSGB,主板,L,19881123,,100.0,HK0000139300,HKD
00512.HK,远大医药,远大医药集团有限公司,Grand Pharmaceutical Group Limited,YDYY,主板,L,19951219,,500.0,BMG210A71016,HKD
00513.HK,恒和集团,恒和珠宝集团有限公司,Continental Holdings Limited,HHJT,主板,L,19881108,,10000.0,HK0000739877,HKD
00515.HK,中华银科技,中华银科技控股有限公司,China Silver Technology Holdings Limited,ZHYKJ,主板,L,20060623,,10000.0,KYG2121X1429,HKD
00517.HK,中远海运国际,中远海运国际(香港)有限公司,"COSCO SHIPPING International (Hong Kong) Co., Ltd.",ZYHYGJ,主板,L,19920211,,2000.0,BMG8114Z1014,HKD
00518.HK,同得仕(集团),同得仕(集团)有限公司,Tungtex (Holdings) Co. Ltd.,TDSJT,主板,L,19881215,,2000.0,HK0518001976,HKD
00519.HK,诺科达科技,诺科达科技集团有限公司,Novautek Technologies Group Limited,NKDKJ,主板,L,19860324,,5000.0,BMG0428W1221,HKD
00520.HK,呷哺呷哺,呷哺呷哺餐饮管理(中国)控股有限公司,"Xiabuxiabu Catering Management (China) Holdings Co., Ltd.",XBXB,主板,L,20141217,,500.0,KYG982971072,HKD
00521.HK,CWT INT'L,CWT International Limited,CWT International Limited,CWTINTL,主板,L,19881223,,10000.0,HK0521001989,HKD
00522.HK,ASMPT,ASMPT Limited,ASMPT Limited,ASMPT,主板,L,19890103,,100.0,KYG0535Q1331,HKD
00524.HK,长城天下,长城天下控股有限公司,Great Wall Terroir Holdings Limited,CCTX,主板,L,19890421,,50000.0,BMG4080L2009,HKD
00525.HK,广深铁路股份,广深铁路股份有限公司,Guangshen Railway Company Limited,GSTLGF,主板,L,19960514,,2000.0,CNE100000379,HKD
00526.HK,利时集团控股,利时集团(控股)有限公司,Lisi Group (Holdings) Limited,LSJTKG,主板,L,19951011,,2000.0,BMG2121N1020,HKD
00527.HK,瑞风新能源,中国瑞风新能源控股有限公司,China Ruifeng Renewable Energy Holdings Limited,RFXNY,主板,L,20060609,,12000.0,KYG2118V1178,HKD
00528.HK,金达控股,金达控股有限公司,Kingdom Holdings Limited,JDKG,主板,L,20061212,,2000.0,KYG525741032,HKD
00529.HK,SIS INT'L,新龙国际集团有限公司,SiS International Holdings Ltd.,SISINTL,主板,L,19920818,,2000.0,BMG816841057,HKD
00532.HK,WKK INTL (HOLD),王氏港建国际(集团)有限公司,Wong's Kong King International (Holdings) Limited,WKKINTLHOLD,主板,L,19890710,,2000.0,BMG9737M1055,HKD
00533.HK,金利来集团,金利来集团有限公司,Goldlion Holdings Ltd.,JLLJT,主板,L,19920918,,1000.0,HK0533002009,HKD
00535.HK,金地商置,金地商置集团有限公司,Gemdale Properties and Investment Corporation Limited,JDSZ,主板,L,19891016,,2000.0,BMG3911S1035,HKD
00536.HK,贸易通,贸易通电子贸易有限公司,Tradelink Electronic Commerce Limited,MYT,主板,L,20051028,,2000.0,HK0536032532,HKD
00538.HK,味千(中国),味千(中国)控股有限公司,Ajisen (China) Holdings Limited,WQZG,主板,L,20070330,,1000.0,KYG0192S1093,HKD
00540.HK,迅捷环球控股,迅捷环球控股有限公司,Speedy Global Holdings Limited,XJHQKG,主板,L,20130115,,4000.0,KYG834551080,HKD
00542.HK,中国文旅农业,中国文旅农业集团有限公司,China Cultural Tourism and Agriculture Group Limited,ZGWLNY,主板,L,19891123,,4000.0,KYG2124R1184,HKD
00543.HK,太平洋网络,太平洋网络有限公司,Pacific Online Limited,TPYWL,主板,L,20071218,,1000.0,KYG9684P1019,HKD
00544.HK,大同集团,大同集团有限公司,Daido Group Ltd.,DTJT,主板,L,19891214,,5000.0,BMG2619Y2065,HKD
00546.HK,阜丰集团,阜丰集团有限公司,Fufeng Group Ltd.,FFJT,主板,L,20070208,,1000.0,KYG368441195,HKD
00547.HK,数字王国,数字王国集团有限公司,Digital Domain Holdings Limited,SZWG,主板,L,19920706,,5000.0,BMG2870G2095,HKD
00548.HK,深圳高速公路股份,深圳高速公路集团股份有限公司,Shenzhen Expressway Corporation Limited,SZGSGLGF,主板,L,19970312,,2000.0,CNE100000478,HKD
00550.HK,律齐文化,律齐文化有限公司,Allegro Culture Limited,LQWH,主板,L,20070723,,2000.0,BMG525961063,HKD
00551.HK,裕元集团,裕元工业(集团)有限公司,Yue Yuen Industrial (Holdings) Limited,YYJT,主板,L,19920702,,500.0,BMG988031446,HKD
00552.HK,中国通信服务,中国通信服务股份有限公司,China Communications Services Corporation Ltd.,ZGTXFW,主板,L,20061208,,2000.0,CNE1000002G3,HKD
00553.HK,南京熊猫电子股份,南京熊猫电子股份有限公司,Nanjing Panda Electronics Company Limited,NJXMDZGF,主板,L,19960502,,2000.0,CNE1000003T4,HKD
00554.HK,汉思集团控股,汉思集团控股有限公司,Hans Group Holdings Limited,HSJTKG,主板,L,19970528,,2000.0,KYG4382G1073,HKD
00556.HK,泛亚环保,泛亚环保集团有限公司,Pan Asia Environmental Protection Group Ltd.,FYHB,主板,L,20071221,,2000.0,KYG6883P1063,HKD
00557.HK,天元医疗,中国天元医疗集团有限公司,China Tian Yuan Healthcare Group Limited,TYYL,主板,L,19891229,,2000.0,KYG8442J1004,HKD
00558.HK,力劲科技,力劲科技集团有限公司,L.K. Technology Holdings Limited,LJKJ,主板,L,20061016,,2500.0,KYG5548P1054,HKD
00559.HK,德泰新能源集团,德泰新能源集团有限公司,DeTai New Energy Group Limited,DTXNYJT,主板,L,19970103,,10000.0,BMG2743V1101,HKD
00560.HK,珠江船务,珠江船务企业(股份)有限公司,Chu Kong Shipping Enterprises (Group) Company Limited,ZJCW,主板,L,19970523,,2000.0,HK0560006634,HKD
00563.HK,上实城市开发,上海实业城市开发集团有限公司,Shanghai Industrial Urban Development Group Limited,SSCSKF,主板,L,19930910,,2000.0,BMG8065B1037,HKD
00564.HK,中创智领,中创智领(郑州)工业技术集团股份有限公司,ZCZL Industrial Technology Group Company Limited,ZCZL,主板,L,20121205,,200.0,CNE100001LY0,HKD
00565.HK,锦艺集团控股,锦艺集团控股有限公司,Art Group Holdings Limited,JYJTKG,主板,L,20030910,,5000.0,KYG0583P1028,HKD
00567.HK,大昌微线集团,大昌微线集团有限公司,Daisho Microline Holdings Limited,DCWXJT,主板,L,19900131,,20000.0,BMG2624V1063,HKD
00568.HK,山东墨龙,山东墨龙石油机械股份有限公司,Shandong Molong Petroleum Machinery Company Limited,SDML,主板,L,20070207,,400.0,CNE1000001N1,HKD
00570.HK,中国中药,中国中药控股有限公司,"China Traditional Chinese Medicine Holdings Co., Ltd.",ZGZY,主板,L,19930407,,2000.0,HK0000056256,HKD
00571.HK,丰德丽控股,丰德丽控股有限公司,eSun Holdings Limited,FDLKG,主板,L,19800109,,2000.0,BMG3135M1148,HKD
00572.HK,未来世界控股,未来世界控股有限公司,Future World Holdings Limited,WLSJKG,主板,L,20030702,,4000.0,KYG3707A1343,HKD
00573.HK,稻香控股,稻香控股有限公司,Tao Heung Holdings Ltd.,DXKG,主板,L,20070629,,1000.0,KYG8672Y1089,HKD
00574.HK,百信国际,百信国际控股有限公司,Pa Shun International Holdings Limited,BXGJ,主板,L,20150619,,2000.0,KYG693781000,HKD
00575.HK,励晶太平洋,励晶太平洋集团有限公司,Regent Pacific Group Limited,LJTPY,主板,L,19970519,,10000.0,KYG3042R1314,HKD
00576.HK,浙江沪杭甬,浙江沪杭甬高速公路股份有限公司,"Zhejiang Expressway Co., Ltd.",ZJHHY,主板,L,19970515,,2000.0,CNE1000004S4,HKD
00579.HK,京能清洁能源,北京京能清洁能源电力股份有限公司,"Beijing Jingneng Clean Energy Co., Limited",JNQJNY,主板,L,20111222,,2000.0,CNE100001336,HKD
00580.HK,赛晶科技,赛晶科技集团有限公司,Sun.King Technology Group Limited,SJKJ,主板,L,20101013,,2000.0,KYG857AW1047,HKD
00581.HK,中国东方集团,中国东方集团控股有限公司,China Oriental Group Co. Ltd.,ZGDFJT,主板,L,20040302,,2000.0,BMG2108V1019,HKD
00582.HK,神话世界,神话世界有限公司,Shin Hwa World Limited,SHSJ,主板,L,20020430,,6000.0,BMG5369T2026,HKD
00583.HK,长城环亚控股,长城环亚控股有限公司,Great Wall Pan Asia Holdings Limited,CCHYKG,主板,L,19900629,,2000.0,BMG4079W1001,HKD
00585.HK,意力国际,意力国际控股有限公司,Imagi International Holdings Limited,YLGJ,主板,L,19970310,,8000.0,BMG476291940,HKD
00586.HK,海螺创业,中国海螺创业控股有限公司,China Conch Venture Holdings Limited,HLCY,主板,L,20131219,,500.0,KYG2116J1085,HKD
00587.HK,海螺环保,中国海螺环保控股有限公司,China Conch Environment Protection Holdings Limited,HLHB,主板,L,20220330,,500.0,KYG2124M1015,HKD
00588.HK,北京北辰实业股份,北京北辰实业股份有限公司,Beijing North Star Company Limited,BJBCSYGF,主板,L,19970514,,2000.0,CNE100000262,HKD
00590.HK,六福集团,六福集团(国际)有限公司,Luk Fook Holdings (International) Ltd.,LFJT,主板,L,19970506,,1000.0,BMG5695X1258,HKD
00591.HK,中国高精密,中国高精密自动化集团有限公司,China High Precision Automation Group Limited,ZGGJM,主板,L,20091113,,1000.0,KYG211221091,HKD
00595.HK,AV CONCEPT HOLD,先思行集团有限公司,AV Concept Holdings Limited,AVCONCEPTHOLD,主板,L,19960424,,2000.0,KYG0672U1114,HKD
00596.HK,浪潮数字企业,浪潮数字企业技术有限公司,Inspur Digital Enterprise Technology Limited,LCSZQY,主板,L,20080829,,2000.0,KYG4820C1309,HKD
00598.HK,中国外运,中国外运股份有限公司,Sinotrans Limited,ZGWY,主板,L,20030213,,1000.0,CNE1000004F1,HKD
00599.HK,怡邦行控股,怡邦行控股有限公司,E. Bon Holdings Ltd.,YBHKG,主板,L,20000412,,16000.0,KYG2917V1023,HKD
00600.HK,爱芯元智,爱芯元智半导体股份有限公司,"Axera Semiconductor Co., Ltd.",AXYZ,主板,L,20260210,,100.0,CNE100007FD3,HKD
00601.HK,稀镁科技,稀镁科技集团控股有限公司,Rare Earth Magnesium Technology Group Holdings Limited,XMKJ,主板,L,19930128,,10000.0,BMG7386W2000,HKD
00602.HK,佳华百货控股,佳华百货控股有限公司,Jiahua Stores Holdings Ltd.,JHBHKG,主板,L,20070521,,2500.0,KYG7395Y1061,HKD
00603.HK,中油燃气,中油燃气集团有限公司,China Oil And Gas Group Limited,ZYRQ,主板,L,19930528,,20000.0,BMG2155W1010,HKD
00604.HK,深圳控股,深圳控股有限公司,Shenzhen Investment Limited,SZKG,主板,L,19970307,,2000.0,HK0604011236,HKD
00605.HK,中国金融投资管理,中国金融投资管理有限公司,China Financial Services Holdings Limited,ZGJRTZGL,主板,L,19930407,,2000.0,HK0000686565,HKD
00606.HK,中骏商管,中骏商管智慧服务控股有限公司,SCE Intelligent Commercial Management Holdings Limited,ZJSG,主板,L,20210702,,1000.0,KYG7849R1039,HKD
00607.HK,丰盛控股,丰盛控股有限公司,Fullshare Holdings Limited,FSKG,主板,L,20021218,,4000.0,KYG3690U1132,HKD
00608.HK,达利国际,达利国际集团有限公司,High Fashion International Limited,DLGJ,主板,L,19920804,,2000.0,BMG4453K1027,HKD
00609.HK,天德化工,天德化工控股有限公司,Tiande Chemical Holdings Ltd.,TDHG,主板,L,20061027,,4000.0,KYG887551060,HKD
00610.HK,WAI KEE HOLD,惠记集团有限公司,Wai Kee Holdings Ltd.,WAIKEEHOLD,主板,L,19920828,,2000.0,BMG942051043,HKD
00611.HK,中国核能科技,中国核能科技集团有限公司,China Nuclear Energy Technology Corporation Limited,ZGHNKJ,主板,L,19930212,,2000.0,BMG2115P1059,HKD
00612.HK,嘉文世纪投资公司,嘉文世纪投资有限公司,Carmen Century Investment Limited,JWSJTZGS,主板,L,20020102,,8000.0,KYG2120F1000,HKD
00613.HK,梧桐国际,梧桐国际发展有限公司,Planetree International Development Limited,WTGJ,主板,L,19931112,,2000.0,BMG713292081,HKD
00616.HK,财富链,财富链有限公司,Asset Chain Limited,CFL,主板,L,19910916,,5000.0,BMG0094B1476,HKD
00617.HK,百利保控股,百利保控股有限公司,Paliburg Holdings Limited,BLBKG,主板,L,19931217,,2000.0,BMG687662301,HKD
00618.HK,北大资源,北大资源(控股)有限公司,Peking University Resources (Holdings) Company Limited,BDZY,主板,L,19911007,,8000.0,BMG6982M2028,HKD
00619.HK,南华金融,南华金融控股有限公司,South China Financial Holdings Limited,NHJR,主板,L,19930716,,2000.0,HK0000460706,HKD
00620.HK,大唐西市,大唐西市丝路投资控股有限公司,DTXS Silk Road Investment Holdings Company Limited,DTXS,主板,L,19910930,,2000.0,BMG2R28T1049,HKD
00621.HK,坛金矿业,坛金矿业有限公司,Taung Gold International Limited,TJKY,主板,L,19951218,,5000.0,BMG8697W2028,HKD
00622.HK,威华达控股,威华达控股有限公司,Oshidori International Holdings Limited,WHDKG,主板,L,19910916,,3000.0,BMG6804L1019,HKD
00623.HK,中视金桥,中视金桥国际传媒控股有限公司,SinoMedia Holding Limited,ZSJQ,主板,L,20080708,,1000.0,HK0000046869,HKD
00626.HK,大众金融控股,大众金融控股有限公司,Public Financial Holdings Limited,DZJRKG,主板,L,19911003,,2000.0,BMG7297B1054,HKD
00627.HK,共生智筑,共生智筑控股有限公司,Vision Synergy Holdings Limited,GSZZ,主板,L,20001113,,20000.0,BMG9298R1960,HKD
00628.HK,通通AI社交,通通AI社交集团有限公司,Tong Tong AI Social Group Limited,TTAISJ,主板,L,20020724,,2000.0,BMG4053L2036,HKD
00629.HK,悦达国际控股,悦达国际控股有限公司,Yue Da International Holdings Limited,YDGJKG,主板,L,20011129,,1000.0,KYG9877S1021,HKD
00630.HK,隽泰控股,隽泰控股有限公司,AMCO United Holding Limited,JTKG,主板,L,19961128,,10000.0,BMG0259E1599,HKD
00631.HK,三一国际,三一重装国际控股有限公司,"Sany Heavy Equipment International Holdings Co., Ltd.",SYGJ,主板,L,20091125,,1000.0,KYG781631059,HKD
00632.HK,中港石油,中港石油有限公司,CHK Oil Limited,ZGSY,主板,L,19930430,,2000.0,BMG2123V1101,HKD
00635.HK,彩星集团,彩星集团有限公司,Playmates Holdings Limited,CXJT,主板,L,19940106,,2000.0,BMG7130P2206,HKD
00636.HK,KLN,KLN Logistics Group Limited,KLN Logistics Group Limited,KLN,主板,L,20131219,,500.0,BMG524181036,HKD
00637.HK,利记,利记控股有限公司,Lee Kee Holdings Limited,LJ,主板,L,20061004,,2000.0,KYG542761039,HKD
00638.HK,广和通,深圳市广和通无线股份有限公司,Fibocom Wireless Inc.,GHT,主板,L,20251022,,200.0,CNE1000075R6,HKD
00639.HK,首钢资源,首钢福山资源集团有限公司,Shougang Fushan Resources Group Limited,SGZY,主板,L,19901002,,2000.0,HK0639031506,HKD
00640.HK,星谦发展,星谦发展控股有限公司,Infinity Development Holdings Company Limited,XQFZ,主板,L,20100812,,2000.0,KYG4772A1168,HKD
00641.HK,中国恒天立信国际,中国恒天立信国际有限公司,CHTC Fong's International Company Limited,ZGHTLXGJ,主板,L,19901012,,2000.0,BMG2168E1140,HKD
00643.HK,恒富控股,恒富控股有限公司,Carry Wealth Holdings Limited,HFKG,主板,L,20000313,,10000.0,BMG1925S1017,HKD
00645.HK,安域亚洲,安域亚洲有限公司,Ares Asia Limited,AYYZ,主板,L,19931222,,2000.0,BMG329191057,HKD
00646.HK,中国环保科技,中国环保科技控股有限公司,China Environmental Technology Holdings Limited,ZGHBKJ,主板,L,20020328,,8000.0,KYG2159B1115,HKD
00648.HK,京玖康疗,京玖医疗健康有限公司,SoftMedX Healthcare Limited,JJKL,主板,L,19901029,,5000.0,HK0000375797,HKD
00650.HK,普达特科技,普达特科技有限公司,Productive Technologies Company Limited,PDTKJ,主板,L,19921007,,2000.0,KYG7255N1097,HKD
00653.HK,卓悦控股,卓悦控股有限公司,Bonjour Holdings Limited,ZYKG,主板,L,20030716,,12000.0,KYG123731419,HKD
00655.HK,香港华人有限公司,香港华人有限公司,Hongkong Chinese Limited,XGHRYXGS,主板,L,19921012,,2000.0,BMG4586T1036,HKD
00656.HK,复星国际,复星国际有限公司,Fosun International Limited,FXGJ,主板,L,20070716,,500.0,HK0656038673,HKD
00657.HK,环科国际,环科国际集团有限公司,G-Vision International (Holdings) Limited,HKGJ,主板,L,19921030,,2000.0,BMG4209T1009,HKD
00658.HK,中国高速传动,中国高速传动设备集团有限公司,"China High Speed Transmission Equipment Group Co., Ltd.",ZGGSCD,主板,L,20070704,,1000.0,KYG2112D1051,HKD
00659.HK,周大福创建,周大福创建有限公司,CTF Services Limited,ZDFCJ,主板,L,19970425,,1000.0,BMG668971101,HKD
00660.HK,玮俊生物科技,玮俊生物科技有限公司,Wai Chun Bio-Technology Limited,WJSWKJ,主板,L,19930205,,20000.0,KYG9450C1107,HKD
00661.HK,中国大冶有色金属,中国大冶有色金属矿业有限公司,China Daye Non-Ferrous Metals Mining Limited,ZGDYYSJS,主板,L,19901121,,2000.0,BMG2125C1029,HKD
00662.HK,亚洲金融,亚洲金融集团有限公司,Asia Financial Holdings Ltd.,YZJR,主板,L,19901218,,2000.0,BMG0532X1074,HKD
00664.HK,铜师傅,杭州铜师傅文创(集团)股份有限公司,"Hangzhou Tongshifu Cultural And Creative (Group) Co., Ltd.",TSF,主板,L,20260331,,100.0,CNE100007J78,HKD
00666.HK,瑞浦兰钧,瑞浦兰钧能源股份有限公司,"Rept Battero Energy Co., Ltd.",RPLJ,主板,L,20231218,,200.0,CNE1000069Z2,HKD
00667.HK,中国东方教育,中国东方教育控股有限公司,China East Education Holdings Limited,ZGDFJY,主板,L,20190612,,500.0,KYG2120T1004,HKD
00669.HK,创科实业,创科实业有限公司,Techtronic Industries Co. Ltd.,CKSY,主板,L,19901217,,500.0,HK0669013440,HKD
00670.HK,中国东方航空股份,中国东方航空股份有限公司,China Eastern Airlines Corporation Limited,ZGDFHKGF,主板,L,19970205,,2000.0,CNE1000002K5,HKD
00672.HK,众安集团,众安集团有限公司,Zhong An Group Limited,ZAJT,主板,L,20071113,,1000.0,KYG9898N1161,HKD
00673.HK,中国卫生集团,中国卫生集团有限公司,China Health Group Limited,ZGWSJT,主板,L,19961014,,6000.0,BMG2107P2040,HKD
00674.HK,中国唐商,中国唐商控股有限公司,China Tangshang Holdings Limited,ZGTS,主板,L,19910125,,4000.0,BMG2197S1008,HKD
00675.HK,坚宝国际,坚宝国际控股有限公司,K & P International Holdings Ltd.,JBGJ,主板,L,19970102,,2000.0,BMG5313X1011,HKD
00676.HK,创信国际,创信国际控股有限公司,Pegasus International Holdings Ltd.,CXGJ,主板,L,19961011,,2000.0,BMG6977B1046,HKD
00677.HK,金源发展国际实业,金源发展国际实业有限公司,Golden Resources Development International Limited,JYFZGJSY,主板,L,19910128,,2000.0,BMG3958B1046,HKD
00679.HK,亚洲联网科技,亚洲联网科技有限公司,Asia Tele-Net and Technology Corporation Limited,YZLWKJ,主板,L,19910131,,10000.0,BMG0534V1256,HKD
00681.HK,中民控股,中民控股有限公司,Chinese People Holdings Company Limited,ZMKG,主板,L,19970424,,2000.0,BMG2112G1087,HKD
00682.HK,超大现代,超大现代农业(控股)有限公司,Chaoda Modern Agriculture (Holdings) Ltd.,CDXD,主板,L,20001215,,10000.0,KYG2046Q1156,HKD
00683.HK,嘉里建设,嘉里建设有限公司,Kerry Properties Limited,JLJS,主板,L,19960805,,500.0,BMG524401079,HKD
00684.HK,亚伦国际,亚伦国际集团有限公司,Allan International Holdings Ltd.,YLGJ,主板,L,19921110,,2000.0,BMG017541035,HKD
00685.HK,世界华文媒体,世界华文媒体有限公司,Media Chinese International Limited,SJHWMT,主板,L,19910322,,1000.0,BMG5959D1048,HKD
00686.HK,北京能源国际,北京能源国际控股有限公司,"Beijing Energy International Holding Co., Ltd.",BJNYGJ,主板,L,20000413,,2000.0,BMG1146K2008,HKD
00687.HK,泰升集团,泰升集团控股有限公司,Tysan Holdings Limited,TSJT,主板,L,19910326,,2000.0,BMG4643K1036,HKD
00688.HK,中国海外发展,中国海外发展有限公司,China Overseas Land & Investment Ltd.,ZGHWFZ,主板,L,19920820,,500.0,HK0688002218,HKD
00689.HK,长盈集团(控股),长盈集团(控股)有限公司,EPI (Holdings) Limited,CYJTKG,主板,L,19910415,,15000.0,BMG3155U1523,HKD
00690.HK,联康生物科技集团,联康生物科技集团有限公司,Uni-Bio Science Group Limited,LKSWKJJT,主板,L,20011112,,20000.0,KYG9198H1406,HKD
00691.HK,山水水泥,中国山水水泥集团有限公司,China Shanshui Cement Group Limited,SSSN,主板,L,20080704,,1000.0,KYG2116M1015,HKD
00693.HK,陈唱国际,陈唱国际有限公司,Tan Chong International Limited,CCGJ,主板,L,19980707,,3000.0,BMG8667Z1023,HKD
00694.HK,北京首都机场股份,北京首都国际机场股份有限公司,Beijing Capital International Airport Company Limited,BJSDJCGF,主板,L,20000201,,2000.0,CNE100000221,HKD
00695.HK,东吴水泥,东吴水泥国际有限公司,Dongwu Cement International Limited,DWSN,主板,L,20120613,,2000.0,KYG281601024,HKD
00696.HK,中国民航信息网络,中国民航信息网络股份有限公司,Travelsky Technology Limited,ZGMHXXWL,主板,L,20010207,,1000.0,CNE1000004J3,HKD
00697.HK,首程控股,首程控股有限公司,Shoucheng Holdings Limited,SCKG,主板,L,19910430,,2000.0,HK0000592854,HKD
00698.HK,通达集团,通达集团控股有限公司,Tongda Group Holdings Limited,TDJT,主板,L,20001222,,1000.0,KYG8917X1473,HKD
00699.HK,均胜电子,宁波均胜电子股份有限公司,Ningbo Joyson Electronic Corp.,JSDZ,主板,L,20251106,,500.0,CNE1000076L7,HKD
00700.HK,腾讯控股,腾讯控股有限公司,Tencent Holdings Ltd.,TXKG,主板,L,20040616,,100.0,KYG875721634,HKD
00701.HK,CNT GROUP,北海集团有限公司,CNT Group Ltd.,CNTGROUP,主板,L,19910521,,2000.0,BMG2237T1009,HKD
00702.HK,中国油气控股,中国油气控股有限公司,Sino Oil and Gas Holdings Ltd.,ZGYQKG,主板,L,20000209,,10000.0,BMG8184U1154,HKD
00703.HK,FUTURE BRIGHT,佳景集团有限公司,Future Bright Holdings Limited,FUTUREBRIGHT,主板,L,20020815,,6000.0,BMG3698L1072,HKD
00704.HK,和嘉控股,和嘉控股有限公司,Huscoke Holdings Limited,HJKG,主板,L,19910527,,5000.0,BMG4709B1129,HKD
00707.HK,亚洲电视控股,亚洲电视控股有限公司,Asia Television Holdings Limited,YZDSKG,主板,L,20060330,,8000.0,KYG0541Y1382,HKD
00708.HK,恒大汽车,中国恒大新能源汽车集团有限公司,China Evergrande New Energy Vehicle Group Limited,HDQC,主板,L,20080212,,500.0,HK0000264595,HKD
00709.HK,佐丹奴国际,佐丹奴国际有限公司,Giordano International Limited,ZDNGJ,主板,L,19910619,,2000.0,BMG6901M1010,HKD
00710.HK,京东方精电,京东方精电有限公司,BOE Varitronix Limited,JDFJD,主板,L,19910701,,1000.0,BMG1223L1054,HKD
00711.HK,亚洲联合基建控股,亚洲联合基建控股有限公司,Asia Allied Infrastructure Holdings Limited,YZLHJJKG,主板,L,19930212,,2000.0,BMG0578N1048,HKD
00712.HK,卡姆丹克太阳能,卡姆丹克太阳能系统集团有限公司,Comtec Solar Systems Group Limited,KMDKTYN,主板,L,20091030,,10000.0,KYG234201138,HKD
00713.HK,世界(集团),世界(集团)有限公司,World Houseware (Holdings) Limited,SJJT,主板,L,19930415,,2000.0,KYG9768F1028,HKD
00716.HK,胜狮货柜,胜狮货柜企业有限公司,Singamas Container Holdings Limited,SSHG,主板,L,19930708,,2000.0,HK0716002271,HKD
00717.HK,英皇资本,英皇资本集团有限公司,Emperor Capital Group Limited,YHZB,主板,L,20070424,,6000.0,BMG313751015,HKD
00718.HK,太和控股,太和控股有限公司,Tai United Holdings Limited,THKG,主板,L,19951002,,5000.0,BMG8661J1045,HKD
00719.HK,山东新华制药股份,山东新华制药股份有限公司,Shandong Xinhua Pharmaceutical Company Limited,SDXHZYGF,主板,L,19961231,,2000.0,CNE100000411,HKD
00720.HK,意达利控股,意达利控股有限公司,Auto Italia Holdings Ltd.,YDLKG,主板,L,19910716,,25000.0,BMG066391019,HKD
00721.HK,中国金融国际,中国金融国际投资有限公司,China Financial International Investments Limited,ZGJRGJ,主板,L,20010608,,10000.0,BMG2110W1055,HKD
00722.HK,联合医务,联合医务集团有限公司,UMP Healthcare Holdings Ltd.,LHYW,主板,L,20151127,,2000.0,KYG9320W1069,HKD
00723.HK,信保环球控股,信保环球控股有限公司,Reliance Global Holdings Limited,XBHQKG,主板,L,19910718,,30000.0,BMG8598B2080,HKD
00724.HK,瑞鑫国际集团,瑞鑫国际集团有限公司,Ruixin International Holdings Limited,RXGJJT,主板,L,20000703,,10000.0,BMG7713S3024,HKD
00725.HK,恒都集团,恒都集团有限公司,Perennial International Limited,HDJT,主板,L,19961230,,2000.0,BMG7004P1086,HKD
00726.HK,筑友智造科技,筑友智造科技集团有限公司,DIT Group Limited,ZYZZKJ,主板,L,19910725,,5000.0,BMG2773V2045,HKD
00727.HK,皇冠环球集团,皇冠环球集团有限公司,Crown International Corporation Limited,HGHQJT,主板,L,19980116,,10000.0,HK0001131157,HKD
00728.HK,中国电信,中国电信股份有限公司,China Telecom Corporation Limited,ZGDX,主板,L,20021115,,2000.0,CNE1000002V2,HKD
00730.HK,首惠产业金融,首惠产业金融服务集团有限公司,Capital Industrial Financial Services Group Limited,SHCYJR,主板,L,19910808,,1000.0,BMG8114P1032,HKD
00731.HK,建发新胜,建发新胜浆纸有限公司,C&D Newin Paper & Pulp Corporation Limited,JFXS,主板,L,19951201,,20000.0,BMG7783F1317,HKD
00732.HK,信利国际,信利国际有限公司,Truly International Holdings Limited,XLGJ,主板,L,19910729,,2000.0,KYG910191363,HKD
00733.HK,合富辉煌,合富辉煌集团控股有限公司,Hopefluent Group Holdings Limited,HFHH,主板,L,20040715,,2000.0,KYG459921071,HKD
00736.HK,中国置业投资,中国置业投资控股有限公司,China Properties Investment Holdings Limited,ZGZYTZ,主板,L,19920930,,3000.0,BMG2157U2281,HKD
00737.HK,湾区发展,深圳投控湾区发展有限公司,Shenzhen Investment Holdings Bay Area Development Company Limited,WQFZ,主板,L,20030806,,500.0,KYG8088A1168,HKD
00738.HK,莱尔斯丹,莱尔斯丹控股有限公司,Le Saunda Holdings Limited,LESD,主板,L,19921211,,2000.0,BMG5456B1063,HKD
00743.HK,亚洲水泥(中国),亚洲水泥(中国)控股公司,Asia Cement (China) Holdings Corporation,YZSNZG,主板,L,20080520,,500.0,KYG0539C1069,HKD
00745.HK,中国国家文化产业,中国国家文化产业集团有限公司,China National Culture Group Limited,ZGGJWHCY,主板,L,20041013,,20000.0,KYG2116P1798,HKD
00746.HK,理文化工,理文化工有限公司,Lee & Man Chemical Company Limited,LWHG,主板,L,20020116,,2000.0,KYG5427E1145,HKD
00747.HK,沈阳公用发展股份,沈阳公用发展股份有限公司,Shenyang Public Utility Holdings Company Limited,SYGYFZGF,主板,L,19991216,,2000.0,CNE100000460,HKD
00750.HK,水发兴业能源,中国水发兴业能源集团有限公司,China Shuifa Singyes Energy Holdings Limited,SFXYNY,主板,L,20090113,,1000.0,BMG2161E1113,HKD
00751.HK,创维集团,创维集团有限公司,Skyworth Group Limited,CWJT,主板,L,20000407,,2000.0,BMG8181C1001,HKD
00752.HK,PICO FAR EAST,笔克远东集团有限公司,Pico Far East Holdings Limited,PICOFAREAST,主板,L,19920928,,2000.0,KYG7082H1276,HKD
00753.HK,中国国航,中国国际航空股份有限公司,Air China Limited,ZGGH,主板,L,20041215,,2000.0,CNE1000001S0,HKD
00754.HK,合生创展集团,合生创展集团有限公司,Hopson Development Holdings Limited,HSCZJT,主板,L,19980527,,100.0,BMG4600H1198,HKD
00755.HK,大方广瑞德,大方广瑞德集团有限公司,DevGreat Group Limited,DFGRD,主板,L,19921027,,5000.0,BMG8064K1128,HKD
00756.HK,森美控股,森美(集团)控股有限公司,Summi (Group) Holdings Limited,SMKG,主板,L,20080710,,8000.0,KYG8566A1177,HKD
00757.HK,阳光能源,阳光能源控股有限公司,Solargiga Energy Holdings Limited,YGNY,主板,L,20080331,,1000.0,KYG8268W1024,HKD
00759.HK,CEC INT'L HOLD,CEC国际控股有限公司,CEC International Holdings Limited,CECINTLHOLD,主板,L,19991115,,2000.0,BMG1988W1064,HKD
00760.HK,新天地产集团,新天地产集团有限公司,Talent Property Group Limited,XTDCJT,主板,L,19950808,,30000.0,BMG8668U2017,HKD
00762.HK,中国联通,中国联合网络通信(香港)股份有限公司,China Unicom (Hong Kong) Limited,ZGLT,主板,L,20000622,,2000.0,HK0000049939,HKD
00763.HK,中兴通讯,中兴通讯股份有限公司,ZTE Corporation,ZXTX,主板,L,20041209,,200.0,CNE1000004Y2,HKD
00764.HK,永恒策略,永恒策略投资有限公司,Eternity Investment Limited,YHCL,主板,L,20000215,,10000.0,BMG320501585,HKD
00765.HK,PERFECTECH INTL,威发国际集团有限公司,Perfectech International Holdings Limited,PERFECTECHINTL,主板,L,19921023,,2000.0,BMG7004C1073,HKD
00767.HK,中基长寿科学,中基长寿科学集团有限公司,Zhong Ji Longevity Science Group Limited,ZJCSKX,主板,L,19951120,,10000.0,BMG989M12097,HKD
00768.HK,开明投资,开明投资有限公司,UBA Investments Limited,KMTZ,主板,L,20000118,,2000.0,KYG9158X1016,HKD
00769.HK,中国稀土,中国稀土控股有限公司,China Rare Earth Holdings Limited,ZGXT,主板,L,19991015,,2000.0,KYG210891001,HKD
00770.HK,SHANGHAI GROWTH,沪光国际上海发展投资有限公司,Shanghai International Shanghai Growth Investment Ltd.,SHANGHAIGROWTH,主板,L,19931130,,1000.0,KYG806391002,HKD
00771.HK,自动系统,自动系统集团有限公司,Automated Systems Holdings Limited,ZDXT,主板,L,19971105,,2000.0,BMG0666H1007,HKD
00772.HK,阅文集团,阅文集团,China Literature Limited,YWJT,主板,L,20171108,,200.0,KYG2121R1039,HKD
00775.HK,长江生命科技,长江生命科技集团有限公司,"CK Life Sciences Int'l., (Holdings) Inc.",CJSMKJ,主板,L,20080908,,2000.0,KYG2176J1058,HKD
00776.HK,帝国科技集团,帝国科技集团有限公司,Imperium Technology Group Limited,DGKJJT,主板,L,20080910,,500.0,KYG4750S1131,HKD
00777.HK,网龙,网龙网络控股有限公司,NetDragon Websoft Holdings Limited,WL,主板,L,20080624,,500.0,KYG6427W1042,HKD
00780.HK,同程旅行,同程旅行控股有限公司,Tongcheng Travel Holdings Limited,TCLX,主板,L,20181126,,400.0,KYG8918W1069,HKD
00784.HK,凌锐控股,凌锐控股有限公司,Ling Yui Holdings Limited,LRKG,主板,L,20171228,,10000.0,KYG5496R1039,HKD
00788.HK,中国铁塔,中国铁塔股份有限公司,China Tower Corporation Limited,ZGTT,主板,L,20180808,,500.0,CNE100006V65,HKD
00789.HK,雅天妮集团,雅天妮集团有限公司,Artini Holdings Limited,YTNJT,主板,L,20080516,,20000.0,BMG051121264,HKD
00794.HK,锦胜集团(控股),锦胜集团(控股)有限公司,Come Sure Group (Holdings) Limited,JSJTKG,主板,L,20090226,,2000.0,KYG2298N1097,HKD
00797.HK,第七大道,第七大道控股有限公司,7Road Holdings Limited,DQDD,主板,L,20180718,,2000.0,KYG806101013,HKD
00798.HK,中电光谷,中电光谷联合控股有限公司,China Electronics Optics Valley Union Holding Company Limited,ZDGG,主板,L,20140328,,4000.0,KYG2119Q1091,HKD
00799.HK,IGG,IGG Inc,IGG Inc,IGG,主板,L,20150707,,1000.0,KYG6771K1022,HKD
00800.HK,文远知行-W,文远知行,WeRide Inc.,WYZXW,主板,L,20251106,,100.0,KYG9560F1028,HKD
00804.HK,鼎石资本,鼎石资本有限公司,Pinestone Capital Limited,DSZB,主板,L,20170608,,5000.0,KYG7110K1426,HKD
00805.HK,新吉奥房车,新吉奥房车有限公司,New Gonow Recreational Vehicles Inc.,XJAFC,主板,L,20250113,,2000.0,KYG6471S1084,HKD
00806.HK,惠理集团,惠理集团有限公司,Value Partners Group Limited,HLJT,主板,L,20071122,,1000.0,KYG931751005,HKD
00807.HK,上海实业环境,上海实业环境控股有限公司,SIIC Environment Holdings Ltd.,SHSYHJ,主板,L,20180323,,1000.0,SG1BI7000000,HKD
00809.HK,大成生化科技,大成生化科技集团有限公司,Global Bio-chem Technology Group Company Limited,DCSHKJ,主板,L,20010316,,2000.0,KYG3919S1057,HKD
00810.HK,中国铸晨81,中国铸晨81金融有限公司,China Castson 81 Finance Company Limited,ZGZC81,主板,L,20020228,,6000.0,BMG215271096,HKD
00811.HK,新华文轩,新华文轩出版传媒股份有限公司,"Xinhua Winshare Publishing and Media Co., Ltd.",XHWX,主板,L,20070530,,1000.0,CNE1000004B0,HKD
00813.HK,世茂集团,世茂集团控股有限公司,Shimao Group Holdings Limited,SMJT,主板,L,20060705,,500.0,KYG810431042,HKD
00814.HK,北京京客隆,北京京客隆商业集团股份有限公司,Beijing Jingkelong Company Limited,BJJKL,主板,L,20080226,,1000.0,CNE100000247,HKD
00815.HK,中国白银集团,中国白银集团有限公司,China Silver Group Limited,ZGBYJT,主板,L,20121228,,2000.0,KYG211771038,HKD
00816.HK,金茂服务,金茂物业服务发展股份有限公司,"Jinmao Property Services Co., Limited",JMFW,主板,L,20220310,,500.0,HK0000827664,HKD
00817.HK,中国金茂,中国金茂控股集团有限公司,China Jinmao Holdings Group Limited,ZGJM,主板,L,20070817,,2000.0,HK0817039453,HKD
00818.HK,高阳科技,高阳科技(中国)有限公司,Hi Sun Technology (China) Limited,GYKJ,主板,L,19971222,,3000.0,BMG4512G1261,HKD
00819.HK,天能动力,天能动力国际有限公司,Tianneng Power International Ltd.,TNDL,主板,L,20070611,,2000.0,KYG8655K1094,HKD
00821.HK,汇盈控股,汇盈控股有限公司,Value Convergence Holdings Limited,HYKG,主板,L,20080815,,8000.0,HK0001171682,HKD
00822.HK,嘉瑞国际,嘉瑞国际控股有限公司,Ka Shui International Holdings Ltd.,JRGJ,主板,L,20070627,,2000.0,KYG5217R1011,HKD
00825.HK,新世界百货中国,新世界百货中国有限公司,New World Department Store China Limited,XSJBHZG,主板,L,20070712,,1000.0,KYG650071098,HKD
00826.HK,天工国际,天工国际有限公司,Tiangong International Company Limited,TGGJ,主板,L,20070726,,2000.0,KYG888311134,HKD
00827.HK,玖源集团,玖源化工(集团)有限公司,Ko Yo Chemical (Group) Limited,JYJT,主板,L,20080825,,4000.0,KYG5319F1384,HKD
00828.HK,王朝酒业,王朝酒业集团有限公司,Dynasty Fine Wines Group Limited,WCJY,主板,L,20050126,,2000.0,KYG2950W1087,HKD
00829.HK,神冠控股,神冠控股(集团)有限公司,Shenguan Holdings (Group) Limited,SGKG,主板,L,20091013,,2000.0,KYG8116M1087,HKD
00830.HK,中国建筑兴业,中国建筑兴业集团有限公司,China State Construction Development Holdings Limited,ZGJZXY,主板,L,20100330,,2000.0,KYG8438L1014,HKD
00831.HK,利亚零售,利亚零售有限公司,Convenience Retail Asia Limited,LYLS,主板,L,20110620,,2000.0,KYG239801080,HKD
00832.HK,建业地产,建业地产股份有限公司,Central China Real Estate Limited,JYDC,主板,L,20080606,,1000.0,KYG207681001,HKD
00833.HK,华讯,华讯股份有限公司,Alltronics Holdings Limited,HX,主板,L,20050715,,4000.0,KYG022791340,HKD
00834.HK,康大食品,中国康大食品有限公司,China Kangda Food Company Limited,KDSP,主板,L,20081222,,4000.0,BMG2110F1023,HKD
00836.HK,华润电力,华润电力控股有限公司,China Resources Power Holdings Company Limited,HRDL,主板,L,20031112,,2000.0,HK0836012952,HKD
00837.HK,谭木匠,谭木匠控股有限公司,Carpenter Tan Holdings Limited,TMJ,主板,L,20091229,,500.0,KYG1991G1064,HKD
00838.HK,亿和控股,亿和精密工业控股有限公司,EVA Precision Industrial Holdings Limited,YHKG,主板,L,20050511,,2000.0,KYG321481015,HKD
00839.HK,中教控股,中国教育集团控股有限公司,China Education Group Holdings Limited,ZJKG,主板,L,20171215,,1000.0,KYG2163M1033,HKD
00840.HK,天业节水,新疆天业节水灌溉股份有限公司,Xinjiang Tianye Water Saving Irrigation System Company Limited,TYJS,主板,L,20080124,,2000.0,CNE1000004P0,HKD
00841.HK,木薯资源,亚洲木薯资源控股有限公司,Asia Cassava Resources Holdings Ltd.,MSZY,主板,L,20090323,,2000.0,KYG053931062,HKD
00842.HK,理士国际,理士国际技术有限公司,Leoch International Technology Limited,LSGJ,主板,L,20101116,,1000.0,KYG546541015,HKD
00844.HK,广泰国际控股,广泰国际控股有限公司,Greatime International Holdings Limited,GTGJKG,主板,L,20111124,,4000.0,VGG4166C1086,HKD
00845.HK,恒盛地产,恒盛地产控股有限公司,Glorious Property Holdings Limited,HSDC,主板,L,20091002,,1000.0,KYG3940K1058,HKD
00846.HK,明发集团,明发集团(国际)有限公司,Mingfa Group (International) Company Limited,MFJT,主板,L,20091113,,1000.0,KYG614131038,HKD
00848.HK,茂业国际,茂业国际控股有限公司,Maoye International Holdings Limited,MYGJ,主板,L,20080505,,1000.0,KYG5804G1047,HKD
00851.HK,盛源控股,盛源控股有限公司,Sheng Yuan Holdings Limited,SYKG,主板,L,19981202,,10000.0,BMG8115Q2095,HKD
00852.HK,海峡石油化工,海峡石油化工控股有限公司,Strong Petrochemical Holdings Limited,HXSYHG,主板,L,20090112,,2000.0,KYG853951203,HKD
00853.HK,微创医疗,微创医疗科学有限公司,MicroPort Scientific Corporation,WCYL,主板,L,20100924,,100.0,KYG608371046,HKD
00854.HK,威雅利,威雅利电子(集团)有限公司,Willas-Array Electronics (Holdings) Ltd.,WYL,主板,L,20131206,,1000.0,BMG9643L1349,HKD
00855.HK,中国水务,中国水务集团有限公司,China Water Affairs Group Limited,ZGSW,主板,L,19991011,,2000.0,BMG210901242,HKD
00856.HK,伟仕佳杰,伟仕佳杰控股有限公司,VSTECS Holdings Limited,WSJJ,主板,L,20020509,,2000.0,KYG9400C1116,HKD
00857.HK,中国石油股份,中国石油天然气股份有限公司,Petrochina Company Limited,ZGSYGF,主板,L,20000407,,2000.0,CNE1000003W8,HKD
00858.HK,精优药业,精优药业控股有限公司,Extrawell Pharmaceutical Holdings Ltd.,JYYY,主板,L,19990310,,10000.0,BMG3285Q1134,HKD
00859.HK,中昌国际控股,中昌国际控股集团有限公司,Zhongchang International Holdings Group Limited,ZCGJKG,主板,L,20000615,,2000.0,BMG9898M1001,HKD
00860.HK,APOLLO出行,Apollo智慧出行集团有限公司,Apollo Future Mobility Group Limited,APOLLOCX,主板,L,20020903,,4000.0,BMG0411X1112,HKD
00861.HK,神州控股,神州数码控股有限公司,Digital China Holdings Limited,SZKG,主板,L,20010601,,1000.0,BMG2759B1072,HKD
00862.HK,远见控股,远见控股有限公司,Vision Values Holdings Limited,YJKG,主板,L,19981014,,5000.0,KYG9375G1212,HKD
00863.HK,OSL集团,OSL集团有限公司,OSL Group Limited,OSLJT,主板,L,20150908,,500.0,KYG1106B1095,HKD
00864.HK,永利地产发展,永利地产发展有限公司,Wing Lee Property Investments Limited,YLDCFZ,主板,L,20130319,,4000.0,BMG9705S1008,HKD
00865.HK,建德国际控股,建德国际控股有限公司,Jiande International Holdings Limited,JDGJKG,主板,L,20081106,,4000.0,KYG5139V1077,HKD
00866.HK,中国秦发,中国秦发集团有限公司,China Qinfa Group Ltd.,ZGQF,主板,L,20090703,,2000.0,KYG2159E1070,HKD
00867.HK,康哲药业,康哲药业控股有限公司,China Medical System Holdings Limited,KZYY,主板,L,20100928,,1000.0,KYG211081248,HKD
00868.HK,信义玻璃,信义玻璃控股有限公司,Xinyi Glass Holdings Ltd.,XYBL,主板,L,20050203,,1000.0,KYG9828G1082,HKD
00869.HK,彩星玩具,彩星玩具有限公司,Playmates Toys Limited,CXWJ,主板,L,20080201,,4000.0,BMG7147S1008,HKD
00871.HK,中国疏浚环保,中国疏浚环保控股有限公司,China Dredging Environment Protection Holdings Limited,ZGSJHB,主板,L,20110620,,20000.0,KYG2116C1116,HKD
00873.HK,世茂服务,世茂服务控股有限公司,Shimao Services Holdings Limited,SMFW,主板,L,20201030,,1000.0,KYG8104A1085,HKD
00874.HK,白云山,广州白云山医药集团股份有限公司,Guangzhou Baiyunshan Pharmaceutical Holdings Company Limited,BYS,主板,L,19971030,,2000.0,CNE100000387,HKD
00875.HK,从玉智农,从玉智农集团有限公司,Congyu Intelligent Agricultural Holdings Limited,CYZN,主板,L,19980703,,2000.0,BMG2162U1229,HKD
00876.HK,佳兆业健康,佳兆业健康集团控股有限公司,Kaisa Health Group Holdings Limited,JZYJK,主板,L,19970410,,10000.0,BMG522111027,HKD
00878.HK,金朝阳集团,金朝阳集团有限公司,Soundwill Holdings Ltd.,JCYJT,主板,L,19970321,,500.0,BMG8277H1530,HKD
00880.HK,澳博控股,澳门博彩控股有限公司,SJM Holdings Limited,ABKG,主板,L,20080716,,1000.0,HK0880043028,HKD
00881.HK,中升控股,中升集团控股有限公司,Zhongsheng Group Holdings Limited,ZSKG,主板,L,20100326,,500.0,KYG9894K1085,HKD
00882.HK,天津发展,天津发展控股有限公司,Tianjin Development Holdings Limited,TJFZ,主板,L,19971210,,2000.0,HK0882007260,HKD
00883.HK,中国海洋石油,中国海洋石油有限公司,CNOOC Limited,ZGHYSY,主板,L,20010228,,1000.0,HK0883013259,HKD
00884.HK,旭辉控股集团,旭辉控股(集团)有限公司,CIFI Holdings (Group) Co. Ltd.,XHKGJT,主板,L,20121123,,2000.0,KYG2140A1076,HKD
00887.HK,英皇钟表珠宝,英皇钟表珠宝有限公司,Emperor Watch & Jewellery Limited,YHZBZB,主板,L,20080721,,10000.0,HK0000047982,HKD
00888.HK,链信控股,链信控股有限公司,BlockFin Holdings Limited,LXKG,主板,L,20010628,,2000.0,BMG114281022,HKD
00889.HK,连达科技控股,连达科技控股有限公司,Datronix Holdings Limited,LDKJKG,主板,L,20010622,,2000.0,BMG2660A1071,HKD
00893.HK,中国铁钛,中国钒钛磁铁矿业有限公司,China Vanadium Titano-Magnetite Mining Company Limited,ZGTT,主板,L,20091008,,1000.0,KYG211321081,HKD
00894.HK,万裕科技,万裕科技集团有限公司,Man Yue Technology Holdings Limited,WYKJ,主板,L,19970305,,2000.0,BMG5803Y1066,HKD
00895.HK,东江环保,东江环保股份有限公司,Dongjiang Environmental Company Limited,DJHB,主板,L,20100928,,200.0,CNE1000001B6,HKD
00896.HK,兴胜创建,兴胜创建控股有限公司,Hanison Construction Holdings Limited,XSCJ,主板,L,20020110,,2000.0,KYG428581030,HKD
00897.HK,位元堂,位元堂药业控股有限公司,Wai Yuen Tong Medicine Holdings Limited,WYT,主板,L,19971031,,5000.0,BMG9421Y2332,HKD
00898.HK,万事昌国际,万事昌国际控股有限公司,Multifield International Holdings Limited,WSCGJ,主板,L,19980731,,2000.0,BMG6330R1271,HKD
00899.HK,中加国信,中加国信控股股份有限公司,Zhong Jia Guo Xin Holdings Company Limited,ZJGX,主板,L,19971024,,10000.0,BMG0536F4092,HKD
00900.HK,AEON CREDIT,AEON信贷财务(亚洲)有限公司,Aeon Credit Service (Asia) Company Limited,AEONCREDIT,主板,L,19950914,,2000.0,HK0900002681,HKD
00902.HK,华能国际电力股份,华能国际电力股份有限公司,"Huaneng Power International,Inc.",HNGJDLGF,主板,L,19980121,,2000.0,CNE1000006Z4,HKD
00905.HK,胡桃资本,胡桃资本有限公司,Walnut Capital Limited,HTZB,主板,L,19980717,,16000.0,BMG3932X1231,HKD
00907.HK,高雅光学,高雅光学国际集团有限公司,Elegance Optical International Holdings Limited,GYGX,主板,L,19960411,,20000.0,BMG3000U1009,HKD
00909.HK,明源云,明源云集团控股有限公司,Ming Yuan Cloud Group Holdings Limited,MYY,主板,L,20200925,,1000.0,KYG6142R1092,HKD
00910.HK,中国三迪,中国三迪控股有限公司,China Sandi Holdings Limited,ZGSD,主板,L,19981201,,6000.0,BMG2118U1018,HKD
00911.HK,前海健康,前海健康控股有限公司,Qianhai Health Holdings Limited,QHJK,主板,L,20140627,,10000.0,KYG7307F1129,HKD
00912.HK,信佳国际,信佳国际集团有限公司,Suga International Holdings Ltd.,XJGJ,主板,L,20020918,,2000.0,BMG8550G1042,HKD
00913.HK,港湾数字,港湾数字产业资本有限公司,Harbour Digital Asset Capital Limited,GWSZ,主板,L,19991027,,10000.0,KYG4289D1088,HKD
00914.HK,海螺水泥,安徽海螺水泥股份有限公司,Anhui Conch Cement Company Limited,HLSN,主板,L,19971021,,500.0,CNE1000001W2,HKD
00915.HK,道和环球,道和环球集团有限公司,Daohe Global Group Limited,DHHQ,主板,L,20020510,,1000.0,BMG2751X1314,HKD
00916.HK,龙源电力,龙源电力集团股份有限公司,China Longyuan Power Group Corporation Limited,LYDL,主板,L,20091210,,1000.0,CNE100000HD4,HKD
00917.HK,趣致集团,趣致集团,Qunabox Group Limited,QZJT,主板,L,20240527,,100.0,KYG7388C1033,HKD
00918.HK,龙翼航空科技,龙翼航空科技控股有限公司,Majestic Dragon AeroTech Holdings Limited,LYHKKJ,主板,L,19971015,,6000.0,BMG8508Q1134,HKD
00919.HK,现代健康科技,现代健康科技控股有限公司,Modern Healthcare Technology Holdings Limited,XDJKKJ,主板,L,20060209,,4000.0,KYG618101003,HKD
00921.HK,海信家电,海信家电集团股份有限公司,"Hisense Home Appliances Group Co., Ltd.",HXJD,主板,L,19960723,,1000.0,CNE100000353,HKD
00922.HK,安贤园中国,安贤园中国控股有限公司,Anxian Yuan China Holdings Limited,AXYZG,主板,L,19991221,,10000.0,BMG0400Q1197,HKD
00923.HK,综合环保集团,综合环保集团有限公司,Integrated Waste Solutions Group Holdings Limited,ZHHBJT,主板,L,20100331,,2000.0,KYG4812S1012,HKD
00924.HK,坤集团,坤集团有限公司,Khoon Group Limited,KJT,主板,L,20190705,,8000.0,KYG5271A1013,HKD
00926.HK,碧生源,碧生源控股有限公司,Besunyen Holdings Company Limited,BSY,主板,L,20100929,,1000.0,KYG107051123,HKD
00927.HK,富士高实业,富士高实业控股有限公司,Fujikon Industrial Holdings Limited,FSGSY,主板,L,20000411,,2000.0,BMG3685C1029,HKD
00928.HK,帝王国际投资,帝王国际投资有限公司,King International Investment Limited,DWGJTZ,主板,L,20020429,,20000.0,KYG5924H1231,HKD
00929.HK,国际精密,国际精密集团有限公司,IPE Group Limited,GJJM,主板,L,20041101,,5000.0,KYG4935G1091,HKD
00931.HK,中国港能,中国港能智慧能源集团有限公司,China HK Power Smart Energy Group Limited,ZGGN,主板,L,20011024,,2000.0,KYG2117J1316,HKD
00932.HK,顺腾国际控股,顺腾国际(控股)有限公司,Shunten International (Holdings) Limited,STGJKG,主板,L,20151120,,4000.0,KYG811881070,HKD
00933.HK,非凡领越,非凡领越有限公司,Viva Goods Company Limited,FFLY,主板,L,20230627,,8000.0,KYG9374E1199,HKD
00934.HK,中石化冠德,中石化冠德控股有限公司,Sinopec Kantons Holdings Limited,ZSHGD,主板,L,19990625,,2000.0,BMG8165U1009,HKD
00936.HK,佳兆业资本,佳兆业资本投资集团有限公司,Kaisa Capital Investment Holdings Limited,JZYZB,主板,L,20100719,,10000.0,KYG5213K1004,HKD
00938.HK,民生国际,民生国际有限公司,Man Sang International Limited,MSGJ,主板,L,19970926,,2000.0,BMG579461325,HKD
00939.HK,建设银行,中国建设银行股份有限公司,China Construction Bank Corporation,JSYH,主板,L,20051027,,1000.0,CNE1000002H1,HKD
00941.HK,中国移动,中国移动有限公司,China Mobile Limited,ZGYD,主板,L,19971023,,500.0,HK0941009539,HKD
00943.HK,中证国际,中证国际有限公司,Zhongzheng International Company Limited,ZZGJ,主板,L,19970625,,16000.0,BMG989A52031,HKD
00945.HK,宏利金融-S,宏利金融有限公司,Manulife Financial Corporation,HLJRS,主板,L,19990927,,100.0,CA56501R1064,HKD
00947.HK,摩比发展,摩比发展有限公司,"MOBI Development Co., Ltd.",MBFZ,主板,L,20091217,,1000.0,KYG618391091,HKD
00948.HK,阿尔法企业,阿尔法企业控股有限公司,Alpha Professional Holdings Limited,AEFQY,主板,L,20100301,,20000.0,BMG6847W1064,HKD
00950.HK,李氏大药厂,李氏大药厂控股有限公司,Lee's Pharmaceutical Holdings Ltd.,LSDYC,主板,L,20100514,,500.0,KYG5438W1116,HKD
00951.HK,超威动力,超威动力控股有限公司,Chaowei Power Holdings Limited,CWDL,主板,L,20100707,,1000.0,KYG204791043,HKD
00952.HK,华富建业金融,华富建业国际金融有限公司,Quam Plus International Financial Limited,HFJYJR,主板,L,19970924,,10000.0,BMG2118X1056,HKD
00953.HK,邵氏兄弟控股,邵氏兄弟控股有限公司,Shaw Brothers Holdings Limited,SSXDKG,主板,L,20100201,,2000.0,KYG8072W1087,HKD
00954.HK,常茂生物,常茂生物化学工程股份有限公司,Changmao Biochemical Engineering Company Limited,CMSW,主板,L,20130628,,4000.0,CNE100000106,HKD
00956.HK,新天绿色能源,新天绿色能源股份有限公司,China Suntien Green Energy Corporation Limited,XTLSNY,主板,L,20101013,,1000.0,CNE100000TW9,HKD
00959.HK,世纪娱乐国际,世纪娱乐国际控股有限公司,Century Entertainment International Holdings Limited,SJYLGJ,主板,L,19971003,,10000.0,BMG2031G1069,HKD
00960.HK,龙湖集团,龙湖集团控股有限公司,Longfor Group Holdings Limited,LHJT,主板,L,20091119,,500.0,KYG5635P1090,HKD
00966.HK,中国太平,中国太平保险控股有限公司,China Taiping Insurance Holdings Company Limited,ZGTP,主板,L,20000629,,200.0,HK0000055878,HKD
00968.HK,信义光能,信义光能控股有限公司,Xinyi Solar Holdings Limited,XYGN,主板,L,20131212,,2000.0,KYG9829N1025,HKD
00969.HK,华联国际,华联国际(控股)有限公司,Hua Lien International (Holding) Company Limited,HLGJ,主板,L,20000202,,2000.0,KYG4636M1087,HKD
00970.HK,新耀莱,新耀莱国际集团有限公司,New Sparkle Roll International Group Limited,XYL,主板,L,19970918,,2000.0,BMG8310J1172,HKD
00974.HK,中国顺客隆,中国顺客隆控股有限公司,China Shun Ke Long Holdings Limited,ZGSKL,主板,L,20150910,,1000.0,KYG2163D1034,HKD
00975.HK,MONGOL MINING,Mongolian Mining Corporation,Mongolian Mining Corporation,MONGOLMINING,主板,L,20101013,,3000.0,KYG6264V1361,HKD
00976.HK,齐合环保,齐合环保集团有限公司,Chiho Environmental Group Limited,QHHB,主板,L,20100712,,2000.0,KYG4465A1004,HKD
00978.HK,招商局置地,招商局置地有限公司,China Merchants Land Limited,ZSJZD,主板,L,19971016,,2000.0,KYG210AW1064,HKD
00979.HK,绿色能源科技集团,绿色能源科技集团有限公司,Green Energy Group Limited,LSNYKJJT,主板,L,19970626,,2000.0,BMG4088X2064,HKD
00980.HK,联华超市,联华超市股份有限公司,"Lianhua Supermarket Holdings Co., Ltd.",LHCS,主板,L,20030627,,1000.0,CNE1000003P2,HKD
00981.HK,中芯国际,中芯国际集成电路制造有限公司,Semiconductor Manufacturing International Corporation,ZXGJ,主板,L,20040318,,500.0,KYG8020E1199,HKD
00983.HK,瑞安建业,瑞安建业有限公司,SOCAM Development Limited,RAJY,主板,L,19970203,,2000.0,BMG8249T1036,HKD
00984.HK,永旺,永旺(香港)百货有限公司,"AEON Stores (Hong Kong) Co., Limited",YW,主板,L,19940204,,500.0,HK0000084183,HKD
00986.HK,杜甫酒业集团,杜甫酒业集团有限公司,Dufu Liquor Group Limited,DFJYJT,主板,L,19940202,,2000.0,BMG2125A2219,HKD
00987.HK,中国再生能源投资,中国再生能源投资有限公司,China Renewable Energy Investment Limited,ZGZSNYTZ,主板,L,19940127,,2000.0,KYG2161D1051,HKD
00989.HK,中国长白山国际,中国长白山国际控股有限公司,China Changbaishan International Holdings Limited,ZGCBSGJ,主板,L,19971020,,10000.0,BMG464012076,HKD
00990.HK,至源控股,至源控股有限公司,Deep Source Holdings Limited,ZYKG,主板,L,19940125,,10000.0,BMG8800F1876,HKD
00991.HK,大唐发电,大唐国际发电股份有限公司,"Datang International Power Generation Co., Ltd.",DTFD,主板,L,19970321,,2000.0,CNE1000002Z3,HKD
00992.HK,联想集团,联想集团有限公司,Lenovo Group Limited,LXJT,主板,L,19940214,,2000.0,HK0992009065,HKD
00993.HK,信控国际资本,信控国际资本有限公司,XinKong International Capital Holdings Limited,XKGJZB,主板,L,19940216,,1000.0,BMG4643L1019,HKD
00994.HK,中天宏信,中天宏信(国际)控股有限公司,CT Vision (International) Holdings Limited,ZTHX,主板,L,20170717,,4000.0,KYG2588A1067,HKD
00995.HK,安徽皖通高速公路,安徽皖通高速公路股份有限公司,Anhui Expressway Company Limited,AHWTGSGL,主板,L,19961113,,2000.0,CNE1000001X0,HKD
00997.HK,普汇中金国际,普汇中金国际控股有限公司,Chinlink International Holdings Limited,PHZJGJ,主板,L,20000310,,8000.0,BMG2113K1650,HKD
00998.HK,中信银行,中信银行股份有限公司,China CITIC Bank Corporation Limited,ZXYH,主板,L,20070427,,1000.0,CNE1000001Q4,HKD
00999.HK,小菜园,小菜园国际控股有限公司,Xiaocaiyuan International Holding Ltd.,XCY,主板,L,20241220,,800.0,KYG9833J1058,HKD
01000.HK,北青传媒,北青传媒股份有限公司,Beijing Media Corporation Limited,BQCM,主板,L,20041222,,500.0,CNE100000254,HKD
01001.HK,沪港联合,沪港联合控股有限公司,Hong Kong Shanghai Alliance Holdings Limited,HGLH,主板,L,19940218,,2000.0,BMG8000T1027,HKD
01002.HK,威铖国际,威铖国际集团有限公司,V.S. International Group Limited,WCGJ,主板,L,20020208,,4000.0,KYG939951011,HKD
01003.HK,欢喜传媒,欢喜传媒集团有限公司,Huanxi Media Group Limited,HXCM,主板,L,19940221,,10000.0,BMG4643J1062,HKD
01004.HK,中国智慧能源,中国智慧能源集团控股有限公司,China Smarter Energy Group Holdings Limited,ZGZHNY,主板,L,19971009,,10000.0,BMG2116L1375,HKD
01005.HK,MATRIX HOLDINGS,美力时集团有限公司,Matrix Holdings Limited,MATRIXHOLDINGS,主板,L,19940218,,2000.0,BMG5888V1265,HKD
01007.HK,龙辉国际控股,龙辉国际控股有限公司,Longhui International Holdings Limited,LHGJKG,主板,L,20101028,,4000.0,KYG563801359,HKD
01008.HK,力图控股,力图控股有限公司,Litu Holdings Limited,LTKG,主板,L,20090330,,2000.0,KYG1643V1059,HKD
01009.HK,国际娱乐,国际娱乐有限公司,International Entertainment Corporation,GJYL,主板,L,20100927,,10000.0,KYG4843W1050,HKD
01010.HK,天玺曜11,天玺曜11有限公司,Sky Blue 11 Company Limited,TXY11,主板,L,19940218,,2000.0,BMG6866U1062,HKD
01011.HK,泰凌医药,中国泰凌医药集团有限公司,China NT Pharma Group Company Limited,TLYY,主板,L,20110420,,10000.0,KYG2114L1133,HKD
01013.HK,伟俊集团控股,伟俊集团控股有限公司,Wai Chun Group Holdings Limited,WJJTKG,主板,L,19970203,,10000.0,BMG9427H1354,HKD
01020.HK,中细软科技,中细软科技控股有限公司,Ciprun Technology Holdings Company Limited,ZXRKJ,主板,L,20100707,,4000.0,KYG2606Y1026,HKD
01021.HK,华沿机器人,广东华沿机器人股份有限公司,"Guangdong Huayan Robotics Co., Ltd.",HYJQR,主板,L,20260330,,200.0,CNE100007JB9,HKD
01022.HK,飞鱼科技,飞鱼科技国际有限公司,Feiyu Technology International Company Ltd.,FYKJ,主板,L,20141205,,1500.0,KYG337691037,HKD
01023.HK,时代集团控股,时代集团控股有限公司,Sitoy Group Holdings Limited,SDJTKG,主板,L,20111206,,1000.0,KYG8190E1052,HKD
01024.HK,快手-W,快手科技,Kuaishou Technology,KSW,主板,L,20210205,,100.0,KYG532631028,HKD
01025.HK,嘉艺控股,嘉艺控股有限公司,KNT Holdings Limited,JYKG,主板,L,20190228,,8000.0,KYG5042B1234,HKD
01026.HK,环球实业科技,环球实业科技控股有限公司,Universal Technologies Holdings Limited,HQSYKJ,主板,L,20100622,,10000.0,KYG9287P1028,HKD
01027.HK,亚洲策略科技,亚洲策略数字科技控股有限公司,Asia Strategy Digit Technology Holdings Limited,YZCLKJ,主板,L,20150213,,10000.0,KYG2163B1564,HKD
01028.HK,千百度,千百度国际控股有限公司,C.banner International Holdings Limited,QBD,主板,L,20110923,,1000.0,BMG2008E1003,HKD
01029.HK,铁货,铁江现货有限公司,IRC Limited,TH,主板,L,20101021,,4000.0,HK0001156832,HKD
01030.HK,新城发展,新城发展控股有限公司,Seazen Group Limited,XCFZ,主板,L,20121129,,2000.0,KYG7956A1094,HKD
01033.HK,中石化油服,中石化石油工程技术服务股份有限公司,Sinopec Oilfield Service Corporation,ZSHYF,主板,L,19940329,,2000.0,CNE1000004D6,HKD
01036.HK,万科海外,万科海外投资控股有限公司,Vanke Overseas Investment Holding Company Limited,WKHW,主板,L,19961108,,1000.0,KYG9320E1061,HKD
01037.HK,云智汇科技,云智汇科技服务有限公司,Maxnerva Technology Services Limited,YZHKJ,主板,L,19940414,,2000.0,BMG5993Y1066,HKD
01038.HK,长江基建集团,长江基建集团有限公司,CK Infrastructure Holdings Limited,CJJJJT,主板,L,19960717,,500.0,BMG2178K1009,HKD
01039.HK,畅由国际集团,畅由国际集团有限公司,Changyou International Group Limited,CYGJJT,主板,L,20100924,,1000.0,KYG2122D1034,HKD
01044.HK,恒安国际,恒安国际集团有限公司,Hengan International Group Company Limited,HAGJ,主板,L,19981208,,500.0,KYG4402L1510,HKD
01045.HK,亚太卫星,亚太卫星控股有限公司,APT Satellite Holdings Limited,YTWX,主板,L,19961218,,2000.0,BMG0438M1064,HKD
01046.HK,寰宇娱乐文化,寰宇娱乐文化集团有限公司,Universe Entertainment and Culture Group Company Limited,HYYLWH,主板,L,19990720,,5000.0,BMG928811790,HKD
01047.HK,毅兴行,毅兴行有限公司,Ngai Hing Hong Company Limited,YXH,主板,L,19940425,,2000.0,BMG650311092,HKD
01049.HK,时富投资,时富投资集团有限公司,Celestial Asia Securities Holdings Limited,SFTZ,主板,L,19940427,,2000.0,BMG2007W1432,HKD
01050.HK,嘉利国际,嘉利国际控股有限公司,Karrie International Holdings Limited,JLGJ,主板,L,19961216,,2000.0,BMG5215H1051,HKD
01051.HK,国际资源,国际资源集团有限公司,G-Resources Group Limited,GJZY,主板,L,19940429,,1000.0,BMG4111M2019,HKD
01052.HK,越秀交通基建,越秀交通基建有限公司,Yuexiu Transport Infrastructure Limited,YXJTJJ,主板,L,19970130,,2000.0,BMG9880L1028,HKD
01053.HK,重庆钢铁股份,重庆钢铁股份有限公司,Chongqing Iron & Steel Company Limited,CQGTGF,主板,L,19971017,,2000.0,CNE1000002W0,HKD
01055.HK,中国南方航空股份,中国南方航空股份有限公司,China Southern Airlines Company Limited,ZGNFHKGF,主板,L,19970731,,2000.0,CNE1000002T6,HKD
01057.HK,浙江世宝,浙江世宝股份有限公司,Zhejiang Shibao Company Limited,ZJSB,主板,L,20110309,,2000.0,CNE1000004W6,HKD
01058.HK,南粤控股,南粤控股有限公司,Namyue Holdings Limited,NYKG,主板,L,19961216,,2000.0,HK1058006367,HKD
01059.HK,看通集团,看通集团有限公司,Kantone Holdings Limited,KTJT,主板,L,19970123,,3000.0,KYG521531486,HKD
01060.HK,大麦娱乐,大麦娱乐控股有限公司,Damai Entertainment Holdings Limited,DMYL,主板,L,19940512,,10000.0,BMG0171W1055,HKD
01061.HK,亿胜生物科技,亿胜生物科技有限公司,Essex Bio-Technology Ltd.,YSSWKJ,主板,L,20110623,,1000.0,KYG312371035,HKD
01062.HK,国开国际投资,国开国际投资有限公司,China Development Bank International Investment Limited,GKGJTZ,主板,L,19940510,,10000.0,KYG2125D1007,HKD
01063.HK,新确科技,新确科技有限公司,SunCorp Technologies Ltd.,XQKJ,主板,L,19940510,,10000.0,BMG8571C2494,HKD
01064.HK,中华国际,中华国际控股有限公司,Zhong Hua International Holdings Ltd.,ZHGJ,主板,L,19971013,,5000.0,BMG9890M1819,HKD
01065.HK,天津创业环保股份,天津创业环保集团股份有限公司,Tianjin Capital Environmental Protection Group Company Limited,TJCYHBGF,主板,L,19940517,,2000.0,CNE1000004G9,HKD
01066.HK,威高股份,山东威高集团医用高分子制品股份有限公司,Shandong Weigao Group Medical Polymer Company Limited,WGGF,主板,L,20100729,,400.0,CNE100000171,HKD
01068.HK,雨润食品,中国雨润食品集团有限公司,China Yurun Food Group Limited,YRSP,主板,L,20051003,,1000.0,BMG211591018,HKD
01069.HK,中国健康科技集团,中国健康科技集团控股有限公司,China Health Technology Group Holding Company Limited,ZGJKKJJT,主板,L,20110516,,10000.0,KYG2152K1269,HKD
01070.HK,TCL电子,TCL电子控股有限公司,TCL Electronics Holdings Limited,TCLDZ,主板,L,19991126,,1000.0,KYG8701T1388,HKD
01071.HK,华电国际电力股份,华电国际电力股份有限公司,Huadian Power International Corporation Limited,HDGJDLGF,主板,L,19990630,,2000.0,CNE1000003D8,HKD
01072.HK,东方电气,东方电气股份有限公司,Dongfang Electric Corporation Limited,DFDQ,主板,L,19940606,,200.0,CNE100000304,HKD
01073.HK,大禹金融,大禹金融控股有限公司,Da Yu Financial Holdings Limited,DYJR,主板,L,20020114,,5000.0,KYG2691D1126,HKD
01075.HK,首都信息,首都信息发展股份有限公司,"Capinfo Co., Ltd.",SDXX,主板,L,20110121,,1000.0,CNE100006K27,HKD
01079.HK,松景科技,松景科技控股有限公司,Pine Technology Holdings Limited,SJKJ,主板,L,20101118,,2000.0,BMG709641044,HKD
01080.HK,胜利管道,胜利油气管道控股有限公司,Shengli Oil & Gas Pipe Holdings Ltd.,SLGD,主板,L,20091218,,1500.0,KYG811661035,HKD
01082.HK,源宇宙教育,源宇宙教育(国际)投资集团有限公司,Bradaverse Education (Int’l) Investments Group Limited,YYZJY,主板,L,20110704,,4000.0,BMG4588S1456,HKD
01083.HK,港华智慧能源,港华智慧能源有限公司,Towngas Smart Energy Company Limited,GHZHNY,主板,L,20051208,,1000.0,KYG8972T1067,HKD
01084.HK,绿新生物科技,绿新生物科技有限公司,Green Fresh Biotechnology Company Limited,LXSWKJ,主板,L,20191017,,2000.0,KYG4091F1019,HKD
01085.HK,亨鑫科技,亨鑫科技有限公司,Hengxin Technology Ltd.,HXKJ,主板,L,20101223,,2000.0,SG1T38930320,HKD
01086.HK,好孩子国际,好孩子国际控股有限公司,Goodbaby International Holdings Limited,HHZGJ,主板,L,20101124,,1000.0,KYG398141013,HKD
01087.HK,威讯控股,威讯控股有限公司,InvesTech Holdings Limited,WXKG,主板,L,20101116,,2000.0,BMG492321127,HKD
01088.HK,中国神华,中国神华能源股份有限公司,China Shenhua Energy Company Limited,ZGSH,主板,L,20050615,,500.0,CNE1000002R0,HKD
01090.HK,大明国际,大明国际控股有限公司,Da Ming International Holdings Ltd.,DMGJ,主板,L,20101201,,2000.0,KYG2744A1076,HKD
01091.HK,南方锰业,南方锰业投资有限公司,South Manganese Investment Limited,NFMY,主板,L,20101118,,1000.0,BMG8291R1043,HKD
01093.HK,石药集团,石药集团有限公司,CSPC Pharmaceutical Group Limited,SYJT,主板,L,19940621,,2000.0,HK1093012172,HKD
01094.HK,承辉国际,承辉国际有限公司,Cherish Sunshine International Limited,CHGJ,主板,L,20020703,,8000.0,BMG2157R1346,HKD
01097.HK,有线宽频,有线宽频通讯有限公司,i-CABLE Communications Limited,YXKP,主板,L,19991124,,20000.0,HK1097008929,HKD
01098.HK,路劲,路劲基建有限公司,Road King Infrastructure Limited,LJ,主板,L,19960704,,1000.0,BMG760581097,HKD
01099.HK,国药控股,国药控股股份有限公司,"Sinopharm Group Co., Ltd.",GYKG,主板,L,20090923,,400.0,CNE100000FN7,HKD
01100.HK,飞达控股,飞达帽业控股有限公司,Mainland Headwear Holdings Limited,FDKG,主板,L,20001213,,2000.0,BMG5754W1091,HKD
01101.HK,华荣能源,中国华荣能源股份有限公司,China Huarong Energy Company Limited,HRNY,主板,L,20101119,,2000.0,KYG2116D1198,HKD
01102.HK,环能国际,环能国际控股有限公司,Enviro Energy International Holdings Limited,HNGJ,主板,L,20101217,,2000.0,KYG315661390,HKD
01104.HK,亚太资源,亚太资源有限公司,APAC Resources Limited,YTZY,主板,L,19981229,,20000.0,HK0001294401,HKD
01105.HK,星岛,星岛新闻集团有限公司,Sing Tao News Corporation Limited,XD,主板,L,19960710,,2000.0,BMG8196H1280,HKD
01107.HK,当代置业,当代置业(中国)有限公司,"Modern Land (China) Co., Limited",DDZY,主板,L,20130712,,2000.0,KYG618221058,HKD
01108.HK,凯盛新能,凯盛新能源股份有限公司,Triumph New Energy Company Limited,KSXN,主板,L,19940708,,2000.0,CNE1000003Q0,HKD
01109.HK,华润置地,华润置地有限公司,China Resources Land Limited,HRZD,主板,L,19961108,,500.0,KYG2108Y1052,HKD
01110.HK,金活医药集团,金活医药集团有限公司,Kingworld Medicines Group Limited,JHYYJT,主板,L,20101125,,4000.0,KYG5268M1006,HKD
01111.HK,华视集团控股,华视集团控股有限公司,Huashi Group Holdings Limited,HSJTKG,主板,L,20231110,,4000.0,KYG4645P1000,HKD
01112.HK,H&H国际控股,健合(H&H)国际控股有限公司,Health and Happiness (H&H) International Holdings Limited,HHGJKG,主板,L,20101217,,500.0,KYG4387E1070,HKD
01113.HK,长实集团,长江实业集团有限公司,CK Asset Holdings Limited,CSJT,主板,L,20150603,,500.0,KYG2177B1014,HKD
01114.HK,BRILLIANCE CHI,华晨中国汽车控股有限公司,Brilliance China Automotive Holdings Limited,BRILLIANCECHI,主板,L,19991022,,2000.0,BMG1368B1028,HKD
01115.HK,5100藏冰川,5100藏冰川有限公司,5100 Xizang Glacier Company Limited,5100ZBC,主板,L,20110630,,10000.0,KYG886121097,HKD
01116.HK,慧源同创科技,慧源同创科技集团有限公司,Huiyuan Cowins Technology Group Limited,HYTCKJ,主板,L,20040621,,10000.0,KYG5906L1005,HKD
01117.HK,现代牧业,中国现代牧业控股有限公司,China Modern Dairy Holdings Ltd.,XDMY,主板,L,20101126,,1000.0,KYG215791008,HKD
01118.HK,高力集团,高力集团有限公司,Golik Holdings Limited,GLJT,主板,L,19940715,,10000.0,BMG2618A1009,HKD
01119.HK,创梦天地,创梦天地科技控股有限公司,iDreamSky Technology Holdings Limited,CMTD,主板,L,20181206,,400.0,KYG470811079,HKD
01120.HK,雅视光学,雅视光学集团有限公司,Arts Optical International Holdings Ltd.,YSGX,主板,L,19961108,,2000.0,BMG0505B1081,HKD
01121.HK,金阳新能源,金阳新能源科技控股有限公司,Golden Solar New Energy Technology Holdings Limited,JYXNY,主板,L,20110128,,2000.0,KYG4012S1093,HKD
01122.HK,庆铃汽车股份,庆铃汽车股份有限公司,Qingling Motors Co. Ltd,QLQCGF,主板,L,19940817,,2000.0,CNE1000003Y4,HKD
01123.HK,中港照相,中港照相器材集团有限公司,China-Hongkong Photo Products Holdings Ltd.,ZGZX,主板,L,19940919,,2000.0,BMG2106Y1075,HKD
01124.HK,沿海家园,沿海绿色家园有限公司,Coastal Greenland Limited,YHJY,主板,L,19971016,,10000.0,BMG2239B1643,HKD
01125.HK,丽丰控股,丽丰控股有限公司,Lai Fung Holdings Limited,LFKG,主板,L,19971128,,400.0,KYG5342X1227,HKD
01126.HK,德林国际,德林国际有限公司,Dream International Limited,DLGJ,主板,L,20020207,,500.0,HK1126010854,HKD
01127.HK,狮子山集团,狮子山集团有限公司,Lion Rock Group Limited,SZSJT,主板,L,20110725,,4000.0,BMG6577U1062,HKD
01128.HK,永利澳门,永利澳门有限公司,"Wynn Macau,Limited",YLAM,主板,L,20091009,,400.0,KYG981491007,HKD
01129.HK,中国水业集团,中国水业集团有限公司,China Water Industry Group Limited,ZGSYJT,主板,L,20020117,,4000.0,KYG2114E1686,HKD
01130.HK,中国环境资源,中国环境资源集团有限公司,China Environmental Resources Group Limited,ZGHJZY,主板,L,19970603,,20000.0,KYG215691505,HKD
01132.HK,橙天嘉禾,橙天嘉禾娱乐(集团)有限公司,Orange Sky Golden Harvest Entertainment (Holdings) Limited,CTJH,主板,L,19941123,,5000.0,BMG6770K1291,HKD
01133.HK,哈尔滨电气,哈尔滨电气股份有限公司,Harbin Electric Company Limited,HEBDQ,主板,L,19941216,,2000.0,CNE1000003C0,HKD
01134.HK,恒发光学,恒发光学控股有限公司,Kelfred Holdings Limited,HFGX,主板,L,20190716,,4000.0,KYG5S44A1075,HKD
01137.HK,香港科技探索,香港科技探索有限公司,Hong Kong Technology Venture Company Limited,XGKJTS,主板,L,19970804,,1000.0,HK0000065349,HKD
01138.HK,中远海能,中远海运能源运输股份有限公司,"COSCO SHIPPING Energy Transportation Co., Ltd.",ZYHN,主板,L,19941111,,2000.0,CNE1000002S8,HKD
01140.HK,华科智能投资,华科智能投资有限公司,HK.AI Capital Limited,HKZNTZ,主板,L,20030320,,4000.0,KYG9496A1022,HKD
01141.HK,民银资本,民银资本控股有限公司,Cmbc Capital Holdings Limited,MYZB,主板,L,19980312,,1000.0,BMG2233G2014,HKD
01142.HK,能源及能量环球,能源及能量环球控股有限公司,E&P Global Holdings Limited,NYJNLHQ,主板,L,20021108,,2000.0,KYG813461764,HKD
01143.HK,中国储能科技发展,中国储能科技发展有限公司,China Energy Storage Technology Development Limited,ZGCNKJFZ,主板,L,20110127,,4000.0,KYG5500A1388,HKD
01145.HK,勇利投资,勇利投资集团有限公司,Courage Investment Group Limited,YLTZ,主板,L,20110624,,20000.0,BMG246371113,HKD
01146.HK,汇成国际控股,汇成国际控股有限公司,Huicheng International Holdings Limited,HCGJKG,主板,L,20111209,,2000.0,KYG2115H1039,HKD
01147.HK,伊登软件,伊登软件控股有限公司,Edensoft Holdings Limited,YDRJ,主板,L,20200513,,10000.0,KYG2932B1077,HKD
01148.HK,新晨动力,新晨中国动力控股有限公司,Xinchen China Power Holdings Ltd.,XCDL,主板,L,20130313,,1000.0,KYG9830E1098,HKD
01150.HK,米兰站,米兰站控股有限公司,Milan Station Holdings Ltd.,MLZ,主板,L,20110523,,10000.0,KYG611701171,HKD
01152.HK,正乾金融控股,正乾金融控股有限公司,Momentum Financial Holdings Limited,ZQJRKG,主板,L,20111028,,2000.0,BMG4804U1062,HKD
01153.HK,佳源服务,佳源服务控股有限公司,Jiayuan Services Holdings Limited,JYFW,主板,L,20201209,,1000.0,KYG5139K1013,HKD
01156.HK,CHINANEWENERGY,China New Energy Limited,China New Energy Limited,CHINANEWENERGY,主板,L,20200715,,4000.0,JE00B3RWLF12,HKD
01157.HK,中联重科,中联重科股份有限公司,"Zoomlion Heavy Industry Science and Technology Co., Ltd.",ZLZK,主板,L,20101223,,200.0,CNE100000X85,HKD
01159.HK,智数科技集团,智数科技集团有限公司,Smart Digital Technology Group Limited,ZSKJJT,主板,L,19980313,,2000.0,BMG5137Y1113,HKD
01160.HK,金石资本集团,金石资本集团有限公司,Goldstone Capital Group Limited,JSZBJT,主板,L,20040402,,100000.0,BMG987631089,HKD
01161.HK,奥思集团,奥思集团有限公司,Water Oasis Group Limited,ASJT,主板,L,20020311,,2000.0,KYG9477E1070,HKD
01162.HK,莹岚集团,莹岚集团有限公司,Lumina Group Limited,YLJT,主板,L,20200420,,8000.0,KYG569821047,HKD
01163.HK,虎视传媒,虎视传媒有限公司,Adtiger Corporations Limited,HSCM,主板,L,20200710,,2500.0,KYG009701064,HKD
01164.HK,中广核矿业,中广核矿业有限公司,CGN Mining Company Limited,ZGHKY,主板,L,20030804,,5000.0,KYG2029E1052,HKD
01165.HK,顺风清洁能源,顺风国际清洁能源有限公司,Shunfeng International Clean Energy Limited,SFQJNY,主板,L,20110713,,2000.0,KYG8116S1057,HKD
01166.HK,星凯控股,星凯控股有限公司,Solartech International Holdings Limited,XKKG,主板,L,19961212,,10000.0,BMG8252G2538,HKD
01167.HK,加科思-B,加科思药业集团有限公司,"Jacobio Pharmaceuticals Group Co., Ltd.",JKSB,主板,L,20201221,,300.0,KYG4987A1094,HKD
01168.HK,Z FIN,Z Fin Limited,Z Fin Limited,ZFIN,主板,L,19980608,,1000.0,BMG8165B3008,HKD
01170.HK,信星集团,信星鞋业集团有限公司,Kingmaker Footwear Holdings Limited,XXJT,主板,L,19940929,,2000.0,BMG5256W1029,HKD
01171.HK,兖矿能源,兖矿能源集团股份有限公司,Yankuang Energy Group Company Limited,YKNY,主板,L,19980401,,2000.0,CNE1000004Q8,HKD
01172.HK,融太集团,融太集团股份有限公司,Magnus Concordia Group Limited,RTJT,主板,L,19960612,,20000.0,KYG5792H1065,HKD
01173.HK,威高国际,威高国际控股有限公司,Veeko International Holdings Limited,WGGJ,主板,L,19990419,,20000.0,KYG9326E1263,HKD
01176.HK,珠光控股,珠光控股集团有限公司,Zhuguang Holdings Group Company Limited,ZGKG,主板,L,19961209,,2000.0,BMG9908J1053,HKD
01177.HK,中国生物制药,中国生物制药有限公司,Sino Biopharmaceutical Ltd.,ZGSWZY,主板,L,20031208,,1000.0,KYG8167W1380,HKD
01179.HK,华住集团-S,华住集团有限公司,H World Group Limited,HZJTS,主板,L,20200922,,100.0,KYG465871120,HKD
01180.HK,汇彩控股,汇彩控股有限公司,Paradise Entertainment Limited,HCKG,主板,L,19970120,,4000.0,BMG6893L1375,HKD
01181.HK,唐宫中国,唐宫(中国)控股有限公司,Tang Palace (China) Holdings Ltd.,TGZG,主板,L,20110419,,2000.0,KYG867001128,HKD
01182.HK,胜龙国际,胜龙国际控股有限公司,Success Dragon International Holdings Limited,SLGJ,主板,L,19941017,,5000.0,BMG8551N1166,HKD
01183.HK,澳能建设,澳能建设控股有限公司,MECOM Power and Construction Limited,ANJS,主板,L,20180213,,2000.0,KYG5960P1046,HKD
01184.HK,S.A.S. DRAGON,时捷集团有限公司,S.A.S. Dragon Holdings Limited,SASDRAGON,主板,L,19941017,,2000.0,BMG7814X1011,HKD
01186.HK,中国铁建,中国铁建股份有限公司,China Railway Construction Corporation Limited,ZGTJ,主板,L,20080313,,500.0,CNE100000981,HKD
01188.HK,正道集团,正道集团有限公司,Hybrid Kinetic Group Limited,ZDJT,主板,L,19950406,,2000.0,BMG4709W1082,HKD
01193.HK,华润燃气,华润燃气控股有限公司,China Resources Gas Group Limited,HRRQ,主板,L,19941107,,100.0,BMG2113B1081,HKD
01195.HK,京维集团,京维集团有限公司,Kingwell Group Limited,JWJT,主板,L,20030120,,4000.0,KYG5267M1015,HKD
01196.HK,伟禄集团,伟禄集团控股有限公司,Realord Group Holdings Limited,WLJT,主板,L,19970120,,2000.0,BMG7403L1046,HKD
01198.HK,皇朝家居,皇朝家居控股有限公司,Royale Home Holdings Limited,HCJJ,主板,L,20020515,,2000.0,KYG7691E1017,HKD
01199.HK,中远海运港口,中远海运港口有限公司,COSCO SHIPPING Ports Limited,ZYHYGK,主板,L,19941219,,2000.0,BMG2442N1048,HKD
01200.HK,美联集团,美联集团有限公司,Midland Holdings Limited,MLJT,主板,L,19950608,,2000.0,BMG4491W1001,HKD
01201.HK,天臣控股,天臣控股有限公司,Tesson Holdings Limited,TCKG,主板,L,19980623,,3000.0,BMG8764G2059,HKD
01202.HK,四威科技,成都四威科技股份有限公司,Chengdu SIWI Science and Technology Company Limited,SWKJ,主板,L,19941213,,2000.0,CNE1000002C2,HKD
01203.HK,广南(集团),粤海广南(集团)有限公司,GDH Guangnan (Holdings) Limited,GNJT,主板,L,19941209,,2000.0,HK1203033175,HKD
01204.HK,博维智慧,博维智慧科技有限公司,BoardWare Intelligence Technology Limited,BWZH,主板,L,20220715,,2000.0,KYG1546A1094,HKD
01205.HK,中信资源,中信资源控股有限公司,CITIC Resources Holdings Limited,ZXZY,主板,L,19970908,,2000.0,BMG2155Y1075,HKD
01206.HK,同方泰德,同方泰德国际科技有限公司,Technovator International Limited,TFTD,主板,L,20111027,,2000.0,SG9999008015,HKD
01208.HK,五矿资源,五矿资源有限公司,MMG Limited,WKZY,主板,L,19941215,,4000.0,HK1208013172,HKD
01209.HK,华润万象生活,华润万象生活有限公司,China Resources Mixc Lifestyle Services Limited,HRWXSH,主板,L,20201209,,200.0,KYG2122G1064,HKD
01211.HK,比亚迪股份,比亚迪股份有限公司,BYD Company Limited,BYDGF,主板,L,20020731,,100.0,CNE100000296,HKD
01213.HK,万保刚集团,万保刚集团有限公司,Mobicon Group Limited,WBGJT,主板,L,20010507,,2000.0,BMG6179G1096,HKD
01215.HK,开源控股,开源控股有限公司,Kai Yuan Holdings Limited,KYKG,主板,L,19970117,,20000.0,BMG5220G1006,HKD
01216.HK,中原银行,中原银行股份有限公司,"Zhongyuan Bank Co., Ltd.",ZYYH,主板,L,20170719,,1000.0,CNE100002GY8,HKD
01217.HK,中国创新投资,中国创新投资有限公司,China Innovation Investment Limited,ZGCXTZ,主板,L,20020828,,40000.0,KYG2112R1048,HKD
01218.HK,永义国际,永义国际集团有限公司,Easyknit International Holdings Limited,YYGJ,主板,L,19950130,,1000.0,BMG2915Q3296,HKD
01220.HK,志道国际,志道国际(控股)有限公司,Zhidao International (Holdings) Ltd.,ZDGJ,主板,L,19970923,,30000.0,BMG9893K1099,HKD
01221.HK,SINO HOTELS,信和酒店(集团)有限公司,Sino Hotels (Holdings) Limited,SINOHOTELS,主板,L,19950308,,2000.0,KYG8168Z1063,HKD
01222.HK,WANG ON GROUP,宏安集团有限公司,Wang On Group Limited,WANGONGROUP,主板,L,19950228,,20000.0,BMG9429S2464,HKD
01223.HK,新沣集团,新沣集团有限公司,Symphony Holdings Ltd.,XFJT,主板,L,19950301,,10000.0,BMG5472K1898,HKD
01224.HK,中渝置地,中渝置地控股有限公司,C C Land Holdings Limited,ZYZD,主板,L,19990430,,1000.0,BMG1985B1138,HKD
01225.HK,隆成金融,隆成金融集团有限公司,Lerado Financial Group Company Limited,LCJR,主板,L,19981218,,10000.0,BMG5454H1473,HKD
01226.HK,中国投融资,中国投融资集团有限公司,China Investment and Finance Group Limited,ZGTRZ,主板,L,20020919,,10000.0,KYG2114S1425,HKD
01228.HK,北海康成-B,北海康成制药有限公司,CANbridge Pharmaceuticals Inc.,BHKCB,主板,L,20211210,,1000.0,KYG1821D1097,HKD
01229.HK,南南资源,南南资源实业有限公司,Nan Nan Resources Enterprise Limited,NNZY,主板,L,19950413,,2000.0,BMG6390D1092,HKD
01231.HK,新矿资源,新矿资源有限公司,Newton Resources Ltd,XKZY,主板,L,20110704,,2000.0,KYG6525A1031,HKD
01232.HK,金轮天地控股,金轮天地控股有限公司,Golden Wheel Tiandi Holdings Company Limited,JLTDKG,主板,L,20130116,,8000.0,KYG395991162,HKD
01233.HK,时代中国控股,时代中国控股有限公司,Times China Holdings Limited,SDZGKG,主板,L,20131211,,1000.0,KYG8904A1004,HKD
01234.HK,中国利郎,中国利郎有限公司,China Lilang Ltd.,ZGLL,主板,L,20090925,,1000.0,KYG211411098,HKD
01235.HK,专业旅运,专业旅运(亚洲)企业有限公司,Travel Expert (Asia) Enterprises Limited,ZYLY,主板,L,20110929,,5000.0,KYG9042P1081,HKD
01237.HK,中科生物,中科生物控股有限公司,China Environmental Technology and Bioenergy Holdings Limited,ZKSW,主板,L,20120706,,10000.0,KYG2163H1386,HKD
01238.HK,宝龙地产,宝龙地产控股有限公司,Powerlong Real Estate Holdings Limited,BLDC,主板,L,20091014,,1000.0,KYG720051047,HKD
01239.HK,TEAMWAY INTL GP,Teamway International Group Holdings Limited,Teamway International Group Holdings Limited,TEAMWAYINTLGP,主板,L,20111118,,20000.0,KYG8713D1549,HKD
01240.HK,青建国际,青建国际控股有限公司,CNQC International Holdings Limited,QJGJ,主板,L,20121018,,2500.0,KYG2238G1073,HKD
01241.HK,双桦控股,双桦控股有限公司,Shuanghua Holdings Limited,SHKG,主板,L,20110630,,2000.0,KYG811581001,HKD
01243.HK,宏安地产,宏安地产有限公司,Wang On Properties Ltd.,HADC,主板,L,20160412,,4000.0,BMG9430P1086,HKD
01244.HK,思路迪医药股份,思路迪医药股份有限公司,3D Medicines Inc.,SLDYYGF,主板,L,20221215,,500.0,KYG8872R1011,HKD
01245.HK,NIRAKU,"Niraku GC Holdings, Inc.","Niraku GC Holdings, Inc.",NIRAKU,主板,L,20150408,,2000.0,JP3756380006,HKD
01246.HK,保集健康,保集健康控股有限公司,Boill Healthcare Holdings Limited,BJJK,主板,L,20131016,,10000.0,KYG1225S1167,HKD
01247.HK,米格国际控股,米格国际控股有限公司,Miko International Holdings Ltd.,MGGJKG,主板,L,20140115,,6000.0,KYG6117R1267,HKD
01250.HK,山高新能源,山高新能源集团有限公司,Shandong Hi-Speed New Energy Group Limited,SGXNY,主板,L,20130705,,1000.0,KYG1146W1134,HKD
01251.HK,华油能源,华油能源集团有限公司,SPT Energy Group Inc.,HYNY,主板,L,20111223,,2000.0,KYG8405W1069,HKD
01252.HK,中国天瑞水泥,中国天瑞集团水泥有限公司,China Tianrui Group Cement Company Limited,ZGTRSN,主板,L,20111223,,1000.0,KYG844081060,HKD
01253.HK,绿博生态,中国绿博生态科技集团有限公司,China Green Broad Ecological Technology Company Limited,LBST,主板,L,20140721,,12000.0,KYG2119S1131,HKD
01255.HK,TATA健康,TATA健康国际控股有限公司,TATA Health International Holdings Limited,TATAJK,主板,L,20130711,,2000.0,KYG7998M1033,HKD
01257.HK,中国光大绿色环保,中国光大绿色环保有限公司,China Everbright Greentech Limited,ZGGDLSHB,主板,L,20170508,,1000.0,KYG2R55E1030,HKD
01258.HK,中国有色矿业,中国有色矿业有限公司,China Nonferrous Mining Corporation Limited,ZGYSKY,主板,L,20120629,,1000.0,HK0000112026,HKD
01259.HK,未来发展控股,未来发展控股有限公司,Prosperous Future Holdings Limited,WLFZKG,主板,L,20110715,,1000.0,KYG7283L1095,HKD
01260.HK,皓天财经集团,皓天财经集团控股有限公司,Wonderful Sky Financial Group Holdings Limited,HTCJJT,主板,L,20120330,,2000.0,KYG9737K1094,HKD
01262.HK,蜡笔小新食品,蜡笔小新休闲食品集团有限公司,Labixiaoxin Snacks Group Limited,LBXXSP,主板,L,20111209,,2000.0,BMG5546K1163,HKD
01265.HK,天津津燃公用,天津津燃公用事业股份有限公司,Tianjin Jinran Public Utilities Company Limited,TJJRGY,主板,L,20111018,,10000.0,CNE1000001C4,HKD
01268.HK,美东汽车,中国美东汽车控股有限公司,China MeiDong Auto Holdings Limited,MDQC,主板,L,20131205,,2000.0,KYG211921021,HKD
01269.HK,首控集团,中国首控集团有限公司,China First Capital Group Limited,SKJT,主板,L,20111123,,10000.0,KYG2114R1368,HKD
01271.HK,佳明集团控股,佳明集团控股有限公司,Grand Ming Group Holdings Ltd.,JMJTKG,主板,L,20130809,,1000.0,KYG406451065,HKD
01272.HK,大唐环境,大唐环境产业集团股份有限公司,"Datang Environment Industry Group Co., Ltd.",DTHJ,主板,L,20161115,,1000.0,CNE100002B63,HKD
01273.HK,香港信贷,香港信贷集团有限公司,Hong Kong Finance Group Limited,XGXD,主板,L,20131002,,4000.0,KYG4643B1032,HKD
01274.HK,知行科技,知行汽车科技(苏州)股份有限公司,"iMotion Automotive Technology (Suzhou) Co., Ltd.",ZXKJ,主板,L,20231220,,100.0,CNE100006855,HKD
01276.HK,恒瑞医药,江苏恒瑞医药股份有限公司,"Jiangsu Hengrui Pharmaceuticals Co., Ltd.",HRYY,主板,L,20250523,,200.0,CNE100006XS6,HKD
01277.HK,力量发展,力量发展集团有限公司,Kinetic Development Group Limited,LLFZ,主板,L,20120323,,2000.0,KYG525931039,HKD
01278.HK,中国新城镇,中国新城镇发展有限公司,China New Town Development Company Limited,ZGXCZ,主板,L,20101022,,2500.0,VGG2156N1006,HKD
01280.HK,奇点国峰,中国奇点国峰控股有限公司,China Qidian Guofeng Holdings Limited,QDGF,主板,L,20100325,,2000.0,KYG7S01P1010,HKD
01281.HK,鑫达投资控股,鑫达投资控股有限公司,Xinda Investment Holdings Limited,XDTZKG,主板,L,20120112,,1000.0,KYG5636J1022,HKD
01282.HK,中泽丰,中泽丰国际有限公司,Renze Harvest International Limited,ZZF,主板,L,20101215,,8000.0,KYG3997H1386,HKD
01283.HK,高升集团控股,高升集团控股有限公司,Accel Group Holdings Limited,GSJTKG,主板,L,20191018,,5000.0,KYG1150D1007,HKD
01284.HK,新传企划,新传企划有限公司,New Media Lab Limited,XCQH,主板,L,20230717,,5000.0,KYG6470W1006,HKD
01285.HK,嘉士利集团,嘉士利集团有限公司,Jiashili Group Limited,JSLJT,主板,L,20140925,,1000.0,KYG513761042,HKD
01286.HK,鹰普精密,鹰普精密工业有限公司,Impro Precision Industries Limited,YPJM,主板,L,20190628,,1000.0,KYG4723A1085,HKD
01288.HK,农业银行,中国农业银行股份有限公司,Agricultural Bank of China Limited,NYYH,主板,L,20100716,,1000.0,CNE100000Q43,HKD
01289.HK,盛力达科技,无锡盛力达科技股份有限公司,Wuxi Sunlit Science and Technology Company Limited,SLDKJ,主板,L,20141111,,500.0,CNE100001SD9,HKD
01290.HK,中国汇融,中国汇融金融控股有限公司,China Huirong Financial Holdings Ltd.,ZGHR,主板,L,20131028,,2000.0,KYG211731024,HKD
01292.HK,长安民生物流,重庆长安民生物流股份有限公司,"Changan Minsheng APLL Logistics Co., Ltd.",CAMSWL,主板,L,20130718,,1000.0,CNE1000002X8,HKD
01293.HK,广汇宝信,广汇宝信汽车集团有限公司,Grand Baoxin Auto Group Limited,GHBX,主板,L,20111214,,500.0,KYG4134L1077,HKD
01298.HK,云能国际,云能国际股份有限公司,Yunnan Energy International Co. Limited,YNGJ,主板,L,20111221,,1000.0,BMG9888Y1066,HKD
01299.HK,友邦保险,友邦保险控股有限公司,AIA Group Limited,YBBX,主板,L,20101029,,200.0,HK0000069689,HKD
01300.HK,俊知集团,俊知集团有限公司,Trigiant Group Limited,JZJT,主板,L,20120319,,2000.0,KYG905191022,HKD
01301.HK,德基科技控股,德基科技控股有限公司,D&G Technology Holding Company Limited,DJKJKG,主板,L,20150527,,2000.0,KYG2616D1060,HKD
01302.HK,先健科技,先健科技公司,LifeTech Scientific Corporation,XJKJ,主板,L,20131106,,2000.0,KYG548721177,HKD
01303.HK,汇力资源,汇力资源(集团)有限公司,Huili Resources (Group) Limited,HLZY,主板,L,20120112,,2000.0,KYG464281016,HKD
01304.HK,FORTIOR,峰岹科技(深圳)股份有限公司,"Fortior Technology (Shenzhen) Co., Ltd.",FORTIOR,主板,L,20250709,,100.0,CNE1000070G0,HKD
01305.HK,伟志控股,伟志控股有限公司,Wai Chi Holdings Company Limited,WZKG,主板,L,20141118,,1000.0,KYG9427Y1044,HKD
01308.HK,海丰国际,海丰国际控股有限公司,SITC International Holdings Company Limited,HFGJ,主板,L,20101006,,1000.0,KYG8187G1055,HKD
01310.HK,香港宽频,香港宽频有限公司,HKBN Ltd.,XGKP,主板,L,20150312,,500.0,KYG451581055,HKD
01312.HK,华控康泰,华控康泰集团有限公司,Kontafarma China Holdings Limited,HKKT,主板,L,20120118,,6000.0,KYG8918D1088,HKD
01313.HK,华润建材科技,华润建材科技控股有限公司,China Resources Building Materials Technology Holdings Limited,HRJCKJ,主板,L,20091006,,2000.0,KYG2113L1068,HKD
01314.HK,翠华控股,翠华控股有限公司,Tsui Wah Holdings Limited,CHKG,主板,L,20121126,,2000.0,KYG911501057,HKD
01315.HK,绿色经济,绿色经济发展有限公司,Green Economy Development Limited,LSJJ,主板,L,20120118,,10000.0,KYG937641358,HKD
01316.HK,耐世特,耐世特汽车系统集团有限公司,Nexteer Automotive Group Limited,NST,主板,L,20131007,,1000.0,KYG6501M1050,HKD
01317.HK,枫叶教育,中国枫叶教育集团有限公司,China Maple Leaf Educational Systems Limited,FYJY,主板,L,20141128,,2000.0,KYG211511160,HKD
01318.HK,毛戈平,毛戈平化妆品股份有限公司,"Mao Geping Cosmetics Co., Ltd.",MGP,主板,L,20241210,,100.0,CNE100006PM5,HKD
01319.HK,霭华押业信贷,霭华押业信贷控股有限公司,Oi Wah Pawnshop Credit Holdings Limited,AHYYXD,主板,L,20130312,,8000.0,KYG6730A1040,HKD
01321.HK,中国新城市,中国新城市集团有限公司,China New City Group Limited,ZGXCS,主板,L,20140710,,2000.0,KYG211931004,HKD
01323.HK,华盛国际控股,华盛国际控股有限公司,Huasheng International Holding Limited,HSGJKG,主板,L,20110113,,20000.0,KYG4643T1123,HKD
01326.HK,传递娱乐,传递娱乐有限公司,Transmit Entertainment Limited,CDYL,主板,L,20150109,,8000.0,KYG9008D1079,HKD
01327.HK,励时集团,励时集团有限公司,Luxxu Group Limited,LSJT,主板,L,20150130,,20000.0,KYG5713B1216,HKD
01328.HK,金涌投资,金涌投资有限公司,Goldstream Investment Limited,JYTZ,主板,L,20090525,,1000.0,KYG4090W1217,HKD
01330.HK,绿色动力环保,绿色动力环保集团股份有限公司,"Dynagreen Environmental Protection Group Co., Ltd.",LSDLHB,主板,L,20140619,,1000.0,CNE100001SH0,HKD
01332.HK,透云生物,透云生物科技集团有限公司,Touyun Biotech Group Limited,TYSW,主板,L,20120712,,10000.0,BMG8962M1038,HKD
01333.HK,博雷顿,博雷顿科技股份公司,"Breton Technology Co., Ltd.",BLD,主板,L,20250507,,200.0,CNE100006WR0,HKD
01334.HK,瑞昌国际控股,瑞昌国际控股有限公司,Ruichang International Holdings Limited,RCGJKG,主板,L,20240710,,2500.0,KYG7714G1091,HKD
01335.HK,顺泰控股,顺泰控股集团有限公司,Sheen Tai Holdings Group Company Limited,STKG,主板,L,20120713,,2000.0,KYG8079L1133,HKD
01336.HK,新华保险,新华人寿保险股份有限公司,New China Life Insurance Company Ltd.,XHBX,主板,L,20111215,,100.0,CNE100001922,HKD
01338.HK,霸王集团,霸王国际(集团)控股有限公司,BaWang International (Group) Holding Limited,BWJT,主板,L,20090703,,2000.0,KYG090381032,HKD
01339.HK,中国人民保险集团,中国人民保险集团股份有限公司,The People's Insurance Company (Group) of China Limited,ZGRMBXJT,主板,L,20121207,,1000.0,CNE100001MK7,HKD
01340.HK,惠生国际,惠生国际控股有限公司,Huisheng International Holdings Ltd.,HSGJ,主板,L,20140228,,4000.0,KYG4643W1078,HKD
01341.HK,昊天国际建投,昊天国际建设投资集团有限公司,Hao Tian International Construction Investment Group Limited,HTGJJT,主板,L,20151210,,8000.0,KYG4289V1086,HKD
01343.HK,伟源控股,伟源控股有限公司,Wei Yuan Holdings Limited,WYKG,主板,L,20200312,,5000.0,KYG9525A1076,HKD
01345.HK,上海先锋控股,上海先锋控股有限公司,Shanghai Pioneer Holding Ltd,SHXFKG,主板,L,20131105,,1000.0,KYG2162L1068,HKD
01346.HK,利华控股集团,利华控股集团,Lever Style Corporation,LHKGJT,主板,L,20191113,,4000.0,KYG5462W1024,HKD
01347.HK,华虹半导体,华虹半导体有限公司,Hua Hong Semiconductor Limited,HHBDT,主板,L,20141015,,1000.0,HK0000218211,HKD
01348.HK,滉达富控股,滉达富控股有限公司,Quali-Smart Holdings Ltd.,HDFKG,主板,L,20130123,,2000.0,KYG198891155,HKD
01349.HK,复旦张江,上海复旦张江生物医药股份有限公司,"Shanghai Fudan-Zhangjiang Bio-Pharmaceutical Co., Ltd.",FDZJ,主板,L,20131216,,1000.0,CNE1000000W4,HKD
01351.HK,辉煌明天,辉煌明天科技控股有限公司,Bright Future Technology Holdings Limited,HHMT,主板,L,20201111,,2000.0,KYG136931097,HKD
01354.HK,经发物业,西安经发物业股份有限公司,"Xi'an Kingfar Property Services Co., Ltd.",JFWY,主板,L,20240703,,300.0,CNE100006HY7,HKD
01355.HK,朸浚国际,朸浚国际集团控股有限公司,Legend Strategy International Holdings Group Company Limited,LJGJ,主板,L,20130821,,20000.0,KYG5458R1175,HKD
01357.HK,美图公司,美图公司,"Meitu, Inc.",MTGS,主板,L,20161215,,500.0,KYG5966D1051,HKD
01358.HK,普华和顺,普华和顺集团公司,PW Medtech Group Ltd.,PHHS,主板,L,20131108,,1000.0,KYG7306W1087,HKD
01359.HK,中国信达,中国信达资产管理股份有限公司,"China Cinda Asset Management Co., Ltd.",ZGXD,主板,L,20131212,,1000.0,CNE100001QS1,HKD
01361.HK,361度,361度国际有限公司,361 Degrees International Limited,361D,主板,L,20090630,,1000.0,KYG884931042,HKD
01362.HK,新龙移动,新龙移动集团有限公司,SiS Mobile Holdings Limited,XLYD,主板,L,20150115,,4000.0,KYG8190W1050,HKD
01364.HK,古茗,古茗控股有限公司,Guming Holdings Limited,GM,主板,L,20250212,,400.0,KYG4212T1058,HKD
01368.HK,特步国际,特步国际控股有限公司,Xtep International Holdings Limited,TBGJ,主板,L,20080603,,500.0,KYG982771092,HKD
01370.HK,奥威控股,奥威控股有限公司,Aowei Holding Limited,AWKG,主板,L,20131128,,1000.0,KYG0403E1052,HKD
01371.HK,中国生态旅游,中国生态旅游集团有限公司,China Ecotourism Group Limited,ZGSTLY,主板,L,20131016,,10000.0,BMG216341294,HKD
01372.HK,中国碳中和,中国碳中和发展集团有限公司,China Carbon Neutral Development Group Limited,ZGTZH,主板,L,20131211,,1000.0,KYG2124E1098,HKD
01373.HK,国际家居零售,国际家居零售有限公司,International Housewares Retail Company Limited,GJJJLS,主板,L,20130925,,1000.0,KYG487291000,HKD
01375.HK,中州证券,中原证券股份有限公司,"Central China Securities Co., Ltd.",ZZZQ,主板,L,20140625,,1000.0,CNE100001SS7,HKD
01376.HK,RAFFLESINTERIOR,Raffles Interior Limited,Raffles Interior Limited,RAFFLESINTERIOR,主板,L,20200507,,8000.0,KYG7354T1067,HKD
01378.HK,中国宏桥,中国宏桥集团有限公司,China Hongqiao Group Limited,ZGHQ,主板,L,20110324,,500.0,KYG211501005,HKD
01379.HK,温岭工量刃具,温岭浙江工量刃具交易中心股份有限公司,Wenling Zhejiang Measuring and Cutting Tools Trading Centre Company Limited,WLGLRJ,主板,L,20201230,,500.0,CNE100003NJ3,HKD
01380.HK,中国金石,中国金石矿业控股有限公司,China Kingstone Mining Holdings Limited,ZGJS,主板,L,20110318,,10000.0,BMG2119K2017,HKD
01382.HK,互太纺织,互太纺织控股有限公司,Pacific Textiles Holdings Ltd.,HTFZ,主板,L,20070518,,1000.0,KYG686121032,HKD
01384.HK,滴普科技,滴普科技股份有限公司,"Deepexi Technology Co., Ltd.",DPKJ,主板,L,20251028,,200.0,CNE1000076K9,HKD
01385.HK,上海复旦,上海复旦微电子集团股份有限公司,Shanghai Fudan Microelectronics Group Company Limited,SHFD,主板,L,20140108,,1000.0,CNE100000510,HKD
01388.HK,安莉芳控股,安莉芳控股有限公司,Embry Holdings Limited,ALFKG,主板,L,20061218,,1000.0,KYG3066H1002,HKD
01389.HK,美捷汇控股,美捷汇控股有限公司,Major Holdings Ltd.,MJHKG,主板,L,20151030,,12000.0,KYG5760H1386,HKD
01393.HK,恒鼎实业,恒鼎实业国际发展有限公司,Hidili Industry International Development Limited,HDSY,主板,L,20070921,,1000.0,KYG444031069,HKD
01395.HK,强泰环保,强泰环保控股有限公司,ELL Environmental Holdings Ltd.,QTHB,主板,L,20140926,,5000.0,KYG3017A1058,HKD
01396.HK,粤港湾控股,粤港湾控股有限公司,Guangdong-Hong Kong Greater Bay Area Holdings Limited,YGWKG,主板,L,20131031,,2000.0,KYG4181B1196,HKD
01397.HK,碧瑶绿色集团,碧瑶绿色集团有限公司,Baguio Green Group Limited,BYLSJT,主板,L,20140522,,4000.0,KYG0697N1007,HKD
01398.HK,工商银行,中国工商银行股份有限公司,Industrial and Commercial Bank of China Limited,GSYH,主板,L,20061027,,1000.0,CNE1000003G1,HKD
01399.HK,锐信控股,锐信控股有限公司,Veson Holdings Limited,RXKG,主板,L,20061221,,2000.0,KYG9450D1007,HKD
01400.HK,满地科技股份,满地科技股份有限公司,Moody Technology Holdings Limited,MDKJGF,主板,L,20140425,,10000.0,BMG622381454,HKD
01401.HK,未来机器有限公司,未来机器有限公司,Future Machine Limited,WLJQYXGS,主板,L,20191113,,2000.0,KYG8401A1085,HKD
01402.HK,超智能控股,超智能控股有限公司,i-Control Holdings Limited,CZNKG,主板,L,20191218,,10000.0,KYG4708D1016,HKD
01405.HK,达势股份,达势股份有限公司,DPC Dash Ltd,DSGF,主板,L,20230328,,100.0,VGG2R04S1048,HKD
01406.HK,清晰医疗,清晰医疗集团控股有限公司,Clarity Medical Group Holding Limited,QXYL,主板,L,20220218,,1250.0,KYG2181S1084,HKD
01407.HK,交运燃气,交运燃气有限公司,JY Gas Limited,JYRQ,主板,L,20221116,,2000.0,KYG8311K1058,HKD
01408.HK,濠江机电,濠江机电控股有限公司,Macau E&M Holding Limited,HJJD,主板,L,20200911,,2000.0,KYG5830C1015,HKD
01410.HK,安领国际,安领国际控股有限公司,Edvance International Holdings Limited,ALGJ,主板,L,20191224,,10000.0,KYG290121048,HKD
01412.HK,隽思集团,隽思集团控股有限公司,Q P Group Holdings Limited,JSJT,主板,L,20200116,,2000.0,KYG7308B1023,HKD
01413.HK,铸帝控股,铸帝控股集团有限公司,FEG Holdings Corporation Limited,ZDKG,主板,L,20210311,,7000.0,KYG5329A1031,HKD
01415.HK,高伟电子,高伟电子控股有限公司,Cowell e Holdings Inc.,GWDZ,主板,L,20150331,,1000.0,KYG248141163,HKD
01416.HK,CTR HOLDINGS,CTR Holdings Limited,CTR Holdings Limited,CTRHOLDINGS,主板,L,20200115,,10000.0,KYG2587H1020,HKD
01417.HK,浦江中国,浦江中国控股有限公司,Riverine China Holdings Limited,PJZG,主板,L,20171211,,2000.0,KYG7587R1092,HKD
01418.HK,盛诺集团,盛诺集团有限公司,Sinomax Group Limited,SNJT,主板,L,20140710,,2000.0,KYG8191A1022,HKD
01419.HK,盈健医疗,盈健医疗集团有限公司,Human Health Holdings Limited,YJYL,主板,L,20160401,,2000.0,KYG4644Q1091,HKD
01420.HK,川控股,川控股有限公司,Chuan Holdings Limited,CKG,主板,L,20160608,,4000.0,KYG2123Y1061,HKD
01421.HK,恒昌集团国际,恒昌集团国际有限公司,Prosperity Group International Limited,HCJTGJ,主板,L,20131230,,5000.0,KYG5258Y1145,HKD
01425.HK,捷隆控股,捷隆控股有限公司,Justin Allen Holdings Limited,JLKG,主板,L,20191128,,5000.0,KYG5211W1069,HKD
01427.HK,中国天保集团,中国天保集团发展有限公司,China Tianbao Group Development Company Limited,ZGTBJT,主板,L,20191111,,1000.0,KYG8442D1034,HKD
01428.HK,耀才证券金融,耀才证券金融集团有限公司,Bright Smart Securities & Commodities Group Limited,YCZQJR,主板,L,20100825,,2000.0,KYG1644A1004,HKD
01429.HK,天任集团,天任集团控股有限公司,Skymission Group Holdings Limited,TRJT,主板,L,20200929,,8000.0,KYG8T21A1078,HKD
01431.HK,原生态牧业,原生态牧业有限公司,YuanShengTai Dairy Farm Limited,YSTMY,主板,L,20131126,,1000.0,BMG987851018,HKD
01432.HK,中国圣牧,中国圣牧有机奶业有限公司,China Shengmu Organic Milk Ltd.,ZGSM,主板,L,20140715,,1000.0,KYG2117U1022,HKD
01433.HK,常达控股,常达控股有限公司,Cirtek Holdings Limited,CDKG,主板,L,20200312,,10000.0,KYG3000A1040,HKD
01440.HK,应星控股,应星控股集团有限公司,STAR SHINE HOLDINGS GROUP LIMITED,YXKG,主板,L,20210113,,2500.0,KYG2751J1085,HKD
01442.HK,鹰辉物流,鹰辉物流有限公司,Infinity Logistics and Transport Ventures Limited,YHWL,主板,L,20200121,,5000.0,KYG4769S1049,HKD
01443.HK,富临集团控股,富临集团控股有限公司,Fulum Group Holdings Limited,FLJTKG,主板,L,20141113,,2000.0,KYG369231033,HKD
01446.HK,鸿福堂,鸿福堂集团控股有限公司,Hung Fook Tong Group Holdings Limited,HFT,主板,L,20140704,,2000.0,KYG4648K1085,HKD
01447.HK,新福港,新福港建设集团有限公司,SFK Construction Holdings Ltd.,XFG,主板,L,20151210,,2000.0,BMG8059A1036,HKD
01448.HK,福寿园,福寿园国际集团有限公司,Fu Shou Yuan International Group Limited,FSY,主板,L,20131219,,1000.0,KYG371091086,HKD
01449.HK,立德教育,立德教育股份有限公司,Leader Education Limited,LDJY,主板,L,20200806,,1000.0,KYG5421B1086,HKD
01450.HK,交个朋友控股,交个朋友控股有限公司,Be Friends Holding Limited,JGPYKG,主板,L,20140707,,2000.0,KYG202281054,HKD
01451.HK,万成集团股份,万成集团股份有限公司,MS Group Holdings Limited,WCJTGF,主板,L,20180601,,2000.0,KYG507601006,HKD
01452.HK,迪诺斯环保,迪诺斯环保科技控股有限公司,Denox Environmental & Technology Holdings Ltd.,DNSHB,主板,L,20151112,,1000.0,KYG2810N1088,HKD
01455.HK,科利实业控股,科利实业控股集团有限公司,Fourace Industries Group Holdings Limited,KLSYKG,主板,L,20200915,,5000.0,KYG3656F1000,HKD
01456.HK,国联民生,国联民生证券股份有限公司,Guolian Minsheng Securities Company Limited,GLMS,主板,L,20150706,,500.0,CNE100002003,HKD
01458.HK,周黑鸭,周黑鸭国际控股有限公司,Zhou Hei Ya International Holdings Company Limited,ZHY,主板,L,20161111,,500.0,KYG989761062,HKD
01459.HK,巨匠建设,巨匠建设集团股份有限公司,"Jujiang Construction Group Co., Ltd.",JJJS,主板,L,20160112,,2000.0,CNE100002417,HKD
01460.HK,扬科集团,扬科集团有限公司,ICO Group Limited,YKJT,主板,L,20161012,,8000.0,KYG4706W1502,HKD
01461.HK,中泰期货,中泰期货股份有限公司,Zhongtai Futures Company Limited,ZTQH,主板,L,20150707,,1000.0,CNE100001ZZ7,HKD
01463.HK,C-LINK SQ,C-Link Squared Limited,C-Link Squared Limited,CLINKSQ,主板,L,20200327,,2000.0,KYG2R22M1139,HKD
01466.HK,佰金生命科学,佰金生命科学控股有限公司,Baijin Life Science Holdings Limited,BJSMKX,主板,L,20141017,,8000.0,KYG0130B1014,HKD
01468.HK,嘉高达资本,嘉高达资本(控股)集团,Jakota Capital (Holding) Group,JGDZB,主板,L,20150320,,10000.0,KYG5258T1159,HKD
01470.HK,富一国际控股,富一国际控股有限公司,Prosper One International Holdings Company Limited,FYGJKG,主板,L,20150512,,4000.0,KYG7280T1058,HKD
01471.HK,众淼控股,众淼控股(青岛)股份有限公司,"Zhongmiao Holdings (Qingdao) Co., Ltd.",ZMKG,主板,L,20240806,,100.0,CNE100006L26,HKD
01472.HK,生兴控股,生兴控股(国际)有限公司,Sang Hing Holdings (International) Limited,SXKG,主板,L,20200317,,5000.0,KYG7806A1013,HKD
01473.HK,环联连讯,环联连讯科技有限公司,Pangaea Connectivity Technology Limited,HLLX,主板,L,20210219,,4000.0,KYG6892G1055,HKD
01475.HK,日清食品,日清食品有限公司,Nissin Foods Company Limited,RQSP,主板,L,20171211,,1000.0,HK0000376142,HKD
01476.HK,金融街证券,金融街证券股份有限公司,"Financial Street Securities Co., Limited",JRJZQ,主板,L,20151015,,1000.0,CNE100002334,HKD
01477.HK,欧康维视生物-B,欧康维视生物,Ocumension Therapeutics,OKWSSWB,主板,L,20200710,,500.0,KYG674111011,HKD
01478.HK,丘钛科技,丘钛科技(集团)有限公司,"Q Technology (Group) Co., Ltd.",QTKJ,主板,L,20141202,,1000.0,KYG7306T1058,HKD
01480.HK,恩达集团控股,恩达集团控股有限公司,Yan Tat Group Holdings Ltd.,EDJTKG,主板,L,20141208,,2000.0,KYG9833Q1091,HKD
01481.HK,竣球控股,竣球控股有限公司,Smart Globe Holdings Limited,JQKG,主板,L,20201211,,10000.0,KYG8233R1056,HKD
01483.HK,网誉科技,网誉科技有限公司,Net-a-Go Technology Company Limited,WYKJ,主板,L,20150831,,2000.0,KYG6426H1083,HKD
01486.HK,思城控股,思城控股有限公司,C Cheng Holdings Ltd.,SCKG,主板,L,20150803,,10000.0,KYG1987U1013,HKD
01488.HK,百福控股,百福控股有限公司,Best Food Holding Company Limited,BFKG,主板,L,20110627,,2000.0,KYG1135C1024,HKD
01489.HK,GC CONSTRUCTION,GC Construction Holdings Limited,GC Construction Holdings Limited,GCCONSTRUCTION,主板,L,20221010,,5000.0,KYG3774A1085,HKD
01490.HK,车市科技,车市科技有限公司,AI X Tech Inc.,CSKJ,主板,L,20210115,,4000.0,KYG2R50A1062,HKD
01496.HK,亚积邦租赁,亚积邦租赁控股有限公司,AP Rentals Holdings Ltd.,YJBZL,主板,L,20160408,,4000.0,KYG0501C1006,HKD
01497.HK,燕之屋,厦门燕之屋燕窝产业股份有限公司,"Xiamen Yan Palace Bird's Nest Industry Co., Ltd.",YZW,主板,L,20231212,,400.0,CNE1000069X7,HKD
01498.HK,培力农本方,培力农本方有限公司,PuraPharm Corporation Limited,PLNBF,主板,L,20150708,,500.0,KYG7306Y1044,HKD
01499.HK,欧科云链,欧科云链控股有限公司,OKG Technology Holdings Limited,OKYL,主板,L,20150902,,10000.0,KYG6730W1069,HKD
01500.HK,现恒建筑,现恒建筑控股有限公司,In Construction Holdings Ltd.,XHJZ,主板,L,20150416,,5000.0,KYG4752Q1073,HKD
01501.HK,瑛泰医疗,上海瑛泰医疗器械股份有限公司,"Shanghai INT Medical Instruments Co., Ltd.",YTYL,主板,L,20191108,,200.0,CNE100003NH7,HKD
01502.HK,金融街物业,金融街物业股份有限公司,"Financial Street Property Co., Limited",JRJWY,主板,L,20200706,,1000.0,CNE100003Y81,HKD
01508.HK,中国再保险,中国再保险(集团)股份有限公司,China Reinsurance (Group) Corporation,ZGZBX,主板,L,20151026,,1000.0,CNE100002342,HKD
01513.HK,丽珠医药,丽珠医药集团股份有限公司,Livzon Pharmaceutical Group Inc.,LZYY,主板,L,20140116,,100.0,CNE100001QV5,HKD
01515.HK,华润医疗,华润医疗控股有限公司,China Resources Medical Holdings Company Limited,HRYL,主板,L,20131129,,500.0,KYG2133W1087,HKD
01516.HK,融创服务,融创服务控股有限公司,Sunac Services Holdings Limited,RCFW,主板,L,20201119,,1000.0,KYG8569B1041,HKD
01518.HK,新世纪医疗,新世纪医疗控股有限公司,New Century Healthcare Holding Co. Limited,XSJYL,主板,L,20170118,,500.0,KYG6446R1020,HKD
01519.HK,极兔速递-W,极兔速递环球有限公司,J&T Global Express Limited,JTSDW,主板,L,20231027,,200.0,KYG4990A1040,HKD
01520.HK,天机控股,天机控股有限公司,Virtual Mind Holding Company Limited,TJKG,主板,L,20150601,,6000.0,KYG1993C1116,HKD
01521.HK,方达控股,方达控股公司,Frontage Holdings Corporation,FDKG,主板,L,20190530,,2000.0,KYG3679P1019,HKD
01522.HK,京投交通科技,京投轨道交通科技控股有限公司,BII Railway Transportation Technology Holdings Company Limited,JTJTKJ,主板,L,20131206,,4000.0,KYG1267V1005,HKD
01523.HK,珩湾科技,珩湾科技有限公司,Plover Bay Technologies Limited,HWKJ,主板,L,20160713,,1000.0,KYG713321035,HKD
01525.HK,建桥教育,上海建桥教育集团有限公司,Shanghai Gench Education Group Limited,JQJY,主板,L,20200116,,500.0,KYG8064A1067,HKD
01526.HK,瑞慈医疗,瑞慈医疗服务控股有限公司,Rici Healthcare Holdings Ltd.,RCYL,主板,L,20161006,,1000.0,KYG755601054,HKD
01527.HK,天洁环境,浙江天洁环境科技股份有限公司,"Zhejiang Tengy Environmental Technology Co., Ltd",TJHJ,主板,L,20151012,,200.0,CNE1000021Y6,HKD
01528.HK,红星美凯龙,红星美凯龙家居集团股份有限公司,Red Star Macalline Group Corporation Ltd.,HXMKL,主板,L,20150626,,200.0,CNE100001ZS2,HKD
01529.HK,乐氏国际控股,乐氏国际控股集团有限公司,Yues International Holdings Group Limited,YSGJKG,主板,L,20191219,,2000.0,KYG394781135,HKD
01530.HK,三生制药,三生制药,3SBio Inc.,SSZY,主板,L,20150611,,500.0,KYG8875G1029,HKD
01532.HK,中国派对文化,中国派对文化控股有限公司,China Partytime Culture Holdings Limited,ZGPDWH,主板,L,20151016,,3000.0,KYG2163R1020,HKD
01536.HK,煜荣集团,煜荣集团控股有限公司,Yuk Wing Group Holdings Limited,YRJT,主板,L,20170111,,2000.0,KYG9881J1067,HKD
01538.HK,中奥到家,中奥到家集团有限公司,Zhong Ao Home Group Limited,ZADJ,主板,L,20151125,,2000.0,KYG9897C1033,HKD
01539.HK,知行集团控股,知行集团控股国际有限公司,Unity Group Holdings International Limited,ZXJTKG,主板,L,20161026,,2000.0,KYG93AAK1030,HKD
01540.HK,澳狮环球,澳狮环球集团有限公司,Left Field Printing Group Limited,ASHQ,主板,L,20181008,,3000.0,BMG552191022,HKD
01541.HK,宜明昂科-B,宜明昂科生物医药技术(上海)股份有限公司,ImmuneOnco Biopharmaceuticals (Shanghai) Inc.,YMAKB,主板,L,20230905,,200.0,CNE100006624,HKD
01542.HK,台州水务,台州市水务集团股份有限公司,"Taizhou Water Group Co., Ltd.",TZSW,主板,L,20191231,,1000.0,CNE100003PH2,HKD
01543.HK,中盈盛达融资担保,广东中盈盛达融资担保投资股份有限公司,"Guangdong Join-Share Financing Guarantee Investment Co., Ltd.",ZYSDRZDB,主板,L,20151223,,2000.0,CNE1000023L9,HKD
01545.HK,设计都会,设计都会有限公司,Design Capital Limited,SJDH,主板,L,20190425,,10000.0,KYG2819M1015,HKD
01546.HK,德莱建业,德莱建业集团有限公司,Thelloy Development Group Ltd.,DLJY,主板,L,20171026,,8000.0,KYG879891029,HKD
01547.HK,IBI GROUP HLDGS,IBI Group Holdings Limited,IBI Group Holdings Limited,IBIGROUPHLDGS,主板,L,20161014,,8000.0,KYG469041019,HKD
01548.HK,金斯瑞生物科技,金斯瑞生物科技股份有限公司,Genscript Biotech Corporation,JSRSWKJ,主板,L,20151230,,2000.0,KYG3825B1059,HKD
01549.HK,永丰集团控股,永丰集团控股有限公司,Ever Harvest Group Holdings Limited,YFJTKG,主板,L,20160706,,8000.0,KYG3227D1051,HKD
01551.HK,广州农商银行,广州农村商业银行股份有限公司,"Guangzhou Rural Commercial Bank Co., Ltd.",GZNSYH,主板,L,20170620,,1000.0,CNE100002FR4,HKD
01552.HK,BHCC HOLDING,BHCC Holding Limited,BHCC Holding Limited,BHCCHOLDING,主板,L,20170912,,5000.0,KYG1R59S1007,HKD
01553.HK,迈科管业,迈科管业控股有限公司,Maike Tube Industry Holdings Limited,MKGY,主板,L,20191218,,2000.0,KYG5S6AA1055,HKD
01555.HK,MI能源,MI能源控股有限公司,MIE Holdings Corporation,MINY,主板,L,20101214,,2000.0,KYG611571061,HKD
01556.HK,建业建荣,建业建荣控股有限公司,Chinney Kin Wing Holdings Ltd.,JYJR,主板,L,20151111,,5000.0,BMG2118K1036,HKD
01557.HK,剑虹集团控股,剑虹集团控股有限公司,K. H. Group Holdings Ltd.,JHJTKG,主板,L,20160318,,4000.0,KYG5225A1168,HKD
01559.HK,均安控股,均安控股有限公司,Kwan On Holdings Ltd.,JAKG,主板,L,20160815,,10000.0,KYG5322M1042,HKD
01560.HK,星星集团,星星集团亚洲有限公司,Star Group Asia Limited,XXJT,主板,L,20160713,,2000.0,KYG8508A1004,HKD
01561.HK,联洋智能控股,联洋智能控股有限公司,Pan Asia Data Holdings Inc.,LYZNKG,主板,L,20151201,,4000.0,KYG6883H1048,HKD
01563.HK,友联国际教育租赁,友联国际教育租赁控股有限公司,Alliance International Education Leasing Holdings Limited,YLGJJYZL,主板,L,20190315,,1000.0,KYG4815A1076,HKD
01565.HK,成实外教育,成实外教育有限公司,Virscend Education Company Limited,CSWJY,主板,L,20160115,,1000.0,KYG936691024,HKD
01566.HK,华夏文化科技,华夏文化科技集团有限公司,CA Cultural Technology Group Limited,HXWHKJ,主板,L,20150312,,1000.0,KYG211751071,HKD
01568.HK,承达集团,承达集团有限公司,Sundart Holdings Ltd.,CDJT,主板,L,20151229,,2000.0,VGG857251026,HKD
01569.HK,民生教育,民生教育集团有限公司,Minsheng Education Group Company Limited,MSJY,主板,L,20170322,,2000.0,KYG6145R1065,HKD
01570.HK,伟业控股,伟业控股有限公司,Weiye Holdings Ltd.,WYKG,主板,L,20160406,,1000.0,SG1CD6000000,HKD
01571.HK,信邦控股,信邦控股有限公司,Xin Point Holdings Limited,XBKG,主板,L,20170628,,1000.0,KYG9830R1002,HKD
01572.HK,中国艺术金融,中国艺术金融控股有限公司,China Art Financial Holdings Limited,ZGYSJR,主板,L,20161108,,4000.0,KYG2120M1050,HKD
01575.HK,皇庭智家,皇庭智家控股有限公司,Regal Partners Holdings Limited,HTZJ,主板,L,20170112,,2000.0,KYG627281036,HKD
01576.HK,齐鲁高速,齐鲁高速公路股份有限公司,Qilu Expressway Company Limited,QLGS,主板,L,20180719,,1000.0,CNE1000031X7,HKD
01577.HK,汇鑫小贷,泉州汇鑫小额贷款股份有限公司,"Quanzhou Huixin Micro-credit Co., Ltd.",HXXD,主板,L,20160930,,2000.0,CNE1000029X1,HKD
01578.HK,天津银行,天津银行股份有限公司,"Bank of Tianjin Co., Ltd.",TJYH,主板,L,20160330,,500.0,CNE100002623,HKD
01579.HK,颐海国际,颐海国际控股有限公司,Yihai International Holding Ltd.,YHGJ,主板,L,20160713,,1000.0,KYG984191075,HKD
01580.HK,大森控股,大森控股集团有限公司,Da Sen Holdings Group Limited,DSKG,主板,L,20161219,,30000.0,KYG2659Y1162,HKD
01581.HK,进升集团控股,进升集团控股有限公司,Progressive Path Group Holdings Limited,JSJTKG,主板,L,20161208,,10000.0,KYG725391109,HKD
01582.HK,华营建筑,华营建筑集团控股有限公司,CR Construction Group Holdings Limited,HYJZ,主板,L,20191016,,2500.0,KYG251541085,HKD
01583.HK,亲亲食品,亲亲食品集团(开曼)股份有限公司,Qinqin Foodstuffs Group (Cayman) Company Limited,QQSP,主板,L,20160708,,1000.0,KYG730611061,HKD
01585.HK,雅迪控股,雅迪集团控股有限公司,Yadea Group Holdings Ltd.,YDKG,主板,L,20160519,,2000.0,KYG9830F1063,HKD
01586.HK,力鸿检验,中国力鸿检验控股有限公司,China Leon Inspection Holding Ltd.,LHJY,主板,L,20160712,,4000.0,KYG2163G1064,HKD
01587.HK,欣融国际,欣融国际控股有限公司,Shineroad International Holdings Limited,XRGJ,主板,L,20180627,,4000.0,KYG810161003,HKD
01588.HK,畅捷通,畅捷通信息技术股份有限公司,"Chanjet Information Technology Co., Ltd.",CJT,主板,L,20140626,,200.0,CNE100001SQ1,HKD
01591.HK,汛和集团,汛和集团控股有限公司,Shun Wo Group Holdings Limited,XHJT,主板,L,20160928,,20000.0,KYG811921173,HKD
01592.HK,基石控股,基石控股有限公司,Anchorstone Holdings Limited,JSKG,主板,L,20180704,,10000.0,KYG036431149,HKD
01593.HK,辰林教育,辰林教育集团控股有限公司,Chen Lin Education Group Holdings Limited,CLJY,主板,L,20191213,,2000.0,KYG2087A1022,HKD
01596.HK,翼辰实业,河北翼辰实业集团股份有限公司,Hebei Yichen Industrial Group Corporation Limited,YCSY,主板,L,20161221,,1000.0,CNE100002B30,HKD
01597.HK,纳泉能源科技,中国纳泉能源科技控股有限公司,China Nature Energy Technology Holdings Limited,NQNYKJ,主板,L,20201020,,1000.0,KYG2121Y1089,HKD
01598.HK,21世纪教育,中国21世纪教育集团有限公司,China 21st Century Education Group Limited,21SJJY,主板,L,20180529,,3000.0,KYG212141041,HKD
01599.HK,城建设计,北京城建设计发展集团股份有限公司,"Beijing Urban Construction Design & Dev. Group Co., Ltd.",CJSJ,主板,L,20140708,,1000.0,CNE100001SV1,HKD
01600.HK,天伦燃气,天伦燃气控股有限公司,Tian Lun Gas Holdings Limited,TLRQ,主板,L,20101110,,500.0,KYG843961031,HKD
01601.HK,中关村科技租赁,中关村科技租赁股份有限公司,"Zhongguancun Science-Tech Leasing Co., Ltd.",ZGCKJZL,主板,L,20200121,,2000.0,CNE100003Q08,HKD
01606.HK,国银金租,国银金融租赁股份有限公司,"China Development Bank Financial Leasing Co., Ltd.",GYJZ,主板,L,20160711,,2000.0,CNE1000027C9,HKD
01608.HK,伟能集团,伟能集团国际控股有限公司,VPower Group International Holdings Limited,WNJT,主板,L,20161124,,1000.0,KYG939541085,HKD
01610.HK,中粮家佳康,中粮家佳康食品有限公司,COFCO Joycome Foods Limited,ZLJJK,主板,L,20161101,,1000.0,KYG226921008,HKD
01611.HK,新火集团,新火集团控股有限公司,Bitfire Group Holdings Limited,XHJT,主板,L,20161121,,500.0,VGG4671J1012,HKD
01612.HK,永胜医疗,永胜医疗控股有限公司,Vincent Medical Holdings Limited,YSYL,主板,L,20160713,,2000.0,KYG9367D1025,HKD
01613.HK,协同通信,协同通信集团有限公司,Synertone Communication Corporation,XTTX,主板,L,20120418,,6400.0,KYG8650N1732,HKD
01615.HK,奥邦建筑,奥邦建筑集团有限公司,AB Builders Group Limited,ABJZ,主板,L,20180910,,5000.0,KYG0031B1014,HKD
01616.HK,一元宇宙,一元宇宙公司,A Metaverse Company,YYYZ,主板,L,20120712,,2000.0,KYG8558L1059,HKD
01617.HK,南方通信,南方通信控股有限公司,Nanfang Communication Holdings Limited,NFTX,主板,L,20161212,,4000.0,KYG6390W1078,HKD
01618.HK,中国中冶,中国冶金科工股份有限公司,Metallurgical Corporation of China Ltd.,ZGZY,主板,L,20090924,,1000.0,CNE100000FF3,HKD
01620.HK,富盈环球集团,富盈环球集团控股有限公司,Cinese International Group Holdings Limited,FYHQJT,主板,L,20180628,,10000.0,KYG258821043,HKD
01621.HK,域高国际控股,域高国际控股有限公司,Vico International Holdings Limited,YGGJKG,主板,L,20180305,,8000.0,KYG9365R1039,HKD
01622.HK,力高集团,力高地产集团有限公司,Redco Properties Group Ltd.,LGJT,主板,L,20140130,,2000.0,KYG733101318,HKD
01623.HK,海隆控股,海隆控股有限公司,Hilong Holding Limited,HLKG,主板,L,20110421,,1000.0,KYG4509G1055,HKD
01626.HK,嘉耀控股,嘉耀控股有限公司,Jia Yao Holdings Limited,JYKG,主板,L,20140627,,1000.0,KYG5137W1078,HKD
01627.HK,安保工程控股,安保工程控股有限公司,Able Engineering Holdings Limited,ABGCKG,主板,L,20170220,,4000.0,KYG0R8151046,HKD
01628.HK,禹洲集团,禹洲集团控股有限公司,Yuzhou Group Holdings Company Limited,YZJT,主板,L,20091102,,5000.0,KYG9884A1022,HKD
01629.HK,冠均国际控股,冠均国际控股有限公司,Champion Alliance International Holdings Limited,GJGJKG,主板,L,20161125,,4000.0,KYG2121P1072,HKD
01630.HK,建成控股,建成控股有限公司,Kin Shing Holdings Limited,JCKG,主板,L,20170616,,6000.0,KYG5281A1094,HKD
01631.HK,REF HOLDINGS,REF Holdings Limited,REF Holdings Limited,REFHOLDINGS,主板,L,20170620,,5000.0,KYG7469C1050,HKD
01632.HK,民商创科,民商创科控股有限公司,Minshang Creative Technology Holdings Limited,MSCK,主板,L,20161129,,2000.0,KYG6145K1013,HKD
01633.HK,上谕集团,上谕集团控股有限公司,Sheung Yue Group Holdings Limited,SYJT,主板,L,20161111,,3000.0,KYG8100F1019,HKD
01635.HK,大众公用,上海大众公用事业(集团)股份有限公司,"Shanghai Dazhong Public Utilities (Group) Co., Ltd.",DZGY,主板,L,20161205,,1000.0,CNE100002B48,HKD
01636.HK,中国金属利用,中国金属资源利用有限公司,China Metal Resources Utilization Limited,ZGJSLY,主板,L,20140221,,8000.0,KYG316221145,HKD
01637.HK,顺兴集团控股,顺兴集团(控股)有限公司,SH Group (Holdings) Limited,SXJTKG,主板,L,20170103,,2000.0,KYG809871034,HKD
01638.HK,佳兆业集团,佳兆业集团控股有限公司,Kaisa Group Holdings Ltd.,JZYJT,主板,L,20091209,,1000.0,KYG521321003,HKD
01640.HK,千循科技,千循科技有限公司,Qian Xun Technology Limited,QXKJ,主板,L,20191112,,2000.0,KYG7714M1069,HKD
01641.HK,红星冷链,红星冷链(湖南)股份有限公司,"Hongxing Coldchain (Hunan) Co., Ltd.",HXLL,主板,L,20260113,,500.0,CNE100007B68,HKD
01643.HK,现代中药集团,现代中药集团有限公司,"Modern Chinese Medicine Group Co., Ltd.",XDZYJT,主板,L,20210115,,3000.0,KYG6181B1068,HKD
01645.HK,海纳智能,海纳智能装备国际控股有限公司,Haina Intelligent Equipment International Holdings Limited,HNZN,主板,L,20200603,,4000.0,KYG4228M1024,HKD
01647.HK,雄岸科技,雄岸科技集团有限公司,Grandshores Technology Group Limited,XAKJ,主板,L,20170330,,5000.0,KYG406581093,HKD
01650.HK,HYGIEIA GROUP,Hygieia Group Limited,Hygieia Group Limited,HYGIEIAGROUP,主板,L,20200703,,8000.0,KYG4677R1074,HKD
01651.HK,津上机床中国,津上精密机床(中国)有限公司,Precision Tsugami (China) Corporation Limited,JSJCZG,主板,L,20170925,,1000.0,KYG7215M1006,HKD
01652.HK,福森药业,福森药业有限公司,Fusen Pharmaceutical Company Limited,FSYY,主板,L,20180711,,1000.0,KYG370981030,HKD
01653.HK,MOS HOUSE,MOS House Group Limited,MOS House Group Limited,MOSHOUSE,主板,L,20181019,,20000.0,KYG6331G1120,HKD
01655.HK,OKURA HOLDINGS,Okura Holdings Limited,Okura Holdings Limited,OKURAHOLDINGS,主板,L,20170515,,5000.0,HK0000337995,HKD
01656.HK,亿仕登控股,亿仕登控股有限公司,ISDN Holdings Limited,YSDKG,主板,L,20170112,,2000.0,SG1S48927937,HKD
01657.HK,桦欣控股,桦欣控股有限公司,SG Group Holdings Limited,HXKG,主板,L,20200320,,500.0,KYG8061B1077,HKD
01658.HK,邮储银行,中国邮政储蓄银行股份有限公司,"Postal Savings Bank of China Co., Ltd.",YCYH,主板,L,20160928,,1000.0,CNE1000029W3,HKD
01660.HK,七元投资,七元投资控股有限公司,Seven Elements Investment Holdings Limited,QYTZ,主板,L,20170210,,8000.0,KYG9898R1175,HKD
01661.HK,中国前沿科技集团,中国前沿科技集团,China Frontier Technology Group,ZGQYKJJT,主板,L,20130711,,6000.0,KYG9722N1189,HKD
01662.HK,义合控股,义合控股有限公司,Yee Hop Holdings Limited,YHKG,主板,L,20151218,,1000.0,KYG9836P1081,HKD
01663.HK,汉港控股,汉港控股集团有限公司,Sino Harbour Holdings Group Limited,HGKG,主板,L,20110722,,2000.0,BMG8188W1091,HKD
01666.HK,同仁堂科技,北京同仁堂科技发展股份有限公司,"Tong Ren Tang Technologies Co., Ltd.",TRTKJ,主板,L,20100709,,1000.0,CNE100000585,HKD
01667.HK,迪米生活控股,迪米生活控股有限公司,Dimmi Life Holdings Limited,DMSHKG,主板,L,20170407,,10000.0,KYG6224K1058,HKD
01668.HK,华南城,华南城控股有限公司,China South City Holdings Limited,HNC,主板,L,20090930,,2000.0,HK0000056264,HKD
01669.HK,环球信贷集团,环球信贷集团有限公司,Global International Credit Group Ltd.,HQXDJT,主板,L,20141212,,2000.0,KYG3932P1046,HKD
01671.HK,天保能源,天津天保能源股份有限公司,"Tianjin Tianbao Energy Co., Ltd.",TBNY,主板,L,20180427,,2000.0,CNE100002ZK7,HKD
01672.HK,歌礼制药-B,歌礼制药有限公司,Ascletis Pharma Inc.,GLZYB,主板,L,20180801,,1000.0,KYG0520K1094,HKD
01673.HK,华章科技,华章科技控股有限公司,Huazhang Technology Holding Limited,HZKJ,主板,L,20150105,,2000.0,KYG464201162,HKD
01675.HK,亚信科技,亚信科技控股有限公司,AsiaInfo Technologies Limited,YXKJ,主板,L,20181219,,400.0,VGG0542G1028,HKD
01676.HK,高地股份,高地股份有限公司,Gaodi Holdings Limited,GDGF,主板,L,20170718,,4000.0,KYG2117S1075,HKD
01679.HK,瑞斯康集团,瑞斯康集团控股有限公司,Risecomm Group Holdings Limited,RSKJT,主板,L,20170609,,5000.0,KYG7573R1478,HKD
01680.HK,澳门励骏,澳门励骏创建有限公司,Macau Legend Development Limited,AMLJ,主板,L,20130705,,4000.0,BMG5764Z1187,HKD
01681.HK,康臣药业,康臣药业集团有限公司,Consun Pharmaceutical Group Limited,KCYY,主板,L,20131219,,1000.0,KYG2524A1031,HKD
01682.HK,杭品生活科技,杭品生活科技股份有限公司,Hang Pin Living Technology Company Limited,HPSHKJ,主板,L,20101005,,4000.0,BMG428891086,HKD
01683.HK,旷逸国际,旷逸国际控股有限公司,Hope Life International Holdings Limited,KYGJ,主板,L,20150908,,16000.0,KYG4600C1107,HKD
01685.HK,博耳电力,博耳电力控股有限公司,Boer Power Holdings Ltd.,BEDL,主板,L,20101020,,1000.0,KYG121611084,HKD
01686.HK,新意网集团,新意网集团有限公司,Sunevision Holdings Ltd.,XYWJT,主板,L,20180122,,1000.0,KYG857001054,HKD
01689.HK,华禧控股,华禧控股有限公司,"Huaxi Holdings Co., Ltd.",HXKG,主板,L,20131206,,2000.0,KYG4643G1029,HKD
01690.HK,立基工程控股,立基工程(控股)有限公司,Lap Kei Engineering (Holdings) Ltd.,LJGCKG,主板,L,20180212,,10000.0,KYG5379C1087,HKD
01691.HK,JS环球生活,JS环球生活有限公司,JS Global Lifestyle Company Limited,JSHQSH,主板,L,20191218,,500.0,KYG2S85A1045,HKD
01692.HK,登辉控股,登辉控股有限公司,Town Ray Holdings Limited,DHKG,主板,L,20191025,,2000.0,KYG8973U1022,HKD
01693.HK,璋利国际,璋利国际控股有限公司,Bgmc International Limited,ZLGJ,主板,L,20170809,,2000.0,KYG1R51A1153,HKD
01695.HK,椰丰集团,椰丰集团有限公司,S&P International Holding Limited,YFJT,主板,L,20170711,,5000.0,KYG773601086,HKD
01696.HK,复锐医疗科技,复锐医疗科技有限公司,Sisram Medical Ltd.,FRYLKJ,主板,L,20170919,,400.0,IL0011418113,HKD
01697.HK,山东国信,山东省国际信托股份有限公司,"Shandong International Trust Co., Ltd.",SDGX,主板,L,20171208,,1800.0,CNE100002R24,HKD
01698.HK,腾讯音乐-SW,腾讯音乐娱乐集团,Tencent Music Entertainment Group,TXYYSW,主板,L,20220921,,100.0,KYG875771134,HKD
01701.HK,途屹控股,途屹控股有限公司,Tu Yi Holding Company Limited,TYKG,主板,L,20190628,,4000.0,KYG9138B1041,HKD
01702.HK,东光化工,东光化工有限公司,Dongguang Chemical Limited,DGHG,主板,L,20170711,,4000.0,KYG2815R1048,HKD
01703.HK,谊和股份,谊和股份有限公司,Easyhold Group Holdings Limited,YHGF,主板,L,20190215,,5000.0,KYG6875A1094,HKD
01705.HK,宾仕国际,宾仕国际控股有限公司,B&S International Holdings Ltd.,BSGJ,主板,L,20180314,,4000.0,KYG1535R1056,HKD
01707.HK,致浩达控股,致浩达控股有限公司,Geotech Holdings Ltd.,ZHDKG,主板,L,20171012,,8000.0,KYG3835R1083,HKD
01708.HK,三宝科技,南京三宝科技股份有限公司,Nanjing Sample Technology Company Limited,SBKJ,主板,L,20101201,,500.0,CNE100000148,HKD
01709.HK,德林控股,德林控股集团有限公司,DL Holdings Group Limited,DLKG,主板,L,20170927,,1000.0,KYG3166D1088,HKD
01710.HK,致丰工业电子,致丰工业电子集团有限公司,Trio Industrial Electronics Group Limited,ZFGYDZ,主板,L,20171123,,4000.0,HK0000372331,HKD
01711.HK,欧化,欧化国际有限公司,Ulferts International Limited,OH,主板,L,20180129,,10000.0,HK0000387867,HKD
01712.HK,龙资源,龙资源有限公司,Dragon Mining Limited,LZY,主板,L,20181105,,1000.0,AU0000321754,HKD
01713.HK,四川能投发展,四川能投发展股份有限公司,"Sichuan Energy Investment Development Co., Ltd.",SCNTFZ,主板,L,20181228,,2000.0,CNE100003FC4,HKD
01715.HK,智慧健康科技,智慧健康科技有限公司,AI Health Technology Limited,ZHJKKJ,主板,L,20180716,,10000.0,KYG6118R1332,HKD
01716.HK,毛记葵涌,毛记葵涌有限公司,Most Kwai Chung Limited,MJKY,主板,L,20180328,,2000.0,KYG629061055,HKD
01717.HK,澳优,澳优乳业股份有限公司,Ausnutria Dairy Corporation Ltd.,AY,主板,L,20091008,,1000.0,KYG063181021,HKD
01718.HK,宏基集团控股,宏基集团控股有限公司,Wan Kei Group Holdings Limited,HJJTKG,主板,L,20150811,,5000.0,KYG943081144,HKD
01719.HK,中国通商集团,中国通商集团有限公司,China Infrastructure & Logistics Group Ltd.,ZGTSJT,主板,L,20180129,,4000.0,KYG2163V1032,HKD
01720.HK,普天通信集团,普天通信集团有限公司,Putian Communication Group Limited,PTTXJT,主板,L,20171109,,4000.0,KYG730051037,HKD
01721.HK,FSM HOLDINGS,FSM Holdings Limited,FSM Holdings Limited,FSMHOLDINGS,主板,L,20180716,,5000.0,KYG368431030,HKD
01722.HK,建鹏控股,建鹏控股有限公司,Kin Pang Holdings Limited,JPKG,主板,L,20171215,,10000.0,KYG527871019,HKD
01723.HK,恒月控股,恒月控股有限公司,Moon Inc.,HYKG,主板,L,20180927,,2000.0,KYG451571072,HKD
01725.HK,中国技术集团,中国技术集团有限公司,China Strategic Technology Group Limited,ZGJSJT,主板,L,20180816,,200.0,KYG4585K1031,HKD
01726.HK,HKE HOLDINGS,HKE Holdings Limited,HKE Holdings Limited,HKEHOLDINGS,主板,L,20180418,,5000.0,KYG451601010,HKD
01727.HK,河北建设,河北建设集团股份有限公司,Hebei Construction Group Corporation Limited,HBJS,主板,L,20171215,,500.0,CNE100002R32,HKD
01728.HK,正通汽车,中国正通汽车服务控股有限公司,China ZhengTong Auto Services Holdings Limited,ZTQC,主板,L,20101210,,500.0,KYG215A81084,HKD
01729.HK,汇聚科技,汇聚科技有限公司,Time Interconnect Technology Limited,HJKJ,主板,L,20180213,,1000.0,KYG8879R1048,HKD
01731.HK,其利工业集团,其利工业集团有限公司,Prosperous Industrial (Holdings) Limited,QLGYJT,主板,L,20180713,,4000.0,KYG7283E1052,HKD
01732.HK,象兴国际,象兴国际控股有限公司,Xiangxing International Holding Limited,XXGJ,主板,L,20190906,,20000.0,KYG9831A1067,HKD
01733.HK,易大宗,易大宗控股有限公司,E-Commodities Holdings Limited,YDZ,主板,L,20101011,,2000.0,VGG2921V1067,HKD
01735.HK,中环新能源,中环新能源控股集团有限公司,Central New Energy Holding Group Limited,ZHXNY,主板,L,20180329,,1000.0,KYG2006G1313,HKD
01736.HK,中国育儿网络,中国育儿网络控股有限公司,China Parenting Network Holdings Limited,ZGYEWL,主板,L,20181008,,5000.0,KYG2162T1334,HKD
01737.HK,亚洲实业集团,亚洲实业集团(控股)有限公司,A & S Group (Holdings) Limited,YZSYJT,主板,L,20180314,,10000.0,KYG2957H1048,HKD
01738.HK,飞尚无烟煤,飞尚无烟煤资源有限公司,Feishang Anthracite Resources Limited,FSWYM,主板,L,20140122,,2500.0,VGG3375A1194,HKD
01739.HK,齐屹科技,齐屹科技(开曼)有限公司,Qeeka Home (Cayman) Inc.,QYKJ,主板,L,20180712,,500.0,KYG730661058,HKD
01740.HK,新石文化,新石文化投资有限公司,Values Cultural Investment Limited,XSWH,主板,L,20200116,,5000.0,KYG7410F1081,HKD
01741.HK,成志控股,成志控股有限公司,Shing Chi Holdings Limited,CZKG,主板,L,20181016,,4000.0,KYG7S97Q1048,HKD
01742.HK,HPC HOLDINGS,HPC Holdings Limited,HPC Holdings Limited,HPCHOLDINGS,主板,L,20180511,,5000.0,KYG169491027,HKD
01745.HK,驴迹科技,驴迹科技控股有限公司,Lvji Technology Holdings Inc.,LJKJ,主板,L,20200117,,2000.0,KYG5804E1098,HKD
01746.HK,万顺集团控股,万顺集团(控股)有限公司,Man Shun Group (Holdings) Limited,WSJTKG,主板,L,20180711,,4000.0,KYG579691000,HKD
01747.HK,HOME CONTROL,Home Control International Limited,Home Control International Limited,HOMECONTROL,主板,L,20191114,,2000.0,KYG4574A1085,HKD
01748.HK,信源企业集团,信源企业集团有限公司,Xin Yuan Enterprises Group Limited,XYQYJT,主板,L,20180926,,2000.0,KYG9831M1006,HKD
01749.HK,杉杉品牌,杉杉品牌运营股份有限公司,"Shanshan Brand Management Co., Ltd.",SSPP,主板,L,20180627,,1000.0,CNE1000031D9,HKD
01750.HK,全达电器集团控股,全达电器集团(控股)有限公司,REM Group (Holdings) Limited,QDDQJTKG,主板,L,20180511,,10000.0,KYG749541010,HKD
01751.HK,智算能建,智算能建控股有限公司,AI Energy Engineering Holdings Limited,ZSNJ,主板,L,20180612,,10000.0,KYG5260R1074,HKD
01752.HK,澳洲成峰高教,澳洲成峰高教集团有限公司,Top Education Group Ltd,AZCFGJ,主板,L,20180511,,10000.0,AU0000007296,HKD
01753.HK,兑吧,兑吧集团有限公司,Duiba Group Limited,DB,主板,L,20190507,,400.0,KYG2856W1033,HKD
01755.HK,新城悦服务,新城悦服务集团有限公司,"S-Enjoy Service Group Co., Limited",XCYFW,主板,L,20181106,,1000.0,KYG803251068,HKD
01756.HK,中国科教产业,中国科教产业集团有限公司,China Science and Education Industry Group Limited,ZGKJCY,主板,L,20191125,,1000.0,KYG4643F1046,HKD
01757.HK,环球华商俱乐部,环球华商俱乐部,Global Chinese Business Club,HQHSJLB,主板,L,20180607,,1000.0,KYG013071009,HKD
01758.HK,博骏教育,博骏教育有限公司,Bojun Education Company Limited,BJJY,主板,L,20180731,,2000.0,KYG1R20A1052,HKD
01759.HK,中油洁能控股,中油洁能控股集团有限公司,Sino Gas Holdings Group Limited,ZYJNKG,主板,L,20181228,,1000.0,KYG8192K1094,HKD
01760.HK,英恒科技,英恒科技控股有限公司,Intron Technology Holdings Limited,YHKJ,主板,L,20180712,,1000.0,KYG4914A1076,HKD
01762.HK,万咖壹联,万咖壹联有限公司,Wanka Online Inc.,WKYL,主板,L,20181221,,1000.0,KYG943071087,HKD
01763.HK,中国同辐,中国同辐股份有限公司,China Isotope & Radiation Corporation,ZGTF,主板,L,20180706,,200.0,CNE1000031F4,HKD
01765.HK,希教国际控股,希教国际控股有限公司,"XJ International Holdings Co.,Ltd.",XJGJKG,主板,L,20180803,,2000.0,KYG4600E1089,HKD
01766.HK,中国中车,中国中车股份有限公司,CRRC Corporation Limited,ZGZC,主板,L,20080821,,1000.0,CNE100000BG0,HKD
01767.HK,TS WONDERS,TS Wonders Holding Limited,TS Wonders Holding Limited,TSWONDERS,主板,L,20190114,,10000.0,KYG9114S1057,HKD
01768.HK,鸣鸣很忙,湖南鸣鸣很忙商业连锁股份有限公司,"Busy Ming Group Co., Ltd.",MMHM,主板,L,20260128,,100.0,CNE100007DZ1,HKD
01769.HK,思考乐教育,思考乐教育集团,Scholar Education Group,SKLJY,主板,L,20190621,,1000.0,KYG7853U1094,HKD
01771.HK,新丰泰集团,新丰泰集团控股有限公司,Sunfonda Group Holdings Limited,XFTJT,主板,L,20140515,,1000.0,KYG8571A1022,HKD
01772.HK,赣锋锂业,江西赣锋锂业集团股份有限公司,"Ganfeng Lithium Group Co., Ltd.",GFLY,主板,L,20181011,,200.0,CNE1000031W9,HKD
01773.HK,天立国际控股,天立国际控股有限公司,Tianli International Holdings Limited,TLGJKG,主板,L,20180712,,1000.0,KYG888461038,HKD
01775.HK,精英汇集团,精英汇集团控股有限公司,BExcellent Group Holdings Limited,JYHJT,主板,L,20180713,,4000.0,KYG108021091,HKD
01776.HK,广发证券,广发证券股份有限公司,"GF Securities Co., Ltd.",GFZQ,主板,L,20150410,,200.0,CNE100001TQ9,HKD
01777.HK,花样年控股,花样年控股集团有限公司,"Fantasia Holdings Group Co., Limited",HYNKG,主板,L,20091125,,1500.0,KYG3311L1041,HKD
01778.HK,彩生活,彩生活服务集团有限公司,"Colour Life Services Group Co., Limited",CSH,主板,L,20140630,,1000.0,KYG229151058,HKD
01780.HK,荣尊国际控股,荣尊国际控股集团有限公司,Rongzun International Holdings Group Limited,RZGJKG,主板,L,20190430,,2500.0,KYG0700L1095,HKD
01782.HK,国际商业数字技术,国际商业数字技术有限公司,International Business Digital Technology Limited,GJSYSZJS,主板,L,20181129,,5000.0,KYG937491028,HKD
01783.HK,晋景新能,晋景新能控股有限公司,Envision Greenwise Holdings Limited,JJXN,主板,L,20180822,,1000.0,KYG3962W1107,HKD
01785.HK,成都高速,成都高速公路股份有限公司,"Chengdu Expressway Co., Ltd.",CDGS,主板,L,20190115,,1000.0,CNE100003FL5,HKD
01786.HK,铁建装备,中国铁建高新装备股份有限公司,CRCC High-Tech Equipment Corporation Limited,TJZB,主板,L,20151216,,500.0,CNE1000023F1,HKD
01787.HK,山东黄金,山东黄金矿业股份有限公司,"Shandong Gold Mining Co., Ltd.",SDHJ,主板,L,20180928,,250.0,CNE1000036N7,HKD
01788.HK,国泰君安国际,国泰君安国际控股有限公司,Guotai Junan International Holdings Ltd.,GTJAGJ,主板,L,20100708,,1000.0,HK0000065869,HKD
01789.HK,爱康医疗,爱康医疗控股有限公司,Ak Medical Holdings Limited,AKYL,主板,L,20171220,,2000.0,KYG020141019,HKD
01790.HK,达力环保,达力环保有限公司,TIL Enviro Limited,DLHB,主板,L,20181129,,5000.0,KYG887391004,HKD
01792.HK,CMON,CMON Limited,CMON Limited,CMON,主板,L,20191119,,2000.0,KYG223911176,HKD
01793.HK,伟工控股,伟工控股有限公司,Wecon Holdings Limited,WGKG,主板,L,20190227,,4000.0,KYG9508R1011,HKD
01795.HK,亚东集团,亚东集团控股有限公司,Yadong Group Holdings Limited,YDJT,主板,L,20201118,,3000.0,KYG9830S1084,HKD
01796.HK,中国数智科技,中国数智科技集团有限公司,Metaspacex Limited,ZGSZKJ,主板,L,20181231,,2000.0,KYG9844G1082,HKD
01797.HK,东方甄选,东方甄选控股有限公司,East Buy Holding Limited,DFZX,主板,L,20190328,,500.0,KYG5313A1013,HKD
01798.HK,大唐新能源,中国大唐集团新能源股份有限公司,"China Datang Corporation Renewable Power Co., Limited",DTXNY,主板,L,20101217,,1000.0,CNE100000X69,HKD
01799.HK,新特能源,新特能源股份有限公司,"Xinte Energy Co., Ltd.",XTNY,主板,L,20151230,,400.0,CNE1000023G9,HKD
01800.HK,中国交通建设,中国交通建设股份有限公司,China Communications Construction Company Limited,ZGJTJS,主板,L,20061215,,1000.0,CNE1000002F5,HKD
01801.HK,信达生物,信达生物制药,"Innovent Biologics, Inc.",XDSW,主板,L,20181031,,500.0,KYG4818G1010,HKD
01802.HK,文业集团,文业集团控股有限公司,Wenye Group Holdings Limited,WYJT,主板,L,20200114,,2000.0,KYG9494A1040,HKD
01803.HK,北京体育文化,北京体育文化产业集团有限公司,Beijing Sports and Entertainment Industry Group Limited,BJTYWH,主板,L,20120116,,2500.0,KYG1145Y1026,HKD
01808.HK,企展控股,企展控股有限公司,Enterprise Development Holdings Limited,QZKG,主板,L,20070111,,2000.0,KYG3070M2023,HKD
01809.HK,浦林成山,浦林成山控股有限公司,Prinx Chengshan Holdings Limited,PLCS,主板,L,20181009,,500.0,KYG7255W1096,HKD
01810.HK,小米集团-W,小米集团,Xiaomi Corporation,XMJTW,主板,L,20180709,,200.0,KYG9830T1067,HKD
01811.HK,中广核新能源,中国广核新能源控股有限公司,"CGN New Energy Holdings Co., Ltd.",ZGHXNY,主板,L,20141003,,2000.0,BMG202981087,HKD
01812.HK,晨鸣纸业,山东晨鸣纸业集团股份有限公司,Shandong Chenming Paper Holdings Limited,CMZY,主板,L,20080618,,500.0,CNE100000BK2,HKD
01813.HK,合景泰富集团,合景泰富集团控股有限公司,KWG Group Holdings Limited,HJTFJT,主板,L,20070703,,500.0,KYG532241042,HKD
01815.HK,珠峰黄金,珠峰黄金集团有限公司,Mount Everest Gold Group Company Limited,ZFHJ,主板,L,20180313,,1000.0,KYG2582R1056,HKD
01816.HK,中广核电力,中国广核电力股份有限公司,"CGN Power Co.,Ltd.",ZGHDL,主板,L,20141210,,1000.0,CNE100001T80,HKD
01817.HK,慕尚集团控股,慕尚集团控股有限公司,Mulsanne Group Holding Limited,MSJTKG,主板,L,20190527,,500.0,KYG6329A1013,HKD
01818.HK,招金矿业,招金矿业股份有限公司,Zhaojin Mining Industry Company Limited,ZJKY,主板,L,20061208,,500.0,CNE1000004R6,HKD
01820.HK,济丰包装,国际济丰包装集团,Pacific Millennium Packaging Group Corporation,JFBZ,主板,L,20181221,,1000.0,KYG968461031,HKD
01822.HK,中木国际,中木国际控股有限公司,"China Wood International Holding Co., Limited",ZMGJ,主板,L,20110603,,30000.0,KYG2162J1278,HKD
01823.HK,华昱高速,华昱高速集团有限公司,Huayu Expressway Group Limited,HYGS,主板,L,20091223,,2000.0,KYG464101099,HKD
01825.HK,STERLING GP-NEW,美臻集团控股有限公司,Sterling Group Holdings Limited,STERLINGGPNEW,主板,L,20181019,,2000.0,KYG847771386,HKD
01826.HK,丰展控股,丰展控股有限公司,FDB Holdings Limited,FZKG,主板,L,20170710,,10000.0,KYG8467E1017,HKD
01827.HK,卓珈控股,卓珈控股集团有限公司,Miricor Enterprises Holdings Limited,ZJKG,主板,L,20190218,,5000.0,KYG6193F1037,HKD
01828.HK,富卫集团,富卫集团有限公司,FWD Group Holdings Limited,FWJT,主板,L,20250707,,100.0,KYG370481080,HKD
01830.HK,完美医疗,完美医疗健康管理有限公司,Perfect Medical Health Management Limited,WMYL,主板,L,20120210,,1000.0,KYG7013H1056,HKD
01831.HK,十方控股,十方控股有限公司,ShiFang Holding Ltd.,SFKG,主板,L,20101203,,10000.0,BMG8126A1100,HKD
01832.HK,海天地悦旅,海天地悦旅集团有限公司,S.A.I. Leisure Group Company Limited,HTDYL,主板,L,20190516,,1000.0,KYG8629S1057,HKD
01833.HK,平安好医生,平安健康医疗科技有限公司,Ping An Healthcare And Technology Company Limited,PAHYS,主板,L,20180504,,100.0,KYG711391022,HKD
01835.HK,瑞威资管,上海瑞威资产管理股份有限公司,"Shanghai Realway Capital Assets Management Co., Ltd.",RWZG,主板,L,20181113,,400.0,CNE1000036P2,HKD
01836.HK,九兴控股,九兴控股有限公司,Stella International Holdings Limited,JXKG,主板,L,20070706,,500.0,KYG846981028,HKD
01837.HK,五谷磨房,五谷磨房食品国际控股有限公司,Natural Food International Holding Limited,WGMF,主板,L,20181212,,2000.0,KYG6402W1033,HKD
01841.HK,优越集团控股,优越集团控股有限公司,A.Plus Group Holdings Limited,YYJTKG,主板,L,20190111,,10000.0,KYG0411B1014,HKD
01842.HK,植华集团,植华集团投资控股有限公司,Grown Up Group Investment Holdings Limited,ZHJT,主板,L,20190628,,4000.0,KYG4147A1067,HKD
01843.HK,快餐帝国,快餐帝国控股有限公司,Snack Empire Holdings Limited,KCDG,主板,L,20191023,,4000.0,KYG8267H1065,HKD
01845.HK,维港环保科技,维港环保科技控股集团有限公司,Weigang Environmental Technology Holding Group Limited,WGHBKJ,主板,L,20190103,,3000.0,KYG9T2061057,HKD
01846.HK,德视佳,德视佳国际眼科有限公司,EuroEyes International Eye Clinic Limited,DSJ,主板,L,20191015,,1000.0,KYG3224D1088,HKD
01847.HK,云南建投混凝土,云南建投绿色高性能混凝土股份有限公司,YCIH Green High-Performance Concrete Company Limited,YNJTHNT,主板,L,20191031,,1000.0,CNE100003NG9,HKD
01848.HK,中国飞机租赁,中国飞机租赁集团控股有限公司,China Aircraft Leasing Group Holdings Ltd.,ZGFJZL,主板,L,20140711,,500.0,KYG211241057,HKD
01849.HK,秀商时代控股,秀商时代控股有限公司,AM Group Holdings Limited,XSSDKG,主板,L,20190626,,5000.0,KYG0410A1040,HKD
01850.HK,鸿盛昌资源,鸿盛昌资源集团有限公司,HSC Resources Group Limited,HSCZY,主板,L,20190214,,10000.0,KYG9700F1458,HKD
01851.HK,银杏教育,中国银杏教育集团有限公司,China Gingko Education Group Company Limited,YXJY,主板,L,20190118,,2000.0,KYG2121K1085,HKD
01853.HK,春城热力,吉林省春城热力股份有限公司,Jilin Province Chuncheng Heating Company Limited,CCRL,主板,L,20191024,,2500.0,CNE100003N84,HKD
01854.HK,中国万天控股,中国万天控股有限公司,China Wantian Holdings Limited,ZGWTKG,主板,L,20190321,,10000.0,KYG3945R1056,HKD
01855.HK,中庆股份,中庆环境股份有限公司,Zonqing Environmental Limited,ZQGF,主板,L,20210106,,2000.0,KYG989A21197,HKD
01856.HK,依波路,依波路控股有限公司,Ernest Borel Holdings Ltd.,YBL,主板,L,20140711,,1000.0,KYG311691086,HKD
01857.HK,中国光大水务,中国光大水务有限公司,China Everbright Water Limited,ZGGDSW,主板,L,20190508,,1000.0,BMG2116Y1057,HKD
01858.HK,春立医疗,北京市春立正达医疗器械股份有限公司,"Beijing Chunlizhengda Medical Instruments Co., Ltd.",CLYL,主板,L,20150311,,250.0,CNE100001TP1,HKD
01860.HK,汇量科技,汇量科技有限公司,Mobvista Inc.,HLKJ,主板,L,20181212,,1000.0,KYG622681008,HKD
01861.HK,保宝龙科技,保宝龙科技控股有限公司,Precious Dragon Technology Holdings Limited,BBLKJ,主板,L,20190621,,2000.0,KYG7224A1058,HKD
01862.HK,景瑞控股,景瑞控股有限公司,Jingrui Holdings Ltd.,JRKG,主板,L,20131031,,1000.0,KYG5138W1069,HKD
01863.HK,中国龙天集团,中国龙天集团有限公司,China Longevity Group Company Limited,ZGLTJT,主板,L,20100429,,1000.0,KYG2133P1037,HKD
01865.HK,鹏高控股集团,鹏高控股集团有限公司,Pengo Holdings Group Limited,PGKGJT,主板,L,20190327,,12000.0,KYG9031S1131,HKD
01866.HK,中国心连心化肥,中国心连心化肥有限公司,China XLX Fertiliser Ltd.,ZGXLXHF,主板,L,20091208,,1000.0,SG1V07936171,HKD
01867.HK,标准发展集团,标准发展集团有限公司,Standard Development Group Limited,BZFZJT,主板,L,20190509,,10000.0,KYG8T26D1062,HKD
01868.HK,同方友友,同方友友控股有限公司,Neo-Neon Holdings Ltd.,TFYY,主板,L,20061215,,2000.0,KYG642571015,HKD
01869.HK,猫屎咖啡控股,猫屎咖啡控股有限公司,Kafelaku Coffee Holding Limited,MSKFKG,主板,L,20180905,,10000.0,KYG548041022,HKD
01870.HK,益美国际控股,益美国际控股有限公司,Acme International Holdings Limited,YMGJKG,主板,L,20191108,,2500.0,KYG0073U1085,HKD
01871.HK,向中国际,向中国际控股有限公司,China Oriented International Holdings Limited,XZGJ,主板,L,20191024,,4000.0,KYG2122K1076,HKD
01872.HK,冠轈控股,冠轈控股有限公司,Guan Chao Holdings Limited,GCKG,主板,L,20190228,,5000.0,KYG4183A1195,HKD
01873.HK,维亚生物,维亚生物科技控股集团,Viva Biotech Holdings,WYSW,主板,L,20190509,,500.0,KYG9390W1015,HKD
01875.HK,东曜药业-B,东曜药业股份有限公司,BioDlink International Company Limited,DYYYB,主板,L,20191108,,400.0,HK0000545266,HKD
01876.HK,百威亚太,百威亚太控股有限公司,Budweiser Brewing Company APAC Limited,BWYT,主板,L,20190930,,100.0,KYG1674K1013,HKD
01877.HK,君实生物,上海君实生物医药科技股份有限公司,"Shanghai Junshi Biosciences Co., Ltd.",JSSW,主板,L,20181224,,200.0,CNE100003FF7,HKD
01878.HK,南戈壁,南戈壁资源有限公司,SouthGobi Resources Limited,NGB,主板,L,20100129,,50.0,CA8443751059,HKD
01880.HK,中国中免,中国旅游集团中免股份有限公司,China Tourism Group Duty Free Corporation Limited,ZGZM,主板,L,20220825,,100.0,CNE100004YZ4,HKD
01882.HK,海天国际,海天国际控股有限公司,Haitian International Holdings Ltd.,HTGJ,主板,L,20061222,,1000.0,KYG4232C1087,HKD
01883.HK,中信国际电讯,中信国际电讯集团有限公司,CITIC Telecom International Holdings Ltd.,ZXGJDX,主板,L,20070403,,1000.0,HK1883037637,HKD
01884.HK,EPRINT集团,Eprint集团有限公司,Eprint Group Limited,EPRINTJT,主板,L,20131203,,4000.0,KYG3085F1019,HKD
01888.HK,建滔积层板,建滔积层板控股有限公司,Kingboard Laminates Holdings Limited,JTJCB,主板,L,20061207,,500.0,KYG5257K1076,HKD
01889.HK,三爱健康集团,三爱健康产业集团有限公司,Sanai Health Industry Group Company Limited,SAJKJT,主板,L,20070201,,5000.0,KYG7785S1158,HKD
01890.HK,中国科培,中国科培教育集团有限公司,China Kepei Education Group Limited,ZGKP,主板,L,20190125,,2000.0,KYG2122A1094,HKD
01891.HK,兴合控股,兴合控股有限公司,Heng Hup Holdings Limited,XHKG,主板,L,20190315,,4000.0,KYG4505A1022,HKD
01894.HK,恒益控股,恒益控股有限公司,Hang Yick Holdings Company Limited,HYKG,主板,L,20181012,,5000.0,KYG429011193,HKD
01895.HK,鑫苑服务,鑫苑物业服务集团有限公司,Xinyuan Property Management Service (Cayman) Ltd.,XYFW,主板,L,20191011,,1000.0,KYG9833M1087,HKD
01896.HK,猫眼娱乐,猫眼娱乐,Maoyan Entertainment,MYYL,主板,L,20190204,,200.0,KYG5804A1076,HKD
01897.HK,美亨实业,美亨实业控股有限公司,Million Hope Industries Holdings Limited,MHSY,主板,L,20190319,,2000.0,KYG6130N1025,HKD
01898.HK,中煤能源,中国中煤能源股份有限公司,"China Coal Energy Co., Ltd.",ZMNY,主板,L,20061219,,1000.0,CNE100000528,HKD
01899.HK,兴达国际,兴达国际控股有限公司,Xingda International Holdings Ltd.,XDGJ,主板,L,20061221,,1000.0,KYG9827V1068,HKD
01900.HK,中国智能交通,中国智能交通系统(控股)有限公司,"China ITS (Holdings) Co., Ltd.",ZGZNJT,主板,L,20100715,,1000.0,KYG2161M1050,HKD
01901.HK,飞扬集团,飞扬国际控股(集团)有限公司,Feiyang International Holdings Group Limited,FYJT,主板,L,20190628,,2000.0,KYG3376A1004,HKD
01903.HK,JBB BUILDERS,JBB Builders International Limited,JBB Builders International Limited,JBBBUILDERS,主板,L,20190510,,2000.0,KYG5086B1041,HKD
01905.HK,海通恒信,海通恒信国际融资租赁股份有限公司,"Haitong Unitrust International Financial Leasing Co., Ltd.",HTHX,主板,L,20190603,,2000.0,CNE100003K61,HKD
01906.HK,博尼控股,博尼国际控股有限公司,Bonny International Holding Limited,BNKG,主板,L,20190426,,10000.0,KYG1449A1076,HKD
01907.HK,中国旭阳集团,中国旭阳集团有限公司,China Risun Group Limited,ZGXYJT,主板,L,20190315,,1000.0,KYG2120H1065,HKD
01908.HK,建发国际集团,建发国际投资集团有限公司,C&D International Investment Group Limited,JFGJJT,主板,L,20140526,,1000.0,KYG3165D1097,HKD
01909.HK,火岩控股,火岩控股有限公司,Fire Rock Holdings Ltd.,HYKG,主板,L,20190627,,2000.0,KYG3524S1369,HKD
01910.HK,新秀丽,新秀丽集团有限公司,Samsonite Group S.A.,XXL,主板,L,20110616,,300.0,LU0633102719,HKD
01911.HK,华兴资本控股,华兴资本控股有限公司,China Renaissance Holdings Limited,HXZBKG,主板,L,20180927,,100.0,KYG212151016,HKD
01912.HK,康特隆,康特隆科技有限公司,Contel Technology Company Limited,KTL,主板,L,20190716,,5000.0,KYG2521A1067,HKD
01913.HK,普拉达,PRADA S.p.A.,PRADA S.p.A.,PLD,主板,L,20110624,,100.0,IT0003874101,HKD
01915.HK,泰和小贷,扬州市广陵区泰和农村小额贷款股份有限公司,Yangzhou Guangling District Taihe Rural Micro-finance Company Limited,THXD,主板,L,20190717,,2000.0,CNE100002FL7,HKD
01916.HK,江西银行,江西银行股份有限公司,"Jiangxi Bank Co.,Ltd.",JXYH,主板,L,20180626,,500.0,CNE1000031B3,HKD
01917.HK,豆盟科技,豆盟科技有限公司,Doumob,DMKJ,主板,L,20190314,,10000.0,KYG2819C1033,HKD
01918.HK,融创中国,融创中国控股有限公司,Sunac China Holdings Ltd.,RCZG,主板,L,20101007,,1000.0,KYG8569A1067,HKD
01919.HK,中远海控,中远海运控股股份有限公司,"COSCO SHIPPING Holdings Co., Ltd.",ZYHK,主板,L,20050630,,500.0,CNE1000002J7,HKD
01920.HK,中国网成,中国网成集团股份有限公司,China Wacan Group Company Limited,ZGWC,主板,L,20190816,,10000.0,KYG4288C1197,HKD
01921.HK,达力普控股,达力普控股有限公司,Dalipal Holdings Limited,DLPKG,主板,L,20191108,,2000.0,KYG2643G1064,HKD
01925.HK,旷世芳香,旷世芳香控股有限公司,Kwung's Aroma Holdings Limited,KSFX,主板,L,20200116,,2000.0,KYG5331A1094,HKD
01927.HK,久久王,久久王食品国际有限公司,Jiujiuwang Food International Limited,JJW,主板,L,20210316,,5000.0,KYG5142A1085,HKD
01928.HK,金沙中国有限公司,金沙中国有限公司,Sands China Ltd.,JSZGYXGS,主板,L,20091130,,400.0,KYG7800X1079,HKD
01929.HK,周大福,周大福珠宝集团有限公司,Chow Tai Fook Jewellery Group Ltd.,ZDF,主板,L,20111215,,200.0,KYG211461085,HKD
01930.HK,勋龙,勋龙汽车轻量化应用有限公司,Shinelong Automotive Lightweight Application Limited,XL,主板,L,20190628,,4000.0,KYG8105A1076,HKD
01931.HK,华检医疗,华检医疗控股有限公司,ETHK Labs Inc.,HJYL,主板,L,20190712,,1000.0,KYG4977H1065,HKD
01932.HK,中漆集团,中漆集团有限公司,Cpm Group Limited,ZQJT,主板,L,20170710,,4000.0,KYG2R5391062,HKD
01933.HK,元力控股,元力控股有限公司,Oneforce Holdings Limited,YLKG,主板,L,20180302,,4000.0,KYG675611035,HKD
01935.HK,嘉宏教育,嘉宏教育科技有限公司,JH Educational Technology INC.,JHJY,主板,L,20190618,,2000.0,KYG6578D1034,HKD
01936.HK,利特米,利特米有限公司,Ritamix Global Limited,LTM,主板,L,20200513,,2000.0,KYG7576R1020,HKD
01937.HK,佳辰控股,佳辰控股集团有限公司,JiaChen Holding Group Limited,JCKG,主板,L,20200117,,5000.0,KYG7395L1041,HKD
01938.HK,珠江钢管,珠江石油天然气钢管控股有限公司,Chu Kong Petroleum and Natural Gas Steel Pipe Holdings Ltd.,ZJGG,主板,L,20100210,,1000.0,KYG212331048,HKD
01939.HK,上善黄金,上善黄金国际控股有限公司,Shangshan Gold International Holdings Limited,SSHJ,主板,L,20181011,,2000.0,HK0000448487,HKD
01940.HK,CGII HLDGS,China Gas Industry Investment Holdings Co. Ltd.,China Gas Industry Investment Holdings Co. Ltd.,CGIIHLDGS,主板,L,20201229,,2000.0,KYG2122B1077,HKD
01941.HK,烨星集团,烨星集团控股有限公司,Ye Xing Group Holdings Limited,YXJT,主板,L,20200313,,2000.0,KYG9842B1014,HKD
01942.HK,马可数字科技,马可数字科技控股有限公司,MOG Digitech Holdings Limited,MKSZKJ,主板,L,20200415,,2000.0,KYG6185A1040,HKD
01943.HK,金石控股集团,金石控股集团有限公司,King's Stone Holdings Group Limited,JSKGJT,主板,L,20190628,,5000.0,KYG8136F1090,HKD
01945.HK,清科控股,清科控股有限公司,Zero2IPO Holdings Inc.,QKKG,主板,L,20201230,,400.0,KYG9889D1016,HKD
01947.HK,美皓集团,美皓医疗集团有限公司,"Meihao Medical Group Co., Ltd",MHJT,主板,L,20221214,,5000.0,KYG5966K1094,HKD
01948.HK,优矩控股,优矩控股有限公司,UJU Holding Limited,YJKG,主板,L,20211108,,1000.0,KYG9445Z1090,HKD
01949.HK,佰达国际控股,佰达国际控股有限公司,Platt Nera International Limited,BDGJKG,主板,L,20190716,,4000.0,KYG7S47A1260,HKD
01950.HK,帝王实业控股,帝王实业控股有限公司,Diwang Industrial Holdings Limited,DWSYKG,主板,L,20200312,,4000.0,KYG8587S1214,HKD
01951.HK,锦欣生殖,锦欣生殖医疗集团有限公司,Jinxin Fertility Group Limited,JXSZ,主板,L,20190625,,500.0,KYG5140J1013,HKD
01952.HK,云顶新耀,云顶新耀有限公司,Everest Medicines Limited,YDXY,主板,L,20201009,,500.0,KYG3224E1061,HKD
01953.HK,RIMBACO,Rimbaco Group Global Limited,Rimbaco Group Global Limited,RIMBACO,主板,L,20200428,,5000.0,KYG7569L1041,HKD
01955.HK,庄臣控股,香港庄臣控股有限公司,"Hong Kong Johnson Holdings Co., Ltd.",ZCKG,主板,L,20191016,,2000.0,KYG4588A1022,HKD
01957.HK,大人国际,中国大人国际有限公司,MBV International Limited,DRGJ,主板,L,20200708,,2500.0,KYG5954V1095,HKD
01958.HK,北京汽车,北京汽车股份有限公司,BAIC Motor Corporation Limited,BJQC,主板,L,20141219,,500.0,CNE100001TJ4,HKD
01959.HK,中聚投资,中聚投资集团有限公司,Zhong Ju Investment Group Limited,ZJTZ,主板,L,20191018,,2000.0,KYG2066U1031,HKD
01960.HK,TBKS HLDGS,TBK & Sons Holdings Limited,TBK & Sons Holdings Limited,TBKSHLDGS,主板,L,20190930,,5000.0,KYG5823C1006,HKD
01961.HK,多牛科技,多牛科技国际(开曼)集团有限公司,Infinities Technology International (Cayman) Holding Limited,DNKJ,主板,L,20200317,,2000.0,KYG5140P1072,HKD
01962.HK,训修实业,训修实业集团有限公司,Evergreen Products Group Limited,XXSY,主板,L,20170712,,2000.0,KYG322541072,HKD
01963.HK,重庆银行,重庆银行股份有限公司,"Bank Of Chongqing Co.,Ltd.",CQYH,主板,L,20131106,,500.0,CNE100001QN2,HKD
01965.HK,朗诗绿色生活,朗诗绿色生活服务有限公司,Landsea Green Life Service Company Limited,LSLSSH,主板,L,20210708,,1000.0,KYG5371B1086,HKD
01966.HK,中骏集团控股,中骏集团控股有限公司,China SCE Group Holdings Limited,ZJJTKG,主板,L,20100205,,1000.0,KYG211901064,HKD
01967.HK,信恳智能,信恳智能控股有限公司,Confidence Intelligence Holdings Limited,XKZN,主板,L,20191018,,200.0,KYG2R80A1009,HKD
01968.HK,兴纺控股,兴纺控股有限公司,Hingtex Holdings Limited,XFKG,主板,L,20180716,,4000.0,KYG459081033,HKD
01969.HK,中国春来,中国春来教育集团有限公司,"China Chunlai Education Group Co., Ltd.",ZGCL,主板,L,20180913,,1000.0,KYG2121L1068,HKD
01970.HK,IMAX CHINA,"IMAX China Holding, Inc.","IMAX China Holding, Inc.",IMAXCHINA,主板,L,20151008,,100.0,KYG476341030,HKD
01971.HK,弘阳服务,弘阳服务集团有限公司,Redsun Services Group Limited,HYFW,主板,L,20200707,,1000.0,KYG7457E1052,HKD
01972.HK,太古地产,太古地产有限公司,Swire Properties Ltd.,TGDC,主板,L,20120118,,200.0,HK0000063609,HKD
01973.HK,天图投资,深圳市天图投资管理股份有限公司,"Tian Tu Capital Co., Ltd.",TTTZ,主板,L,20231006,,400.0,CNE100005MW3,HKD
01975.HK,新兴印刷,新兴印刷控股有限公司,Sun Hing Printing Holdings Limited,XXYS,主板,L,20171116,,4000.0,KYG8587B1023,HKD
01977.HK,安乐工程,安乐工程集团有限公司,Analogue Holdings Limited,ALGC,主板,L,20190712,,2000.0,BMG0418N1083,HKD
01978.HK,叙福楼集团,叙福楼集团有限公司,LH Group Limited,XFLJT,主板,L,20180530,,2000.0,KYG547241029,HKD
01979.HK,天宝集团,天宝集团控股有限公司,Ten Pao Group Holdings Ltd.,TBJT,主板,L,20151211,,4000.0,KYG876031090,HKD
01980.HK,天鸽互动,天鸽互动控股有限公司,Tian Ge Interactive Holdings Limited,TGHD,主板,L,20140709,,1000.0,KYG887641085,HKD
01981.HK,华夏控股,华夏集团控股有限公司,Cathay Group Holdings Inc.,HXKG,主板,L,20200715,,1000.0,KYG1965A1013,HKD
01982.HK,南旋控股,南旋控股有限公司,Nameson Holdings Ltd.,NXKG,主板,L,20160412,,2000.0,KYG6362E1017,HKD
01983.HK,泸州银行,泸州银行股份有限公司,"Luzhou Bank Co., Ltd.",LZYH,主板,L,20181217,,1000.0,CNE100003FB6,HKD
01985.HK,美高域,美高域集团有限公司,Microware Group Limited,MGY,主板,L,20170308,,2000.0,KYG609061075,HKD
01986.HK,彩客新能源,彩客新能源科技有限公司,"Tsaker New Energy Tech Co., Limited",CKXNY,主板,L,20150703,,500.0,KYG910801045,HKD
01987.HK,BENG SOON MACH,Beng Soon Machinery Holdings Limited,Beng Soon Machinery Holdings Limited,BENGSOONMACH,主板,L,20191108,,4000.0,KYG0984U1067,HKD
01988.HK,民生银行,中国民生银行股份有限公司,"China Minsheng Banking Corp., Ltd.",MSYH,主板,L,20091126,,500.0,CNE100000HF9,HKD
01989.HK,广合科技,广州广合科技股份有限公司,Delton Technology (Guangzhou) Inc.,GHKJ,主板,L,20260320,,100.0,CNE100007HC1,HKD
01991.HK,大洋集团,大洋集团控股有限公司,Ta Yang Group Holdings Ltd.,DYJT,主板,L,20070608,,10000.0,KYG869171200,HKD
01993.HK,雅仕维,雅仕维传媒集团有限公司,Asiaray Media Group Limited,YSW,主板,L,20150115,,500.0,KYG0623M1015,HKD
01995.HK,永升服务,永升服务集团有限公司,Ever Sunshine Services Group Limited,YSFW,主板,L,20181217,,2000.0,KYG2139U1067,HKD
01996.HK,弘阳地产,弘阳地产集团有限公司,Redsun Properties Group Limited,HYDC,主板,L,20180712,,1000.0,KYG7459A1013,HKD
01997.HK,九龙仓置业,九龙仓置业地产投资有限公司,Wharf Real Estate Investment Company Limited,JLCZY,主板,L,20171123,,1000.0,KYG9593A1040,HKD
01999.HK,敏华控股,敏华控股有限公司,Man Wah Holdings Ltd.,MHKG,主板,L,20100409,,400.0,BMG5800U1071,HKD
02000.HK,晨讯科技,晨讯科技集团有限公司,SIM Technology Group Ltd.,CXKJ,主板,L,20050630,,2000.0,BMG814741010,HKD
02001.HK,新高教集团,中国新高教集团有限公司,China New Higher Education Group Limited,XGJJT,主板,L,20170419,,1000.0,KYG2163K1076,HKD
02002.HK,阳光纸业,中国阳光纸业控股有限公司,China Sunshine Paper Holdings Company Limited,YGZY,主板,L,20071212,,2000.0,KYG215A01058,HKD
02003.HK,维信金科,维信金科控股有限公司,Vcredit Holdings Limited,WXJK,主板,L,20180621,,200.0,KYG940441077,HKD
02005.HK,石四药集团,石四药集团有限公司,SSY Group Limited,SSYJT,主板,L,20051220,,2000.0,KYG8406X1034,HKD
02007.HK,碧桂园,碧桂园控股有限公司,Country Garden Holdings Company Limited,BGY,主板,L,20070420,,1000.0,KYG245241032,HKD
02008.HK,凤凰卫视,凤凰卫视投资(控股)有限公司,Phoenix Media Investment (Holdings) Limited,FHWS,主板,L,20081205,,1000.0,KYG706261255,HKD
02009.HK,金隅集团,北京金隅集团股份有限公司,BBMG Corporation,JYJT,主板,L,20090729,,1000.0,CNE100000F20,HKD
02011.HK,进腾集团,进腾集团有限公司,Gilston Group Limited,JTJT,主板,L,20110112,,2000.0,KYG2R11R1079,HKD
02012.HK,阳光油砂,阳光油砂有限公司,Sunshine Oilsands Ltd.,YGYS,主板,L,20120301,,1000.0,CA8678423044,HKD
02013.HK,微盟集团,微盟集团,Weimob Inc.,WMJT,主板,L,20190115,,1000.0,KYG9T20A1060,HKD
02015.HK,理想汽车-W,理想汽车,Li Auto Inc.,LXQCW,主板,L,20210812,,100.0,KYG5479M1050,HKD
02016.HK,浙商银行,浙商银行股份有限公司,"China Zheshang Bank Co., Ltd.",ZSYH,主板,L,20160330,,1000.0,CNE1000025S9,HKD
02017.HK,沧海控股,沧海控股有限公司,Chanhigh Holdings Limited,CHKG,主板,L,20170331,,2000.0,KYG2121A1004,HKD
02018.HK,瑞声科技,瑞声科技控股有限公司,AAC Technologies Holdings Inc.,RSKJ,主板,L,20050809,,500.0,KYG2953R1149,HKD
02020.HK,安踏体育,安踏体育用品有限公司,ANTA Sports Products Limited,ATTY,主板,L,20070710,,200.0,KYG040111059,HKD
02022.HK,游莱互动,游莱互动集团有限公司,Digital Hollywood Interactive Limited,YLHD,主板,L,20171215,,4000.0,KYG2871A1022,HKD
02023.HK,中国绿岛科技,中国绿岛科技有限公司,China Ludao Technology Company Limited,ZGLDKJ,主板,L,20131011,,4000.0,KYG215821045,HKD
02025.HK,瑞丰动力,瑞丰动力集团有限公司,Ruifeng Power Group Company Limited,RFDL,主板,L,20180105,,2000.0,KYG7714A1022,HKD
02026.HK,小马智行-W,小马智行,Pony AI Inc.,XMZXW,主板,L,20251106,,100.0,KYG7171B1068,HKD
02028.HK,映美控股,映美控股有限公司,Jolimark Holdings Limited,YMKG,主板,L,20050629,,2000.0,KYG516941005,HKD
02030.HK,卡宾,卡宾服饰有限公司,Cabbeen Fashion Ltd.,KB,主板,L,20131028,,1000.0,KYG3164W1087,HKD
02031.HK,澳至尊,澳至尊国际控股有限公司,Ausupreme International Holdings Limited,AZZ,主板,L,20160912,,5000.0,KYG066021091,HKD
02033.HK,时计宝,时计宝投资有限公司,Time Watch Investments Limited,SJB,主板,L,20130205,,2000.0,KYG8879M1050,HKD
02038.HK,富智康集团,富智康集团有限公司,FIH Mobile Limited,FZKJT,主板,L,20050203,,1000.0,KYG3472Y1199,HKD
02039.HK,中集集团,中国国际海运集装箱(集团)股份有限公司,"China International Marine Containers (Group) Co., Ltd.",ZJJT,主板,L,20121219,,100.0,CNE100001NN9,HKD
02048.HK,易居企业控股,易居(中国)企业控股有限公司,E-House (China) Enterprise Holdings Limited,YJQYKG,主板,L,20180720,,300.0,KYG2955A1013,HKD
02050.HK,三花智控,浙江三花智能控制股份有限公司,"Zhejiang Sanhua Intelligent Controls Co., Ltd.",SHZK,主板,L,20250623,,100.0,CNE100006Z79,HKD
02051.HK,VALA,Vala Inc.,Vala Inc.,VALA,主板,L,20180713,,10000.0,KYG341531096,HKD
02057.HK,中通快递-W,中通快递(开曼)有限公司,ZTO Express (Cayman) Inc.,ZTKDW,主板,L,20200929,,50.0,KYG9897K1058,HKD
02068.HK,中铝国际,中铝国际工程股份有限公司,China Aluminum International Engineering Corporation Limited,ZLGJ,主板,L,20120706,,1000.0,CNE100001F78,HKD
02076.HK,BOSS直聘-W,看准科技有限公司,KANZHUN LIMITED,BOSSZPW,主板,L,20221222,,100.0,KYG5224V1032,HKD
02078.HK,荣阳实业,荣阳实业集团有限公司,PanAsialum Holdings Company Limited,RYSY,主板,L,20130205,,1000.0,KYG688451098,HKD
02080.HK,奥克斯国际,奥克斯国际控股有限公司,AUX International Holdings Limited,AKSGJ,主板,L,20140123,,2000.0,KYG2947D1060,HKD
02086.HK,高维科技,高维科技投资集团有限公司,Leadway Technology Investment Group Limited,GWKJ,主板,L,20150929,,1000.0,KYG4527E1089,HKD
02088.HK,西王置业,西王置业控股有限公司,Xiwang Property Holdings Company Limited,XWZY,主板,L,20051209,,2000.0,BMG9829U1062,HKD
02096.HK,先声药业,先声药业集团有限公司,Simcere Pharmaceutical Group Limited,XSYY,主板,L,20201027,,1000.0,HK0000658531,HKD
02097.HK,蜜雪集团,蜜雪冰城股份有限公司,MIXUE Group,MXJT,主板,L,20250303,,100.0,CNE100006T36,HKD
02098.HK,卓尔智联,卓尔智联集团有限公司,Zall Smart Commerce Group Ltd.,ZEZL,主板,L,20110713,,1000.0,KYG9888C1125,HKD
02099.HK,中国黄金国际,中国黄金国际资源有限公司,China Gold International Resources Corp. Ltd.,ZGHJGJ,主板,L,20101201,,100.0,CA16890P1036,HKD
02100.HK,百奥家庭互动,百奥家庭互动有限公司,BAIOO Family Interactive Limited,BAJTHD,主板,L,20140410,,2000.0,KYG070381051,HKD
02101.HK,福禄控股,福禄控股有限公司,Fulu Holdings Limited,FLKG,主板,L,20200918,,500.0,KYG3691U1040,HKD
02102.HK,德利机械,德利机械控股有限公司,Tak Lee Machinery Holdings Limited,DLJX,主板,L,20201006,,10000.0,KYG866501011,HKD
02105.HK,来凯医药-B,来凯医药有限公司,"Laekna, Inc.",LKYYB,主板,L,20230629,,500.0,KYG5340S1093,HKD
02107.HK,第一服务控股,第一服务控股有限公司,First Service Holding Limited,DYFWKG,主板,L,20201022,,2500.0,KYG3483A1004,HKD
02108.HK,K2 F&B,K2 F&B Holdings Limited,K2 F&B Holdings Limited,K2FB,主板,L,20190306,,4000.0,KYG5225H1039,HKD
02110.HK,天成控股,天成控股有限公司,Tian Cheng holdings Limited,TCKG,主板,L,20201207,,10000.0,KYG9877W1116,HKD
02111.HK,超盈国际控股,超盈国际控股有限公司,Best Pacific International Holdings Limited,CYGJKG,主板,L,20140523,,2000.0,KYG106891008,HKD
02112.HK,恩典生命科技,恩典生命科技控股有限公司,Grace Life-tech Holdings Limited,EDSMKJ,主板,L,20130703,,2000.0,KYG3164G1038,HKD
02113.HK,世纪集团国际,世纪集团国际控股有限公司,Century Group International Holdings Limited,SJJTGJ,主板,L,20161017,,5000.0,KYG2031R1020,HKD
02116.HK,江苏创新,江苏创新环保新材料有限公司,Jiangsu Innovative Ecological New Materials Limited,JSCX,主板,L,20180328,,2000.0,KYG5140A1004,HKD
02119.HK,捷荣国际控股,捷荣国际控股有限公司,Tsit Wing International Holdings Limited,JRGJKG,主板,L,20180511,,2000.0,BMG9113W1073,HKD
02120.HK,康宁医院,温州康宁医院股份有限公司,"Wenzhou Kangning Hospital Co., Ltd.",KNYY,主板,L,20151120,,100.0,CNE100002383,HKD
02121.HK,创新奇智,创新奇智科技集团股份有限公司,"AInnovation Technology Group Co., Ltd",CXQZ,主板,L,20220127,,100.0,CNE1000055Z1,HKD
02122.HK,凯知乐国际,凯知乐国际控股有限公司,Kidsland International Holdings Limited,KZLGJ,主板,L,20171110,,2000.0,KYG5259R1002,HKD
02125.HK,稻草熊娱乐,稻草熊娱乐集团,Strawbear Entertainment Group,DCXYL,主板,L,20210115,,1000.0,KYG8533A1094,HKD
02126.HK,药明巨诺-B,药明巨诺(开曼)有限公司,JW (Cayman) Therapeutics Co. Ltd,YMJNB,主板,L,20201103,,500.0,KYG5210T1040,HKD
02127.HK,汇森股份,汇森股份集团有限公司,Huisen Shares Group Limited,HSGF,主板,L,20201229,,2000.0,KYG4645D1079,HKD
02128.HK,中国联塑,中国联塑集团控股有限公司,China Lesso Group Holdings Limited,ZGLS,主板,L,20100623,,1000.0,KYG2157Q1029,HKD
02129.HK,LEGION CONSO,Legion Consortium Limited,Legion Consortium Limited,LEGIONCONSO,主板,L,20210113,,5000.0,KYG5S52A1066,HKD
02130.HK,嘉泓物流,嘉泓物流国际控股有限公司,CN Logistics International Holdings Limited,JHWL,主板,L,20201015,,1000.0,KYG2353J1004,HKD
02131.HK,云想科技,云想科技控股有限公司,Netjoy Holdings Limited,YXKJ,主板,L,20201217,,1000.0,KYG6429L1068,HKD
02132.HK,誉燊丰控股,誉燊丰控股有限公司,Landrich Holding Limited,YSFKG,主板,L,20201020,,8000.0,KYG5372A1094,HKD
02135.HK,瑞丽医美,瑞丽医美国际控股有限公司,Raily Aesthetic Medicine International Holdings Limited,RLYM,主板,L,20201228,,10000.0,KYG7356A1215,HKD
02136.HK,利福中国,利福中国集团有限公司,Lifestyle China Group Ltd.,LFZG,主板,L,20160715,,500.0,KYG548741050,HKD
02137.HK,腾盛博药-B,腾盛博药生物科技有限公司,Brii Biosciences Limited,TSBYB,主板,L,20210713,,500.0,KYG1645A1094,HKD
02138.HK,医思健康,医思健康,EC Healthcare,YSJK,主板,L,20160311,,1000.0,KYG3037S1021,HKD
02139.HK,甘肃银行,甘肃银行股份有限公司,"Bank Of Gansu Co., Ltd.",GSYH,主板,L,20180118,,1000.0,CNE100002RW9,HKD
02142.HK,和铂医药-B,和铂医药控股有限公司,HBM Holdings Limited,HBYYB,主板,L,20201210,,1000.0,KYG4403H1002,HKD
02145.HK,上美股份,上海上美化妆品股份有限公司,"Shanghai Chicmax Cosmetic Co., Ltd.",SMGF,主板,L,20221222,,100.0,CNE100005MX1,HKD
02146.HK,荣万家,荣万家生活服务股份有限公司,"Roiserv Lifestyle Services Co., Ltd.",RWJ,主板,L,20210115,,500.0,CNE1000049J8,HKD
02147.HK,正味集团,正味集团控股有限公司,Zhengwei Group Holdings Company Limited,ZWJT,主板,L,20230113,,4000.0,KYG989MG1150,HKD
02149.HK,贝克微,苏州贝克微电子股份有限公司,"BaTeLab Co., Ltd.",BKW,主板,L,20231228,,100.0,CNE100006B10,HKD
02150.HK,奈雪的茶,奈雪的茶控股有限公司,Nayuki Holdings Limited,NXDC,主板,L,20210630,,500.0,KYG6432S1066,HKD
02152.HK,苏新服务,苏新美好生活服务股份有限公司,"Suxin Joyful Life Services Co., Ltd.",SXFW,主板,L,20220824,,500.0,CNE100005HN2,HKD
02153.HK,达丰设备,达丰设备服务有限公司,"Tat Hong Equipment Service Co., Ltd.",DFSB,主板,L,20210113,,2000.0,KYG8683B1059,HKD
02155.HK,森松国际,森松国际控股有限公司,Morimatsu International Holdings Company Limited,SSGJ,主板,L,20210628,,1000.0,HK0000709128,HKD
02156.HK,建发物业,建发物业管理集团有限公司,"C&D Property Management Group Co., Ltd",JFWY,主板,L,20201231,,1000.0,VGG3165E1079,HKD
02157.HK,乐普生物-B,乐普生物科技股份有限公司,"Lepu Biopharma Co., Ltd.",LPSWB,主板,L,20220223,,1000.0,CNE100004SM4,HKD
02158.HK,医渡科技,医渡科技有限公司,Yidu Tech Inc.,YDKJ,主板,L,20210115,,100.0,KYG9845C1069,HKD
02159.HK,麦迪卫康,麦迪卫康健康医疗管理科技股份有限公司,Mediwelcome Healthcare Management & Technology Inc.,MDWK,主板,L,20210119,,8000.0,KYG5960A1076,HKD
02160.HK,微创心通-B,微创心通医疗科技有限公司,MicroPort CardioFlow Medtech Corporation,WCXTB,主板,L,20210204,,1000.0,KYG6082P1211,HKD
02161.HK,健倍苗苗,健倍苗苗(保健)有限公司,JBM (Healthcare) Limited,JBMM,主板,L,20210205,,2000.0,KYG1090B1077,HKD
02162.HK,康诺亚-B,康诺亚生物医药科技有限公司,Keymed Biosciences Inc.,KNYB,主板,L,20210708,,500.0,KYG5252B1023,HKD
02163.HK,远大住工,长沙远大住宅工业集团股份有限公司,"Changsha Broad Homes Industrial Group Co., Ltd.",YDZG,主板,L,20191106,,300.0,CNE100003NK1,HKD
02165.HK,领悦服务集团,领悦服务集团有限公司,Ling Yue Services Group Limited,LYFWJT,主板,L,20210712,,1000.0,KYG5500R1074,HKD
02166.HK,芯智控股,芯智控股有限公司,Smart-Core Holdings Ltd.,XZKG,主板,L,20161007,,2000.0,KYG8211R1011,HKD
02167.HK,天润云,天润云股份有限公司,TI Cloud Inc.,TRY,主板,L,20220630,,200.0,KYG8933A1058,HKD
02168.HK,佳兆业美好,佳兆业美好集团有限公司,Kaisa Prosperity Holdings Limited,JZYMH,主板,L,20181206,,250.0,KYG522441032,HKD
02169.HK,沧港铁路,沧港铁路有限公司,Canggang Railway Limited,CGTL,主板,L,20201023,,2000.0,KYG1820D1189,HKD
02170.HK,贝康医疗-B,苏州贝康医疗股份有限公司,Suzhou Basecare Medical Corporation Limited,BKYLB,主板,L,20210208,,500.0,CNE100004BC1,HKD
02171.HK,科济药业-B,科济药业控股有限公司,CARsgen Therapeutics Holdings Limited,KJYYB,主板,L,20210618,,500.0,KYG1996C1006,HKD
02172.HK,微创脑科学,微创脑科学有限公司,MicroPort NeuroScientific Corporation,WCNKX,主板,L,20220715,,1000.0,KYG6083E1098,HKD
02175.HK,中国通才教育,中国通才教育集团有限公司,China General Education Group Limited,ZGTCJY,主板,L,20210716,,1000.0,KYG2124H1020,HKD
02176.HK,赛迪顾问,赛迪顾问股份有限公司,CCID Consulting Co. Limited,SDGW,主板,L,20210514,,10000.0,CNE1000000Y0,HKD
02177.HK,优趣汇控股,优趣汇控股有限公司,UNQ Holdings Limited,YQHKG,主板,L,20210712,,200.0,KYG9412Z1081,HKD
02178.HK,百勤油服,百勤油田服务有限公司,Petro-king Oilfield Services Limited,BQYF,主板,L,20130306,,1000.0,VGG7042T1049,HKD
02179.HK,瑞科生物-B,江苏瑞科生物技术股份有限公司,"Jiangsu Recbio Technology Co., Ltd.",RKSWB,主板,L,20220331,,500.0,CNE1000057K9,HKD
02180.HK,万宝盛华,万宝盛华大中华有限公司,ManpowerGroup Greater China Limited,WBSH,主板,L,20190710,,250.0,KYG5795B1068,HKD
02181.HK,迈博药业-B,迈博药业有限公司,Mabpharm Limited,MBYYB,主板,L,20190531,,2000.0,KYG5780F1046,HKD
02182.HK,天长集团,天长集团控股有限公司,Tian Chang Group Holdings Ltd.,TCJT,主板,L,20180308,,4000.0,KYG887331034,HKD
02185.HK,百心安-B,上海百心安生物技术股份有限公司,"Shanghai Bio-heart Biological Technology Co., Ltd.",BXAB,主板,L,20211223,,100.0,CNE100004JH3,HKD
02186.HK,绿叶制药,绿叶制药集团有限公司,Luye Pharma Group Ltd.,LYZY,主板,L,20140709,,500.0,BMG570071099,HKD
02187.HK,智欣集团控股,智欣集团控股有限公司,Zhixin Group Holding Limited,ZXJTKG,主板,L,20210326,,2000.0,KYG989A41070,HKD
02188.HK,泰坦能源技术,中国泰坦能源技术集团有限公司,"China Titans Energy Technology Group Co., Limited",TTNYJS,主板,L,20100528,,2000.0,KYG2113Y1089,HKD
02189.HK,嘉涛(香港)控股,嘉涛(香港)控股有限公司,Kato (Hong Kong) Holdings Limited,JTXGKG,主板,L,20190613,,4000.0,KYG5216P1063,HKD
02190.HK,归创通桥,归创通桥医疗科技股份有限公司,"Zylox-Tonbridge Medical Technology Co., Ltd.",GCTQ,主板,L,20210705,,500.0,CNE100004JD2,HKD
02192.HK,医脉通,医脉通科技有限公司,"Medlive Technology Co., Ltd.",YMT,主板,L,20210715,,500.0,KYG5961B1041,HKD
02193.HK,万景控股,万景控股有限公司,Man King Holdings Ltd.,WJKG,主板,L,20150703,,4000.0,KYG5860S1093,HKD
02195.HK,盈汇企业控股,盈汇企业控股有限公司,Unity Enterprise Holdings Limited,YHQYKG,主板,L,20210331,,10000.0,KYG9460D1161,HKD
02196.HK,复星医药,上海复星医药(集团)股份有限公司,"Shanghai Fosun Pharmaceutical (Group) Co., Ltd.",FXYY,主板,L,20121030,,500.0,CNE100001M79,HKD
02197.HK,三叶草生物-B,三叶草生物制药有限公司,"Clover Biopharmaceuticals, Ltd.",SYCSWB,主板,L,20211105,,500.0,KYG2280A1076,HKD
02198.HK,中国三江化工,中国三江精细化工有限公司,China Sanjiang Fine Chemicals Company Limited,ZGSJHG,主板,L,20100916,,1000.0,KYG211861045,HKD
02199.HK,维珍妮,维珍妮国际(控股)有限公司,Regina Miracle International (Holdings) Limited,WZN,主板,L,20151008,,1000.0,KYG748071019,HKD
02202.HK,万科企业,万科企业股份有限公司,"China Vanke Co., Ltd.",WKQY,主板,L,20140625,,100.0,CNE100001SR9,HKD
02203.HK,脑洞科技,脑洞科技有限公司,Brainhole Technology Limited,NDKJ,主板,L,20170721,,10000.0,KYG1300A1058,HKD
02205.HK,康桥悦生活,康桥悦生活集团有限公司,Kangqiao Service Group Limited,KQYSH,主板,L,20210716,,1000.0,KYG5224S1003,HKD
02208.HK,金风科技,金风科技股份有限公司,"Goldwind Science & Technology Co., Ltd.",JFKJ,主板,L,20101008,,200.0,CNE100000PP1,HKD
02209.HK,喆丽控股,喆丽控股有限公司,YesAsia Holdings Limited,ZLKG,主板,L,20210709,,1000.0,HK0000748381,HKD
02210.HK,京城佳业,北京京城佳业物业股份有限公司,"Beijing Capital Jiaye Property Services Co., Limited",JCJY,主板,L,20211110,,400.0,CNE100004SN2,HKD
02211.HK,大健康国际,大健康国际集团控股有限公司,Universal Health International Group Holding Limited,DJKGJ,主板,L,20131212,,5000.0,KYG9302L1288,HKD
02212.HK,高鹏矿业,高鹏矿业控股有限公司,Future Bright Mining Holdings Limited,GPKY,主板,L,20150109,,10000.0,KYG3700E1338,HKD
02215.HK,德信服务集团,德信服务集团有限公司,Dexin Services Group Limited,DXFWJT,主板,L,20210715,,1000.0,KYG2823B1095,HKD
02216.HK,堃博医疗-B,堃博医疗控股有限公司,Broncus Holding Corporation,KBYLB,主板,L,20210924,,500.0,KYG1609T1022,HKD
02218.HK,安德利果汁,烟台北方安德利果汁股份有限公司,"Yantai North Andre Juice Co., Ltd.",ADLGZ,主板,L,20110119,,500.0,CNE1000005B7,HKD
02219.HK,朝聚眼科,朝聚眼科医疗控股有限公司,Chaoju Eye Care Holdings Limited,CJYK,主板,L,20210707,,500.0,KYG2047K1094,HKD
02221.HK,创业集团控股,创业集团(控股)有限公司,New Concepts Holdings Ltd.,CYJTKG,主板,L,20140919,,4000.0,KYG644671227,HKD
02222.HK,雷士国际,雷士国际控股有限公司,NVC International Holdings Limited,LSGJ,主板,L,20100520,,10000.0,KYG6700A1186,HKD
02223.HK,卡撒天娇,卡撒天娇集团有限公司,Casablanca Group Limited,KSTJ,主板,L,20121123,,2000.0,KYG192861063,HKD
02225.HK,今海医疗科技,今海医疗科技股份有限公司,Jinhai Medical Technology Limited,JHYLKJ,主板,L,20171017,,5000.0,KYG5140Y1162,HKD
02226.HK,老恒和酿造,老恒和酿造有限公司,Honworld Group Limited,LHHNZ,主板,L,20140128,,500.0,KYG4598A1004,HKD
02227.HK,守益控股,守益控股有限公司,Solis Holdings Limited,SYKG,主板,L,20171211,,4000.0,KYG8274E1044,HKD
02228.HK,晶泰控股,晶泰控股有限公司,XtalPi Holdings Limited,JTKG,主板,L,20240613,,1000.0,KYG7S12M1051,HKD
02230.HK,羚邦集团,羚邦集团有限公司,Medialink Group Limited,LBJT,主板,L,20190521,,5000.0,KYG5958A1013,HKD
02231.HK,景业名邦集团,景业名邦集团控股有限公司,JY Grandmark Holdings Limited,JYMBJT,主板,L,20191205,,1000.0,KYG831121051,HKD
02232.HK,晶苑国际,晶苑国际集团有限公司,Crystal International Group Limited,JYGJ,主板,L,20171103,,500.0,KYG2701R1011,HKD
02233.HK,西部水泥,中国西部水泥有限公司,West China Cement Limited,XBSN,主板,L,20100823,,2000.0,JE00B3MW7P88,HKD
02235.HK,微泰医疗-B,微泰医疗器械(杭州)股份有限公司,"MicroTech Medical (Hangzhou) Co., Ltd.",WTYLB,主板,L,20211019,,100.0,CNE100004QN6,HKD
02236.HK,惠生工程,惠生工程技术服务有限公司,Wison Engineering Services Co. Ltd.,HSGC,主板,L,20121228,,1000.0,KYG972301090,HKD
02237.HK,中国石墨,中国石墨集团有限公司,China Graphite Group Limited,ZGSM,主板,L,20220718,,10000.0,KYG2123S1093,HKD
02238.HK,广汽集团,广州汽车集团股份有限公司,"Guangzhou Automobile Group Co., Ltd.",GQJT,主板,L,20100830,,2000.0,CNE100000Q35,HKD
02239.HK,国微控股,国微控股有限公司,SMIT Holdings Ltd.,GWKG,主板,L,20160330,,1000.0,KYG824001054,HKD
02245.HK,力勤资源,宁波力勤资源科技股份有限公司,"Lygend Resources & Technology Co., Ltd.",LQZY,主板,L,20221201,,200.0,CNE100005M34,HKD
02246.HK,快狗打车,快狗打车控股有限公司,Gogox Holdings Limited,KGDC,主板,L,20220624,,2000.0,KYG9482E1180,HKD
02250.HK,小黄鸭德盈,小黄鸭德盈控股国际有限公司,B. Duck Semk Holdings International Limited,XHYDY,主板,L,20220117,,1000.0,KYG8021U1040,HKD
02251.HK,鹰瞳科技-B,北京鹰瞳科技发展股份有限公司,"Beijing Airdoc Technology Co., Ltd.",YTKJB,主板,L,20211105,,100.0,CNE100004QQ9,HKD
02252.HK,微创机器人-B,上海微创医疗机器人(集团)股份有限公司,"Shanghai MicroPort MedBot (Group) Co., Ltd.",WCJQRB,主板,L,20211102,,500.0,CNE100004QP1,HKD
02255.HK,海昌海洋公园,海昌海洋公园控股有限公司,Haichang Ocean Park Holdings Ltd.,HCHYGY,主板,L,20140313,,1000.0,KYG4231A1114,HKD
02256.HK,和誉-B,和誉开曼有限责任公司,Abbisko Cayman Limited,HYB,主板,L,20211013,,1000.0,KYG0028A1085,HKD
02257.HK,圣诺医药-B,圣诺医药,Sirnaomics Ltd.,SNYYB,主板,L,20211230,,50.0,KYG2050P1028,HKD
02258.HK,华滋国际海洋,华滋国际海洋股份有限公司,Watts International Maritime Company Limited,HZGJHY,主板,L,20181119,,2000.0,KYG949091014,HKD
02259.HK,紫金黄金国际,紫金黄金国际有限公司,Zijin Gold International Company Limited,ZJHJGJ,主板,L,20250930,,100.0,HK0001200002,HKD
02260.HK,环龙控股,环龙控股有限公司,Vanov Holdings Company Limited,HLKG,主板,L,20220111,,2000.0,KYG9385Z1019,HKD
02262.HK,梁志天设计集团,梁志天设计集团有限公司,Steve Leung Design Group Limited,LZTSJJT,主板,L,20180705,,3000.0,KYG8492R1011,HKD
02263.HK,富石金融,富石金融控股有限公司,Fu Shek Financial Holdings Limited,FSJR,主板,L,20200219,,10000.0,KYG3709G1055,HKD
02265.HK,鸿承环保科技,鸿承环保科技有限公司,Hongcheng Environmental Technology Company Limited,HCHBKJ,主板,L,20211112,,5000.0,KYG4596V1068,HKD
02266.HK,黎氏企业,黎氏企业控股有限公司,Lai Si Enterprise Holding Limited,LSQY,主板,L,20170210,,2000.0,KYG5352A1031,HKD
02268.HK,药明合联,药明合联生物技术有限公司,WuXi XDC Cayman Inc.,YMHL,主板,L,20231117,,500.0,KYG9808A1058,HKD
02269.HK,药明生物,药明生物技术有限公司,Wuxi Biologics (Cayman) Inc.,YMSW,主板,L,20170613,,500.0,KYG970081173,HKD
02270.HK,德商产投服务,德商产投服务集团有限公司,"Desun Real Estate Investment Services Group Co., Ltd.",DSCTFW,主板,L,20211217,,2000.0,KYG2743D1025,HKD
02271.HK,众安智慧生活,众安智慧生活服务有限公司,Zhong An Intelligent Living Service Limited,ZAZHSH,主板,L,20230718,,2000.0,KYG989AC1091,HKD
02273.HK,固生堂,固生堂控股有限公司,Gushengtang Holdings Limited,GST,主板,L,20211210,,100.0,KYG4212K1040,HKD
02276.HK,康耐特光学,上海康耐特光学科技集团股份有限公司,"Shanghai Conant Optical Co., Ltd.",KNTGX,主板,L,20211216,,100.0,CNE100004Z14,HKD
02279.HK,雍禾医疗,雍禾医疗集团有限公司,"Yonghe Medical Group Co., Ltd.",YHYL,主板,L,20211213,,500.0,KYG5688E1008,HKD
02280.HK,慧聪集团,慧聪集团有限公司,HC Group Inc.,HCJT,主板,L,20141010,,500.0,KYG4364T1013,HKD
02281.HK,兴泸水务,泸州市兴泸水务(集团)股份有限公司,"Luzhou Xinglu Water (Group) Co., Ltd.",XLSW,主板,L,20170331,,1000.0,CNE100002FH5,HKD
02282.HK,美高梅中国,美高梅中国控股有限公司,MGM China Holdings Limited,MGMZG,主板,L,20110603,,400.0,KYG607441022,HKD
02283.HK,东江集团控股,东江集团(控股)有限公司,TK Group (Holdings) Ltd.,DJJTKG,主板,L,20131220,,2000.0,KYG889391069,HKD
02285.HK,泉峰控股,泉峰控股有限公司,Chervon Holdings Limited,QFKG,主板,L,20211230,,100.0,HK0000811882,HKD
02286.HK,辰兴发展,辰兴发展控股有限公司,Chen Xing Development Holdings Limited,CXFZ,主板,L,20150703,,1000.0,KYG2087W1042,HKD
02288.HK,宏基资本,宏基资本有限公司,Rykadan Capital Limited,HJZB,主板,L,20090821,,1000.0,KYG7750P1046,HKD
02289.HK,创美药业,创美药业股份有限公司,"Charmacy Pharmaceutical Co., Ltd.",CMYY,主板,L,20151214,,500.0,CNE1000023D6,HKD
02291.HK,心泰医疗,乐普心泰医疗科技(上海)股份有限公司,"Lepu Scientech Medical Technology (Shanghai) Co., Ltd.",XTYL,主板,L,20221108,,1000.0,CNE1000057M5,HKD
02293.HK,百本医护,百本医护控股有限公司,Bamboos Health Care Holdings Ltd.,BBYH,主板,L,20170301,,4000.0,KYG072191011,HKD
02295.HK,丰城控股,丰城控股有限公司,Maxicity Holdings Limited,FCKG,主板,L,20211231,,5000.0,KYG5897S1066,HKD
02297.HK,润迈德-B,润迈德医疗有限公司,Rainmed Medical Limited,RMDB,主板,L,20220708,,1000.0,KYG7360A1094,HKD
02298.HK,都市丽人,都市丽人(中国)控股有限公司,Cosmo Lady (China) Holdings Company Limited,DSLR,主板,L,20140626,,1000.0,KYG244421080,HKD
02299.HK,百宏实业,百宏实业控股有限公司,Billion Industrial Holdings Limited,BHSY,主板,L,20110518,,2000.0,KYG110431098,HKD
02302.HK,中核国际,中核国际有限公司,CNNC International Limited,ZHGJ,主板,L,20030106,,1000.0,KYG2352X1262,HKD
02306.HK,乐华娱乐,乐华娱乐集团,YH Entertainment Group,YHYL,主板,L,20230119,,3000.0,KYG9844S1021,HKD
02307.HK,锦兴国际控股,锦兴国际控股有限公司,Kam Hing International Holdings Ltd.,JXGJKG,主板,L,20040923,,2000.0,KYG5213T1013,HKD
02309.HK,大象未来集团,大象未来集团,ZO Future Group,DXWLJT,主板,L,20021112,,2000.0,KYG1132K1233,HKD
02310.HK,时代环球集团,时代环球集团控股有限公司,Times Universal Group Holdings Limited,SDHQJT,主板,L,20030704,,2000.0,HK2310012334,HKD
02312.HK,LONG投资集团,Long投资集团,Long Investment Corp,LONGTZJT,主板,L,20021028,,10000.0,KYG2153Z2137,HKD
02313.HK,申洲国际,申洲国际集团控股有限公司,Shenzhou International Group Holdings Limited,SZGJ,主板,L,20051124,,100.0,KYG8087W1015,HKD
02314.HK,理文造纸,理文造纸有限公司,Lee & Man Paper Manufacturing Limited,LWZZ,主板,L,20030926,,1000.0,KYG5427W1309,HKD
02315.HK,百奥赛图-B,百奥赛图(北京)医药科技股份有限公司,"Biocytogen Pharmaceuticals (Beijing) Co., Ltd.",BASTB,主板,L,20220901,,500.0,CNE100005D27,HKD
02317.HK,味丹国际,味丹国际(控股)有限公司,Vedan International (Holdings) Limited,WDGJ,主板,L,20030627,,4000.0,KYG9327M1015,HKD
02318.HK,中国平安,中国平安保险(集团)股份有限公司,"Ping An Insurance (Group) Company of China, Ltd.",ZGPA,主板,L,20040624,,500.0,CNE1000003X6,HKD
02319.HK,蒙牛乳业,中国蒙牛乳业有限公司,China Mengniu Dairy Company Limited,MNRY,主板,L,20040610,,1000.0,KYG210961051,HKD
02320.HK,合丰集团,合丰集团控股有限公司,Hop Fung Group Holdings Ltd.,HFJT,主板,L,20030924,,2000.0,KYG459991025,HKD
02321.HK,双财庄,双财庄有限公司,Swang Chai Chuan Limited,SCZ,主板,L,20220819,,5000.0,KYG8601A1067,HKD
02322.HK,新质数字,新质数字科技有限公司,Modern Innovative Digital Technology Company Limited,XZSZ,主板,L,20030409,,8000.0,BMG6181H1034,HKD
02323.HK,融科控股,融科控股集团有限公司,Renco Holdings Group Limited,RKKG,主板,L,20020621,,2000.0,BMG749131071,HKD
02324.HK,首都创投,首都创投有限公司,Capital VC Limited,SDCT,主板,L,20031027,,10000.0,KYG1889C2251,HKD
02325.HK,云康集团,云康集团有限公司,Yunkang Group Limited,YKJT,主板,L,20220518,,3000.0,KYG9889T1067,HKD
02326.HK,新源万恒控股,新源万恒控股有限公司,New Provenance Everlasting Holdings Limited,XYWHKG,主板,L,20030303,,10000.0,BMG6475L1090,HKD
02327.HK,美瑞健康国际,美瑞健康国际产业集团有限公司,Meilleure Health International Industry Group Limited,MRJKGJ,主板,L,20031014,,6000.0,BMG5975D1048,HKD
02328.HK,中国财险,中国人民财产保险股份有限公司,PICC Property and Casualty Company Limited,ZGCX,主板,L,20031106,,2000.0,CNE100000593,HKD
02329.HK,国瑞健康,国瑞健康产业有限公司,Glory Health Industry Limited,GRJK,主板,L,20140707,,1000.0,KYG394071040,HKD
02330.HK,中国上城,中国上城集团有限公司,China Uptown Group Company Limited,ZGSC,主板,L,20030129,,8000.0,KYG2111Y1347,HKD
02331.HK,李宁,李宁有限公司,Li Ning Co. Ltd.,LN,主板,L,20040628,,500.0,KYG5496K1242,HKD
02333.HK,长城汽车,长城汽车股份有限公司,Great Wall Motor Company Limited,CCQC,主板,L,20031215,,500.0,CNE100000338,HKD
02336.HK,硕奥国际,硕奥国际控股有限公司,Shuoao International Holdings Limited,SAGJ,主板,L,20030303,,10000.0,KYG4233P1081,HKD
02337.HK,众诚能源,众诚能源控股有限公司,United Strength Power Holdings Limited,ZCNY,主板,L,20171016,,1000.0,KYG9354A1031,HKD
02338.HK,潍柴动力,潍柴动力股份有限公司,"Weichai Power Co., Ltd.",WCDL,主板,L,20040311,,1000.0,CNE1000004L9,HKD
02339.HK,京西国际,京西重工国际有限公司,BeijingWest Industries International Limited,JXGJ,主板,L,20031010,,2000.0,KYG1145N1144,HKD
02340.HK,升柏控股,升柏控股有限公司,ISP Holdings Limited,SBKG,主板,L,20031009,,4000.0,BMG8646Z1086,HKD
02342.HK,京信通信,京信通信系统控股有限公司,Comba Telecom Systems Holdings Ltd.,JXTX,主板,L,20030715,,2000.0,KYG229721140,HKD
02343.HK,太平洋航运,太平洋航运集团有限公司,Pacific Basin Shipping Limited,TPYHY,主板,L,20040714,,1000.0,BMG684371393,HKD
02347.HK,友和集团,友和集团控股有限公司,Yoho Group Holdings Limited,YHJT,主板,L,20220610,,2000.0,KYG8891T1040,HKD
02348.HK,东瑞制药,东瑞制药(控股)有限公司,Dawnrays Pharmaceutical (Holdings) Limited,DRZY,主板,L,20030711,,4000.0,KYG2687M1006,HKD
02349.HK,中国城市基础设施,中国城市基础设施集团有限公司,China City Infrastructure Group Limited,ZGCSJCSS,主板,L,20030625,,4000.0,KYG2118E1070,HKD
02350.HK,数科集团,数科集团控股有限公司,MTT Group Holdings Limited,SKJT,主板,L,20220926,,5000.0,KYG632451079,HKD
02352.HK,东原仁知服务,东原仁知城市运营服务集团股份有限公司,Dowell Service Group Co. Limited,DYRZFW,主板,L,20220429,,200.0,CNE1000058Z5,HKD
02355.HK,宝业集团,宝业集团股份有限公司,"Baoye Group Co., Ltd.",BYJT,主板,L,20030630,,2000.0,CNE100000213,HKD
02356.HK,大新银行集团,大新银行集团有限公司,Dah Sing Banking Group Ltd.,DXYHJT,主板,L,20040630,,400.0,HK2356013600,HKD
02357.HK,中航科工,中国航空科技工业股份有限公司,AviChina Industry & Technology Company Limited,ZHKG,主板,L,20031030,,1000.0,CNE1000001Y8,HKD
02358.HK,久融控股,久融控股有限公司,Jiu Rong Holdings Limited,JRKG,主板,L,20040715,,10000.0,KYG5139B1014,HKD
02359.HK,药明康德,无锡药明康德新药开发股份有限公司,"Wuxi Apptec Co., Ltd.",YMKD,主板,L,20181213,,100.0,CNE100003F19,HKD
02360.HK,优品360,优品360控股有限公司,Best Mart 360 Holdings Limited,YP360,主板,L,20190111,,2000.0,KYG1065A1004,HKD
02361.HK,中康科技控股,中康科技控股有限公司,Sinohealth Technology Holdings Limited,ZKKJKG,主板,L,20220712,,500.0,KYG8192Q1064,HKD
02362.HK,金川国际,金川集团国际资源有限公司,Jinchuan Group International Resources Co. Ltd,JCGJ,主板,L,20031027,,1000.0,KYG5138B1023,HKD
02363.HK,通达宏泰,通达宏泰控股有限公司,Tongda Hong Tai Holdings Limited,TDHT,主板,L,20180316,,5000.0,KYG8919C1252,HKD
02367.HK,巨子生物,巨子生物控股有限公司,"Giant Biogene Holding Co., Ltd",JZSW,主板,L,20221104,,200.0,KYG3887G1091,HKD
02368.HK,鹰美,鹰美(国际)控股有限公司,Eagle Nice (International) Holdings Ltd.,YM,主板,L,20030822,,2000.0,KYG2951U1013,HKD
02369.HK,酷派集团,酷派集团有限公司,Coolpad Group Limited,KPJT,主板,L,20041209,,4000.0,KYG2418K1343,HKD
02370.HK,力高健康生活,力高健康生活有限公司,Redco Healthy Living Company Limited,LGJKSH,主板,L,20220331,,500.0,KYG7419Y1089,HKD
02371.HK,创联控股,创联控股有限公司,Chuanglian Holdings Limited,CLKG,主板,L,20041118,,8000.0,KYG2114J1269,HKD
02372.HK,伟立控股,伟立控股有限公司,WEIli Holdings Limited,WLKG,主板,L,20220630,,4000.0,KYG9T2091096,HKD
02373.HK,美丽田园医疗健康,美丽田园医疗健康产业有限公司,Beauty Farm Medical and Health Industry Inc.,MLTYYLJK,主板,L,20230116,,500.0,KYG0929L1041,HKD
02376.HK,鲁商服务,鲁商生活服务股份有限公司,"Lushang Life Services Co., Ltd.",LSFW,主板,L,20220708,,500.0,CNE100005DD2,HKD
02377.HK,博奇环保,中国博奇环保(控股)有限公司,"China Boqi Environmental (Holding) Co., Ltd.",BQHB,主板,L,20180316,,1000.0,KYG2153A1013,HKD
02378.HK,保诚,保诚有限公司,Prudential plc,BC,主板,L,20100525,,50.0,GB0007099541,HKD
02380.HK,中国电力,中国电力国际发展有限公司,China Power International Development Limited,ZGDL,主板,L,20041015,,1000.0,HK2380027329,HKD
02381.HK,蚬壳电业,蚬壳电业有限公司,SMC Electric Limited,XKDY,主板,L,20200602,,10000.0,KYG823071025,HKD
02382.HK,舜宇光学科技,舜宇光学科技(集团)有限公司,Sunny Optical Technology (Group) Company Limited,SYGXKJ,主板,L,20070615,,100.0,KYG8586D1097,HKD
02383.HK,TOM集团,TOM集团有限公司,TOM Group Ltd.,TOMJT,主板,L,20040804,,2000.0,KYG891101035,HKD
02385.HK,读书郎,读书郎教育控股有限公司,Readboy Education Holding Company Limited,DSL,主板,L,20220712,,400.0,KYG7398S1066,HKD
02386.HK,中石化炼化工程,中石化炼化工程(集团)股份有限公司,"SINOPEC Engineering (Group) Co., Ltd.",ZSHLHGC,主板,L,20130523,,500.0,CNE100001NV2,HKD
02388.HK,中银香港,中银香港(控股)有限公司,BOC Hong Kong (Holdings) Ltd.,ZYXG,主板,L,20020725,,500.0,HK2388011192,HKD
02389.HK,北京健康,北京健康(控股)有限公司,Beijing Health (Holdings) Limited,BJJK,主板,L,20020426,,6000.0,KYG0957Q1082,HKD
02390.HK,知乎-W,知乎,Zhihu Inc.,ZHW,主板,L,20220422,,100.0,KYG989MJ1017,HKD
02391.HK,涂鸦智能-W,涂鸦智能,Tuya Inc.,TYZNW,主板,L,20220705,,200.0,KYG913841006,HKD
02392.HK,玄武云,玄武云科技控股有限公司,Xuan Wu Cloud Technology Holdings Limited,XWY,主板,L,20220708,,500.0,KYG9831R1175,HKD
02393.HK,巨星医疗控股,巨星医疗控股有限公司,Yestar Healthcare Holdings Company Limited,JXYLKG,主板,L,20131011,,2500.0,KYG9843W1125,HKD
02396.HK,华芢生物-B,华芢生物科技(青岛)股份有限公司,B&K Corporation Limited,HRSWB,主板,L,20251222,,200.0,CNE100007CT6,HKD
02399.HK,中国安储能源,中国安储能源集团有限公司,China Anchu Energy Storage Group Limited,ZGACNY,主板,L,20140716,,1000.0,KYG211271161,HKD
02400.HK,心动公司,心动有限公司,XD Inc.,XDGS,主板,L,20191212,,200.0,KYG9830N1097,HKD
02402.HK,亿华通,北京亿华通科技股份有限公司,"Beijing SinoHytec Co., Ltd.",YHT,主板,L,20230112,,50.0,CNE100005RX0,HKD
02405.HK,力盟科技,力盟科技集团有限公司,Powerwin Tech Group Limited,LMKJ,主板,L,20230331,,4000.0,KYG7223U1022,HKD
02407.HK,高视医疗,高视医疗科技有限公司,Gaush Meditech Ltd,GSYL,主板,L,20221212,,100.0,KYG3902N1051,HKD
02408.HK,遇见小面,广州遇见小面餐饮股份有限公司,"Guangzhou Xiao Noodles Catering Management Co., Ltd.",YJXM,主板,L,20251205,,500.0,CNE1000079Z1,HKD
02409.HK,洲际船务,洲际船务集团控股有限公司,Seacon Shipping Group Holdings Limited,ZJCW,主板,L,20230329,,1000.0,KYG7945D1079,HKD
02410.HK,同源康医药-B,浙江同源康医药股份有限公司,"TYK Medicines, Inc",TYKYYB,主板,L,20240820,,500.0,CNE100006L34,HKD
02411.HK,百果园集团,深圳百果园实业(集团)股份有限公司,Shenzhen Pagoda Industrial (Group) Corporation Limited,BGYJT,主板,L,20230116,,500.0,CNE100005RW2,HKD
02415.HK,梅斯健康,梅斯健康控股有限公司,MedSci Healthcare Holdings Limited,MSJK,主板,L,20230427,,250.0,KYG5960J1085,HKD
02416.HK,易点云,易点云有限公司,Edianyun Limited,YDY,主板,L,20230525,,500.0,KYG3057B1041,HKD
02418.HK,德银天下,德银天下股份有限公司,"Deewin Tianxia Co., Ltd",DYTX,主板,L,20220715,,1500.0,CNE100005F41,HKD
02419.HK,德康农牧,四川德康农牧食品集团股份有限公司,Dekon Food And Agriculture Group,DKNM,主板,L,20231206,,100.0,CNE1000068G4,HKD
02420.HK,子不语,子不语集团有限公司,Zibuyu Group Limited,ZBY,主板,L,20221111,,500.0,KYG989AK1018,HKD
02421.HK,嘉创地产,嘉创房地产控股有限公司,KRP Development Holdings Limited,JCDC,主板,L,20230323,,2000.0,KYG5319W1078,HKD
02422.HK,润歌互动,润歌互动有限公司,"Rego Interactive Co., Ltd",RGHD,主板,L,20221017,,4000.0,KYG7481X1034,HKD
02423.HK,贝壳-W,贝壳控股有限公司,KE Holdings Inc.,BKW,主板,L,20220511,,100.0,KYG5223Y1089,HKD
02425.HK,澳亚集团,澳亚集团有限公司,AustAsia Group Ltd.,AYJT,主板,L,20221230,,1000.0,SGXZ22466619,HKD
02427.HK,GUANZE MEDICAL,"Guanze Medical Information Industry (Holding) Co., Ltd.","Guanze Medical Information Industry (Holding) Co., Ltd.",GUANZEMEDICAL,主板,L,20221229,,5000.0,KYG4315D1060,HKD
02429.HK,友宝在线,北京友宝在线科技股份有限公司,Beijing UBOX Online Technology Corp.,YBZX,主板,L,20231103,,500.0,CNE1000068H2,HKD
02431.HK,佑驾创新,深圳佑驾创新科技股份有限公司,"Minieye Technology Co., Ltd.",YJCX,主板,L,20241227,,200.0,CNE100006QM3,HKD
02432.HK,越疆,深圳市越疆科技股份有限公司,Shenzhen Dobot Corp Ltd,YJ,主板,L,20241223,,200.0,CNE100006QF7,HKD
02433.HK,中天湖南集团,中天建设(湖南)集团有限公司,Zhongtian Construction (Hunan) Group Limited,ZTHNJT,主板,L,20230330,,2000.0,KYG989MU1061,HKD
02436.HK,凌雄科技,凌雄科技集团有限公司,LX Technology Group Limited,LXKJ,主板,L,20221124,,300.0,KYG570311095,HKD
02438.HK,出门问问,出门问问有限公司,Mobvoi Inc.,CMWW,主板,L,20240424,,1000.0,KYG6300A1040,HKD
02439.HK,中宝新材,中宝新材集团有限公司,China Treasures New Materials Group Ltd.,ZBXC,主板,L,20230331,,2000.0,KYG2164B1068,HKD
02440.HK,迷策略,迷策略,"MemeStrategy, Inc.",MCL,主板,L,20221212,,1000.0,KYG4644J1058,HKD
02442.HK,怡俊集团控股,怡俊集团控股有限公司,Easy Smart Group Holdings Limited,YJJTKG,主板,L,20230509,,2000.0,KYG3R31M1020,HKD
02443.HK,汽车街,汽车街发展有限公司,Autostreets Development Limited,QCJ,主板,L,20240531,,200.0,KYG0670R1020,HKD
02450.HK,淮北绿金股份,淮北绿金产业投资股份有限公司,"Huaibei GreenGold Industry Investment Co., Ltd.",HBLJGF,主板,L,20230120,,1500.0,CNE100005RT8,HKD
02451.HK,绿源集团控股,绿源集团控股(开曼)有限公司,Luyuan Group Holding (Cayman) Limited,LYJTKG,主板,L,20231012,,500.0,KYG5727M1050,HKD
02453.HK,美中嘉和,美中嘉和医学技术发展集团股份有限公司,"Concord Healthcare Group Co., Ltd.",MZJH,主板,L,20240109,,200.0,CNE100006BL7,HKD
02455.HK,润华服务,润华生活服务集团控股有限公司,Runhua Living Service Group Holdings Limited,RHFW,主板,L,20230117,,2000.0,KYG771601021,HKD
02457.HK,步阳国际,步阳国际控股有限公司,Buyang International Holding Inc,BYGJ,主板,L,20221215,,5000.0,KYG1739A1067,HKD
02458.HK,望尘科技控股,望尘科技控股有限公司,Gala Technology Holding Limited,WCKJKG,主板,L,20230116,,400.0,KYG3790R1011,HKD
02459.HK,升能集团,升能集团有限公司,Sanergy Group Limited,SNJT,主板,L,20230117,,20000.0,KYG7802A1058,HKD
02460.HK,华润饮料,华润饮料(控股)有限公司,China Resources Beverage (Holdings) Company Limited,HRYL,主板,L,20241023,,200.0,KYG2135N1060,HKD
02465.HK,龙蟠科技,江苏龙蟠科技集团股份有限公司,"Jiangsu Lopal Tech. Group Co., Ltd.",LPKJ,主板,L,20241030,,500.0,CNE100006NC1,HKD
02469.HK,粉笔,粉笔有限公司,Fenbi Ltd.,FB,主板,L,20230109,,500.0,KYG3413F1046,HKD
02473.HK,喜相逢集团,喜相逢集团控股有限公司,XXF Group Holdings Limited,XXFJT,主板,L,20231109,,2500.0,KYG9831F1138,HKD
02477.HK,经纬天地,经纬天地控股有限公司,"WellCell Holdings Co., Limited",JWTD,主板,L,20240112,,800.0,KYG9541D1198,HKD
02479.HK,天聚地合,天聚地合(苏州)科技股份有限公司,"Tianju Dihe (Suzhou) Technology Co., Ltd.",TJDH,主板,L,20240628,,50.0,CNE100006F65,HKD
02480.HK,绿竹生物-B,北京绿竹生物技术股份有限公司,"Beijing Luzhu Biotechnology Co., Ltd.",LZSWB,主板,L,20230508,,200.0,CNE100005YD8,HKD
02481.HK,慧居科技,慧居科技股份有限公司,"Wise Living Technology Co., Ltd",HJKJ,主板,L,20230710,,1000.0,CNE100006376,HKD
02482.HK,维天运通,合肥维天运通信息科技股份有限公司,"Logory Logistics Technology Co., Ltd.",WTYT,主板,L,20230309,,1000.0,CNE100005W08,HKD
02483.HK,K CASH集团,K Cash集团有限公司,K Cash Corporation Limited,KCASHJT,主板,L,20231205,,2000.0,KYG5230A1013,HKD
02486.HK,普乐师集团控股,普乐师集团控股有限公司,Plus Group Holdings Inc.,PLSJTKG,主板,L,20230511,,200.0,KYG7137P1081,HKD
02487.HK,科笛-B,科笛集团,Cutia Therapeutics,KDB,主板,L,20230612,,200.0,KYG2606C1006,HKD
02488.HK,元征科技,深圳市元征科技股份有限公司,Launch Tech Company Limited,YZKJ,主板,L,20110328,,500.0,CNE1000000V6,HKD
02489.HK,集海黄金,集海黄金集团有限公司,Persistence Gold Group Ltd,JHHJ,主板,L,20231222,,5000.0,KYG7032M1015,HKD
02490.HK,乐舱物流,乐舱物流股份有限公司,"LC Logistics, Inc.",LCWL,主板,L,20230925,,300.0,KYG540821132,HKD
02495.HK,声通科技,声通科技股份有限公司,"Voicecomm Technology Co.,Ltd.",STKJ,主板,L,20240710,,20.0,CNE100006K19,HKD
02496.HK,友芝友生物-B,武汉友芝友生物制药股份有限公司,"Wuhan YZY Biopharma Co., Ltd.",YZYSWB,主板,L,20230925,,200.0,CNE1000063C4,HKD
02497.HK,富景中国控股,富景中国控股有限公司,"Fujing Holdings Co., Limited",FJZGKG,主板,L,20240328,,2000.0,KYG3R23C1048,HKD
02498.HK,速腾聚创,速腾聚创科技有限公司,"RoboSense Technology Co., Ltd",STJC,主板,L,20240105,,100.0,KYG7611S1075,HKD
02499.HK,佛朗斯股份,广州佛朗斯股份有限公司,"Folangsi Co., Ltd.",FLSGF,主板,L,20231110,,200.0,CNE1000068X9,HKD
02500.HK,启明医疗-B,杭州启明医疗器械股份有限公司,Venus Medtech (Hangzhou) Inc.,QMYLB,主板,L,20191210,,500.0,CNE100003PJ8,HKD
02501.HK,迈越科技,迈越科技股份有限公司,Maiyue Technology Limited,MYKJ,主板,L,20231011,,2000.0,KYG57Y2D1003,HKD
02502.HK,金源氢化,河南金源氢化化工股份有限公司,"Henan Jinyuan Hydrogenated Chemicals Co., Ltd.",JYQH,主板,L,20231220,,2000.0,CNE100006BD4,HKD
02503.HK,中深建业,中深建业控股有限公司,Zhongshen Jianye Holding Limited,ZSJY,主板,L,20240109,,4000.0,KYG989MA1008,HKD
02505.HK,EDA集团控股,EDA集团控股有限公司,EDA Group Holdings Limited,EDAJTKG,主板,L,20240528,,1000.0,KYG2993S1066,HKD
02506.HK,讯飞医疗科技,讯飞医疗科技股份有限公司,"Xunfei Healthcare Technology Co., Ltd.",XFYLKJ,主板,L,20241230,,50.0,CNE100006MP5,HKD
02507.HK,西锐,西锐飞机有限公司,Cirrus Aircraft Limited,XR,主板,L,20240712,,100.0,KYG2151G1001,HKD
02508.HK,圣贝拉集团,圣贝拉集团有限公司,Saint Bella Group Limited,SBLJT,主板,L,20250626,,500.0,KYG7774B1077,HKD
02509.HK,荃信生物-B,江苏荃信生物医药股份有限公司,"Qyuns Therapeutics Co., Ltd.",QXSWB,主板,L,20240320,,200.0,CNE1000069W9,HKD
02510.HK,德翔海运,德翔海运有限公司,T.S. Lines Limited,DXHY,主板,L,20241101,,1000.0,HK0001078598,HKD
02511.HK,君圣泰医药-B,君圣泰医药,"HighTide Therapeutics, Inc.",JSTYYB,主板,L,20231222,,500.0,KYG4568L1023,HKD
02512.HK,云工场,云工场科技控股有限公司,Cloud Factory Technology Holdings Limited,YGC,主板,L,20240614,,1000.0,KYG2216G1038,HKD
02513.HK,智谱,北京智谱华章科技股份有限公司,Knowledge Atlas Technology Joint Stock Company Limited,ZP,主板,L,20260108,,100.0,CNE100007DH9,HKD
02515.HK,天津建发,天津建设发展集团股份公司,"Tianjin Construction Development Group Co., Ltd.",TJJF,主板,L,20240423,,2000.0,CNE100006CB6,HKD
02516.HK,泛远国际,泛远国际控股集团有限公司,FAR International Holdings Group Company Limited,FYGJ,主板,L,20231222,,4000.0,KYG3320T1067,HKD
02517.HK,锅圈,锅圈食品(上海)股份有限公司,"Guoquan Food (Shanghai) Co., Ltd.",GQ,主板,L,20231102,,400.0,CNE1000068W1,HKD
02518.HK,汽车之家-S,汽车之家,Autohome Inc.,QCZJS,主板,L,20210315,,100.0,KYG066341028,HKD
02519.HK,傲基股份,傲基(深圳)跨境商务股份有限公司,"AuGroup (SHENZHEN) Cross-Border Business Co., Ltd.",AJGF,主板,L,20241108,,300.0,CNE100006NG2,HKD
02520.HK,山西安装,山西省安装集团股份有限公司,"Shanxi Installation Group Co., Ltd.",SXAZ,主板,L,20231122,,2000.0,CNE1000069C1,HKD
02521.HK,升辉清洁,升辉清洁集团控股有限公司,Shenghui Cleanness Group Holdings Limited,SHQJ,主板,L,20231205,,7500.0,KYG8117S1049,HKD
02522.HK,一脉阳光,江西一脉阳光集团股份有限公司,"Jiangxi Rimag Group Co., Ltd.",YMYG,主板,L,20240607,,500.0,CNE100006HX9,HKD
02525.HK,禾赛-W,禾赛科技,Hesai Group,HSW,主板,L,20250916,,20.0,KYG4417G1064,HKD
02526.HK,德适-B,杭州德适生物科技股份有限公司,"Hangzhou Diagens Biotechnology Co., Ltd.",DSB,主板,L,20260330,,50.0,CNE100007JC7,HKD
02528.HK,尚晋国际控股,尚晋(国际)控股有限公司,Forward Fashion (International) Holdings Company Limited,SJGJKG,主板,L,20200113,,2000.0,KYG3642A1085,HKD
02529.HK,泓盈城市服务,泓盈城市运营服务集团股份有限公司,"Hollwin Urban Operation Service Group Co., Ltd.",HYCSFW,主板,L,20240517,,1000.0,CNE100006G31,HKD
02530.HK,纽曼思,纽曼思健康食品控股有限公司,Numans Health Food Holdings Company Limited,NMS,主板,L,20250110,,8000.0,KYG6781U1085,HKD
02531.HK,广联科技控股,广联科技控股有限公司,GL-Carlink Technology Holding Limited,GLKJKG,主板,L,20240715,,500.0,KYG3940A1076,HKD
02533.HK,黑芝麻智能,黑芝麻智能国际控股有限公司,Black Sesame International Holding Limited,HZMZN,主板,L,20240808,,100.0,KYG129301068,HKD
02535.HK,泓基集团,泓基集团(控股)有限公司,WK Group (Holdings) Limited,HJJT,主板,L,20240308,,10000.0,KYG9727S1049,HKD
02536.HK,百乐皇宫,百乐皇宫控股有限公司,Palasino Holdings Limited,BLHG,主板,L,20240326,,1000.0,KYG6876G1055,HKD
02539.HK,乐摩科技,乐摩科技服务股份有限公司,"Lemo Services Co., Ltd",LMKJ,主板,L,20251203,,100.0,CNE100007B76,HKD
02540.HK,乐思集团,乐思集团有限公司,Lesi Group Limited,LSJT,主板,L,20240308,,2500.0,KYG5456E1008,HKD
02543.HK,大行科工,大行科工(深圳)股份有限公司,"Dahon Tech (Shenzhen) Co., Ltd.",DHKG,主板,L,20250909,,100.0,CNE100007366,HKD
02545.HK,中赣通信,中赣通信(集团)控股有限公司,Zhonggan Communication (Group) Holdings Limited,ZGTX,主板,L,20240703,,2000.0,KYG98Y7A1021,HKD
02546.HK,智汇矿业,西藏智汇矿业股份有限公司,"Xizang Zhihui Mining Co., Ltd.",ZHKY,主板,L,20251219,,1000.0,CNE100007BB6,HKD
02549.HK,卡罗特,卡罗特(商业)有限公司,Carote Ltd,KLT,主板,L,20241002,,500.0,KYG1917P1072,HKD
02550.HK,宜搜科技,宜搜科技控股有限公司,Easou Technology Holdings Limited,YSKJ,主板,L,20240607,,500.0,KYG2904J1040,HKD
02551.HK,晶科电子股份,广东晶科电子股份有限公司,"APT Electronics Co., Ltd.",JKDZGF,主板,L,20241108,,1000.0,CNE100006L91,HKD
02552.HK,华领医药-B,华领医药,Hua Medicine,HLYYB,主板,L,20180914,,500.0,KYG4644K1022,HKD
02555.HK,茶百道,四川百茶百道实业股份有限公司,"Sichuan BaiCha BaiDao Industrial Co., Ltd.",CBD,主板,L,20240423,,200.0,CNE100006G23,HKD
02556.HK,迈富时,迈富时管理有限公司,Marketingforce Management Ltd,MFS,主板,L,20240516,,100.0,KYG6000R1002,HKD
02558.HK,晋商银行,晋商银行股份有限公司,"Jinshang Bank Co., Ltd.",JSYH,主板,L,20190718,,1000.0,CNE100003LP4,HKD
02559.HK,嘀嗒出行,嘀嗒出行,Dida Inc.,DDCX,主板,L,20240628,,500.0,KYG2866S1003,HKD
02560.HK,海螺材料科技,安徽海螺材料科技股份有限公司,"Anhui Conch Material Technology Co., Ltd.",HLCLKJ,主板,L,20250109,,1000.0,CNE100006QD2,HKD
02561.HK,维昇药业-B,维昇药业,VISEN Pharmaceuticals,WSYYB,主板,L,20250321,,100.0,KYG93Y5D1039,HKD
02562.HK,狮腾控股,狮腾控股有限公司,Synagistics Limited,STKG,主板,L,20220815,,500.0,KYG4515L2058,HKD
02563.HK,华昊中天医药-B,北京华昊中天生物医药股份有限公司,"Beijing Biostar Pharmaceuticals Co., Ltd.",HHZTYYB,主板,L,20241031,,200.0,CNE100006NB3,HKD
02565.HK,派格-B(五十),派格生物医药(杭州)股份有限公司,"PegBio Co., Ltd.",PGBWS,主板,L,20250527,,50.0,CNE100006T44,HKD
02566.HK,九源基因,杭州九源基因生物医药股份有限公司,"Hangzhou Jiuyuan Genetic Biopharmaceutical Co., Ltd.",JYJY,主板,L,20241128,,200.0,CNE100006KF0,HKD
02567.HK,七牛智能,七牛智能科技有限公司,Qiniu Limited,QNZN,主板,L,20241016,,1000.0,KYG7309P1000,HKD
02569.HK,舒宝国际,舒宝国际集团有限公司,Soft International Group Ltd,SBGJ,主板,L,20250327,,5000.0,KYG8252K1067,HKD
02570.HK,重塑能源,上海重塑能源集团股份有限公司,Shanghai REFIRE Group Limited,CSNY,主板,L,20241206,,20.0,CNE100006PJ1,HKD
02571.HK,赛目科技,北京赛目科技股份有限公司,"Beijing Saimo Technology Co., Ltd.",SMKJ,主板,L,20250115,,200.0,CNE100006QL5,HKD
02573.HK,新琪安,新琪安集团股份有限公司,"Newtrend Group Holding Co., Ltd.",XQA,主板,L,20250610,,200.0,CNE100006XW8,HKD
02575.HK,轩竹生物-B,轩竹生物科技股份有限公司,"Xuanzhu Biopharmaceutical Co., Ltd.",XZSWB,主板,L,20251015,,500.0,CNE1000074Q1,HKD
02576.HK,太美医疗科技,浙江太美医疗科技股份有限公司,"Zhejiang Taimei Medical Technology Co., Ltd.",TMYLKJ,主板,L,20241008,,200.0,CNE100006M66,HKD
02577.HK,英诺赛科,英诺赛科(苏州)科技股份有限公司,"InnoScience (Suzhou) Technology Holding Co., Ltd.",YNSK,主板,L,20241230,,100.0,CNE100006QG5,HKD
02579.HK,中伟新材,中伟新材料股份有限公司,"CNGR Advanced Material Co., Ltd.",ZWXC,主板,L,20251117,,200.0,CNE1000076P8,HKD
02580.HK,奥克斯电气,奥克斯电气有限公司,"AUX Electric Co., Ltd.",AKSDQ,主板,L,20250902,,200.0,KYG0676D1079,HKD
02581.HK,明基医院,明基医院集团股份有限公司,BenQ BM Holding Cayman Corp.,MJYY,主板,L,20251222,,500.0,KYG0993A1094,HKD
02582.HK,国富氢能,江苏国富氢能技术装备股份有限公司,"Jiangsu Guofu Hydrogen Energy Equipment Co., Ltd.",GFQN,主板,L,20241115,,50.0,CNE100006N08,HKD
02583.HK,西普尼,深圳西普尼精密科技股份有限公司,"Shenzhen Hipine Precision Technology Co., Ltd.",XPN,主板,L,20250930,,100.0,CNE1000074P3,HKD
02585.HK,梦金园,梦金园黄金珠宝集团股份有限公司,"Mokingran Jewellery Group Co., Ltd.",MJY,主板,L,20241129,,200.0,CNE100006NX7,HKD
02586.HK,多点数智,多点数智有限公司,Dmall Inc.,DDSZ,主板,L,20241206,,100.0,VGG3168D1069,HKD
02587.HK,健康之路,健康之路股份有限公司,HealthyWay Inc.,JKZL,主板,L,20241230,,500.0,KYG4412P1019,HKD
02588.HK,中银航空租赁,中银航空租赁有限公司,BOC Aviation Ltd.,ZYHKZL,主板,L,20160601,,100.0,SG9999015267,HKD
02589.HK,沪上阿姨,沪上阿姨(上海)实业股份有限公司,"Auntea Jenny (Shanghai) Industrial Co., Ltd.",HSAY,主板,L,20250508,,30.0,CNE100006V73,HKD
02590.HK,极智嘉-W,北京极智嘉科技股份有限公司,"Beijing Geekplus Technology Co., Ltd.",JZJW,主板,L,20250709,,200.0,CNE1000070L0,HKD
02591.HK,银诺医药-B,广州银诺医药集团股份有限公司,"Guangzhou Innogen Pharmaceutical Group Co., Ltd.",YNYYB,主板,L,20250815,,200.0,CNE1000071Q7,HKD
02592.HK,拨康视云-B,拨康视云制药有限公司,Cloudbreak Pharma Inc.,BKSYB,主板,L,20250703,,500.0,KYG2215S1084,HKD
02593.HK,草姬集团,草姬集团控股有限公司,Herbs Generation Group Holdings Limited,CJJT,主板,L,20241219,,800.0,KYG4413S1049,HKD
02595.HK,劲方医药-B,劲方医药科技(上海)股份有限公司,GenFleet Therapeutics (Shanghai) Inc.,JFYYB,主板,L,20250919,,200.0,CNE1000074L2,HKD
02596.HK,宜宾银行,宜宾市商业银行股份有限公司,"Yibin City Commercial Bank Co., Ltd.",YBYH,主板,L,20250113,,1000.0,CNE100006QK7,HKD
02597.HK,讯众通信,北京讯众通信技术股份有限公司,"Beijing Xunzhong Communication Technology Co., Ltd.",XZTX,主板,L,20250709,,500.0,CNE1000070J4,HKD
02598.HK,连连数字,连连数字科技股份有限公司,"Lianlian DigiTech Co., Ltd.",LLSZ,主板,L,20240328,,500.0,CNE100006FR5,HKD
02600.HK,中国铝业,中国铝业股份有限公司,Aluminum Corporation of China Limited,ZGLY,主板,L,20011212,,2000.0,CNE1000001T8,HKD
02601.HK,中国太保,中国太平洋保险(集团)股份有限公司,"China Pacific Insurance (Group) Co., Ltd.",ZGTB,主板,L,20091223,,200.0,CNE1000009Q7,HKD
02602.HK,万物云,万物云空间科技服务股份有限公司,Onewo Inc.,WWY,主板,L,20220929,,100.0,CNE100005K85,HKD
02603.HK,吉宏股份,厦门吉宏科技股份有限公司,"Xiamen Jihong Co., Ltd",JHGF,主板,L,20250527,,500.0,CNE100006XV0,HKD
02605.HK,METALIGHT,元光科技,MetaLight Inc.,METALIGHT,主板,L,20250610,,400.0,KYG6108A1085,HKD
02607.HK,上海医药,上海医药集团股份有限公司,"Shanghai Pharmaceuticals Holding Co., Ltd.",SHYY,主板,L,20110520,,100.0,CNE1000012B3,HKD
02608.HK,阳光100中国,阳光100中国控股有限公司,Sunshine 100 China Holdings Ltd,YG100ZG,主板,L,20140313,,1000.0,KYG794911092,HKD
02609.HK,佰泽医疗,佰泽医疗集团,Bayzed Health Group Inc,BZYL,主板,L,20250623,,600.0,KYG0893A1004,HKD
02610.HK,南山铝业国际,南山铝业国际控股有限公司,Nanshan Aluminium International Holdings Limited,NSLYGJ,主板,L,20250325,,100.0,KYG6391R1074,HKD
02611.HK,国泰海通,国泰海通证券股份有限公司,"Guotai Haitong Securities Co., Ltd.",GTHT,主板,L,20170411,,200.0,CNE100002FK9,HKD
02613.HK,汇舸环保,上海汇舸环保科技集团股份有限公司,"Contiocean Environment Tech Group Co., Ltd.",HGHB,主板,L,20250109,,100.0,CNE100006QP6,HKD
02616.HK,基石药业-B,基石药业,CStone Pharmaceuticals,JSYYB,主板,L,20190226,,500.0,KYG2588M1006,HKD
02617.HK,药捷安康-B,药捷安康(南京)科技股份有限公司,"TransThera Sciences (Nanjing), Inc.",YJAKB,主板,L,20250623,,500.0,CNE100006T02,HKD
02618.HK,京东物流,京东物流股份有限公司,"JD Logistics, Inc.",JDWL,主板,L,20210528,,100.0,KYG5074S1012,HKD
02619.HK,香江电器,湖北香江电器集团股份有限公司,"X.J. Electrics (Hu Bei) Group Co., Ltd",XJDQ,主板,L,20250625,,1000.0,CNE100006Z61,HKD
02621.HK,手回集团,手回集团有限公司,Shouhui Group Limited,SHJT,主板,L,20250530,,400.0,KYG8118E1044,HKD
02623.HK,爱德新能源,爱德新能源投资控股集团有限公司,Add New Energy Investment Holdings Group Limited,ADXNY,主板,L,20120427,,2000.0,KYG0112P1101,HKD
02625.HK,江苏宏信,江苏宏信超市连锁股份有限公司,Jiangsu Horizon Chain Supermarket Company Limited,JSHX,主板,L,20250331,,1000.0,CNE100006V57,HKD
02627.HK,中慧生物-B,江苏中慧元通生物科技股份有限公司,"Ab&B Bio-Tech CO., LTD. JS",ZHSWB,主板,L,20250811,,200.0,CNE1000071P9,HKD
02628.HK,中国人寿,中国人寿保险股份有限公司,China Life Insurance Company Limited,ZGRS,主板,L,20031218,,1000.0,CNE1000002L3,HKD
02629.HK,MIRXES-B,Mirxes Holding Company Limited,Mirxes Holding Company Limited,MIRXESB,主板,L,20250523,,100.0,KYG6152E1052,HKD
02630.HK,旺山旺水-B,苏州旺山旺水生物医药股份有限公司,"Vigonvita Life Sciences Co., Ltd.",WSWSB,主板,L,20251106,,200.0,CNE1000076N3,HKD
02631.HK,天岳先进,山东天岳先进科技股份有限公司,"SICC Co., Ltd.",TYXJ,主板,L,20250820,,100.0,CNE1000071K0,HKD
02632.HK,泽景股份,江苏泽景汽车电子股份有限公司,"Jiangsu New Vision Automotive Electronics Co., Ltd.",ZJGF,主板,L,20260324,,50.0,CNE100007J11,HKD
02633.HK,雅各臣科研制药,雅各臣科研制药有限公司,Jacobson Pharma Corporation Limited,YGCKYZY,主板,L,20160921,,2000.0,KYG677291067,HKD
02635.HK,诺比侃,诺比侃人工智能科技(成都)股份有限公司,"Nuobikan Artificial Intelligence Technology (Chengdu) Co., Ltd.",NBK,主板,L,20251223,,100.0,CNE100007C42,HKD
02637.HK,海西新药,福建海西新药创制股份有限公司,"Fujian Haixi Pharmaceuticals Co., Ltd.",HXXY,主板,L,20251020,,50.0,CNE100007515,HKD
02643.HK,曹操出行,曹操出行有限公司,CaoCao Inc.,CCCX,主板,L,20250625,,100.0,KYG1875S1012,HKD
02648.HK,安井食品,安井食品集团股份有限公司,"Anjoy Foods Group Co., Ltd.",AJSP,主板,L,20250704,,100.0,CNE100006Z87,HKD
02649.HK,优乐赛共享,苏州优乐赛共享服务股份有限公司,"ALSCO Pooling Service Co., Ltd.",YLSGX,主板,L,20260309,,500.0,CNE100007HH0,HKD
02650.HK,挚达科技,上海挚达科技发展股份有限公司,"Shanghai Zhida Technology Development Co., Ltd.",ZDKJ,主板,L,20251010,,50.0,CNE1000074Z2,HKD
02651.HK,大众口腔,武汉大众口腔医疗股份有限公司,"Wuhan Dazhong Dental Medical Co., Ltd.",DZKQ,主板,L,20250709,,100.0,CNE1000070K2,HKD
02652.HK,长风药业,长风药业股份有限公司,"CF PharmTech, Inc.",CFYY,主板,L,20251008,,500.0,CNE1000074R9,HKD
02655.HK,果下科技,果下科技股份有限公司,"Guoxia Technology Co., Ltd.",GXKJ,主板,L,20251216,,100.0,CNE100007C26,HKD
02656.HK,健康160,健康160国际有限公司,160 Health International Limited,JK160,主板,L,20250917,,250.0,KYG6S54B1005,HKD
02657.HK,林清轩,上海林清轩化妆品集团股份有限公司,"Shanghai Forest Cabin Cosmetics Group Co., Ltd.",LQX,主板,L,20251230,,50.0,CNE100007DC0,HKD
02658.HK,天域半导体,广东天域半导体股份有限公司,"Guangdong Tianyu Semiconductor Co., Ltd.",TYBDT,主板,L,20251205,,50.0,CNE100007531,HKD
02659.HK,宝济药业-B,上海宝济药业股份有限公司,"Shanghai Bao Pharmaceuticals Co., Ltd.",BJYYB,主板,L,20251210,,100.0,CNE100007B92,HKD
02660.HK,禅游科技,禅游科技控股有限公司,Zengame Technology Holding Limited,CYKJ,主板,L,20190416,,2000.0,KYG9887S1003,HKD
02661.HK,轻松健康,轻松健康集团,QingSong Health Corporation,QSJK,主板,L,20251223,,200.0,KYG7314Y1044,HKD
02663.HK,应力控股,应力控股有限公司,KPa-BM Holdings Limited,YLKG,主板,L,20171024,,10000.0,KYG5321E1035,HKD
02665.HK,图达通,Seyond Holdings Ltd.,Seyond Holdings Ltd.,TDT,主板,L,20251210,,500.0,KYG8059U1094,HKD
02666.HK,环球医疗,通用环球医疗集团有限公司,Genertec Universal Medical Group Company Limited,HQYL,主板,L,20150708,,500.0,HK0000255361,HKD
02668.HK,百德国际,百德国际有限公司,Pak Tak International Limited,BDGJ,主板,L,20011206,,10000.0,BMG687481215,HKD
02669.HK,中海物业,中海物业集团有限公司,China Overseas Property Holdings Limited,ZHWY,主板,L,20151023,,5000.0,KYG2118M1096,HKD
02670.HK,云迹,北京云迹科技股份有限公司,"Beijing Yunji Technology Co., Ltd.",YJ,主板,L,20251016,,50.0,CNE100007523,HKD
02671.HK,美联股份,美联钢结构建筑系统(上海)股份有限公司,"USAS Building System (Shanghai) Co., Ltd.",MLGF,主板,L,20251230,,300.0,CNE100007DT4,HKD
02675.HK,精锋医疗-B,深圳市精锋医疗科技股份有限公司,"Shenzhen Edge Medical Co., Ltd.",JFYLB,主板,L,20260108,,100.0,CNE1000062R4,HKD
02676.HK,纳芯微,苏州纳芯微电子股份有限公司,"Suzhou Novosense Microelectronics Co., Ltd.",NXW,主板,L,20251208,,100.0,CNE1000079Y4,HKD
02677.HK,卓正医疗,卓正医疗控股有限公司,Distinct Healthcare Holdings Limited,ZZYL,主板,L,20260206,,50.0,KYG2774A1004,HKD
02678.HK,天虹国际集团,天虹国际集团有限公司,Texhong International Group Limited,THGJJT,主板,L,20041209,,500.0,KYG876551170,HKD
02680.HK,创升控股,创升控股有限公司,Innovax Holdings Limited,CSKG,主板,L,20180914,,2000.0,KYG4790R1175,HKD
02682.HK,润利海事,润利海事集团控股有限公司,Yun Lee Marine Group Holdings Limited,RLHS,主板,L,20190318,,4000.0,KYG9888W1006,HKD
02683.HK,华新手袋国际控股,华新手袋国际控股有限公司,Wah Sun Handbags International Holdings Limited,HXSDGJKG,主板,L,20180122,,2000.0,KYG9420H1083,HKD
02685.HK,量化派,量化派控股有限公司,Quantgroup Holding Limited,LHP,主板,L,20251127,,500.0,KYG7388D1016,HKD
02687.HK,卓越睿新,上海卓越睿新数码科技股份有限公司,"Shanghai Able Digital Science&Tech Co., Ltd.",ZYRX,主板,L,20251208,,100.0,CNE100007BD2,HKD
02688.HK,新奥能源,新奥能源控股有限公司,ENN Energy Holdings Limited,XANY,主板,L,20020603,,100.0,KYG3066L1014,HKD
02689.HK,玖龙纸业,玖龙纸业(控股)有限公司,Nine Dragons Paper (Holdings) Ltd.,JLZY,主板,L,20060303,,1000.0,BMG653181005,HKD
02691.HK,南华期货股份,南华期货股份有限公司,"Nanhua Futures Co., Ltd.",NHQHGF,主板,L,20251222,,500.0,CNE100007C18,HKD
02692.HK,兆威机电,深圳市兆威机电股份有限公司,"Shenzhen Zhaowei Machinery & Electronics Co., Ltd.",ZWJD,主板,L,20260309,,100.0,CNE100007HD9,HKD
02693.HK,金岩高岭新材,安徽金岩高岭土新材料股份有限公司,"Anhui Jinyan Kaolin New Materials Co., Ltd.",JYGLXC,主板,L,20251203,,500.0,CNE100007B84,HKD
02695.HK,印象大红袍,印象大红袍股份有限公司,"Impression Dahongpao Co., Ltd.",YXDHP,主板,L,20251222,,1000.0,CNE100007C00,HKD
02696.HK,复宏汉霖,上海复宏汉霖生物技术股份有限公司,"Shanghai Henlius Biotech, Inc.",FHHL,主板,L,20190925,,100.0,CNE100003N76,HKD
02698.HK,乐舒适,乐舒适有限公司,Softcare Limited,LSS,主板,L,20251110,,200.0,KYG8263A1058,HKD
02699.HK,新明中国,新明中国控股有限公司,Xinming China Holdings Limited,XMZG,主板,L,20150706,,2000.0,KYG9830D1198,HKD
02700.HK,格林国际控股,格林国际控股有限公司,Green International Holdings Limited,GLGJKG,主板,L,20060929,,20000.0,KYG4164T1379,HKD
02701.HK,国民技术,国民技术股份有限公司,Nsing Technologies Inc.,GMJS,主板,L,20260323,,200.0,CNE100007HJ6,HKD
02706.HK,海致科技集团,北京海致科技集团股份有限公司,"Beijing Haizhi Technology Group Co., Ltd.",HZKJJT,主板,L,20260213,,200.0,CNE100007FC5,HKD
02714.HK,牧原股份,牧原食品股份有限公司,"Muyuan Foods Co., Ltd.",MYGF,主板,L,20260206,,100.0,CNE100007CV2,HKD
02715.HK,埃斯顿,南京埃斯顿自动化股份有限公司,"Estun Automation Co., Ltd",ASD,主板,L,20260309,,200.0,CNE100007F15,HKD
02718.HK,明略科技-W,明略科技,Mininglamp Technology,MLKJW,主板,L,20251103,,40.0,KYG6144L1005,HKD
02720.HK,乐欣户外,乐欣户外国际有限公司,Ridge Outdoor International Limited,LXHW,主板,L,20260210,,500.0,KYG7570P1028,HKD
02722.HK,重庆机电,重庆机电股份有限公司,"Chongqing Machinery & Electric Co., Ltd.",CQJD,主板,L,20080613,,2000.0,CNE1000009W5,HKD
02726.HK,瀚天天成,瀚天天成电子科技(厦门)股份有限公司,"Epiworld International Co., Ltd.",HTTC,主板,L,20260330,,50.0,CNE100007J37,HKD
02727.HK,上海电气,上海电气集团股份有限公司,Shanghai Electric Group Company Limited,SHDQ,主板,L,20050428,,2000.0,CNE100000437,HKD
02728.HK,金泰能源控股,金泰能源控股有限公司,Jintai Energy Holdings Limited,JTNYKG,主板,L,20050714,,4000.0,KYG5141G1064,HKD
02729.HK,凯乐士科技,浙江凯乐士科技集团股份有限公司,"Zhejiang Galaxis Technology Group Co., Ltd.",KLSKJ,主板,L,20260324,,200.0,CNE100007J03,HKD
02738.HK,华津国际控股,华津国际控股有限公司,Huajin International Holdings Limited,HJGJKG,主板,L,20160415,,2000.0,KYG464211062,HKD
02768.HK,国恩科技,青岛国恩科技股份有限公司,"Qingdao Gon Technology Co., Ltd.",GEKJ,主板,L,20260204,,200.0,CNE100007F07,HKD
02772.HK,中梁控股,中梁控股集团有限公司,Zhongliang Holdings Group Company Limited,ZLKG,主板,L,20190716,,500.0,KYG9898C1024,HKD
02777.HK,富力地产,广州富力地产股份有限公司,"Guangzhou R&F Properties Co., Ltd.",FLDC,主板,L,20050714,,400.0,CNE100000569,HKD
02779.HK,中国新华教育,中国新华教育集团有限公司,China Xinhua Education Group Limited,ZGXHJY,主板,L,20180326,,1000.0,KYG216231061,HKD
02788.HK,创新实业,创新实业集团有限公司,Chuangxin Industries Holdings Limited,CXSY,主板,L,20251124,,500.0,KYG2137R1056,HKD
02789.HK,远大中国,远大中国控股有限公司,Yuanda China Holdings Limited,YDZG,主板,L,20110517,,2000.0,KYG987761007,HKD
02798.HK,久泰邦达能源,久泰邦达能源控股有限公司,Perennial Energy Holdings Limited,JTBDNY,主板,L,20181212,,5000.0,KYG7011M1069,HKD
02799.HK,中信金融资产,中国中信金融资产管理股份有限公司,"China CITIC Financial Asset Management Co., Ltd.",ZXJRZC,主板,L,20151030,,1000.0,CNE100002367,HKD
02858.HK,易鑫集团,易鑫集团有限公司,Yixin Group Limited,YXJT,主板,L,20171116,,500.0,KYG9T43R1023,HKD
02863.HK,高丰集团控股,高丰集团控股有限公司,Golden Faith Group Holdings Limited,GFJTKG,主板,L,20170811,,3000.0,KYG395761060,HKD
02865.HK,钧达股份,海南钧达新能源科技股份有限公司,"Hainan Drinda New Energy Technology Co., Ltd.",JDGF,主板,L,20250508,,100.0,CNE100006JZ0,HKD
02866.HK,中远海发,中远海运发展股份有限公司,COSCO SHIPPING Development Company Limited,ZYHF,主板,L,20040616,,1000.0,CNE100000536,HKD
02869.HK,绿城服务,绿城服务集团有限公司,Greentown Service Group Co. Ltd.,LCFW,主板,L,20160712,,2000.0,KYG410121084,HKD
02877.HK,神威药业,中国神威药业集团有限公司,China Shineway Pharmaceutical Group Limited,SWYY,主板,L,20041202,,1000.0,KYG2110P1000,HKD
02878.HK,晶门半导体,晶门半导体有限公司,Solomon Systech (International) Ltd.,JMBDT,主板,L,20040408,,2000.0,KYG826051099,HKD
02880.HK,辽港股份,辽宁港口股份有限公司,"Liaoning Port Co., Ltd.",LGGF,主板,L,20060428,,2000.0,CNE1000002Y6,HKD
02881.HK,武汉有机,武汉有机控股有限公司,Wuhan Youji Holdings Ltd.,WHYJ,主板,L,20240618,,500.0,KYG9590P1046,HKD
02882.HK,金至尊集团,金至尊集团(国际)有限公司,3DG Holdings (International) Limited,JZZJT,主板,L,20030630,,5000.0,BMG7155A1577,HKD
02883.HK,中海油田服务,中海油田服务股份有限公司,China Oilfield Services Limited,ZHYTFW,主板,L,20021120,,2000.0,CNE1000002P4,HKD
02885.HK,彼岸控股,彼岸控股有限公司,Peiport Holdings Ltd.,BAKG,主板,L,20190111,,2000.0,KYG6983A1085,HKD
02886.HK,滨海投资,滨海投资有限公司,Binhai Investment Company Limited,BHTZ,主板,L,20140211,,2000.0,BMG1118Y1214,HKD
02888.HK,渣打集团,渣打集团有限公司,Standard Chartered PLC,ZDJT,主板,L,20021031,,50.0,GB0004082847,HKD
02889.HK,博泰车联,博泰车联网科技(上海)股份有限公司,Pateo Connect Technology (Shanghai) Corporation,BTCL,主板,L,20250930,,20.0,CNE1000074M0,HKD
02892.HK,万城控股,万城控股有限公司,Million Cities Holdings Limited,WCKG,主板,L,20181220,,2000.0,KYG6130M1042,HKD
02898.HK,盛禾生物-B,盛禾生物控股有限公司,"Sunho Biologics,Inc.",SHSWB,主板,L,20240524,,200.0,KYG8572S1021,HKD
02899.HK,紫金矿业,紫金矿业集团股份有限公司,"Zijin Mining Group Co., Ltd",ZJKY,主板,L,20031223,,2000.0,CNE100000502,HKD
03200.HK,大族数控,深圳市大族数控科技股份有限公司,"Shenzhen Han'S CNC Technology Co., Ltd.",DZSK,主板,L,20260206,,100.0,CNE100007FF8,HKD
03268.HK,美格智能,美格智能技术股份有限公司,"MeiG Smart Technology Co., Ltd.",MGZN,主板,L,20260310,,100.0,CNE100007HF4,HKD
03277.HK,长光辰芯,长春长光辰芯微电子股份有限公司,Gpixel Changchun Microelectronics Inc.,CGCX,主板,L,20260417,,100.0,CNE100007JZ8,HKD
03288.HK,海天味业,佛山市海天调味食品股份有限公司,Foshan Haitian Flavouring And Food Company Ltd.,HTWY,主板,L,20250619,,100.0,CNE100006Z53,HKD
03300.HK,中国玻璃,中国玻璃控股有限公司,China Glass Holdings Limited,ZGBL,主板,L,20050623,,2000.0,BMG2111H1236,HKD
03301.HK,融信中国,融信中国控股有限公司,Ronshine China Holdings Limited,RXZG,主板,L,20160113,,500.0,KYG763681023,HKD
03302.HK,精技集团,精技集团有限公司,Kinergy Corporation Ltd.,JJJT,主板,L,20180718,,2000.0,SGXZ22036768,HKD
03303.HK,巨涛海洋石油服务,巨涛海洋石油服务有限公司,Jutal Offshore Oil Services Limited,JTHYSYFW,主板,L,20060921,,2000.0,KYG520771075,HKD
03306.HK,江南布衣,江南布衣有限公司,JNBY Design Limited,JNBY,主板,L,20161031,,500.0,KYG550441045,HKD
03309.HK,希玛医疗,希玛医疗控股有限公司,C-MER Medical Holdings Limited,XMYL,主板,L,20180115,,2000.0,KYG2R51A1053,HKD
03311.HK,中国建筑国际,中国建筑国际集团有限公司,China State Construction International Holdings Limited,ZGJZGJ,主板,L,20050708,,2000.0,KYG216771363,HKD
03313.HK,雅高控股,雅高控股有限公司,ArtGo Holdings Limited,YGKG,主板,L,20131230,,10000.0,KYG0509A1489,HKD
03315.HK,金邦达宝嘉,金邦达宝嘉控股有限公司,Goldpac Group Limited,JBDBJ,主板,L,20131204,,1000.0,HK0000172855,HKD
03316.HK,滨江服务,滨江服务集团有限公司,Binjiang Service Group Co. Ltd.,BJFW,主板,L,20190315,,500.0,KYG1122A1013,HKD
03317.HK,迅策,深圳迅策科技股份有限公司,"Shenzhen Xunce Technology Co., Ltd.",XC,主板,L,20251230,,100.0,CNE100007CW0,HKD
03318.HK,中国波顿,中国波顿集团有限公司,China Boton Group Company Limited,ZGBD,主板,L,20051209,,2000.0,KYG2152H1074,HKD
03319.HK,雅生活服务,雅生活智慧城市服务股份有限公司,"A-Living Smart City Services Co., Ltd.",YSHFW,主板,L,20180209,,250.0,CNE100002RY5,HKD
03320.HK,华润医药,华润医药集团有限公司,China Resources Pharmaceutical Group Limited,HRYY,主板,L,20161028,,500.0,HK0000311099,HKD
03321.HK,中科集团控股,中科集团控股有限公司,ZhongKe Group Holdings Limited,ZKJTKG,主板,L,20190423,,2500.0,KYG9428A1058,HKD
03322.HK,永嘉集团,永嘉集团控股有限公司,Win Hanverky Holdings Limited,YJJT,主板,L,20060906,,2000.0,KYG9716W1087,HKD
03323.HK,中国建材,中国建材股份有限公司,China National Building Material Company Limited,ZGJC,主板,L,20060323,,2000.0,CNE1000002N9,HKD
03328.HK,交通银行,交通银行股份有限公司,"Bank of Communications Co., Ltd.",JTYH,主板,L,20050623,,1000.0,CNE100000205,HKD
03329.HK,交银国际,交银国际控股有限公司,Bocom International Holdings Company Limited,JYGJ,主板,L,20170519,,1000.0,HK0000337987,HKD
03330.HK,灵宝黄金,灵宝黄金集团股份有限公司,Lingbao Gold Group Company Ltd.,LBHJ,主板,L,20060112,,100.0,CNE1000001H3,HKD
03332.HK,中生联合,南京中生联合股份有限公司,"Nanjing Sinolife United Co., Ltd.",ZSLH,主板,L,20140115,,2000.0,CNE100001S08,HKD
03336.HK,巨腾国际,巨腾国际控股有限公司,Ju Teng International Holdings Ltd.,JTGJ,主板,L,20051103,,2000.0,KYG521051063,HKD
03337.HK,安东油田服务,安东油田服务集团,Anton Oilfield Services Group,ADYTFW,主板,L,20071214,,2000.0,KYG039991024,HKD
03339.HK,中国龙工,中国龙工控股有限公司,Lonking Holdings Limited,ZGLG,主板,L,20051117,,1000.0,KYG5636C1078,HKD
03347.HK,泰格医药,杭州泰格医药科技股份有限公司,"Hangzhou Tigermed Consulting Co., Ltd.",TGYY,主板,L,20200807,,100.0,CNE1000040M1,HKD
03348.HK,中国鹏飞集团,中国鹏飞集团有限公司,China PengFei Group Limited,ZGPFJT,主板,L,20191115,,2000.0,KYG2164M1024,HKD
03355.HK,飞速创新,深圳市飞速创新技术股份有限公司,FS.COM Limited,FSCX,主板,L,20260323,,100.0,CNE100007HV1,HKD
03360.HK,远东宏信,远东宏信有限公司,Far East Horizon Limited,YDHX,主板,L,20110330,,1000.0,HK0000077468,HKD
03363.HK,正业国际,正业国际控股有限公司,"Zhengye International Holdings Co., Ltd.",ZYGJ,主板,L,20110603,,2000.0,BMG989231086,HKD
03366.HK,华侨城(亚洲),华侨城(亚洲)控股有限公司,Overseas Chinese Town (Asia) Holdings Limited,HQCYZ,主板,L,20051102,,2000.0,KYG684581013,HKD
03368.HK,百盛集团,百盛商业集团有限公司,Parkson Retail Group Limited,BSJT,主板,L,20051130,,500.0,KYG693701156,HKD
03369.HK,秦港股份,秦皇岛港股份有限公司,"Qinhuangdao Port Co., Ltd.",QGGF,主板,L,20131212,,500.0,CNE100001QR3,HKD
03377.HK,远洋集团,远洋集团控股有限公司,Sino-Ocean Group Holding Limited,YYJT,主板,L,20070928,,500.0,HK3377040226,HKD
03378.HK,翰思艾泰-B,翰思艾泰生物医药科技(武汉)股份有限公司,"Hanx Biopharmaceuticals (Wuhan) Co., Ltd.",HSATB,主板,L,20251223,,100.0,CNE100007C34,HKD
03380.HK,龙光集团,龙光集团有限公司,Logan Group Company Limited,LGJT,主板,L,20131220,,1000.0,KYG555551095,HKD
03382.HK,天津港发展,天津港发展控股有限公司,Tianjin Port Development Holdings Limited,TJGFZ,主板,L,20060524,,2000.0,KYG886801060,HKD
03383.HK,雅居乐集团,雅居乐集团控股有限公司,Agile Group Holdings Limited,YJLJT,主板,L,20051215,,2000.0,KYG011981035,HKD
03389.HK,亨得利,亨得利控股有限公司,Hengdeli Holdings Limited,HDL,主板,L,20050926,,4000.0,KYG450481083,HKD
03390.HK,满贯集团,满贯集团控股有限公司,Tycoon Group Holdings Limited,MGJT,主板,L,20200415,,2000.0,KYG9143T1085,HKD
03393.HK,威胜控股,威胜控股有限公司,Wasion Holdings Limited,WSKG,主板,L,20051219,,2000.0,KYG9463P1081,HKD
03395.HK,吉星新能源,吉星新能源有限责任公司,JX Energy Ltd.,JXXNY,主板,L,20170310,,1000.0,CA71535Q1072,HKD
03396.HK,联想控股,联想控股股份有限公司,Legend Holdings Corporation,LXKG,主板,L,20150629,,100.0,CNE100001ZT0,HKD
03398.HK,华鼎控股,华鼎集团控股有限公司,China Ting Group Holdings Limited,HDKG,主板,L,20051215,,2000.0,KYG8439J1058,HKD
03399.HK,粤运交通,广东粤运交通股份有限公司,Guangdong Yueyun Transportation Company Limited,YYJT,主板,L,20051026,,1000.0,CNE100000361,HKD
03600.HK,现代牙科,现代牙科集团有限公司,Modern Dental Group Ltd.,XDYK,主板,L,20151215,,1000.0,KYG618201092,HKD
03601.HK,鲁大师,360鲁大师控股有限公司,360 Ludashi Holdings Limited,LDS,主板,L,20191010,,1000.0,KYG8R49A1078,HKD
03603.HK,信基沙溪,信基沙溪集团股份有限公司,"Xinji Shaxi Group Co., Ltd",XJSX,主板,L,20191108,,3000.0,KYG9830L1032,HKD
03606.HK,福耀玻璃,福耀玻璃工业集团股份有限公司,"Fuyao Glass Industry Group Co.,Ltd.",FYBL,主板,L,20150331,,400.0,CNE100001TR7,HKD
03613.HK,同仁堂国药,北京同仁堂国药有限公司,"Beijing Tong Ren Tang Chinese Medicine Co., Ltd.",TRTGY,主板,L,20180529,,1000.0,HK0000145638,HKD
03616.HK,恒达集团控股,恒达集团(控股)有限公司,Ever Reach Group (Holdings) Company Limited,HDJTKG,主板,L,20181112,,2000.0,KYG322701031,HKD
03618.HK,重庆农村商业银行,重庆农村商业银行股份有限公司,"Chongqing Rural Commercial Bank Co., Ltd.",CQNCSYYH,主板,L,20101216,,1000.0,CNE100000X44,HKD
03623.HK,中国金融发展,中国金融发展(控股)有限公司,China Success Finance Group Holdings Limited,ZGJRFZ,主板,L,20131113,,2000.0,KYG216891070,HKD
03625.HK,傅里叶,上海傅里叶半导体股份有限公司,"Shanghai FourSemi Semiconductor Co., Ltd.",FLY,主板,L,20260331,,100.0,CNE100007J86,HKD
03626.HK,启明东方控股,启明东方控股有限公司,East Nova Holdings Limited,QMDFKG,主板,L,20160518,,2000.0,KYG4288S1066,HKD
03628.HK,仁恒实业控股,仁恒实业控股有限公司,Renheng Enterprise Holdings Limited,RHSYKG,主板,L,20131125,,4000.0,KYG750051198,HKD
03633.HK,中裕能源,中裕能源控股有限公司,Zhongyu Energy Holdings Limited,ZYNY,主板,L,20120711,,1000.0,KYG9891U1334,HKD
03636.HK,金浔资源,云南金浔资源股份有限公司,"Yunnan Jinxun Resources Co., Ltd.",JXZY,主板,L,20260109,,200.0,CNE100007DK3,HKD
03638.HK,亨利加集团,亨利加集团有限公司,Hunlicar Group Limited,HLJJT,主板,L,20160330,,1000.0,KYG4644E1301,HKD
03639.HK,亿达中国,亿达中国控股有限公司,Yida China Holdings Ltd.,YDZG,主板,L,20140627,,2000.0,KYG9843H1074,HKD
03650.HK,KEEP,Keep Inc.,Keep Inc.,KEEP,主板,L,20230712,,100.0,KYG5244R1083,HKD
03658.HK,新希望服务,新希望服务控股有限公司,New Hope Service Holdings Limited,XXWFW,主板,L,20210525,,1000.0,KYG6486M1042,HKD
03660.HK,奇富科技-S,奇富科技股份有限公司,"Qfin Holdings, Inc.",QFKJS,主板,L,20221129,,50.0,KYG8851G1001,HKD
03662.HK,星悦康旅,星悦康旅股份有限公司,Starjoy Wellness And Travel Company Limited,XYKL,主板,L,20190318,,1000.0,KYG0404F1019,HKD
03666.HK,上海小南国,上海小南国控股有限公司,Shanghai XNG Holdings Limited,SHXNG,主板,L,20120704,,2000.0,KYG8673P1063,HKD
03668.HK,兖煤澳大利亚,兖煤澳大利亚有限公司,Yancoal Australia Ltd,YMADLY,主板,L,20181206,,100.0,AU000000YAL0,HKD
03669.HK,永达汽车,中国永达汽车服务控股有限公司,China Yongda Automobiles Services Holdings Limited,YDQC,主板,L,20120712,,500.0,KYG2162W1024,HKD
03677.HK,正力新能,江苏正力新能电池技术股份有限公司,"Jiangsu Zenergy Battery Technologies Group Co., Ltd.",ZLXN,主板,L,20250414,,300.0,CNE100006VV4,HKD
03678.HK,弘业期货,苏豪弘业期货股份有限公司,"Soho Holly Futures Co., Ltd.",HYQH,主板,L,20151230,,1000.0,CNE1000023S4,HKD
03680.HK,瑞和数智,瑞和数智科技控股有限公司,Ruihe Data Technology Holdings Limited,RHSZ,主板,L,20191213,,2000.0,KYG8587G1010,HKD
03681.HK,中国抗体-B,中国抗体制药有限公司,SinoMab BioScience Limited,ZGKTB,主板,L,20191112,,300.0,HK0000544194,HKD
03683.HK,荣丰亿控股,荣丰亿控股有限公司,Great Harvest Maeta Holdings Limited,RFYKG,主板,L,20101011,,2500.0,KYG4163E1070,HKD
03686.HK,祈福生活服务,祈福生活服务控股有限公司,Clifford Modern Living Holdings Limited,QFSHFW,主板,L,20161108,,10000.0,KYG2204M1042,HKD
03688.HK,莱蒙国际,莱蒙国际集团有限公司,Top Spring International Holdings Limited,LMGJ,主板,L,20110323,,500.0,KYG892541098,HKD
03689.HK,康华医疗,广东康华医疗集团股份有限公司,"Guangdong Kanghua Healthcare Group Co., Ltd.",KHYL,主板,L,20161108,,200.0,CNE100002B55,HKD
03690.HK,美团-W,美团,Meituan,MTW,主板,L,20180920,,100.0,KYG596691041,HKD
03692.HK,翰森制药,翰森制药集团有限公司,Hansoh Pharmaceutical Group Company Limited,HSZY,主板,L,20190614,,2000.0,KYG549581067,HKD
03696.HK,英矽智能,英矽智能,InSilico Medicine Cayman TopCo,YXZN,主板,L,20251230,,500.0,KYG4790P1037,HKD
03698.HK,徽商银行,徽商银行股份有限公司,Huishang Bank Corporation Limited,HSYH,主板,L,20131112,,1000.0,CNE100001QP7,HKD
03699.HK,光大永年,光大永年有限公司,Everbright Grand China Assets Limited,GDYN,主板,L,20180116,,2000.0,KYG3222R1092,HKD
03700.HK,映宇宙,映宇宙集团有限公司,Inkeverse Group Limited,YYZ,主板,L,20180712,,1000.0,KYG4809C1015,HKD
03708.HK,世界数字经济产业,世界数字经济产业集团有限公司,World Digital Economy Asset Group Limited,SJSZJJCY,主板,L,20150114,,10000.0,KYG983421275,HKD
03709.HK,赢家时尚,赢家时尚控股有限公司,EEKA Fashion Holdings Limited,YJSS,主板,L,20140627,,500.0,KYG539641053,HKD
03718.HK,北控城市资源,北控城市资源集团有限公司,Beijing Enterprises Urban Resources Group Limited,BKCSZY,主板,L,20200115,,4000.0,KYG0958F1019,HKD
03728.HK,正利控股,正利控股有限公司,Ching Lee Holdings Limited,ZLKG,主板,L,20170918,,20000.0,KYG2118S1066,HKD
03737.HK,中智药业,中智药业控股有限公司,Zhongzhi Pharmaceutical Holdings Limited,ZZYY,主板,L,20150713,,1000.0,KYG989611085,HKD
03738.HK,阜博集团,阜博集团有限公司,Vobile Group Limited,FBJT,主板,L,20180104,,1000.0,KYG9390R1103,HKD
03750.HK,宁德时代,宁德时代新能源科技股份有限公司,"Contemporary Amperex Technology Co., Limited",NDSD,主板,L,20250520,,100.0,CNE100006WS8,HKD
03759.HK,康龙化成,康龙化成(北京)新药技术股份有限公司,"Pharmaron Beijing Co., Ltd.",KLHC,主板,L,20191128,,100.0,CNE100003PG4,HKD
03768.HK,滇池水务,昆明滇池水务股份有限公司,"Kunming Dianchi Water Treatment Co., Ltd.",DCSW,主板,L,20170406,,1000.0,CNE100002BH4,HKD
03773.HK,银盛数惠,银盛数惠数字有限公司,Yinsheng Digifavor Company Limited,YSSH,主板,L,20160107,,2000.0,KYG654091076,HKD
03778.HK,中国织材控股,中国织材控股有限公司,China Weaving Materials Holdings Limited,ZGZCKG,主板,L,20111222,,2000.0,KYG2116A1159,HKD
03788.HK,罕王黄金,罕王黄金国际有限公司,Hanking Gold International Limited,HWHJ,主板,L,20110930,,1000.0,KYG2115G1055,HKD
03789.HK,御佳控股,御佳控股有限公司,Royal Deluxe Holdings Limited,YJKG,主板,L,20170208,,4000.0,KYG7852R1074,HKD
03798.HK,家乡互动,家乡互动科技有限公司,Homeland Interactive Technology Ltd.,JXHD,主板,L,20190704,,2000.0,KYG6647P1037,HKD
03800.HK,协鑫科技,协鑫科技控股有限公司,GCL Technology Holdings Limited,XXKJ,主板,L,20071113,,1000.0,KYG3774X1088,HKD
03808.HK,中国重汽,中国重汽(香港)有限公司,Sinotruk (Hong Kong) Limited,ZGZQ,主板,L,20071128,,500.0,HK3808041546,HKD
03813.HK,宝胜国际,宝胜国际(控股)有限公司,Pou Sheng International (Holdings) Ltd.,BSGJ,主板,L,20080606,,1000.0,BMG7208D1092,HKD
03816.HK,KFM金德,KFM金德控股有限公司,KFM Kingdom Holdings Limited,KFMJD,主板,L,20121015,,4000.0,KYG525551027,HKD
03818.HK,中国动向,中国动向(集团)有限公司,"China Dongxiang (Group) Co., Ltd.",ZGDX,主板,L,20071010,,1000.0,KYG2112Y1098,HKD
03822.HK,三和建筑集团,三和建筑集团有限公司,Sam Woo Construction Group Ltd.,SHJZJT,主板,L,20141016,,4000.0,KYG7785L1288,HKD
03828.HK,明辉国际,明辉国际控股有限公司,Ming Fai International Holdings Limited,MHGJ,主板,L,20071102,,1000.0,KYG6141X1079,HKD
03830.HK,童园国际,童园国际有限公司,Kiddieland International Limited,TYGJ,主板,L,20170921,,5000.0,KYG5259B1059,HKD
03833.HK,新疆新鑫矿业,新疆新鑫矿业股份有限公司,"Xinjiang Xinxin Mining Industry Co., Ltd.",XJXXKY,主板,L,20071012,,1000.0,CNE1000007G2,HKD
03836.HK,和谐汽车,中国和谐汽车控股有限公司,China Harmony Auto Holding Limited,HXQC,主板,L,20130613,,500.0,KYG2118N1079,HKD
03838.HK,中国淀粉,中国淀粉控股有限公司,China Starch Holdings Ltd.,ZGDF,主板,L,20070927,,5000.0,KYG2161A1195,HKD
03839.HK,正大企业国际,正大企业国际有限公司,Chia Tai Enterprises International Limited,ZDQYGJ,主板,L,20150703,,500.0,BMG2151A1036,HKD
03848.HK,浩森金融科技,浩森金融科技集团有限公司,Haosen Fintech Group Limited,HSJRKJ,主板,L,20170721,,1000.0,KYG719721063,HKD
03858.HK,佳鑫国际资源,佳鑫国际资源投资有限公司,Jiaxin International Resources Investment Limited,JXGJZY,主板,L,20250828,,400.0,HK0001188587,HKD
03860.HK,EPS创健科技,EPS创健科技集团有限公司,EPS Creative Health Technology Group Limited,EPSCJKJ,主板,L,20191212,,5000.0,KYG3121P1054,HKD
03866.HK,青岛银行,青岛银行股份有限公司,"Bank of Qingdao Co., Ltd.",QDYH,主板,L,20151203,,500.0,CNE100002391,HKD
03868.HK,信义能源,信义能源控股有限公司,Xinyi Energy Holdings Limited,XYNY,主板,L,20190528,,2000.0,VGG9833A1049,HKD
03869.HK,弘和仁爱医疗,弘和仁爱医疗集团有限公司,Hospital Corporation of China Limited,HHRAYL,主板,L,20170316,,200.0,KYG4612W1042,HKD
03877.HK,中国船舶租赁,中国船舶集团(香港)航运租赁有限公司,CSSC (Hong Kong) Shipping Company Limited,ZGCBZL,主板,L,20190617,,2000.0,HK0000504214,HKD
03878.HK,VICON HOLDINGS,Vicon Holdings Limited,Vicon Holdings Limited,VICONHOLDINGS,主板,L,20171222,,2000.0,KYG9362W1050,HKD
03880.HK,泰德医药,泰德医药(浙江)股份有限公司,Medtide Inc.,TDYY,主板,L,20250630,,100.0,CNE100006S86,HKD
03881.HK,希迪智驾,希迪智驾科技股份有限公司,CiDi Inc.,XDZJ,主板,L,20251219,,100.0,CNE100007BC4,HKD
03882.HK,天彩控股,天彩控股有限公司,Sky Light Holdings Ltd.,TCKG,主板,L,20150702,,1000.0,KYG8191M1069,HKD
03883.HK,中国奥园,中国奥园集团股份有限公司,China Aoyuan Group Limited,ZGAY,主板,L,20071009,,1000.0,KYG2119Z1090,HKD
03886.HK,康健国际医疗,康健国际医疗集团有限公司,Town Health International Medical Group Limited,KJGJYL,主板,L,20080812,,2000.0,BMG8979V1046,HKD
03887.HK,HASHKEY HLDGS,HashKey Holdings Limited,HashKey Holdings Limited,HASHKEYHLDGS,主板,L,20251217,,400.0,KYG4406L1086,HKD
03888.HK,金山软件,金山软件有限公司,Kingsoft Corporation Limited,JSRJ,主板,L,20071009,,200.0,KYG5264Y1089,HKD
03889.HK,大成玉米集团,大成玉米集团有限公司,Global Corn Group Limited,DCYMJT,主板,L,20070920,,2000.0,KYG3932Q1029,HKD
03893.HK,易纬集团,易纬集团控股有限公司,CROSSTEC Group Holdings Limited,YWJT,主板,L,20160912,,12000.0,KYG257501299,HKD
03896.HK,金山云,金山云控股有限公司,Kingsoft Cloud Holdings Limited,JSY,主板,L,20221230,,2000.0,KYG5264S1012,HKD
03898.HK,时代电气,株洲中车时代电气股份有限公司,"Zhuzhou CRRC Times Electric Co., Ltd.",SDDQ,主板,L,20061220,,100.0,CNE1000004X4,HKD
03899.HK,中集安瑞科,中集安瑞科控股有限公司,CIMC Enric Holdings Limited,ZJARK,主板,L,20060720,,2000.0,KYG2198S1093,HKD
03900.HK,绿城中国,绿城中国控股有限公司,Greentown China Holdings Limited,LCZG,主板,L,20060713,,500.0,KYG4100M1050,HKD
03903.HK,瀚华金控,瀚华金控股份有限公司,"Hanhua Financial Holding Co., Ltd.",HHJK,主板,L,20140619,,2000.0,CNE100001S99,HKD
03908.HK,中金公司,中国国际金融股份有限公司,China International Capital Corporation Limited,ZJGS,主板,L,20151109,,400.0,CNE100002359,HKD
03913.HK,合景悠活,合景悠活集团控股有限公司,KWG Living Group Holdings Limited,HJYH,主板,L,20201030,,1000.0,KYG5322R1039,HKD
03918.HK,金界控股,金界控股有限公司,NagaCorp Ltd.,JJKG,主板,L,20061019,,2000.0,KYG6382M1096,HKD
03919.HK,金力集团,金力集团控股有限公司,Golden Power Group Holdings Ltd.,JLJT,主板,L,20171110,,4000.0,KYG3959Y1456,HKD
03928.HK,中国新零售供应链,中国新零售供应链集团有限公司,China Next-Gen Commerce and Supply Chain Limited,ZGXLSGYL,主板,L,20190919,,2000.0,KYG773821023,HKD
03931.HK,中创新航,中创新航科技集团股份有限公司,"CALB Group Co., Ltd.",ZCXH,主板,L,20221006,,100.0,CNE100005LL8,HKD
03933.HK,联邦制药,联邦制药国际控股有限公司,The United Laboratories International Holdings Limited,LBZY,主板,L,20070615,,2000.0,KYG8813K1085,HKD
03938.HK,LFG投资控股,LFG投资控股有限公司,LFG Investment Holdings Limited,LFGTZKG,主板,L,20190930,,2000.0,KYG5471A1094,HKD
03939.HK,万国黄金集团,万国黄金集团有限公司,Wanguo Gold Group Limited,WGHJJT,主板,L,20120710,,500.0,KYG9430L1150,HKD
03958.HK,东方证券,东方证券股份有限公司,Orient Securities Company Limited,DFZQ,主板,L,20160708,,400.0,CNE1000027F2,HKD
03963.HK,融众金融,中国融众金融控股有限公司,China Rongzhong Financial Holdings Company Limited,RZJR,主板,L,20160128,,10000.0,KYG2119M1087,HKD
03968.HK,招商银行,招商银行股份有限公司,"China Merchants Bank Co., Ltd.",ZSYH,主板,L,20060922,,500.0,CNE1000002M1,HKD
03969.HK,中国通号,中国铁路通信信号股份有限公司,China Railway Signal & Communication Corporation Limited,ZGTH,主板,L,20150807,,1000.0,CNE1000021L3,HKD
03978.HK,卓越教育集团,卓越教育集团,China Beststudy Education Group,ZYJYJT,主板,L,20181227,,1000.0,KYG2121W1024,HKD
03983.HK,中海石油化学,中海石油化学股份有限公司,China BlueChemical Ltd.,ZHSYHX,主板,L,20060929,,2000.0,CNE1000002D0,HKD
03986.HK,兆易创新,兆易创新科技集团股份有限公司,GigaDevice Semiconductor Inc.,ZYCX,主板,L,20260113,,100.0,CNE100007DJ5,HKD
03988.HK,中国银行,中国银行股份有限公司,Bank of China Ltd.,ZGYH,主板,L,20060601,,1000.0,CNE1000001Z5,HKD
03989.HK,首创环境,首创环境控股有限公司,Capital Environment Holdings Limited,SCHJ,主板,L,20060713,,2000.0,KYG1941T1094,HKD
03990.HK,美的置业,美的置业控股有限公司,Midea Real Estate Holding Limited,MDZY,主板,L,20181011,,200.0,KYG609201085,HKD
03991.HK,长虹佳华,长虹佳华控股有限公司,Changhong Jiahua Holdings Limited,CHJH,主板,L,20200318,,2000.0,BMG2042K1045,HKD
03993.HK,洛阳钼业,洛阳栾川钼业集团股份有限公司,CMOC Group Limited,LYMY,主板,L,20070426,,3000.0,CNE100000114,HKD
03996.HK,中国能源建设,中国能源建设股份有限公司,China Energy Engineering Corporation Ltd.,ZGNYJS,主板,L,20151210,,2000.0,CNE1000023C8,HKD
03997.HK,电讯首科,电讯首科控股有限公司,Telecom Service One Holdings Limited,DXSK,主板,L,20180327,,2000.0,KYG873111093,HKD
03998.HK,波司登,波司登国际控股有限公司,Bosideng International Holdings Ltd.,BSD,主板,L,20071011,,2000.0,KYG126521064,HKD
03999.HK,大成食品,大成食品(亚洲)有限公司,DaChan Food (Asia) Limited,DCSP,主板,L,20071004,,1000.0,KYG261441086,HKD
06030.HK,中信证券,中信证券股份有限公司,CITIC Securities Company Limited,ZXZQ,主板,L,20111006,,500.0,CNE1000016V2,HKD
06031.HK,三一重工,三一重工股份有限公司,"Sany Heavy Industry Co., Ltd.",SYZG,主板,L,20251028,,200.0,CNE1000075S4,HKD
06033.HK,电讯数码控股,电讯数码控股有限公司,Telecom Digital Holdings Limited,DXSMKG,主板,L,20170510,,1000.0,KYG8741M1197,HKD
06036.HK,光丽科技,光丽科技控股有限公司,Apex Ace Holding Limited,GLKJ,主板,L,20180316,,5000.0,KYG047181055,HKD
06038.HK,信越控股,信越控股有限公司,G & M Holdings Limited,XYKG,主板,L,20170613,,10000.0,KYG345141025,HKD
06049.HK,保利物业,保利物业服务股份有限公司,"Poly Property Services Co., Ltd.",BLWY,主板,L,20191219,,200.0,CNE100003PV3,HKD
06051.HK,有赞,有赞科技有限公司,Youzan Technology Limited,YZ,主板,L,20260417,,4000.0,BMG2164J1099,HKD
06055.HK,中烟香港,中烟国际(香港)有限公司,China Tobacco International (HK) Company Limited,ZYXG,主板,L,20190612,,1000.0,HK0000503208,HKD
06058.HK,兴证国际,兴证国际金融集团有限公司,China Industrial Securities International Financial Group Limited,XZGJ,主板,L,20190103,,2000.0,KYG212101029,HKD
06060.HK,众安在线,众安在线财产保险股份有限公司,"ZhongAn Online P&C Insurance Co., Ltd.",ZAZX,主板,L,20170928,,100.0,CNE100002QY7,HKD
06063.HK,智中国际,智中国际控股有限公司,Lotus Horizon Holdings Limited,ZZGJ,主板,L,20200415,,8000.0,KYG5656N1088,HKD
06066.HK,中信建投证券,中信建投证券股份有限公司,"China Securities Finance Co., Ltd.",ZXJTZQ,主板,L,20161209,,500.0,CNE100002B89,HKD
06068.HK,光正教育,光正教育国际控股有限公司,Wisdom Education International Holdings Company Limited,GZJY,主板,L,20170126,,2000.0,KYG972281037,HKD
06069.HK,盛业,盛业控股集团有限公司,SY Holdings Group Limited,SY,主板,L,20191024,,500.0,KYG8116R1074,HKD
06078.HK,海吉亚医疗,海吉亚医疗控股有限公司,"Hygeia Healthcare Holdings Co., Limited",HJYYL,主板,L,20200629,,200.0,KYG4712E1035,HKD
06080.HK,荣智控股,荣智控股有限公司,Wing Chi Holdings Limited,RZKG,主板,L,20171020,,6000.0,KYG970471077,HKD
06082.HK,壁仞科技,上海壁仞科技股份有限公司,"Shanghai Biren Technology Co., Ltd.",BRKJ,主板,L,20260102,,200.0,CNE100007DD8,HKD
06083.HK,环宇物流(亚洲),环宇物流(亚洲)控股有限公司,World-Link Logistics (Asia) Holding Ltd.,HYWLYZ,主板,L,20171115,,4000.0,KYG9774T1040,HKD
06086.HK,方舟健客,方舟云康控股有限公司,Fangzhou Inc.,FZJK,主板,L,20240709,,500.0,KYG3314S1066,HKD
06088.HK,FIT HON TENG,鸿腾六零八八精密科技股份有限公司,FIT Hon Teng Limited,FITHONTENG,主板,L,20170713,,1000.0,KYG3R83K1037,HKD
06090.HK,不同集团,不同集团,Butong Group,BTJT,主板,L,20250923,,100.0,KYG1736B1077,HKD
06093.HK,和泓服务,和泓服务集团有限公司,Hevol Services Group Co. Limited,HHFW,主板,L,20190712,,2000.0,KYG4420L1005,HKD
06098.HK,碧桂园服务,碧桂园服务控股有限公司,Country Garden Services Holdings Company Limited,BGYFW,主板,L,20180619,,1000.0,KYG2453A1085,HKD
06099.HK,招商证券,招商证券股份有限公司,"China Merchants Securities Co., Ltd.",ZSZQ,主板,L,20161007,,200.0,CNE1000029Z6,HKD
06100.HK,同道猎聘,同道猎聘集团,Tongdao Liepin Group,TDLP,主板,L,20180629,,200.0,KYG8919T1022,HKD
06108.HK,新锐医药,新锐医药国际控股有限公司,New Ray Medicine International Holding Limited,XRYY,主板,L,20150616,,8000.0,BMG647461372,HKD
06110.HK,滔搏,滔搏国际控股有限公司,Topsports International Holdings Limited,TB,主板,L,20191010,,1000.0,KYG8924B1041,HKD
06113.HK,比特策略,比特策略控股有限公司,BitStrat Holdings Limited,BTCL,主板,L,20170712,,2000.0,KYG9350R1002,HKD
06117.HK,日照港裕廊,日照港裕廊股份有限公司,"Rizhao Port Jurong Co., Ltd.",RZGYL,主板,L,20190619,,2000.0,CNE100003KK7,HKD
06118.HK,奥星生命科技,奥星生命科技有限公司,Austar Lifesciences Limited,AXSMKJ,主板,L,20141107,,1000.0,KYG0632L1023,HKD
06119.HK,天源集团,天源集团控股有限公司,Tian Yuan Group Holdings Limited,TYJT,主板,L,20180601,,3000.0,KYG888051094,HKD
06123.HK,圆通国际快递,圆通国际快递供应链科技有限公司,YTO International Express and Supply Chain Technology Limited,YTGJKD,主板,L,20140711,,2000.0,KYG9877D1051,HKD
06127.HK,昭衍新药,北京昭衍新药研究中心股份有限公司,"JOINN Laboratories (China) Co., Ltd.",ZYXY,主板,L,20210226,,100.0,CNE100004BP3,HKD
06128.HK,烯石电车新材料,烯石电动汽车新材料控股有限公司,Graphex Group Limited,XSDCXCL,主板,L,20140625,,10000.0,KYG4066M1151,HKD
06133.HK,维太创科,维太创科控股有限公司,Vital Innovations Holdings Limited,WTCK,主板,L,20150626,,1000.0,KYG9381Y1089,HKD
06136.HK,康达环保,康达国际环保有限公司,Kangda International Environmental Company Limited,KDHB,主板,L,20140704,,1000.0,KYG521541048,HKD
06138.HK,哈尔滨银行,哈尔滨银行股份有限公司,"Harbin Bank Co., Ltd.",HEBYH,主板,L,20140331,,1000.0,CNE100001SB3,HKD
06158.HK,正荣地产,正荣地产集团有限公司,Zhenro Properties Group Limited,ZRDC,主板,L,20180116,,1000.0,KYG9897E1098,HKD
06160.HK,百济神州,百济神州有限公司,BeOne Medicines Ltd.,BJSZ,主板,L,20180808,,100.0,CH1391448177,HKD
06162.HK,天瑞汽车内饰,中国天瑞汽车内饰件有限公司,"China Tianrui Automotive Interiors Co., Ltd",TRQCNS,主板,L,20190115,,8000.0,KYG844001035,HKD
06163.HK,彭顺国际,彭顺国际有限公司,Gemilang International Limited,PSGJ,主板,L,20161111,,2000.0,KYG378791068,HKD
06166.HK,剑桥科技,上海剑桥科技股份有限公司,"Cig Shanghai Co., Ltd.",JQKJ,主板,L,20251028,,50.0,CNE1000075T2,HKD
06168.HK,周六福,周六福珠宝股份有限公司,"Zhou Liu Fu Jewellery Co., Ltd.",ZLF,主板,L,20250626,,100.0,CNE100006Z38,HKD
06169.HK,宇华教育,中国宇华教育集团有限公司,China Yuhua Education Corporation Limited,YHJY,主板,L,20170228,,2000.0,KYG2120K1094,HKD
06178.HK,光大证券,光大证券股份有限公司,Everbright Securities Company Limited,GDZQ,主板,L,20160818,,200.0,CNE1000029M4,HKD
06181.HK,老铺黄金,老铺黄金股份有限公司,"Laopu Gold Co., Ltd.",LPHJ,主板,L,20240628,,100.0,CNE100006JG0,HKD
06182.HK,乙德投资控股,乙德投资控股有限公司,Twintek Investment Holdings Limited,YDTZKG,主板,L,20180117,,8000.0,KYG9143C1050,HKD
06185.HK,康希诺生物,康希诺生物股份公司,CanSino Biologics Inc.,KXNSW,主板,L,20190328,,200.0,CNE100003F01,HKD
06186.HK,中国飞鹤,中国飞鹤有限公司,China Feihe Limited,ZGFH,主板,L,20191113,,1000.0,KYG2121Q1055,HKD
06188.HK,迪信通,北京迪信通商贸股份有限公司,"Beijing Digital Telecom Co., Ltd.",DXT,主板,L,20140708,,500.0,CNE100001ST5,HKD
06189.HK,爱得威建设集团,广东爱得威建设(集团)股份有限公司,Guangdong Adway Construction (Group) Holdings Company Limited,ADWJSJT,主板,L,20161125,,500.0,CNE100002B71,HKD
06190.HK,九江银行,九江银行股份有限公司,"Bank of Jiujiang Co., Ltd.",JJYH,主板,L,20180710,,200.0,CNE1000031G2,HKD
06193.HK,泰林科建,泰林科建控股有限公司,Tailam Tech Construction Holdings Limited,TLKJ,主板,L,20191218,,2000.0,KYG8661H1083,HKD
06196.HK,郑州银行,郑州银行股份有限公司,"Bank of Zhengzhou Co., Ltd.",ZZYH,主板,L,20151223,,1000.0,CNE1000023P0,HKD
06198.HK,青岛港,青岛港国际股份有限公司,"Qingdao Port International Co., Ltd.",QDG,主板,L,20140606,,1000.0,CNE100001SG2,HKD
06199.HK,贵州银行,贵州银行股份有限公司,"Bank of Guizhou Co.,Ltd.",GZYH,主板,L,20191230,,1000.0,CNE100003PT7,HKD
06600.HK,卧安机器人,卧安机器人(深圳)股份有限公司,"OneRobotics (Shenzhen) Co., Ltd.",WAJQR,主板,L,20251230,,100.0,CNE100007DF3,HKD
06601.HK,朝云集团,朝云集团有限公司,Cheerwin Group Limited,CYJT,主板,L,20210310,,500.0,KYG2072S1003,HKD
06603.HK,IFBH,IFBH Limited,IFBH Limited,IFBH,主板,L,20250630,,200.0,SGXZ26193953,HKD
06608.HK,百融云-W,百融云创,Bairong Inc.,BRYW,主板,L,20210331,,500.0,KYG0705A1085,HKD
06609.HK,心玮医疗-B,上海心玮医疗科技股份有限公司,Shanghai HeartCare Medical Technology Corporation Limited,XWYLB,主板,L,20210820,,50.0,CNE100004MN5,HKD
06610.HK,飞天云动,飞天云动科技有限公司,Flowing Cloud Technology Ltd,FTYD,主板,L,20221018,,1000.0,KYG3670B1196,HKD
06611.HK,三巽集团,三巽控股集团有限公司,Sanxun Holdings Group Limited,SXJT,主板,L,20210719,,1000.0,KYG7823E1026,HKD
06613.HK,蓝思科技,蓝思科技股份有限公司,"Lens Technology Co., Ltd.",LSKJ,主板,L,20250709,,200.0,CNE1000070N6,HKD
06616.HK,环球新材国际,环球新材国际控股有限公司,Global New Material International Holdings Limited,HQXCGJ,主板,L,20210716,,1000.0,KYG392AS1011,HKD
06618.HK,京东健康,京东健康股份有限公司,JD Health International Inc.,JDJK,主板,L,20201208,,50.0,KYG5074A1004,HKD
06622.HK,兆科眼科-B,兆科眼科有限公司,Zhaoke Ophthalmology Limited,ZKYKB,主板,L,20210429,,500.0,KYG989M51017,HKD
06623.HK,陆控,陆金所控股有限公司,Lufax Holding Ltd,LK,主板,L,20230414,,100.0,KYG5700Y2097,HKD
06626.HK,越秀服务,越秀服务集团有限公司,Yuexiu Services Group Limited,YXFW,主板,L,20210628,,500.0,HK0000746575,HKD
06628.HK,创胜集团医药-B,创胜集团医药有限公司,Transcenta Holding Limited,CSJTYYB,主板,L,20210929,,500.0,KYG9005B1041,HKD
06633.HK,青瓷游戏,青瓷游戏有限公司,Qingci Games Inc.,QCYX,主板,L,20211216,,500.0,KYG7309C1096,HKD
06636.HK,极视角,山东极视角科技股份有限公司,"Shandong Extreme Vision Technology Co., Ltd.",JSJ,主板,L,20260330,,50.0,CNE100007J94,HKD
06639.HK,瑞尔集团,瑞尔集团有限公司,Arrail Group Limited,REJT,主板,L,20220322,,500.0,KYG0567M1096,HKD
06651.HK,五一视界,北京五一视界数字孪生科技股份有限公司,"Beijing 51WORLD Digital Twin Technology Co., Ltd.",WYSJ,主板,L,20251230,,200.0,CNE100007CX8,HKD
06655.HK,华新建材,华新建材集团股份有限公司,"Huaxin Building Materials Group Co. , Ltd.",HXJC,主板,L,20220328,,100.0,CNE1000057N3,HKD
06656.HK,思格新能,思格新能源(上海)股份有限公司,"Sigenergy Technology Co., Ltd.",SGXN,主板,L,20260416,,100.0,CNE100007JX3,HKD
06657.HK,百望股份,百望股份有限公司,"Baiwang Co., Ltd.",BWGF,主板,L,20240709,,100.0,CNE100006K01,HKD
06660.HK,艾美疫苗,艾美疫苗股份有限公司,"AIM Vaccine Co., Ltd.",AMYM,主板,L,20221006,,200.0,CNE100005KF2,HKD
06661.HK,湖州燃气,湖州燃气股份有限公司,"Huzhou Gas Co., Ltd.",HZRQ,主板,L,20220713,,500.0,CNE100005D19,HKD
06663.HK,国际永胜集团,国际永胜集团控股有限公司,IWS Group Holdings Limited,GJYSJT,主板,L,20220307,,10000.0,KYG499001066,HKD
06666.HK,恒大物业,恒大物业集团有限公司,Evergrande Property Services Group Limited,HDWY,主板,L,20201202,,500.0,KYG3224K1022,HKD
06667.HK,美因基因,美因基因有限公司,Mega Genomics Limited,MYJY,主板,L,20220622,,200.0,KYG5960G1047,HKD
06668.HK,星盛商业,星盛商业管理股份有限公司,E-Star Commercial Management Company Limited,XSSY,主板,L,20210126,,1000.0,KYG3170A1085,HKD
06669.HK,先瑞达医疗-B,先瑞达医疗科技控股有限公司,Acotec Scientific Holdings Limited,XRDYLB,主板,L,20210824,,1000.0,KYG0096M1096,HKD
06676.HK,找钢网-W,找钢网集团,Zg Group,ZGWW,主板,L,20250310,,500.0,KYG9898T1058,HKD
06677.HK,远洋服务,远洋服务控股有限公司,Sino-Ocean Service Holding Limited,YYFW,主板,L,20201217,,500.0,KYG816CB1040,HKD
06680.HK,金力永磁,江西金力永磁科技股份有限公司,"JL Mag Rare-Earth Co., Ltd.",JLYC,主板,L,20220114,,200.0,CNE1000055Y4,HKD
06681.HK,脑动极光-B,脑动极光医疗科技有限公司,BrainAurora Medical Technology Limited,NDJGB,主板,L,20250108,,1000.0,KYG1300R1083,HKD
06682.HK,范式智能,范式智能技术集团股份有限公司,"Phancy Group Co., Ltd.",FSZN,主板,L,20230928,,100.0,CNE100005KD7,HKD
06683.HK,巨星传奇,巨星传奇集团有限公司,Star Plus Legend Holdings Limited,JXCQ,主板,L,20230713,,500.0,KYG8443S1093,HKD
06686.HK,诺亚控股,诺亚控股私人财富资产管理有限公司,Noah Holdings Private Wealth and Asset Management Limited,NYKG,主板,L,20220713,,100.0,KYG6542K1269,HKD
06687.HK,聚水潭,聚水潭集团股份有限公司,JST Group Corporation Limited,JST,主板,L,20251021,,100.0,KYG8123S1066,HKD
06690.HK,海尔智家,海尔智家股份有限公司,"Haier Smart Home Co., Ltd.",HEZJ,主板,L,20201223,,200.0,CNE1000048K8,HKD
06693.HK,赤峰黄金,赤峰吉隆黄金矿业股份有限公司,"Chifeng Jilong Gold Mining Co., Ltd.",CFHJ,主板,L,20250310,,200.0,CNE100006T51,HKD
06696.HK,多想云,多想云控股有限公司,Many Idea Cloud Holdings Limited,DXY,主板,L,20221109,,1000.0,KYG5913R1166,HKD
06698.HK,星空华文,星空华文控股有限公司,STAR CM Holdings Limited,XKHW,主板,L,20221229,,100.0,KYG8438D1097,HKD
06699.HK,时代天使,时代天使科技有限公司,Angelalign Technology Inc.,SDTS,主板,L,20210616,,200.0,KYG0405D1051,HKD
06805.HK,金茂源环保,金茂源环保控股有限公司,Kimou Environmental Holding Limited,JMYHB,主板,L,20190716,,2000.0,KYG5258L1041,HKD
06806.HK,申万宏源,申万宏源集团股份有限公司,"Shenwan Hongyuan Group Co., Ltd.",SWHY,主板,L,20190426,,800.0,CNE100003K53,HKD
06808.HK,高鑫零售,高鑫零售有限公司,Sun Art Retail Group Ltd.,GXLS,主板,L,20110727,,500.0,HK0000083920,HKD
06809.HK,澜起科技,澜起科技股份有限公司,"Montage Technology Co., Ltd.",LQKJ,主板,L,20260209,,100.0,CNE100007DX6,HKD
06811.HK,太兴集团,太兴集团控股有限公司,Tai Hing Group Holdings Limited,TXJT,主板,L,20190613,,1000.0,KYG866191060,HKD
06812.HK,永顺控股香港,永顺控股香港有限公司,Winson Holdings Hong Kong Limited,YSKGXG,主板,L,20200611,,5000.0,KYG971751063,HKD
06816.HK,瑞港建设,瑞港建设控股有限公司,Prosper Construction Holdings Limited,RGJS,主板,L,20160720,,2000.0,KYG7279E1017,HKD
06818.HK,中国光大银行,中国光大银行股份有限公司,China Everbright Bank Company Limited,ZGGDYH,主板,L,20131220,,1000.0,CNE100001QW3,HKD
06820.HK,友谊时光,友谊时光股份有限公司,FriendTimes Inc.,YYSG,主板,L,20191008,,2000.0,KYG371BT1022,HKD
06821.HK,凯莱英,凯莱英医药集团(天津)股份有限公司,"Asymchem Laboratories (Tianjin) Co., Ltd.",KLY,主板,L,20211210,,100.0,CNE100004Z06,HKD
06822.HK,科劲国际,科劲国际(控股)有限公司,King's Flair International (Holdings) Limited,KJGJ,主板,L,20150116,,2000.0,KYG5258R1011,HKD
06826.HK,昊海生物科技,上海昊海生物科技股份有限公司,"Shanghai Haohai Biological Technology Co., Ltd.",HHSWKJ,主板,L,20150430,,100.0,CNE100001W69,HKD
06828.HK,北京燃气蓝天,北京燃气蓝天控股有限公司,Beijing Gas Blue Sky Holdings Limited,BJRQLT,主板,L,20110712,,8000.0,BMG095871098,HKD
06829.HK,龙升集团控股,龙升集团控股有限公司,Dragon Rise Group Holdings Limited,LSJTKG,主板,L,20180208,,10000.0,KYG2831B1178,HKD
06830.HK,华众车载,华众车载控股有限公司,Huazhong In-Vehicle Holdings Company Limited,HZCZ,主板,L,20120112,,2000.0,KYG4657L1041,HKD
06831.HK,绿茶集团,绿茶集团有限公司,Green Tea Group Limited,LCJT,主板,L,20250516,,400.0,KYG4102B1077,HKD
06833.HK,兴科蓉医药,兴科蓉医药控股有限公司,Sinco Pharmaceuticals Holdings Limited,XKRYY,主板,L,20160310,,4000.0,KYG8154Y1052,HKD
06838.HK,盈利时,盈利时控股有限公司,Winox Holdings Limited,YLS,主板,L,20110720,,2000.0,KYG971741098,HKD
06839.HK,云南水务,云南水务投资股份有限公司,"Yunnan Water Investment Co., Limited",YNSW,主板,L,20150527,,1000.0,CNE100001WB5,HKD
06855.HK,亚盛医药-B,亚盛医药集团,Ascentage Pharma Group International,YSYYB,主板,L,20191028,,100.0,KYG0519B1023,HKD
06858.HK,本间高尔夫,本间高尔夫有限公司,Honma Golf Limited,BJGEF,主板,L,20161006,,500.0,KYG459461037,HKD
06860.HK,指尖悦动,指尖悦动控股有限公司,Finger Tango Inc.,ZJYD,主板,L,20180712,,1000.0,KYG3R10G1007,HKD
06862.HK,海底捞,海底捞国际控股有限公司,Haidilao International Holding Ltd.,HDL,主板,L,20180926,,1000.0,KYG4290A1013,HKD
06865.HK,福莱特玻璃,福莱特玻璃集团股份有限公司,"Flat Glass Group Co., Ltd.",FLTBL,主板,L,20151126,,1000.0,CNE100002375,HKD
06866.HK,佐力小贷,佐力科创小额贷款股份有限公司,Zuoli Kechuang Micro-finance Company Limited,ZLXD,主板,L,20150113,,2000.0,CNE100001TL0,HKD
06868.HK,天福,天福(开曼)控股有限公司,Tenfu (Cayman) Holdings Company Limited,TF,主板,L,20110926,,1000.0,KYG875941000,HKD
06869.HK,长飞光纤光缆,长飞光纤光缆股份有限公司,Yangtze Optical Fibre and Cable Joint Stock Limited Company,CFGXGL,主板,L,20141210,,500.0,CNE100001T72,HKD
06877.HK,TE HEALTHCARE,Top Eminent Healthcare Group Limited,Top Eminent Healthcare Group Limited,TEHEALTHCARE,主板,L,20171215,,5000.0,KYG2R50B1046,HKD
06878.HK,鼎丰集团汽车,鼎丰集团汽车有限公司,Differ Group Auto Limited,DFJTQC,主板,L,20150706,,10000.0,KYG2760V1187,HKD
06881.HK,中国银河,中国银河证券股份有限公司,"China Galaxy Securities Co., Ltd.",ZGYH,主板,L,20130522,,500.0,CNE100001NT6,HKD
06882.HK,东瀛游,东瀛游控股有限公司,EGL Holdings Company Limited,DYY,主板,L,20141128,,2000.0,KYG3089V1023,HKD
06883.HK,颖通控股,颖通控股有限公司,Eternal Beauty Holdings Limited,YTKG,主板,L,20250626,,1000.0,KYG3206R1092,HKD
06885.HK,金马能源,河南金马能源股份有限公司,Henan Jinma Energy Company Limited,JMNY,主板,L,20171010,,1000.0,CNE100002QZ4,HKD
06886.HK,HTSC,华泰证券股份有限公司,"Huatai Securities Co., Ltd.",HTSC,主板,L,20150601,,200.0,CNE100001YQ9,HKD
06887.HK,东阳光药,广东东阳光药业股份有限公司,"Sunshine Lake Pharma Co., Ltd.",DYGY,主板,L,20250807,,100.0,CNE1000070M8,HKD
06888.HK,英达公路再生科技,英达公路再生科技(集团)有限公司,Freetech Road Recycling Technology (Holdings) Limited,YDGLZSKJ,主板,L,20130626,,1000.0,KYG3728H1002,HKD
06889.HK,DYNAM JAPAN,"Dynam Japan Holdings Co., Ltd.","Dynam Japan Holdings Co., Ltd.",DYNAMJAPAN,主板,L,20120806,,200.0,JP3491910000,HKD
06890.HK,康利国际控股,康利国际控股有限公司,KangLi International Holdings Limited,KLGJKG,主板,L,20181119,,2000.0,KYG521551013,HKD
06893.HK,衍生集团,衍生集团(国际)控股有限公司,Hin Sang Group (International) Holding Co. Ltd.,YSJT,主板,L,20141016,,2000.0,KYG4590V1023,HKD
06896.HK,金嗓子,金嗓子控股集团有限公司,Golden Throat Holdings Group Company Limited,JSZ,主板,L,20150715,,500.0,KYG3961J1022,HKD
06898.HK,中国铝罐,中国铝罐控股有限公司,China Aluminum Cans Holdings Limited,ZGLG,主板,L,20130712,,2000.0,KYG211551091,HKD
06899.HK,联众,联众国际控股有限公司,Ourgame International Holdings Ltd.,LZ,主板,L,20140630,,1000.0,KYG6847M1087,HKD
06908.HK,宏光半导体,宏光半导体有限公司,HG Semiconductor Limited,HGBDT,主板,L,20191113,,5000.0,KYG3970H1056,HKD
06909.HK,百得利控股,百得利控股有限公司,BetterLife Holding Limited,BDLKG,主板,L,20210715,,1000.0,KYG1226F1054,HKD
06911.HK,澜沧古茶,普洱澜沧古茶股份有限公司,"Pu'er Lancang Ancient Tea Co., Ltd.",LCGC,主板,L,20231222,,200.0,CNE1000069K4,HKD
06913.HK,华南职业教育,中国华南职业教育集团有限公司,South China Vocational Education Group Company Limited,HNZYJY,主板,L,20210713,,2000.0,KYG8281B1014,HKD
06918.HK,奇士达,奇士达控股有限公司,Kidztech Holdings Limited,QSD,主板,L,20200318,,2000.0,KYG5259S1084,HKD
06919.HK,人瑞人才,人瑞人才科技控股有限公司,Renrui Human Resources Technology Holdings Limited,RRRC,主板,L,20191213,,100.0,KYG7504A1067,HKD
06922.HK,康沣生物-B,康沣生物科技(上海)股份有限公司,"Cryofocus Medtech (Shanghai) Co., Ltd.",KFSWB,主板,L,20221230,,200.0,CNE100005MV5,HKD
06928.HK,万马控股,万马控股有限公司,TOMO Holdings Limited,WMKG,主板,L,20191223,,4000.0,KYG8955R1011,HKD
06929.HK,业聚医疗,业聚医疗集团控股有限公司,OrbusNeich Medical Group Holdings Limited,YJYL,主板,L,20221223,,500.0,KYG6773B1005,HKD
06933.HK,新娱科控股,新娱科控股有限公司,Sino-Entertainment Technology Holdings Limited,XYKKG,主板,L,20200715,,2000.0,KYG8191E1044,HKD
06936.HK,顺丰控股,顺丰控股股份有限公司,"S.F. Holding Co., Ltd.",SFKG,主板,L,20241127,,200.0,CNE100006NF4,HKD
06938.HK,瑞博生物-B,苏州瑞博生物技术股份有限公司,"Suzhou Ribo Life Science Co., Ltd.",RBSWB,主板,L,20260109,,200.0,CNE100007DS6,HKD
06939.HK,美佳音控股,美佳音控股有限公司,"MEGAIN Holding (Cayman) Co., Ltd.",MJYKG,主板,L,20210331,,2000.0,KYG5961G1038,HKD
06955.HK,博安生物,山东博安生物技术股份有限公司,"Shandong Boan Biotechnology Co., Ltd.",BASW,主板,L,20221230,,200.0,CNE100005RV4,HKD
06958.HK,正荣服务,正荣服务集团有限公司,Zhenro Services Group Limited,ZRFW,主板,L,20200710,,1000.0,KYG9898V1005,HKD
06959.HK,长久股份,长久股份有限公司,Changjiu Holdings Limited,CJGF,主板,L,20240109,,100.0,KYG2044E1061,HKD
06960.HK,双登股份,双登集团股份有限公司,"Shuangdeng Group Co., Ltd.",SDGF,主板,L,20250826,,500.0,CNE1000071N4,HKD
06963.HK,阳光保险,阳光保险集团股份有限公司,Sunshine Insurance Group Company Limited,YGBX,主板,L,20221209,,500.0,CNE100005MM4,HKD
06966.HK,中国万桐园,中国万桐园(控股)有限公司,China Wan Tong Yuan (Holdings) Limited,ZGWTY,主板,L,20191217,,10000.0,KYG215AA1032,HKD
06968.HK,港龙中国地产,港龙中国地产集团有限公司,Ganglong China Property Group Limited,GLZGDC,主板,L,20200715,,1000.0,KYG373041055,HKD
06969.HK,思摩尔国际,思摩尔国际控股有限公司,Smoore International Holdings Limited,SMEGJ,主板,L,20200710,,1000.0,KYG8245V1023,HKD
06978.HK,永泰生物-B,永泰生物制药有限公司,Immunotech Biopharm Ltd,YTSWB,主板,L,20200710,,1000.0,KYG4721A1004,HKD
06979.HK,珍酒李渡,珍酒李渡集团有限公司,ZJLD Group Inc,ZJLD,主板,L,20230427,,200.0,KYG989BA1027,HKD
06980.HK,八马茶业,八马茶业股份有限公司,"Bama Tea Co., Ltd.",BMCY,主板,L,20251028,,100.0,CNE100007507,HKD
06988.HK,乐享集团,乐享集团有限公司,Joy Spreader Group Inc.,LXJT,主板,L,20200923,,1000.0,KYG5191P1054,HKD
06989.HK,卓越商企服务,卓越商企服务集团有限公司,Excellence Commercial Property & Facilities Management Group Limited,ZYSQFW,主板,L,20201019,,1000.0,KYG3235S1021,HKD
06990.HK,科伦博泰生物,四川科伦博泰生物医药股份有限公司,"Sichuan Kelun-Biotech Biopharmaceutical Co., Ltd.",KLBTSW,主板,L,20230711,,100.0,CNE1000062J1,HKD
06993.HK,蓝月亮集团,蓝月亮集团控股有限公司,Blue Moon Group Holdings Limited,LYLJT,主板,L,20201216,,500.0,KYG1193D1097,HKD
06996.HK,德琪医药-B,德琪医药有限公司,Antengene Corporation Limited,DQYYB,主板,L,20201120,,500.0,KYG039571008,HKD
06998.HK,亿腾嘉和,亿腾嘉和医药集团有限公司,Edding Genor Group Holdings Limited,YTJH,主板,L,20201007,,500.0,KYG3871A1004,HKD
06999.HK,领地控股,领地控股集团有限公司,Leading Holdings Group Limited,LDKG,主板,L,20201210,,1000.0,KYG5410P1000,HKD
07489.HK,岚图汽车,岚图汽车科技股份有限公司,"Voyah Automotive Technology Co., Ltd.",LTQC,主板,L,20260319,,1000.0,CNE100007FB7,HKD
07618.HK,京东工业,京东工业股份有限公司,"JINGDONG Industrials, Inc.",JDGY,主板,L,20251211,,200.0,KYG5140T1094,HKD
08003.HK,世大控股,世大控股有限公司,Great World Company Holdings Ltd.,SDKG,创业板,L,19991202,,6000.0,KYG4158M1226,HKD
08005.HK,裕兴科技,裕兴科技投资控股有限公司,Yuxing InfoTech Investment Holdings Limited,YXKJ,创业板,L,20000131,,2000.0,BMG9883P1344,HKD
08006.HK,华泰瑞银,中国华泰瑞银控股有限公司,Sino Splendid Holdings Limited,HTRY,创业板,L,20000309,,10000.0,KYG816BP1201,HKD
08007.HK,环球战略集团,环球战略集团有限公司,Global Strategic Group Limited,HQZLJT,创业板,L,20000417,,10000.0,KYG3947G1560,HKD
08013.HK,ECI TECH,ECI Technology Holdings Limited,ECI Technology Holdings Limited,ECITECH,创业板,L,20170310,,20000.0,,HKD
08017.HK,捷利交易宝,捷利交易宝金融科技有限公司,TradeGo FinTech Limited,JLJYB,创业板,L,20180928,,4000.0,KYG8985W1042,HKD
08018.HK,汇财金融投资,汇财金融投资控股有限公司,Finsoft Financial Investment Holdings Limited,HCJRTZ,创业板,L,20130926,,10000.0,KYG3461G1863,HKD
08019.HK,皓文控股,皓文控股有限公司,Hao Wen Holdings Limited,HWKG,创业板,L,20010720,,20000.0,KYG4286Q1698,HKD
08020.HK,宏海控股集团,宏海控股集团有限公司,Unitas Holdings Limited,HHKGJT,创业板,L,20111012,,10000.0,KYG9345D1097,HKD
08021.HK,汇隆控股,汇隆控股有限公司,WLS Holdings Limited,HLKG,创业板,L,20011207,,10000.0,BMG9726D1323,HKD
08023.HK,邝文记,邝文记集团有限公司,Kwong Man Kee Group Limited,KWJ,创业板,L,20161013,,6000.0,KYG532951046,HKD
08026.HK,朗华国际集团,朗华国际集团有限公司,China Brilliant Global Limited,LHGJJT,创业板,L,20000328,,1000.0,KYG211AJ1037,HKD
08027.HK,吉辉控股,吉辉控股有限公司,KPM Holding Ltd.,JHKG,创业板,L,20150710,,5000.0,KYG5314U1224,HKD
08028.HK,天时资源,天时资源控股有限公司,Timeless Resources Holdings Limited,TSZY,创业板,L,19991125,,20000.0,HK0000981941,HKD
08029.HK,帝国金融集团,帝国金融集团有限公司,Imperium Financial Group Limited,DGJRJT,创业板,L,20001214,,5000.0,KYG857AT1273,HKD
08030.HK,丰银禾控股,丰银禾控股有限公司,Fengyinhe Holdings Limited,FYHKG,创业板,L,20120507,,1000.0,KYG3642R1011,HKD
08031.HK,易通讯集团,易通讯集团有限公司,ETS Group Limited,YTXJT,创业板,L,20120109,,2000.0,KYG314241152,HKD
08033.HK,爱达利网络,爱达利网络控股有限公司,Vodatel Networks Holdings Ltd.,ADLWL,创业板,L,20000225,,2000.0,BMG938831093,HKD
08035.HK,骏高控股,骏高控股有限公司,Janco Holdings Limited,JGKG,创业板,L,20161007,,10000.0,KYG5017F1090,HKD
08036.HK,电子交易集团,电子交易集团有限公司,eBroker Group Limited,DZJYJT,创业板,L,20190219,,10000.0,KYG292091066,HKD
08037.HK,中国生物科技服务,中国生物科技服务控股有限公司,China Biotech Services Holdings Limited,ZGSWKJFW,创业板,L,20040617,,5000.0,BMG2152F1014,HKD
08039.HK,中国来骑哦,中国来骑哦新能源集团有限公司,China Come Ride New Energy Group Limited,ZGLQO,创业板,L,20161212,,8000.0,KYG5300B1041,HKD
08040.HK,快意智能,快意智能股份有限公司,Coolpoint Innonism Holding Limited,KYZN,创业板,L,20180214,,5000.0,KYG2R66A1080,HKD
08041.HK,中微智码,中微智码(国际)集团有限公司,IntelliMark AI International Limited,ZWZM,创业板,L,20000707,,5000.0,KYG5726E1614,HKD
08042.HK,高奥士人才集团,高奥士国际人才集团有限公司,KOS International Talent Group Limited,GASRCJT,创业板,L,20181012,,10000.0,KYG531501016,HKD
08043.HK,ATLINKS,Atlinks Group Limited,Atlinks Group Limited,ATLINKS,创业板,L,20180119,,5000.0,KYG069761073,HKD
08047.HK,中国海洋发展,中国海洋集团发展有限公司,China Ocean Group Development Limited,ZGHYFZ,创业板,L,20011101,,4000.0,BMG2114V1037,HKD
08048.HK,御德国际控股,御德国际控股有限公司,Yu Tak International Holdings Limited,YDGJKG,创业板,L,20000630,,2000.0,BMG9887Q1042,HKD
08049.HK,吉林长龙药业,吉林省辉南长龙生化药业股份有限公司,Jilin Province Huinan Changlong Bio-pharmacy Company Limited,JLCLYY,创业板,L,20010524,,4000.0,CNE100000130,HKD
08050.HK,城市酷选,城市酷选有限公司,City Coolxuan Company Limited,CSKX,创业板,L,20000724,,2000.0,KYG7S12H1066,HKD
08051.HK,讯智海,讯智海国际控股有限公司,CircuTech International Holdings Limited,XZH,创业板,L,20010508,,200.0,KYG2180K1141,HKD
08052.HK,陆庆娱乐,陆庆娱乐集团控股有限公司,Luk Hing Entertainment Group Holdings Limited,LQYL,创业板,L,20161111,,20000.0,KYG569701173,HKD
08056.HK,生活概念,生活概念控股有限公司,Life Concepts Holdings Limited,SHGN,创业板,L,20160805,,10000.0,BMG548332003,HKD
08057.HK,麦迪森控股,麦迪森控股集团有限公司,Madison Holdings Group Limited,MDSKG,创业板,L,20151008,,4000.0,KYG5747Y1136,HKD
08059.HK,朝威控股,朝威控股有限公司,Glory Flame Holdings Limited,ZWKG,创业板,L,20140815,,5000.0,KYG394011079,HKD
08060.HK,国联通信,国联通信控股有限公司,Global Link Communications Holdings Limited,GLTX,创业板,L,20021113,,10000.0,KYG392991132,HKD
08062.HK,俊盟国际,俊盟国际控股有限公司,EFT Solutions Holdings Limited,JMGJ,创业板,L,20161215,,5000.0,KYG294321040,HKD
08065.HK,高萌科技,高萌科技集团有限公司,KML Technology Group Limited,GMKJ,创业板,L,20171016,,5000.0,KYG5S00R1029,HKD
08066.HK,品创控股,品创控股有限公司,Phoenitron Holdings Limited,PCKG,创业板,L,20011220,,5000.0,KYG7059R1323,HKD
08067.HK,东方大学城控股,东方大学城控股(香港)有限公司,Oriental University City Holdings (H.K.) Limited,DFDXCKG,创业板,L,20150116,,1000.0,HK0000231891,HKD
08069.HK,飞道旅游科技,飞道旅游科技有限公司,Flydoo Technology Holding Limited,FDLYKJ,创业板,L,20170112,,5000.0,KYG981251005,HKD
08070.HK,侨洋国际控股,侨洋国际控股有限公司,Keen Ocean International Holding Ltd.,QYGJKG,创业板,L,20160224,,5000.0,KYG5244B1032,HKD
08071.HK,中彩网通控股,中彩网通控股有限公司,China Netcom Technology Holdings Limited,ZCWTKG,创业板,L,20010302,,5000.0,KYG2117P1110,HKD
08072.HK,兰谷股份,兰谷股份,Langu Company Limited,LGGF,创业板,L,20130225,,20000.0,KYG7633U2131,HKD
08073.HK,水发兴业新材料,中国水发兴业新材料控股有限公司,China Shuifa Singyes New Materials Holdings Limited,SFXYXCL,创业板,L,20170721,,4000.0,BMG215971026,HKD
08076.HK,新利软件,新利软件(集团)股份有限公司,Sing Lee Software (Group) Limited,XLRJ,创业板,L,20010905,,5000.0,BMG819641017,HKD
08079.HK,仍志集团控股,仍志集团控股有限公司,Wisdomcome Group Holdings Limited,RZJTKG,创业板,L,20011015,,5000.0,BMG2916U2044,HKD
08080.HK,北亚策略,北亚策略控股有限公司,North Asia Strategic Holdings Limited,BYCL,创业板,L,20000420,,20000.0,BMG664301360,HKD
08081.HK,白居易控股,白居易控股集团有限公司,Baijuyi Holdings Group Limited,BJYKG,创业板,L,20000619,,10000.0,BMG4289J1053,HKD
08082.HK,擎华控股,擎华控股集团有限公司,Qing Hua Holding Group Company Limited,QHKG,创业板,L,20011102,,10000.0,BMG8572C1073,HKD
08087.HK,中国三三传媒,中国三三传媒集团有限公司,China 33 Media Group Ltd.,ZGSSCM,创业板,L,20110228,,10000.0,KYG8442C1548,HKD
08091.HK,奥传思维控股,奥传思维控股有限公司,OOH Holdings Limited,ACSWKG,创业板,L,20170105,,10000.0,KYG675351079,HKD
08092.HK,ITE HOLDINGS,ITE (Holdings) Ltd.,ITE (Holdings) Ltd.,ITEHOLDINGS,创业板,L,20010221,,4000.0,KYG6333F1046,HKD
08093.HK,瓦普思瑞元宇宙,瓦普思瑞元宇宙有限公司,Web3 Meta Limited,WPSRYYZ,创业板,L,20150212,,2000.0,KYG6129U1094,HKD
08095.HK,北大青鸟环宇,北京北大青鸟环宇科技股份有限公司,Beijing Beida Jade Bird Universal Sci-Tech Co. Ltd.,BDQNHY,创业板,L,20000727,,1000.0,CNE100000551,HKD
08096.HK,赏之味,赏之味控股有限公司,Tasty Concepts Holding Limited,SZW,创业板,L,20190315,,5000.0,KYG8693A1132,HKD
08098.HK,昌利控股,昌利(控股)有限公司,CL Group (Holdings) Limited,CLKG,创业板,L,20110308,,10000.0,KYG220291051,HKD
08100.HK,名科国际,名科国际控股有限公司,Famous Tech International Holdings Limited,MKGJ,创业板,L,20011231,,6000.0,BMG3867N1406,HKD
08103.HK,HMVOD视频,hmvod视频有限公司,hmvod Limited,HMVODSP,创业板,L,20000908,,1500.0,KYG4527B1041,HKD
08106.HK,芯化兰德,浙江芯化兰德科技股份有限公司,"Xinhua Lande Scitech Co., Limited",XHLD,创业板,L,20020503,,5000.0,CNE100000700,HKD
08107.HK,细叶榕科技,细叶榕科技控股有限公司,Ficus Technology Holdings Limited,XYRKJ,创业板,L,20180504,,5000.0,KYG9377G1376,HKD
08111.HK,中国科技产业集团,中国科技产业集团有限公司,China Technology Industry Group Limited,ZGKJCYJT,创业板,L,20010103,,10000.0,KYG8440V1133,HKD
08112.HK,基石金融,基石金融控股有限公司,Cornerstone Financial Holdings Limited,JSJR,创业板,L,20110728,,24000.0,KYG3610T1215,HKD
08113.HK,时腾科技,时腾科技控股有限公司,V & V Technology Holdings Limited,STKJ,创业板,L,20160107,,5000.0,KYG4492L1370,HKD
08115.HK,清大东方,清大东方集团股份有限公司,"Qingda Oriental Group Co., Ltd.",QDDF,创业板,L,20040630,,4000.0,CNE100000197,HKD
08117.HK,中国基础能源,中国基础能源控股有限公司,China Primary Energy Holdings Limited,ZGJCNY,创业板,L,20011213,,10000.0,KYG2161J1022,HKD
08118.HK,中资国际控股,中资国际控股有限公司,Zhongzi International Holdings Limited,ZZGJKG,创业板,L,20171116,,8000.0,KYG125871049,HKD
08120.HK,国农金融投资,国农金融投资有限公司,China Demeter Financial Investments Limited,GNJRTZ,创业板,L,20010410,,5000.0,BMG2125V1596,HKD
08121.HK,国恩控股,国恩控股有限公司,Guoen Holdings Limited,GEKG,创业板,L,20150529,,10000.0,KYG428971272,HKD
08123.HK,华亿金控,华亿金控集团有限公司,Sinofortune Financial Holdings Limited,HYJK,创业板,L,20020111,,6000.0,KYG8406P1000,HKD
08125.HK,中新控股,中新控股有限公司,China New Holdings Limited,ZXKG,创业板,L,20140718,,8000.0,HK0001114336,HKD
08126.HK,G.A.控股,G.A.控股有限公司,G. A. Holdings Ltd.,GAKG,创业板,L,20020617,,4000.0,KYG3706N1034,HKD
08128.HK,中国恒有源集团,中国恒有源发展集团有限公司,CHYY DEVELOPMENT GROUP LIMITED,ZGHYYJT,创业板,L,20011130,,8000.0,KYG2127R1074,HKD
08130.HK,大地国际集团,大地国际集团有限公司,Dadi International Group Limited,DDGJJT,创业板,L,20020826,,20000.0,BMG2617D1056,HKD
08131.HK,辰罡科技,辰罡科技有限公司,abc Multiactive Ltd.,CGKJ,创业板,L,20010131,,10000.0,BMG0031W1477,HKD
08132.HK,百能国际能源,百能国际能源控股有限公司,Century Energy International Holdings Limited,BNGJNY,创业板,L,20110518,,10000.0,KYG2162K1168,HKD
08133.HK,吉盛集团控股,吉盛集团控股有限公司,Jisheng Group Holdings Limited,JSJTKG,创业板,L,20150430,,8000.0,KYG511391719,HKD
08136.HK,英马斯集团,英马斯集团控股有限公司,IMS Group Holdings Limited,YMSJT,创业板,L,20180125,,10000.0,KYG472571036,HKD
08137.HK,洪桥集团,洪桥集团有限公司,Honbridge Holdings Limited,HQJT,创业板,L,20020108,,2000.0,KYG4587J1123,HKD
08139.HK,长安仁恒,浙江长安仁恒科技股份有限公司,"Zhejiang Chang‘an Renheng Technology Co., Ltd.",CARH,创业板,L,20150116,,500.0,CNE100003DZ0,HKD
08140.HK,人和科技,人和科技控股有限公司,BOSA Technology Holdings Limited,RHKJ,创业板,L,20180712,,10000.0,KYG1263R1039,HKD
08143.HK,金威医疗,金威医疗集团有限公司,Good Fellow Healthcare Holdings Limited,JWYL,创业板,L,20020510,,10000.0,KYG4052M1116,HKD
08146.HK,怡园酒业,怡园酒业控股有限公司,Grace Wine Holdings Limited,YYJY,创业板,L,20180627,,10000.0,KYG4036R1039,HKD
08147.HK,汇思太平洋,汇思太平洋集团控股有限公司,Millennium Pacific Group Holdings Limited,HSTPY,创业板,L,20140718,,8000.0,KYG6169E1715,HKD
08148.HK,悟喜生活,悟喜生活国际控股集团有限公司,Wuxi Life International Holdings Group Limited,WXSH,创业板,L,20040109,,20000.0,KYG063701786,HKD
08149.HK,浩德控股,浩德控股有限公司,Altus Holdings Limited,HDKG,创业板,L,20161017,,10000.0,KYG0R70H1014,HKD
08152.HK,明梁控股,明梁控股集团有限公司,M&L Holdings Group Limited,MLKG,创业板,L,20170721,,10000.0,KYG6125R1002,HKD
08153.HK,嘉鼎国际集团,嘉鼎国际集团控股有限公司,Jiading International Group Holdings Limited,JDGJJT,创业板,L,20010330,,5000.0,BMG3394P4020,HKD
08156.HK,国药科技股份,国药科技股份有限公司,Sinopharm Tech Holdings Limited,GYKJGF,创业板,L,20021112,,10000.0,KYG2159V1418,HKD
08158.HK,中国再生医学,中国再生医学国际有限公司,China Regenerative Medicine International Limited,ZGZSYX,创业板,L,20010718,,5000.0,KYG2129W1380,HKD
08159.HK,新华联合投资,新华联合投资有限公司,China United Venture Investment Limited,XHLHTZ,创业板,L,20020104,,5000.0,BMG394081100,HKD
08160.HK,GOLDWAY EDU,金汇教育集团有限公司,Goldway Education Group Limited,GOLDWAYEDU,创业板,L,20161202,,12000.0,KYG3981U1379,HKD
08161.HK,医汇集团,医汇集团有限公司,MediNet Group Limited,YHJT,创业板,L,20160531,,4000.0,KYG5955D1088,HKD
08162.HK,港银控股,港银控股有限公司,Loco Hong Kong Holdings Ltd.,GYKG,创业板,L,20140805,,10000.0,HK0000207610,HKD
08163.HK,声扬集团,声扬集团有限公司,NOIZ Group Limited,SYJT,创业板,L,20020307,,20000.0,KYG6021S1949,HKD
08168.HK,宝积资本,宝积资本控股有限公司,Amasse Capital Holdings Limited,BJZB,创业板,L,20180322,,10000.0,KYG024821004,HKD
08169.HK,环康集团,环康集团有限公司,Eco-Tek Holdings Ltd.,HKJT,创业板,L,20011205,,10000.0,KYG3039J1004,HKD
08172.HK,拉近网娱,拉近网娱集团有限公司,Lajin Entertainment Network Group Limited,LJWY,创业板,L,20020326,,20000.0,BMG5351M1165,HKD
08173.HK,客思控股,客思控股有限公司,Hephaestus Holdings Limited,KSKG,创业板,L,20020509,,20000.0,KYG4404S1057,HKD
08176.HK,超人智能,超人智能控股有限公司,SuperRobotics Holdings Limited,CRZN,创业板,L,20020219,,5000.0,BMG8587J1053,HKD
08178.HK,中国信息科技,中国信息科技发展有限公司,China Information Technology Development Limited,ZGXXKJ,创业板,L,20011211,,2000.0,KYG215501688,HKD
08179.HK,百利达集团控股,百利达集团控股有限公司,Palinda Group Holdings Limited,BLDJTKG,创业板,L,20110708,,12000.0,KYG6879A1058,HKD
08181.HK,港深智能管理,港深智能管理集团(控股)有限公司,Kong Shum Smart Management Group (Holdings) Limited,GSZNGL,创业板,L,20131011,,8000.0,KYG8109A1031,HKD
08186.HK,曼妠,曼妠有限公司,Almana Limited,MN,创业板,L,20011231,,5000.0,BMG6315H1025,HKD
08187.HK,积木集团,积木集团有限公司,Jimu Group Limited,JMJT,创业板,L,20160530,,5000.0,KYG513771108,HKD
08188.HK,骏杰集团控股,骏杰集团控股有限公司,GME Group Holdings Limited,JJJTKG,创业板,L,20170222,,4000.0,KYG3946R1048,HKD
08189.HK,泰达生物,天津泰达生物医学工程股份有限公司,Tianjin TEDA Biomedical Engineering Company Limited,TDSW,创业板,L,20020618,,5000.0,CNE1000004H7,HKD
08191.HK,鸿伟亚洲,鸿伟(亚洲)控股有限公司,Hong Wei (Asia) Holdings Company Limited,HWYZ,创业板,L,20140108,,6000.0,HK0000813342,HKD
08193.HK,亚太金融投资,亚太金融投资有限公司,Asia-Pac Financial Investment Company Limited,YTJRTZ,创业板,L,20110531,,10000.0,KYG0542D1584,HKD
08195.HK,传承教育集团,传承教育集团有限公司,Legendary Education Group Limited,CCJYJT,创业板,L,20141010,,2000.0,KYG5450S1131,HKD
08196.HK,福田股份,福田股份有限公司,Futian Holdings Limited,FTGF,创业板,L,20151209,,8000.0,KYG408011214,HKD
08198.HK,加幂科技,加幂科技有限公司,Crypto Flow Technology Limited,JMKJ,创业板,L,20020517,,4000.0,KYG5656D1189,HKD
08200.HK,修身堂,修身堂控股有限公司,Sau San Tong Holdings Limited,XST,创业板,L,20031119,,4000.0,KYG781652253,HKD
08201.HK,宝联控股,宝联控股有限公司,PPS International (Holdings) Limited,BLKG,创业板,L,20130617,,20000.0,KYG7222V1840,HKD
08203.HK,凯顺控股,凯顺控股有限公司,Kaisun Holdings Limited,KSKG,创业板,L,20040120,,10000.0,KYG8310R1276,HKD
08205.HK,交大慧谷,上海交大慧谷信息产业股份有限公司,Shanghai Jiaoda Withub Information Industrial Co Ltd,JDHG,创业板,L,20020731,,4000.0,CNE100000189,HKD
08206.HK,神通机器人教育,神通机器人教育集团有限公司,Shentong Robot Education Group Company Limited,STJQRJY,创业板,L,20021115,,1000.0,KYG8117F1028,HKD
08208.HK,永通万国集团,永通万国集团控股有限公司,Radiance Global Group Holdings Limited,YTWGJT,创业板,L,20191129,,6000.0,KYG9T26K1088,HKD
08210.HK,衍汇亚洲,衍汇亚洲有限公司,DLC Asia Limited,YHYZ,创业板,L,20180827,,10000.0,KYG3166C1006,HKD
08213.HK,荣晖控股,荣晖控股有限公司,StarGlory Holdings Company Limited,RHKG,创业板,L,20030318,,10000.0,KYG844271141,HKD
08217.HK,菊福堂生物,菊福堂生物控股有限公司,"Ju Fu Tang Biotech Holdings Co., Ltd",JFTSW,创业板,L,20160412,,10000.0,KYG5700C1244,HKD
08218.HK,毅高国际控股,毅高(国际)控股集团有限公司,Echo International Holdings Group Limited,YGGJKG,创业板,L,20131011,,12000.0,KYG2919W1327,HKD
08219.HK,恒伟集团控股,恒伟集团控股有限公司,Hanvey Group Holdings Limited,HWJTKG,创业板,L,20180712,,10000.0,KYG4289R1157,HKD
08220.HK,比高集团,比高集团控股有限公司,Bingo Group Holdings Limited,BGJT,创业板,L,20021112,,1000.0,KYG1116Y1567,HKD
08221.HK,高裕金融,高裕金融集团有限公司,Gaoyu Finance Group Limited,GYJR,创业板,L,20170106,,5000.0,KYG704861247,HKD
08222.HK,壹照明,壹照明集团控股有限公司,E Lighting Group Holdings Limited,YZM,创业板,L,20140929,,4000.0,KYG3003A1013,HKD
08223.HK,紫元元,紫元元控股集团有限公司,Ziyuanyuan Holdings Group Limited,ZYY,创业板,L,20180709,,4000.0,KYG9898B1041,HKD
08225.HK,中国医疗集团,中国医疗集团有限公司,China Health Group Inc.,ZGYLJT,创业板,L,20030710,,20000.0,KYG2117N1088,HKD
08226.HK,树熊金融集团,树熊金融集团有限公司,KOALA Financial Group Limited,SXJRJT,创业板,L,20020719,,5000.0,KYG5306J1195,HKD
08227.HK,海天天线,西安海天天线科技股份有限公司,"Xi'an Haitian Antenna Technologies Co., Ltd.",HTTX,创业板,L,20031105,,1000.0,CNE1000001D2,HKD
08229.HK,未来数据集团,未来数据集团有限公司,Future Data Group Limited,WLSJJT,创业板,L,20160708,,5000.0,KYG3729W1069,HKD
08232.HK,一木集团,一木集团(控股)有限公司,THAC Group (Holdings) Limited,YMJT,创业板,L,20160711,,5000.0,KYG2190B1124,HKD
08237.HK,华星控股,华星控股有限公司,Link Holdings Limited,HXKG,创业板,L,20140707,,6000.0,KYG5496E1364,HKD
08238.HK,惠陶集团,惠陶集团(控股)有限公司,Winto Group (Holdings) Limited,HTJT,创业板,L,20150216,,8000.0,KYG9722S1333,HKD
08239.HK,首都金融控股,首都金融控股有限公司,Capital Finance Holdings Limited,SDJRKG,创业板,L,20021115,,10000.0,BMG1941S2007,HKD
08241.HK,英记茶庄集团,英记茶庄集团有限公司,Ying Kee Tea House Group Limited,YJCZJT,创业板,L,20180416,,5000.0,HK0000408101,HKD
08245.HK,烽翼集团,烽翼集团有限公司,Canopy SkyFire Group Limited,FYJT,创业板,L,20150930,,20000.0,KYG675491404,HKD
08246.HK,中华燃气,中华燃气控股有限公司,Zhonghua Gas Holdings Limited,ZHRQ,创业板,L,20111230,,5000.0,KYG9897L1115,HKD
08247.HK,中生北控生物科技,中生北控生物科技股份有限公司,Biosino Bio-Technology and Science Incorporation,ZSBKSWKJ,创业板,L,20060227,,2000.0,CNE100000288,HKD
08249.HK,瑞远智控,浙江瑞远智控科技股份有限公司,Zhejiang RuiYuan Intelligent Control Technology Company Limited,RYZK,创业板,L,20031114,,5000.0,CNE1000004Z9,HKD
08250.HK,都都控股,都都控股有限公司,Du Du Holdings Limited,DDKG,创业板,L,20040618,,10000.0,KYG8133P1182,HKD
08262.HK,宏强控股,宏强控股有限公司,Super Strong Holdings Limited,HQKG,创业板,L,20160330,,10000.0,KYG8587W1069,HKD
08267.HK,蓝港互动,蓝港互动集团有限公司,"Linekong Interactive Group Co., Ltd.",LGHD,创业板,L,20141230,,500.0,KYG5504C1069,HKD
08268.HK,智城发展控股,智城发展控股有限公司,Smart City Development Holdings Limited,ZCFZKG,创业板,L,20150108,,8000.0,KYG8211U1040,HKD
08269.HK,倍升教育科技,倍升教育科技有限公司,Go Up Education Technology Limited,BSJYKJ,创业板,L,20101014,,30000.0,KYG488341655,HKD
08270.HK,中国煤层气,中国煤层气集团有限公司,China CBM Group Company Limited,ZGMCQ,创业板,L,20030812,,10000.0,BMG2152N2038,HKD
08271.HK,环球数码创意,环球数码创意控股有限公司,Global Digital Creations Holdings Limited,HQSMCY,创业板,L,20030804,,2000.0,BMG4046D1020,HKD
08275.HK,中国新消费集团,中国新消费集团有限公司,China New Consumption Group Limited,ZGXXFJT,创业板,L,20171016,,20000.0,KYG1142R1424,HKD
08277.HK,骏东控股,骏东(控股)有限公司,Steed Oriental (Holdings) Co. Ltd.,JDKG,创业板,L,20150223,,2000.0,KYG846071036,HKD
08279.HK,亚博科技控股,亚博科技控股有限公司,AGTech Holdings Limited,YBKJKG,创业板,L,20040119,,4000.0,BMG0135Z1032,HKD
08280.HK,中国数字视频,中国数字视频控股有限公司,China Digital Video Holdings Limited,ZGSZSP,创业板,L,20160627,,2000.0,KYG2118T1040,HKD
08281.HK,中国金典集团,中国金典集团有限公司,China Golden Classic Group Limited,ZGJDJT,创业板,L,20160708,,8000.0,KYG2119E1061,HKD
08282.HK,智傲控股,智傲控股有限公司,Gameone Holdings Ltd.,ZAKG,创业板,L,20160113,,12000.0,KYG3729L1260,HKD
08283.HK,中食民安,中食民安控股有限公司,Zhongshi Minan Holdings Limited,ZSMA,创业板,L,20161108,,5000.0,KYG9897M1270,HKD
08285.HK,森浩集团,森浩集团股份有限公司,Sling Group Holdings Limited,SHJT,创业板,L,20180116,,5000.0,KYG8192F1000,HKD
08286.HK,长城微光,山西长城微光器材股份有限公司,Shanxi Changcheng Microlight Equipment Co. Ltd.,CCWG,创业板,L,20040518,,5000.0,CNE100000452,HKD
08290.HK,亚势备份,亚势备份软件开发有限公司,Ahsay Backup Software Development Company Limited,YSBF,创业板,L,20151008,,10000.0,KYG0132C1078,HKD
08291.HK,港娱国际,港娱国际控股有限公司,Hong Kong Entertainment International Holdings Limited,GYGJ,创业板,L,20170718,,10000.0,KYG942971766,HKD
08292.HK,VSING,VSING Limited,VSING Limited,VSING,创业板,L,20160706,,10000.0,KYG9769B1005,HKD
08293.HK,星亚控股,星亚控股有限公司,SingAsia Holdings Ltd.,XYKG,创业板,L,20160715,,20000.0,KYG8159T1195,HKD
08295.HK,金慧科技,金慧科技集团股份有限公司,Kingwisoft Technology Group Company Limited,JHKJ,创业板,L,20100618,,20000.0,KYG989MR1033,HKD
08296.HK,中国生命集团,中国生命集团有限公司,Sino-Life Group Ltd.,ZGSMJT,创业板,L,20090909,,4000.0,KYG816BW1178,HKD
08297.HK,海纳星空科技,海纳星空科技集团有限公司,Ocean Star Technology Group Limited,HNXKKJ,创业板,L,20170713,,2500.0,KYG6381M1006,HKD
08299.HK,大唐黄金,大唐黄金控股有限公司,GT Gold Holdings Limited,DTHJ,创业板,L,20040923,,24000.0,KYG4136P1303,HKD
08300.HK,今米房集团,今米房集团控股有限公司,Jin Mi Fang Group Holdings Limited,JMFJT,创业板,L,20160808,,20000.0,KYG770951005,HKD
08305.HK,圣唐控股,圣唐控股有限公司,Sheng Tang Holdings Limited,STKG,创业板,L,20180704,,10000.0,KYG891951041,HKD
08307.HK,密迪斯肌,密迪斯肌控股有限公司,Medicskin Holdings Ltd.,MDSJ,创业板,L,20141218,,4000.0,KYG595641070,HKD
08308.HK,古兜控股,古兜控股有限公司,Gudou Holdings Limited,GDKG,创业板,L,20161209,,4000.0,KYG419791085,HKD
08309.HK,万成环球控股,万成环球控股有限公司,Man Shing Global Holdings Limited,WCHQKG,创业板,L,20170413,,10000.0,KYG579641013,HKD
08310.HK,盐城港,盐城港国际股份有限公司,"Yancheng Port International Co., Limited",YCG,创业板,L,20130822,,10000.0,KYG2616H1074,HKD
08311.HK,圆美光电,圆美光电有限公司,Perfect Optronics Limited,YMGD,创业板,L,20140207,,10000.0,KYG7015H1039,HKD
08313.HK,杰地集团,杰地集团有限公司,Zacd Group Ltd.,JDJT,创业板,L,20180116,,10000.0,SG9999017792,HKD
08315.HK,新都酒店,新都酒店集团,Century Plaza Hotel Group,XDJD,创业板,L,20140820,,10000.0,KYG4080P1283,HKD
08316.HK,中国红包,中国红包控股有限公司,China Hongbao Holdings Limited,ZGHB,创业板,L,20150810,,2000.0,KYG7321A1076,HKD
08317.HK,财华社集团,财华社集团有限公司,Finet Group Ltd.,CHSJT,创业板,L,20050107,,2000.0,BMG3445E1333,HKD
08319.HK,思博系统,思博系统控股有限公司,Expert Systems Holdings Ltd.,SBXT,创业板,L,20160412,,10000.0,KYG3313K1040,HKD
08320.HK,沛然环保,沛然环保顾问有限公司,Allied Sustainability & Environmental Consultants Group Ltd.,PRHB,创业板,L,20161017,,20000.0,KYG021581148,HKD
08321.HK,泰锦控股,泰锦控股有限公司,Tai Kam Holdings Limited,TJKG,创业板,L,20161028,,10000.0,KYG8661K1013,HKD
08326.HK,同景新能源,同景新能源集团控股有限公司,Tonking New Energy Group Holdings Limited,TJXNY,创业板,L,20131121,,25000.0,KYG8918S1057,HKD
08328.HK,信义储电,信义储电控股有限公司,Xinyi Electric Storage Holdings Limited,XYCD,创业板,L,20160711,,4000.0,KYG9830W1096,HKD
08329.HK,海王英特龙,深圳市海王英特龙生物技术股份有限公司,Shenzhen Neptunus Interlong Bio-Technique Company Limited,HWYTL,创业板,L,20050912,,10000.0,CNE100000775,HKD
08331.HK,倍搏集团,倍搏集团有限公司,P.B. Group Limited,BBJT,创业板,L,20151229,,10000.0,KYG7308C1188,HKD
08333.HK,阿仕特朗金融,阿仕特朗金融控股有限公司,Astrum Financial Holdings Limited,ASTLJR,创业板,L,20160714,,5000.0,KYG059551286,HKD
08337.HK,直通电讯,直通电讯控股有限公司,Directel Holdings Limited,ZTDX,创业板,L,20100602,,10000.0,KYG276801183,HKD
08340.HK,紫荆国际金融,紫荆国际金融控股有限公司,Zijing International Financial Holdings Limited,ZJGJJR,创业板,L,20080520,,5000.0,KYG9360V1418,HKD
08341.HK,艾硕控股,艾硕控股有限公司,Aeso Holding Limited,ASKG,创业板,L,20170113,,5000.0,KYG0113B1288,HKD
08347.HK,F8企业,F8企业(控股)集团有限公司,F8 Enterprises (Holdings) Group Limited,F8QY,创业板,L,20170412,,8000.0,KYG3675A1168,HKD
08348.HK,滨海泰达物流,天津滨海泰达物流集团股份有限公司,Tianjin Binhai Teda Logistics (Group) Corporation Limited,BHTDWL,创业板,L,20080430,,2000.0,CNE1000009Z8,HKD
08349.HK,硅鑫集团,运鸿硅鑫集团控股有限公司,Yunhong Guixin Group Holdings Limited,GXJT,创业板,L,20170113,,10000.0,KYG5965T1013,HKD
08350.HK,立桥证券控股,立桥证券控股有限公司,Well Link Securities Holdings Limited,LQZQKG,创业板,L,20180112,,8000.0,KYG3313E1089,HKD
08356.HK,进业控股,进业控股有限公司,Tsun Yip Holdings Limited,JYKG,创业板,L,20100830,,2000.0,KYG2238D1126,HKD
08357.HK,REPUBLIC HC,Republic Healthcare Limited,Republic Healthcare Limited,REPUBLICHC,创业板,L,20180615,,5000.0,KYG7516A1022,HKD
08360.HK,简朴新生活,简朴新生活集团有限公司,Basic House New Life Group Limited,JPXSH,创业板,L,20160712,,6000.0,KYG0149T1195,HKD
08362.HK,运兴泰集团,运兴泰集团控股有限公司,Winning Tower Group Holdings Limited,YXTJT,创业板,L,20170630,,20000.0,KYG9722M1024,HKD
08365.HK,亦辰集团,亦辰集团有限公司,Hatcher Group Limited,YCJT,创业板,L,20170526,,10000.0,KYG4404T1114,HKD
08366.HK,浙江联合投资,浙江联合投资控股集团有限公司,Zhejiang United Investment Holdings Group Limited,ZJLHTZ,创业板,L,20151102,,10000.0,KYG9897T1067,HKD
08367.HK,倩碧控股,倩碧控股有限公司,Simplicity Holding Limited,QBKG,创业板,L,20180226,,10000.0,KYG8147A1159,HKD
08368.HK,中国创意控股,中国创意控股有限公司,Creative China Holdings Limited,ZGCYKG,创业板,L,20151118,,10000.0,KYG2562P1292,HKD
08370.HK,智昇集团控股,智昇集团控股有限公司,Zhi Sheng Group Holdings Limited,ZSJTKG,创业板,L,20170120,,800.0,KYG9898D1189,HKD
08371.HK,尝高美集团,尝·高美集团有限公司,Taste·Gourmet Group Limited,CGMJT,创业板,L,20180117,,4000.0,KYG868911010,HKD
08372.HK,君百延集团,君百延集团控股有限公司,Grand Brilliance Group Holdings Limited,JBYJT,创业板,L,20180329,,10000.0,KYG4136R1020,HKD
08373.HK,靛蓝星,靛蓝星控股有限公司,Indigo Star Holdings Limited,DLX,创业板,L,20171116,,5000.0,KYG4790A1141,HKD
08375.HK,数盟资本,数盟资本国际控股集团有限公司,Data Union Capital International Holdings Group Limited,SMZB,创业板,L,20171113,,10000.0,KYG9481A1094,HKD
08377.HK,维港育马,维港育马控股有限公司,Harbour Equine Holdings Limited,WGYM,创业板,L,20171215,,10000.0,KYG4295B1041,HKD
08379.HK,盈证国际,盈证国际控股有限公司,Prime Intelligence Solutions Group Limited,YZGJ,创业板,L,20180214,,10000.0,KYG610821061,HKD
08385.HK,万里印刷,万里印刷有限公司,Prosperous Printing Company Limited,WLYS,创业板,L,20171213,,10000.0,HK0000949963,HKD
08391.HK,基石科技控股,基石科技控股有限公司,Cornerstone Technologies Holdings Limited,JSKJKG,创业板,L,20180511,,4000.0,KYG2423S1066,HKD
08392.HK,舍图控股,舍图控股有限公司,Satu Holdings Limited,STKG,创业板,L,20171016,,10000.0,KYG7823H1056,HKD
08395.HK,中显智能齐家控股,中显智能齐家控股有限公司,ZXZN Qi-House Holdings Limited,ZXZNQJKG,创业板,L,20180125,,20000.0,KYG9035N1025,HKD
08400.HK,亚洲先锋娱乐,亚洲先锋娱乐控股有限公司,Asia Pioneer Entertainment Holdings Limited,YZXFYL,创业板,L,20171115,,10000.0,KYG0541R1092,HKD
08401.HK,源想集团,源想集团有限公司,Stream Ideas Group Limited,YXJT,创业板,L,20180328,,2000.0,KYG8531R1048,HKD
08402.HK,高原之宝,高原之宝有限公司,Plateau Treasures Limited,GYZB,创业板,L,20171117,,5000.0,KYG417431080,HKD
08403.HK,德丰宿来,德丰宿来控股有限公司,Defeng Solife Holdings Limited,DFSL,创业板,L,20180612,,4000.0,KYG2R05A1100,HKD
08406.HK,中国口腔产业,中国口腔产业集团控股有限公司,China Oral Industry Group Holdings Limited,ZGKQCY,创业板,L,20171207,,10000.0,KYG0318A1076,HKD
08411.HK,K W NELSON GP,K W Nelson Interior Design and Contracting Group Limited,K W Nelson Interior Design and Contracting Group Limited,KWNELSONGP,创业板,L,20161208,,10000.0,KYG5335N1079,HKD
08412.HK,新爱德集团,新爱德集团有限公司,New Amante Group Limited,XADJT,创业板,L,20170407,,10000.0,KYG090492094,HKD
08413.HK,亚洲富思,亚洲富思集团控股有限公司,Asia Grocery Distribution Limited,YZFS,创业板,L,20170413,,10000.0,KYG0R20R1005,HKD
08416.HK,HM INTL HLDGS,HM International Holdings Limited,HM International Holdings Limited,HMINTLHLDGS,创业板,L,20170111,,5000.0,KYG452881009,HKD
08417.HK,大地教育,大地教育控股有限公司,Dadi Education Holdings Limited,DDJY,创业板,L,20170216,,10000.0,KYG2616M1069,HKD
08418.HK,傲迪玛汽车,傲迪玛汽车集团控股有限公司,Optima Automobile Group Holdings Limited,ADMQC,创业板,L,20191011,,2000.0,KYG677201058,HKD
08419.HK,AV策划推广,AV策划推广(控股)有限公司,AV Promotions Holdings Limited,AVCHTG,创业板,L,20171221,,5000.0,KYG069861063,HKD
08420.HK,NEXION TECH,Nexion Technologies Limited,Nexion Technologies Limited,NEXIONTECH,创业板,L,20170616,,5000.0,KYG6528R1039,HKD
08422.HK,WT集团,WT集团控股有限公司,WT Group Holdings Limited,WTJT,创业板,L,20171228,,10000.0,KYG959001176,HKD
08423.HK,CHI HO DEV,潪澔发展控股有限公司,Chi Ho Development Holdings Limited,CHIHODEV,创业板,L,20170313,,10000.0,KYG446491048,HKD
08425.HK,兴铭控股,兴铭控股有限公司,Hing Ming Holdings Limited,XMKG,创业板,L,20170315,,4000.0,KYG459051093,HKD
08426.HK,雅居投资控股,雅居投资控股有限公司,Modern Living Investments Holdings Limited,YJTZKG,创业板,L,20171110,,10000.0,KYG618231032,HKD
08427.HK,万顺瑞强集团,万顺瑞强集团有限公司,WS-SK Target Group Limited,WSRQJT,创业板,L,20170719,,400.0,KYG8T18R1397,HKD
08428.HK,汉诺佳池,汉诺佳池控股有限公司,CBK Holdings Limited,HNJC,创业板,L,20170215,,10000.0,KYG1991R1699,HKD
08429.HK,华美乐乐,华美乐乐有限公司,SV Vision Limited,HMLL,创业板,L,20171208,,5000.0,KYG4760A1022,HKD
08430.HK,春能控股,春能控股有限公司,C&N Holdings Limited,CNKG,创业板,L,20171018,,10000.0,KYG3167E1136,HKD
08431.HK,浩柏国际,浩柏国际(开曼)有限公司,Hao Bai International (Cayman) Limited,HBGJ,创业板,L,20170526,,10000.0,KYG428951472,HKD
08432.HK,太平洋酒吧,太平洋酒吧集团控股有限公司,Bar Pacific Group Holdings Limited,TPYJB,创业板,L,20170111,,10000.0,KYG1058P1063,HKD
08436.HK,德宝集团控股,德宝集团控股有限公司,Takbo Group Holdings Limited,DBJTKG,创业板,L,20171027,,5000.0,KYG866301032,HKD
08437.HK,德斯控股,德斯控股有限公司,Rmh Holdings Limited,DSKG,创业板,L,20171013,,8000.0,KYG7610R1267,HKD
08439.HK,新百利融资,新百利融资控股有限公司,Somerley Capital Holdings Limited,XBLRZ,创业板,L,20170328,,2000.0,KYG826111075,HKD
08445.HK,怡康泰工程集团,怡康泰工程集团控股有限公司,Noble Engineering Group Holdings Limited,YKTGCJT,创业板,L,20170929,,10000.0,KYG654431140,HKD
08446.HK,耀星科技集团,耀星科技集团股份有限公司,"Brightstar Technology Group Co., Ltd",YXKJJT,创业板,L,20170614,,2000.0,KYG479741038,HKD
08447.HK,MS CONCEPT,MS Concept Limited,MS Concept Limited,MSCONCEPT,创业板,L,20180416,,10000.0,KYG631671032,HKD
08448.HK,环球印馆,环球印馆控股有限公司,Universe Printshop Holdings Limited,HQYG,创业板,L,20180328,,20000.0,KYG9370R1552,HKD
08450.HK,钜京控股,钜京控股有限公司,EDICO Holdings Limited,JJKG,创业板,L,20180202,,10000.0,KYG3057A1067,HKD
08451.HK,日光控股,日光(1977)控股有限公司,Sunlight (1977) Holdings Limited,RGKG,创业板,L,20180416,,10000.0,KYG8588E1052,HKD
08452.HK,富银融资股份,富银融资租赁(深圳)股份有限公司,"FY Financial (Shenzhen) Co., Ltd.",FYRZGF,创业板,L,20170523,,2000.0,CNE100002FQ6,HKD
08455.HK,礼建德集团,礼建德集团控股有限公司,Lai Group Holding Company Limited,LJDJT,创业板,L,20170412,,10000.0,KYG5343E1070,HKD
08456.HK,民信国际控股,民信国际控股有限公司,Mansion International Holdings Limited,MXGJKG,创业板,L,20180126,,10000.0,KYG579801567,HKD
08460.HK,基地锦标(五千),基地锦标集团控股有限公司,Basetrophy Group Holdings Limited,JDJBWQ,创业板,L,20170627,,5000.0,KYG0862U1031,HKD
08462.HK,中安控股集团,中安控股集团有限公司,Omnibridge Holdings Limited,ZAKGJT,创业板,L,20170717,,5000.0,KYG675071065,HKD
08471.HK,新达控股,新达控股有限公司,Reach New Holdings Limited,XDKG,创业板,L,20170721,,10000.0,KYG739531047,HKD
08472.HK,立高控股,立高控股有限公司,Lapco Holdings Limited,LGKG,创业板,L,20170718,,2000.0,KYG5380R1103,HKD
08473.HK,弥明生活百货,弥明生活百货控股有限公司,Mi Ming Mart Holdings Limited,MMSHBH,创业板,L,20180212,,10000.0,KYG148491064,HKD
08475.HK,易站绿色科技,易站绿色科技集团有限公司,"E-STATION GREEN TECHNOLOGY GROUP CO., LIMITED",YZLSKJ,创业板,L,20180813,,5000.0,KYG525891191,HKD
08480.HK,飞霓控股,飞霓控股有限公司,Furniweb Holdings Limited,FNKG,创业板,L,20171016,,4000.0,KYG370041017,HKD
08481.HK,盛龙锦秀国际,盛龙锦秀国际有限公司,Shenglong Splendecor International Limited,SLJXGJ,创业板,L,20170717,,5000.0,KYG811691073,HKD
08482.HK,万励达,万励达国际有限公司,Wan Leader International Limited,WLD,创业板,L,20180905,,10000.0,KYG943091382,HKD
08483.HK,名仕快相,名仕快相集团控股有限公司,Max Sight Group Holdings Limited,MSKX,创业板,L,20180228,,8000.0,KYG6053A1031,HKD
08487.HK,ISP GLOBAL,ISP Global Limited,ISP Global Limited,ISPGLOBAL,创业板,L,20180116,,2000.0,KYG4970A1085,HKD
08489.HK,裕程物流,裕程物流集团有限公司,Grand Power Logistics Group Limited,YCWL,创业板,L,20210113,,5000.0,KYG4065D1088,HKD
08490.HK,骏码半导体,骏码半导体材料有限公司,Niche-Tech Semiconductor Materials Limited,JMBDT,创业板,L,20180530,,5000.0,KYG6541R1065,HKD
08491.HK,COOL LINK,Cool Link (Holdings) Limited,Cool Link (Holdings) Limited,COOLLINK,创业板,L,20170922,,5000.0,KYG241891137,HKD
08493.HK,炙龙控股,炙龙控股有限公司,Scorching Dragon Holdings Limited,ZLKG,创业板,L,20180116,,12000.0,KYG2831C1151,HKD
08495.HK,1957 & CO.,1957 & Co. (Hospitality) Limited,1957 & Co. (Hospitality) Limited,1957CO,创业板,L,20171205,,4000.0,KYG675711025,HKD
08496.HK,环球友饮智能,环球友饮智能控股有限公司,Global Uin Intelligence Holdings Limited,HQYYZN,创业板,L,20200518,,2500.0,KYG8237A1085,HKD
08500.HK,天泓文创,天泓文创国际集团有限公司,Icon Culture Global Company Limited,THWC,创业板,L,20200114,,10000.0,KYG4707P1054,HKD
08501.HK,庄皇集团公司,庄皇集团公司,Sanbase Corporation Limited,ZHJTGS,创业板,L,20180104,,2000.0,KYG7786R1083,HKD
08502.HK,远航港口,远航港口发展有限公司,Ocean Line Port Development Limited,YHGK,创业板,L,20180710,,8000.0,KYG669691092,HKD
08507.HK,爱世纪集团,爱世纪集团控股有限公司,i.century Holding Limited,ASJJT,创业板,L,20180416,,4000.0,KYG469111069,HKD
08509.HK,威扬酒业控股,威扬酒业国际控股有限公司,Wine's Link International Holdings Limited,WYJYKG,创业板,L,20180112,,4000.0,KYG9705R1020,HKD
08510.HK,TOPSTANDARDCORP,Top Standard Corporation,Top Standard Corporation,TOPSTANDARDCORP,创业板,L,20180213,,20000.0,KYG894351124,HKD
08511.HK,民富国际,民富国际控股有限公司,Min Fu International Holding Limited,MFGJ,创业板,L,20180420,,2000.0,KYG9897F1220,HKD
08512.HK,凯富善集团控股,凯富善集团控股有限公司,Hyfusin Group Holdings Limited,KFSJTKG,创业板,L,20180719,,10000.0,KYG4713A1004,HKD
08513.HK,加和国际控股,加和国际控股有限公司,MaxWin International Holdings Limited,JHGJKG,创业板,L,20180119,,5000.0,KYG4120P1129,HKD
08516.HK,中盈国际,中盈国际集团有限公司,Zhong Ying International Group Limited,ZYGJ,创业板,L,20181015,,5000.0,KYG4R39W1672,HKD
08519.HK,新享时代,新享时代集团有限公司,XinXiang Era Group Company Limited,XXSD,创业板,L,20180208,,20000.0,KYG7396H1442,HKD
08521.HK,智云国际控股,智云国际控股有限公司,WebX International Holdings Company Limited,ZYGJKG,创业板,L,20180516,,5000.0,KYG8501E1098,HKD
08525.HK,百应控股,百应控股集团有限公司,Baiying Holdings Group Limited,BYKG,创业板,L,20180718,,2000.0,KYG0706A1076,HKD
08526.HK,荣丰集团亚洲,荣丰集团亚洲有限公司,Wing Fung Group Asia Limited,RFJTYZ,创业板,L,20180227,,10000.0,KYG970591106,HKD
08527.HK,聚利宝控股,聚利宝控股有限公司,JLogo Holdings Limited,JLBKG,创业板,L,20180509,,5000.0,KYG514071078,HKD
08529.HK,优博控股,优博控股有限公司,UBoT Holding Limited,YBKG,创业板,L,20240603,,5000.0,KYG91Y7K1073,HKD
08532.HK,宝发控股,宝发控股有限公司,Polyfair Holdings Limited,BFKG,创业板,L,20180223,,16000.0,KYG715921105,HKD
08535.HK,荧德控股,荧德控股有限公司,Vistar Holdings Limited,YDKG,创业板,L,20180212,,20000.0,KYG9377R1092,HKD
08536.HK,TL NATURAL GAS,TL Natural Gas Holdings Limited,TL Natural Gas Holdings Limited,TLNATURALGAS,创业板,L,20180518,,5000.0,KYG889141175,HKD
08537.HK,创辉珠宝,创辉珠宝集团控股有限公司,Chong Fai Jewellery Group Holdings Company Limited,CHZB,创业板,L,20190327,,10000.0,KYG2122S1185,HKD
08540.HK,胜利证券,胜利证券(控股)有限公司,Victory Securities (Holdings) Company Limited,SLZQ,创业板,L,20180716,,1000.0,KYG9380M1050,HKD
08545.HK,佰悦集团,佰悦集团控股有限公司,Amuse Group Holding Limited,BYJT,创业板,L,20180531,,8000.0,KYG042491012,HKD
08547.HK,PACIFIC LEGEND,Pacific Legend Group Limited,Pacific Legend Group Limited,PACIFICLEGEND,创业板,L,20180718,,10000.0,KYG685511118,HKD
08549.HK,金叶国际集团,金叶国际集团有限公司,Golden Leaf International Group Limited,JYGJJT,创业板,L,20251010,,5000.0,KYG3961S1021,HKD
08601.HK,宝燵控股,宝燵控股有限公司,Boltek Holdings Limited,BDKG,创业板,L,20180913,,10000.0,KYG1219A1058,HKD
08603.HK,亮晴控股,亮晴控股有限公司,Fameglow Holdings Limited,LQKG,创业板,L,20181015,,1000.0,KYG3313G1038,HKD
08606.HK,倢冠控股,倢冠控股有限公司,Kinetix Systems Holdings Limited,JGKG,创业板,L,20180716,,10000.0,KYG5259G1047,HKD
08610.HK,BBSB INTL,BBSB International Limited,BBSB International Limited,BBSBINTL,创业板,L,20260113,,4000.0,KYG0903S1093,HKD
08611.HK,九福来,九福来国际控股有限公司,Mindtell Technology Limited,JFL,创业板,L,20181022,,5000.0,KYG614201088,HKD
08612.HK,维亮控股,维亮控股有限公司,World Super Holdings Limited,WLKG,创业板,L,20190712,,20000.0,KYG9775A1040,HKD
08613.HK,东方支付集团控股,东方支付集团控股有限公司,Oriental Payment Group Holdings Limited,DFZFJTKG,创业板,L,20181016,,10000.0,KYG6779G1038,HKD
08616.HK,新威工程集团,新威工程集团有限公司,Sunray Engineering Group Limited,XWGCJT,创业板,L,20200423,,10000.0,KYG8588D1079,HKD
08619.HK,NIU HOLDINGS,NIU Holdings Limited,NIU Holdings Limited,NIUHOLDINGS,创业板,L,20180917,,10000.0,KYG940321105,HKD
08620.HK,亚洲速运,亚洲速运物流控股有限公司,Asia-express Logistics Holdings Limited,YZSY,创业板,L,20200420,,5000.0,KYG0540D1016,HKD
08621.HK,METROPOLIS CAP,Metropolis Capital Holdings Limited,Metropolis Capital Holdings Limited,METROPOLISCAP,创业板,L,20181212,,8000.0,KYG6045W1069,HKD
08622.HK,愉悦集团,愉悦集团有限公司,Joyzyme Group Limited,YYJT,创业板,L,20181213,,8000.0,KYG4644W1069,HKD
08623.HK,中国蜀塔,中国蜀塔国际控股集团有限公司,China Saftower International Holding Group Limited,ZGST,创业板,L,20200710,,40000.0,KYG2121V1124,HKD
08627.HK,旅橙文化,旅橙文化控股有限公司,Orange Tour Cultural Holding Limited,LCWH,创业板,L,20191114,,8000.0,KYG6S70M1069,HKD
08629.HK,集信国控,广东集信国控检测认证技术服务中心股份有限公司,"Guangdong Syntrust Gk Testing And Certification Tech Service Center Co., Ltd.",JXGK,创业板,L,20240906,,500.0,CNE100006L83,HKD
08631.HK,申港控股,申港控股有限公司,Sun Kong Holdings Limited,SGKG,创业板,L,20190108,,10000.0,KYG858761110,HKD
08635.HK,大象控股集团,大象控股集团有限公司,Elephant Holdings Group Limited,DXKGJT,创业板,L,20190502,,4000.0,KYG6673A1031,HKD
08637.HK,元续科技,元续科技控股有限公司,Metasurface Technologies Holdings Limited,YXKJ,创业板,L,20240702,,1000.0,KYG9R41B1017,HKD
08645.HK,比特元宇宙,比特元宇宙控股有限公司,Byte Metaverse Holdings Limited,BTYYZ,创业板,L,20191209,,6000.0,KYG6561R1011,HKD
08646.HK,中国宏光,中国宏光控股有限公司,China Hongguang Holdings Limited,ZGHG,创业板,L,20200113,,3000.0,KYG2164A1085,HKD
08657.HK,TRUE PARTNER,True Partner Capital Holding Limited,True Partner Capital Holding Limited,TRUEPARTNER,创业板,L,20201016,,2000.0,KYG9112G1038,HKD
08659.HK,易和国际控股,易和国际控股有限公司,Yik Wo International Holdings Limited,YHGJKG,创业板,L,20200713,,5000.0,KYG984161037,HKD
08668.HK,瀛海集团,瀛海集团控股有限公司,Ying Hai Group Holdings Company Limited,YHJT,创业板,L,20190926,,10000.0,KYG9843B1005,HKD
09600.HK,新纽科技,新纽科技有限公司,Newlink Technology Inc.,XNKJ,主板,L,20210106,,800.0,KYG6462B1068,HKD
09606.HK,映恩生物-B,映恩生物,"Duality Biotherapeutics, Inc.",YESWB,主板,L,20250415,,100.0,KYG2929M1087,HKD
09608.HK,宋都服务,宋都服务集团有限公司,Sundy Service Group Co. Ltd,SDFW,主板,L,20210118,,10000.0,KYG8570S1049,HKD
09609.HK,海伟股份,河北海伟电子新材料科技股份有限公司,"Hebei Haiwei Electronic New Material Technology Co., Ltd.",HWGF,主板,L,20251128,,200.0,CNE1000079X6,HKD
09611.HK,龙旗科技,上海龙旗科技股份有限公司,"Shanghai Longcheer Technology Co., Ltd.",LQKJ,主板,L,20260122,,100.0,CNE100007DW8,HKD
09616.HK,东软睿新集团,东软睿新科技集团有限公司,Neutech Group Limited,DRRXJT,主板,L,20200929,,800.0,KYG6460B1086,HKD
09618.HK,京东集团-SW,京东集团股份有限公司,"JD.com, Inc.",JDJTSW,主板,L,20200618,,50.0,KYG8208B1014,HKD
09626.HK,哔哩哔哩-W,哔哩哔哩股份有限公司,Bilibili Inc.,BLBLW,主板,L,20210329,,20.0,KYG1098A1013,HKD
09633.HK,农夫山泉,农夫山泉股份有限公司,"Nongfu Spring Co., Ltd.",NFSQ,主板,L,20200908,,200.0,CNE100004272,HKD
09636.HK,九方智投控股,九方智投控股有限公司,JF SmartInvest Holdings Ltd,JFZTKG,主板,L,20230310,,100.0,KYG5139W1050,HKD
09638.HK,法拉帝,法拉帝股份有限公司,Ferretti S.p.A.,FLD,主板,L,20220331,,100.0,IT0005383291,HKD
09639.HK,荣利营造,荣利营造控股有限公司,Wing Lee Development Construction Holdings Limited,RLYZ,主板,L,20241009,,5000.0,KYG9705B1077,HKD
09658.HK,特海国际,特海国际控股有限公司,SUPER HI INTERNATIONAL HOLDING LTD.,THGJ,主板,L,20221230,,1000.0,KYG8588S1049,HKD
09660.HK,地平线机器人-W,地平线,Horizon Robotics,DPXJQRW,主板,L,20241024,,600.0,KYG4602S1057,HKD
09663.HK,国鸿氢能,国鸿氢能科技(嘉兴)股份有限公司,"Sino-Synergy Hydrogen Energy Technology (Jiaxing) Co., Ltd.",GHQN,主板,L,20231205,,500.0,CNE100006B02,HKD
09668.HK,渤海银行,渤海银行股份有限公司,"China Bohai Bank Co., Ltd.",BHYH,主板,L,20200716,,500.0,CNE100003YB7,HKD
09669.HK,北森控股,北森控股有限公司,Beisen Holding Limited,BSKG,主板,L,20230413,,200.0,KYG0958D1060,HKD
09676.HK,十月稻田,十月稻田集团股份有限公司,"Shiyue Daotian Group Co., Ltd.",SYDT,主板,L,20231012,,300.0,CNE100006897,HKD
09677.HK,威海银行,威海银行股份有限公司,"Weihai Bank Co., Ltd.",WHYH,主板,L,20201012,,1000.0,CNE100004280,HKD
09678.HK,云知声,云知声智能科技股份有限公司,"Unisound AI Technology Co., Ltd.",YZS,主板,L,20250630,,20.0,CNE100006Z46,HKD
09680.HK,如祺出行,如祺出行科技有限公司,Chenqi Technology Limited,RQCX,主板,L,20240710,,100.0,KYG2087S1030,HKD
09686.HK,熙康云医院,熙康云医院控股有限公司,Xikang Cloud Hospital Holdings Inc.,XKYYY,主板,L,20230928,,500.0,KYG6461A1094,HKD
09688.HK,再鼎医药,再鼎医药有限公司,Zai Lab Limited,ZDYY,主板,L,20200928,,100.0,KYG9887T1168,HKD
09689.HK,金泰丰国际控股,金泰丰国际控股有限公司,JTF International Holdings Limited,JTFGJKG,主板,L,20230517,,4000.0,KYG520041016,HKD
09690.HK,途虎-W,途虎养车股份有限公司,TUHU Car Inc.,THW,主板,L,20230926,,100.0,KYG912241083,HKD
09696.HK,天齐锂业,天齐锂业股份有限公司,Tianqi Lithium Corporation,TQLY,主板,L,20220713,,200.0,CNE100005F09,HKD
09698.HK,万国数据-SW,万国数据控股有限公司,GDS Holdings Limited,WGSJSW,主板,L,20201102,,100.0,KYG3902L1095,HKD
09699.HK,顺丰同城,杭州顺丰同城实业股份有限公司,"Hangzhou SF Intra-City Industrial Co., Ltd.",SFTC,主板,L,20211214,,200.0,CNE100004SP7,HKD
09857.HK,柠萌影视,柠萌影视传媒有限公司,Linmon Media Limited,NMYS,主板,L,20220810,,100.0,KYG5571U1040,HKD
09858.HK,优然牧业,中国优然牧业集团有限公司,China Youran Dairy Group Limited,YRMY,主板,L,20210618,,1000.0,KYG2163J1004,HKD
09860.HK,艾迪康控股,艾迪康控股有限公司,Adicon Holdings Limited,ADKKG,主板,L,20230630,,500.0,KYG0086A1076,HKD
09863.HK,零跑汽车,浙江零跑科技股份有限公司,"Zhejiang Leapmotor Technology Co., Ltd.",LPQC,主板,L,20220929,,100.0,CNE100005K77,HKD
09866.HK,蔚来-SW,蔚来集团,NIO Inc.,WLSW,主板,L,20220310,,10.0,KYG6525F1028,HKD
09868.HK,小鹏集团-W,小鹏集团,XPeng Inc.,XPJTW,主板,L,20210707,,100.0,KYG982AW1003,HKD
09869.HK,海伦司,海伦司国际控股有限公司,Helens International Holdings Company Limited,HLS,主板,L,20210910,,500.0,KYG4469K1040,HKD
09876.HK,大洋环球控股,大洋环球控股有限公司,Ocean One Holding Ltd.,DYHQKG,主板,L,20251103,,2000.0,KYG669791082,HKD
09877.HK,健世科技-B,宁波健世科技股份有限公司,"Jenscare Scientific Co., Ltd.",JSKJB,主板,L,20221010,,200.0,CNE100005KC9,HKD
09878.HK,汇通达网络,汇通达网络股份有限公司,"Huitongda Network Co., Ltd.",HTDWL,主板,L,20220218,,100.0,CNE100005600,HKD
09879.HK,米高集团,米高集团控股有限公司,Migao Group Holdings Limited,MGJT,主板,L,20240321,,1000.0,KYG58Y0B1054,HKD
09880.HK,优必选,深圳市优必选科技股份有限公司,Ubtech Robotics Corp Ltd,YBX,主板,L,20231229,,50.0,CNE100006CQ4,HKD
09881.HK,容大科技,容大合众(厦门)科技集团股份公司,"Rongta Technology (Xiamen) Group Co., Ltd.",RDKJ,主板,L,20250610,,500.0,CNE100006XX6,HKD
09882.HK,永联丰控股,永联丰集团控股有限公司,Best Linking Group Holdings Limited,YLFKG,主板,L,20230929,,2000.0,KYG106581138,HKD
09885.HK,药师帮,药师帮股份有限公司,YSB Inc.,YSB,主板,L,20230628,,200.0,KYG9879S1003,HKD
09886.HK,叮当健康,叮当健康科技集团有限公司,Dingdang Health Technology Group Ltd.,DDJK,主板,L,20220914,,500.0,KYG2762W1069,HKD
09887.HK,维立志博-B,南京维立志博生物科技股份有限公司,"Nanjing Leads Biolabs Co., Ltd.",WLZBB,主板,L,20250725,,100.0,CNE1000070H8,HKD
09888.HK,百度集团-SW,百度集团股份有限公司,"Baidu, Inc.",BDJTSW,主板,L,20210323,,50.0,KYG070341048,HKD
09889.HK,东莞农商银行,东莞农村商业银行股份有限公司,"Dongguan Rural Commercial Bank Co.,Ltd.",DGNSYH,主板,L,20210929,,1000.0,CNE100004QH8,HKD
09890.HK,贪玩,贪玩,Tanwan Inc.,TW,主板,L,20230928,,200.0,KYG989M71072,HKD
09893.HK,比优集团,比优集团控股有限公司,Pizu Group Holdings Limited,BYJT,主板,L,20250218,,20000.0,KYG7112V1041,HKD
09896.HK,名创优品,名创优品集团控股有限公司,MINISO Group Holding Limited,MCYP,主板,L,20220713,,200.0,KYG6180F1081,HKD
09898.HK,微博-SW,微博股份有限公司,Weibo Corporation,WBSW,主板,L,20211208,,20.0,KYG9515T1085,HKD
09899.HK,网易云音乐,网易云音乐股份有限公司,NetEase Cloud Music Inc.,WYYYY,主板,L,20211202,,50.0,KYG2215N1097,HKD
09900.HK,智云科技建设,香港智云科技建设有限公司,Hong Kong Zcloud Technology Construction Limited,ZYKJJS,主板,L,20191230,,4000.0,KYG3708A1177,HKD
09901.HK,新东方-S,新东方教育科技(集团)有限公司,New Oriental Education & Technology Group Inc.,XDFS,主板,L,20201109,,100.0,KYG6470A1168,HKD
09903.HK,天数智芯,上海天数智芯半导体股份有限公司,"Shanghai Iluvatar CoreX Semiconductor Co., Ltd.",TSZX,主板,L,20260108,,100.0,CNE100007DV0,HKD
09906.HK,宏力医疗管理,宏力医疗管理集团有限公司,Honliv Healthcare Management Group Company Limited,HLYLGL,主板,L,20200713,,2000.0,KYG4594A1040,HKD
09908.HK,嘉兴燃气,嘉兴市燃气集团股份有限公司,"JiaXing Gas Group Co., Ltd.",JXRQ,主板,L,20200716,,500.0,CNE100003TX1,HKD
09909.HK,宝龙商业,宝龙商业管理控股有限公司,Powerlong Commercial Management Holdings Limited,BLSY,主板,L,20191230,,500.0,KYG7204G1064,HKD
09911.HK,赤子城科技,赤子城科技有限公司,Newborn Town Inc.,CZCKJ,主板,L,20191231,,2000.0,KYG6464H1011,HKD
09913.HK,智勤控股,智勤控股有限公司,Chi Kan Holdings Limited,ZQKG,主板,L,20200814,,4000.0,KYG4465C1069,HKD
09916.HK,兴业物联,兴业物联服务集团有限公司,Xingye Wulian Service Group Co. Ltd.,XYWL,主板,L,20200309,,2000.0,KYG9831E1089,HKD
09918.HK,丽年国际,丽年国际控股有限公司,Wise Ally International Holdings Limited,LNGJ,主板,L,20200110,,2000.0,KYG9722H1112,HKD
09919.HK,艾德韦宣集团,艾德韦宣集团控股有限公司,Activation Group Holdings Limited,ADWXJT,主板,L,20200116,,2000.0,KYG0081C1087,HKD
09922.HK,九毛九,九毛九国际控股有限公司,Jiumaojiu International Holdings Limited,JMJ,主板,L,20200115,,1000.0,KYG5141L1059,HKD
09923.HK,移卡,移卡有限公司,Yeahka Limited,YK,主板,L,20200601,,400.0,KYG9835C1087,HKD
09926.HK,康方生物,康方生物科技(开曼)有限公司,"Akeso, Inc.",KFSW,主板,L,20200424,,1000.0,KYG0146B1032,HKD
09927.HK,赛力斯,赛力斯集团股份有限公司,"Seres Group Co., Ltd.",SLS,主板,L,20251105,,100.0,CNE1000076H5,HKD
09928.HK,时代邻里,时代邻里控股有限公司,Times Neighborhood Holdings Limited,SDLL,主板,L,20191219,,1000.0,KYG8903A1013,HKD
09929.HK,澳达控股,澳达控股有限公司,SEM Holdings Limited,ADKG,主板,L,20200214,,10000.0,KYG802021074,HKD
09930.HK,宏信建发,宏信建设发展有限公司,Horizon Construction Development Limited,HXJF,主板,L,20230525,,1000.0,KYG4R39T1073,HKD
09933.HK,GHW INTL,GHW International,GHW International,GHWINTL,主板,L,20200121,,4000.0,KYG3854D1051,HKD
09936.HK,稀美资源,稀美资源控股有限公司,Ximei Resources Holding Limited,XMZY,主板,L,20200312,,2500.0,KYG9831K1040,HKD
09938.HK,华和控股,华和控股集团有限公司,Wah Wo Holdings Group Limited,HHKG,主板,L,20200117,,5000.0,KYG9420J1040,HKD
09939.HK,开拓药业-B,开拓药业有限公司,Kintor Pharmaceutical Limited,KTYYB,主板,L,20200522,,500.0,KYG5273B1077,HKD
09955.HK,智云健康,智云健康科技集团,ClouDr Group Ltd.,ZYJK,主板,L,20220706,,100.0,KYG2216H1011,HKD
09958.HK,力天影业,力天影业控股有限公司,Litian Pictures Holdings Limited,LTYY,主板,L,20200622,,1000.0,KYG5579G1073,HKD
09959.HK,联易融科技-W,联易融科技集团,Linklogis Inc.,LYRKJW,主板,L,20210409,,500.0,KYG5571R1011,HKD
09960.HK,康圣环球,康圣环球基因技术有限公司,"Kindstar Globalgene Technology, Inc.",KSHQ,主板,L,20210716,,500.0,KYG5262E1044,HKD
09961.HK,携程集团-S,携程集团有限公司,Trip.com Group Limited,XCJTS,主板,L,20210419,,50.0,KYG9066F1019,HKD
09963.HK,高科桥,高科桥光导科技股份有限公司,Transtech Optelecom Science Holdings Limited,GKQ,主板,L,20201105,,2000.0,KYG9010C1050,HKD
09966.HK,康宁杰瑞制药-B,康宁杰瑞生物制药,Alphamab Oncology,KNJRZYB,主板,L,20191212,,1000.0,KYG0330A1013,HKD
09968.HK,汇景控股,汇景控股有限公司,Huijing Holdings Company Limited,HJKG,主板,L,20200116,,2000.0,KYG4644T1031,HKD
09969.HK,诺诚健华,诺诚健华医药有限公司,InnoCare Pharma Limited,NCJH,主板,L,20200323,,1000.0,KYG4783B1032,HKD
09973.HK,奇瑞汽车,奇瑞汽车股份有限公司,"Chery Automobile Co., Ltd.",QRQC,主板,L,20250925,,100.0,CNE1000073Z4,HKD
09978.HK,方圆生活服务,方圆生活服务集团有限公司,Fineland Living Services Group Limited,FYSHFW,主板,L,20200528,,4000.0,KYG3446A1067,HKD
09979.HK,绿城管理控股,绿城管理控股有限公司,Greentown Management Holdings Company Limited,LCGLKG,主板,L,20200710,,1000.0,KYG4102M1033,HKD
09980.HK,东鹏饮料,东鹏饮料(集团)股份有限公司,"Eastroc Beverage (Group) Co., Ltd.",DPYL,主板,L,20260203,,100.0,CNE100007F72,HKD
09981.HK,沃尔核材,深圳市沃尔核材股份有限公司,"Shenzhen Woer Heat-Shrinkable Material Co., Ltd.",WEHC,主板,L,20260213,,200.0,CNE100007DY4,HKD
09982.HK,中原建业,中原建业有限公司,Central China Management Company Limited,ZYJY,主板,L,20210531,,2000.0,KYG206AR1059,HKD
09983.HK,建业新生活,建业新生活有限公司,Central China New Life Limited,JYXSH,主板,L,20200515,,1000.0,KYG206AA1025,HKD
09985.HK,卫龙美味,卫龙美味全球控股有限公司,WEILONG Delicious Global Holdings Ltd,WLMW,主板,L,20221215,,200.0,KYG9T20T1051,HKD
09986.HK,大山教育,大山教育控股有限公司,Dashan Education Holdings Limited,DSJY,主板,L,20200715,,2000.0,KYG2660B1059,HKD
09987.HK,百胜中国,百胜中国控股有限公司,"Yum China Holdings, Inc.",BSZG,主板,L,20200910,,50.0,US98850P1093,HKD
09988.HK,阿里巴巴-W,阿里巴巴集团控股有限公司,Alibaba Group Holding Limited,ALBBW,主板,L,20191126,,100.0,KYG017191142,HKD
09989.HK,海普瑞,深圳市海普瑞药业集团股份有限公司,"Shenzhen Hepalink Pharmaceutical Group Co.,Ltd.",HPR,主板,L,20200708,,500.0,CNE100003YN2,HKD
09990.HK,祖龙娱乐,祖龙娱乐有限公司,Archosaur Games Inc.,ZLYL,主板,L,20200715,,1000.0,KYG0512W1033,HKD
09991.HK,宝尊电商-W,宝尊电商有限公司,Baozun Inc.,BZDSW,主板,L,20200929,,100.0,KYG0891M1069,HKD
09992.HK,泡泡玛特,泡泡玛特国际集团有限公司,Pop Mart International Group Limited,PPMT,主板,L,20201211,,200.0,KYG7170M1033,HKD
09993.HK,金辉控股,金辉控股(集团)有限公司,Radiance Holdings (Group) Company Limited,JHKG,主板,L,20201029,,1000.0,KYG7339A1076,HKD
09995.HK,荣昌生物,荣昌生物制药(烟台)股份有限公司,"RemeGen Co., Ltd.",RCSW,主板,L,20201109,,500.0,CNE1000048G6,HKD
09996.HK,沛嘉医疗-B,沛嘉医疗有限公司,Peijia Medical Limited,PJYLB,主板,L,20200515,,1000.0,KYG6981F1090,HKD
09998.HK,光荣控股,光荣建筑控股有限公司,Kwan Yong Holdings Limited,GRKG,主板,L,20200108,,5000.0,KYG5322P1072,HKD
09999.HK,网易-S,网易股份有限公司,"NetEase, Inc.",WYS,主板,L,20200611,,100.0,KYG6427A1022,HKD
80016.HK,新鸿基地产-R,新鸿基地产发展有限公司,Sun Hung Kai Properties Ltd.,XHJDCR,主板,L,20230619,,500.0,HK0016000132,HKD
80020.HK,商汤-WR,商汤集团股份有限公司,SenseTime Group Inc.,STWR,主板,L,20230619,,1000.0,KYG8062L1041,HKD
80175.HK,吉利汽车-R,吉利汽车控股有限公司,Geely Automobile Holdings Limited,JLQCR,主板,L,20230619,,1000.0,KYG3777B1032,HKD
80291.HK,华润啤酒-R,华润啤酒(控股)有限公司,China Resources Beer (Holdings) Company Limited,HRPJR,主板,L,20230619,,500.0,HK0291001490,HKD
80388.HK,香港交易所-R,香港交易及结算所有限公司,Hong Kong Exchanges and Clearing Ltd.,XGJYSR,主板,L,20230619,,100.0,HK0388045442,HKD
80700.HK,腾讯控股-R,腾讯控股有限公司,Tencent Holdings Ltd.,TXKGR,主板,L,20230619,,100.0,KYG875721634,HKD
80737.HK,湾区发展-R,深圳投控湾区发展有限公司,Shenzhen Investment Holdings Bay Area Development Company Limited,WQFZR,主板,L,20121029,,500.0,KYG8088A1168,HKD
80883.HK,中国海洋石油-R,中国海洋石油有限公司,CNOOC Limited,ZGHYSYR,主板,L,20230619,,1000.0,HK0883013259,HKD
80941.HK,中国移动-R,中国移动有限公司,China Mobile Limited,ZGYDR,主板,L,20230619,,500.0,HK0941009539,HKD
80992.HK,联想集团-R,联想集团有限公司,Lenovo Group Limited,LXJTR,主板,L,20230619,,2000.0,HK0992009065,HKD
81024.HK,快手-WR,快手科技,Kuaishou Technology,KSWR,主板,L,20230619,,100.0,KYG532631028,HKD
81211.HK,比亚迪股份-R,比亚迪股份有限公司,BYD Company Limited,BYDGFR,主板,L,20230619,,100.0,CNE100000296,HKD
81299.HK,友邦保险-R,友邦保险控股有限公司,AIA Group Limited,YBBXR,主板,L,20230619,,200.0,HK0000069689,HKD
81810.HK,小米集团-WR,小米集团,Xiaomi Corporation,XMJTWR,主板,L,20230619,,200.0,KYG9830T1067,HKD
82020.HK,安踏体育-R,安踏体育用品有限公司,ANTA Sports Products Limited,ATTYR,主板,L,20230619,,200.0,KYG040111059,HKD
82318.HK,中国平安-R,中国平安保险(集团)股份有限公司,"Ping An Insurance (Group) Company of China, Ltd.",ZGPAR,主板,L,20230619,,500.0,CNE1000003X6,HKD
82331.HK,李宁-R,李宁有限公司,Li Ning Co. Ltd.,LNR,主板,L,20230619,,500.0,KYG5496K1242,HKD
82333.HK,长城汽车-R,长城汽车股份有限公司,Great Wall Motor Company Limited,CCQCR,主板,L,20230619,,500.0,CNE100000338,HKD
82388.HK,中银香港-R,中银香港(控股)有限公司,BOC Hong Kong (Holdings) Ltd.,ZYXGR,主板,L,20230619,,500.0,HK2388011192,HKD
83690.HK,美团-WR,美团,Meituan,MTWR,主板,L,20230619,,100.0,KYG596691041,HKD
86618.HK,京东健康-R,京东健康股份有限公司,JD Health International Inc.,JDJKR,主板,L,20230619,,50.0,KYG5074A1004,HKD
89618.HK,京东集团-SWR,京东集团股份有限公司,"JD.com, Inc.",JDJTSWR,主板,L,20230619,,50.0,KYG8208B1014,HKD
89888.HK,百度集团-SWR,百度集团股份有限公司,"Baidu, Inc.",BDJTSWR,主板,L,20230619,,50.0,KYG070341048,HKD
89988.HK,阿里巴巴-WR,阿里巴巴集团控股有限公司,Alibaba Group Holding Limited,ALBBWR,主板,L,20230619,,100.0,KYG017191142,HKD
