期号,日期,红1,红2,红3,红4,红5,红6,蓝球,销售额,奖池
26056,2026-05-19,10,19,21,22,31,33,5,1229771516,391304582
26055,2026-05-17,4,11,24,25,32,33,13,0,0
26054,2026-05-14,13,20,25,29,30,33,2,1251883761,391858874
26053,2026-05-12,1,2,3,8,13,14,2,1276883761,395029142
26052,2026-05-10,1,3,11,22,26,31,11,1306883761,417267288
26051,2026-05-07,9,14,15,16,29,30,10,1400262206,386809756
26050,2026-05-05,6,9,25,27,28,30,3,1470262206,368215788
26049,2026-05-03,3,4,14,15,18,20,2,1490262206,378548054
26048,2026-04-30,9,15,18,24,28,33,1,0,0
26047,2026-04-28,7,16,21,24,27,30,7,1505111504,383992530
26046,2026-04-26,2,9,10,24,31,33,16,1535111504,425615512
26045,2026-04-23,4,11,15,17,24,30,15,1559981238,395637026
26044,2026-04-21,2,14,17,18,22,30,1,1619981238,395282770
26043,2026-04-19,6,9,14,16,25,32,16,1649981238,423102342
26042,2026-04-16,2,7,12,19,24,31,10,1729981238,400801534
26041,2026-04-14,2,8,10,17,19,24,13,1799981238,396284492
26040,2026-04-12,3,4,14,22,23,33,4,1869981238,421923472
26039,2026-04-09,8,17,18,21,25,30,5,1934981238,393444014
26038,2026-04-07,1,2,13,23,25,27,5,1933841973,382309000
26037,2026-04-05,11,22,27,29,31,33,12,1973841973,398672542
26036,2026-04-02,6,10,12,15,22,28,8,2063784926,398552206
26035,2026-03-31,2,6,12,24,25,32,2,2108784926,389527084
26034,2026-03-29,1,3,7,13,22,23,7,2138784926,425726210
26033,2026-03-26,3,6,13,21,28,29,6,2203784926,397739574
26032,2026-03-24,1,3,11,18,31,33,2,2278784926,392702390
26031,2026-03-22,3,10,12,13,18,33,8,2308784926,430685136
26030,2026-03-19,10,11,14,19,22,24,4,2358784926,401991268
26029,2026-03-17,6,19,22,23,28,31,5,2383784926,390925844
26028,2026-03-15,2,6,9,17,25,28,15,2403784926,425241582
26027,2026-03-12,2,13,17,18,25,26,13,2428784926,397777968
26026,2026-03-10,2,9,16,22,25,29,3,2518926159,377828982
26025,2026-03-08,2,3,15,20,23,24,10,2553926159,404403816
26024,2026-03-05,1,2,13,21,23,29,14,2588926159,370443834
26023,2026-03-03,1,3,8,10,23,29,6,2592273374,361967792
26022,2026-03-01,15,18,23,25,28,32,11,2652273374,380507698
26021,2026-02-26,3,13,25,26,30,31,4,2682273374,351619166
26020,2026-02-24,1,13,14,21,24,30,2,2712273374,381989060
26019,2026-02-12,7,8,16,17,18,30,1,2716368081,428387634
26018,2026-02-10,11,15,17,22,25,30,7,2751368081,365733450
26017,2026-02-08,1,3,5,18,29,32,4,2781368081,387896530
26016,2026-02-05,4,5,9,10,27,30,13,2811368081,364669398
26015,2026-02-03,7,10,13,22,27,31,12,2851368081,359738534
26014,2026-02-01,7,13,19,22,26,32,1,2876368081,386492580
26013,2026-01-29,4,9,12,13,16,20,1,2961315457,380549690
26012,2026-01-27,3,5,7,16,20,24,8,2925358915,358422924
26011,2026-01-25,2,3,4,20,31,32,4,2925771107,394441490
26010,2026-01-22,4,9,10,15,19,26,12,2865932466,358486254
26009,2026-01-20,3,6,13,19,23,25,10,2924245047,347159860
26008,2026-01-18,6,9,16,27,31,33,10,2921931052,388652642
26007,2026-01-15,9,13,19,27,29,30,1,2890464389,360236814
26006,2026-01-13,2,6,22,23,24,28,15,2880241083,352228044
26005,2026-01-11,1,20,22,27,30,33,10,2821524165,387903486
26004,2026-01-08,3,7,8,9,18,32,10,2782271788,361167416
26003,2026-01-06,5,6,9,21,28,30,16,2761523177,352267432
26002,2026-01-04,1,5,7,18,30,32,2,2717326577,377330734
26001,2026-01-01,2,6,11,12,13,33,15,2718022399,348080190
25151,2025-12-30,8,9,14,22,28,30,4,2688298050,369383528
25150,2025-12-28,6,13,17,19,24,31,8,2673213583,388447078
25149,2025-12-25,1,2,4,6,22,30,10,2655142533,355328424
25148,2025-12-23,3,4,9,10,15,22,16,2669426999,353582370
25147,2025-12-21,1,3,5,8,22,33,8,2654856315,392695744
25146,2025-12-18,5,7,12,24,26,28,2,2718302859,365633358
25145,2025-12-16,11,12,15,18,25,32,14,2711897665,356306424
25144,2025-12-14,1,8,15,20,26,33,13,2736534730,379272340
25143,2025-12-11,2,9,12,13,15,24,3,2766563293,357498010
25142,2025-12-09,2,13,15,23,27,31,16,2743073255,353205678
25141,2025-12-07,2,4,5,10,12,13,6,2697873796,390055596
25140,2025-12-04,1,3,4,12,18,24,5,2690606470,362437084
25139,2025-12-02,2,5,17,22,30,33,6,2655816573,358264332
25138,2025-11-30,10,13,14,23,24,27,15,2620027948,396317254
25137,2025-11-27,2,8,11,23,27,29,5,2563690940,364942202
25136,2025-11-25,8,10,14,23,28,32,12,2583189299,361034006
25135,2025-11-23,1,2,5,9,25,32,10,2742951835,400247838
25134,2025-11-20,3,5,9,13,26,29,12,2723830474,374640566
25133,2025-11-18,5,14,17,19,20,33,7,2738063876,363914948
25132,2025-11-16,4,8,10,21,23,32,11,2810082951,409235610
25131,2025-11-13,3,13,14,18,24,31,3,2798991596,385122072
25130,2025-11-11,1,5,8,14,19,23,6,2776600809,377466594
25129,2025-11-09,3,4,7,13,20,30,3,2822006563,403899176
25128,2025-11-06,2,10,18,19,24,27,1,2840807340,371066844
25127,2025-11-04,3,9,15,17,19,28,3,2849527123,360915142
25126,2025-11-02,2,12,13,16,19,25,10,2846957929,399441700
25125,2025-10-30,3,9,12,13,26,32,9,2821493961,358732158
25124,2025-10-28,1,2,18,19,21,33,13,2871762236,354991248
25123,2025-10-26,7,9,23,24,25,26,10,2875974569,386747886
25122,2025-10-23,16,18,19,20,25,31,13,2875067397,363694232
25121,2025-10-21,6,8,10,25,29,30,8,2847262236,354466956
25120,2025-10-19,1,2,4,7,13,32,7,2880926922,385873150
25119,2025-10-16,6,9,23,26,28,32,11,2819294293,364080712
25118,2025-10-14,1,10,11,16,24,26,3,2840423562,357347556
25117,2025-10-12,6,8,17,20,25,33,10,2819850462,389301568
25116,2025-10-09,2,4,8,24,28,31,9,2802882002,363037044
25115,2025-10-07,2,3,8,19,24,30,2,2797883669,330722178
25114,2025-10-05,1,20,21,25,26,27,10,2942942799,306235982
25113,2025-09-30,8,10,13,15,24,31,16,2931095408,376311750
25112,2025-09-28,3,9,11,13,20,32,2,2882384020,398243350
25111,2025-09-25,9,14,18,28,31,33,12,2846924292,366420958
25110,2025-09-23,1,5,11,14,16,19,8,2817720121,364932922
25109,2025-09-21,5,6,9,17,18,31,3,2798817511,398851460
25108,2025-09-18,1,9,14,17,22,33,7,2819783316,359262232
25107,2025-09-16,2,3,10,15,25,33,13,2799363828,352042890
25106,2025-09-14,4,5,17,22,26,30,4,2754326369,383828310
25105,2025-09-11,4,7,18,24,26,28,8,2733576679,357186846
25104,2025-09-09,2,5,15,16,24,32,16,2720046642,348590986
25103,2025-09-07,13,16,21,25,28,31,16,2655260007,385480320
25102,2025-09-04,4,9,16,17,18,31,7,2587063782,351383918
25101,2025-09-02,5,8,9,10,16,21,5,2615069983,350895240
25100,2025-08-31,12,16,17,25,30,31,16,2597220563,383791808
25099,2025-08-28,9,11,15,17,22,26,14,2588706689,353036232
25098,2025-08-26,5,8,13,17,18,29,2,2518876889,348777356
25097,2025-08-24,3,5,16,23,26,31,14,2597968523,380958632
25096,2025-08-21,7,9,11,12,16,29,15,2531810580,350353036
25095,2025-08-19,15,16,22,23,26,32,4,2468316703,347483168
25094,2025-08-17,11,13,17,19,23,29,16,2456203693,378464962
25093,2025-08-14,9,11,12,24,25,26,10,2435085847,356349402
25092,2025-08-12,2,11,14,17,23,24,12,2456759248,350909082
25091,2025-08-10,3,4,17,19,25,27,14,2443475122,381527438
25090,2025-08-07,6,11,12,21,27,28,15,2427919422,358843770
25089,2025-08-05,4,6,8,18,31,33,5,2625969286,346126366
25088,2025-08-03,1,3,13,18,21,25,6,2602087534,378870024
25087,2025-07-31,2,6,14,15,24,26,8,2559651509,350994188
25086,2025-07-29,2,6,8,10,17,24,6,2535971590,345276906
25085,2025-07-27,11,14,15,18,21,24,13,2572231246,373432674
25084,2025-07-24,6,8,10,14,24,33,15,2594607446,350903250
25083,2025-07-22,10,15,16,17,27,29,12,2565049782,352801672
25082,2025-07-20,4,6,9,14,32,33,11,2558698192,378156970
25081,2025-07-17,3,6,18,20,23,28,5,2529126398,353894972
25080,2025-07-15,3,7,8,10,16,19,5,2502765112,350614738
25079,2025-07-13,8,11,14,15,30,32,5,2518044933,380647944
25078,2025-07-10,6,15,17,30,32,33,14,2491153983,350559496
25077,2025-07-08,4,7,8,15,20,21,15,2412167034,354913968
25076,2025-07-06,2,6,9,12,14,30,8,2396570293,380376886
25075,2025-07-03,10,12,14,19,20,21,15,2390134063,356433094
25074,2025-07-01,3,4,12,20,32,33,13,2407444608,357617458
25073,2025-06-29,2,7,10,27,30,33,11,2374540018,388648778
25072,2025-06-26,2,14,17,25,27,29,5,2421739287,359396990
25071,2025-06-24,1,12,18,23,25,28,7,2406971013,357410052
25070,2025-06-22,2,3,15,21,22,33,6,2371986371,388014508
25069,2025-06-19,2,4,19,23,27,30,5,2342801953,367456356
25068,2025-06-17,5,7,8,19,20,31,7,2290992555,356576372
25067,2025-06-15,1,5,10,17,20,22,5,2377972199,389127714
25066,2025-06-12,6,22,24,27,28,30,4,2400049823,366359214
25065,2025-06-10,6,10,13,14,15,20,11,2410421705,357848508
25064,2025-06-08,2,10,13,22,29,33,16,2388057766,389225746
25063,2025-06-05,2,19,21,22,28,30,1,2377447244,366105242
25062,2025-06-03,6,8,9,13,25,31,14,2367795314,353685018
25061,2025-06-01,6,7,9,10,11,32,9,2341944468,366761624
25060,2025-05-29,6,14,18,25,28,30,1,2329561958,358070626
25059,2025-05-27,4,10,11,12,13,24,1,2266201070,357078086
25058,2025-05-25,2,6,7,9,10,20,6,2233844001,393500536
25057,2025-05-22,4,9,15,16,25,30,14,2235456730,362960216
25056,2025-05-20,1,2,10,14,28,31,3,2296183528,366700300
25055,2025-05-18,2,5,22,27,29,33,12,2277473550,396605082
25054,2025-05-15,5,7,10,21,24,27,16,2224737559,374131396
25053,2025-05-13,6,9,10,13,30,33,7,2148558912,367998390
25052,2025-05-11,6,7,10,17,20,26,9,2129007256,390015600
25051,2025-05-08,1,2,3,4,17,22,1,2225343467,365959336
25050,2025-05-06,9,12,15,18,22,33,16,2229936825,366315720
25049,2025-05-04,3,6,19,27,29,33,11,2248298531,359533236
25048,2025-05-01,16,21,22,23,27,31,10,2265448315,326832578
25047,2025-04-29,1,14,21,22,23,31,12,2211042881,364051920
25046,2025-04-27,2,3,10,16,29,33,1,2171296641,399679256
25045,2025-04-24,2,14,19,24,29,33,13,2127821193,373242104
25044,2025-04-22,2,3,7,8,14,28,11,2048222162,373270898
25043,2025-04-20,3,12,16,19,20,32,13,2048930620,409814910
25042,2025-04-17,7,13,19,23,27,33,12,2042981318,385795918
25041,2025-04-15,6,10,17,19,25,31,6,2002373802,377141604
25040,2025-04-13,2,6,8,9,10,24,11,1998970150,399308858
25039,2025-04-10,8,10,12,15,17,23,11,2122857171,381434232
25038,2025-04-08,6,19,20,23,26,33,9,2102284821,378571560
25037,2025-04-06,3,6,11,20,21,31,2,2106170670,406066676
25036,2025-04-03,5,11,13,16,19,32,7,2097342123,372292440
25035,2025-04-01,1,8,16,18,25,31,1,2060934078,375726786
25034,2025-03-30,5,8,13,14,24,26,12,2029352539,400660020
25033,2025-03-27,3,5,18,25,26,33,8,2023890601,379779720
25032,2025-03-25,3,8,10,14,16,21,3,2042155440,374535064
25031,2025-03-23,1,5,6,8,23,28,1,2023566815,419594048
25030,2025-03-20,4,6,7,30,31,33,6,2062046163,395500258
25029,2025-03-18,5,15,16,25,30,33,16,2028095174,393060268
25028,2025-03-16,4,9,14,15,18,25,15,2017782256,417970572
25027,2025-03-13,5,7,8,15,16,23,6,1938498165,394720204
25026,2025-03-11,9,10,12,14,19,32,7,1952743893,392951650
25025,2025-03-09,12,15,21,23,25,30,2,1936093458,429174194
25024,2025-03-06,10,11,22,27,30,32,15,1900501646,390568100
25023,2025-03-04,9,12,13,24,25,33,7,1866674645,386827864
25022,2025-03-02,11,17,18,20,28,30,10,1888281245,439339144
25021,2025-02-27,7,8,16,18,25,32,14,1838921415,406699544
25020,2025-02-25,4,11,13,16,26,30,15,1882831619,397475096
25019,2025-02-23,5,13,17,18,22,23,11,1878573590,426478858
25018,2025-02-20,3,9,18,21,28,29,11,1842439055,389691430
25017,2025-02-18,4,12,15,18,28,29,5,1857043294,385907866
25016,2025-02-16,2,3,12,16,20,29,14,1818910823,422332862
25015,2025-02-13,4,11,15,24,25,33,15,1778497050,381850646
25014,2025-02-11,6,7,9,13,21,27,5,1847958110,376048608
25013,2025-02-09,4,14,16,23,24,30,14,1866519971,400862420
25012,2025-02-06,7,11,13,18,27,31,11,1841105218,384392632
25011,2025-01-26,6,13,17,22,24,29,11,1811025553,460490078
25010,2025-01-23,4,6,7,16,17,21,8,1767703481,385376562
25009,2025-01-21,2,4,11,12,23,25,6,1921378198,375791606
25008,2025-01-19,9,14,16,17,25,33,11,1942395126,419205612
25007,2025-01-16,7,8,14,18,21,27,11,1861548871,388819806
25006,2025-01-14,1,7,8,17,20,22,6,1824655469,388340672
25005,2025-01-12,10,16,19,27,28,30,9,1858064417,424386010
25004,2025-01-09,3,7,17,27,29,32,4,1887440945,391221400
25003,2025-01-07,10,19,20,26,28,29,15,1885210987,396515706
25002,2025-01-05,9,12,13,15,22,26,11,1854289576,439670530
25001,2025-01-02,2,3,17,18,22,33,16,1792900594,404437376
24151,2024-12-31,5,10,16,19,29,32,4,2263285189,428356574
24150,2024-12-29,13,14,20,22,26,32,2,2266121359,434694410
24149,2024-12-26,3,9,16,17,18,22,16,2219207042,411127632
24148,2024-12-24,2,6,15,16,21,23,11,2188407705,412346050
24147,2024-12-22,5,11,13,16,21,30,10,2158588347,438660552
24146,2024-12-19,2,4,11,22,27,32,10,2131435845,413166618
24145,2024-12-17,1,3,16,22,23,30,3,2203223647,451419346
24144,2024-12-15,2,9,11,17,20,30,11,2201545229,491869822
24143,2024-12-12,2,5,11,22,30,33,10,2225060896,463226948
24142,2024-12-10,4,6,13,21,22,25,6,2200464970,441190576
24141,2024-12-08,1,2,7,15,24,29,12,2238110251,481535824
24140,2024-12-05,4,7,8,17,22,26,15,2261925902,459136590
24139,2024-12-03,15,16,20,22,23,29,14,2219122799,456605906
24138,2024-12-01,2,7,11,21,27,28,2,2200503777,491074898
24137,2024-11-28,4,9,10,19,26,27,12,2243778557,446966366
24136,2024-11-26,3,11,15,21,25,26,3,2537583064,429233698
24135,2024-11-24,5,11,17,18,30,31,13,2530793029,465732500
24134,2024-11-21,2,4,13,16,18,20,16,2554819300,439880754
24133,2024-11-19,1,11,15,27,30,33,1,2467409931,432267736
24132,2024-11-17,1,4,25,27,28,33,3,2503891643,471463176
24131,2024-11-14,4,5,11,15,20,32,13,2463553435,435463406
24130,2024-11-12,1,8,12,17,19,24,16,2477625267,439889754
24129,2024-11-10,9,10,13,19,24,32,1,2441971585,479114118
24128,2024-11-07,1,8,13,18,20,26,16,2453113294,445426800
24127,2024-11-05,2,5,13,20,27,32,10,2375510386,438566712
24126,2024-11-03,14,18,23,24,26,33,10,2326364768,473613616
24125,2024-10-31,1,4,13,18,26,30,3,2302578322,351905686
24124,2024-10-29,2,14,15,17,25,30,11,2296856893,346613892
24123,2024-10-27,2,15,22,26,30,33,4,2276426310,375813786
24122,2024-10-24,5,7,9,16,17,29,15,2257311684,352551896
24121,2024-10-22,1,7,10,13,27,33,3,2256645443,341159894
24120,2024-10-20,1,5,7,11,18,19,7,2266839986,364140764
24119,2024-10-17,2,9,26,27,31,32,14,2308462079,343140726
24118,2024-10-15,2,3,4,6,11,15,14,2257480299,342882326
24117,2024-10-13,3,12,14,16,29,32,12,2223422878,376451952
24116,2024-10-10,1,15,20,22,31,32,3,2192343800,352746618
24115,2024-10-08,3,10,11,19,27,28,7,2137644946,341744330
24114,2024-10-06,7,11,18,24,27,32,4,2267175046,354097454
24113,2024-09-29,4,5,23,24,26,31,11,2241743848,377101508
24112,2024-09-26,8,11,16,25,29,32,3,2182909574,348744958
24111,2024-09-24,1,4,11,12,22,30,16,2179758898,339434250
24110,2024-09-22,4,13,17,23,25,33,14,2181209099,368550846
24109,2024-09-19,3,4,24,28,29,33,9,2143362495,343699030
24108,2024-09-17,1,8,9,23,24,30,8,2140826873,323582976
24107,2024-09-15,1,6,8,13,17,19,9,2142473782,354933898
24106,2024-09-12,3,8,11,22,31,33,4,2207462227,347018184
24105,2024-09-10,2,5,17,19,29,33,4,2203602195,342083742
24104,2024-09-08,5,16,23,24,26,29,4,2184380821,373660982
24103,2024-09-05,12,21,23,27,32,33,15,2191849007,346931426
24102,2024-09-03,9,15,18,21,22,25,1,2175308161,344796788
24101,2024-09-01,8,12,15,17,19,30,8,2152170943,374345806
24100,2024-08-29,13,14,19,20,27,30,5,2171115625,348781408
24099,2024-08-27,4,12,17,24,26,27,16,2134776394,344108040
24098,2024-08-25,3,8,10,20,30,31,2,2127859521,381156802
24097,2024-08-22,4,10,12,13,18,30,3,2114497370,354395754
24096,2024-08-20,2,4,14,18,23,27,13,2065127017,352522568
24095,2024-08-18,4,6,9,14,16,21,3,2028443682,385134230
24094,2024-08-15,6,13,17,22,25,27,9,2086195097,350072302
24093,2024-08-13,1,5,7,11,12,15,12,2371195097,348127806
24092,2024-08-11,3,8,11,12,18,29,5,2335461640,370253242
24091,2024-08-08,13,15,16,19,20,24,10,2364340809,356693206
24090,2024-08-06,7,11,17,24,31,32,12,2300572454,350631612
24089,2024-08-04,3,6,9,15,18,31,1,2285367632,380044140
24088,2024-08-01,3,8,10,17,30,32,10,2291698840,354401976
24087,2024-07-30,3,9,18,19,20,26,11,2257713590,346836290
24086,2024-07-28,17,19,20,23,25,31,2,2515631484,369996636
24085,2024-07-25,1,5,15,21,23,27,15,2483142282,345948072
24084,2024-07-23,1,8,10,13,19,29,13,2441854586,347931710
24083,2024-07-21,3,9,14,29,32,33,15,2404993508,378567992
24082,2024-07-18,1,2,13,16,17,29,16,2383370581,350123408
24081,2024-07-16,1,6,12,17,23,25,4,2339593701,351219750
24080,2024-07-14,6,11,12,27,29,30,13,2334815017,375983952
24079,2024-07-11,2,3,6,7,16,26,4,2323420019,351442404
24078,2024-07-09,5,9,14,21,22,26,12,2329005428,342123330
24077,2024-07-07,1,4,6,14,17,22,8,2382512560,369020954
24076,2024-07-04,3,22,24,27,29,32,15,2372414911,348856354
24075,2024-07-02,3,5,8,18,22,28,1,2313225143,345694980
24074,2024-06-30,7,8,10,22,24,32,7,2356767829,375016018
24073,2024-06-27,3,9,12,18,28,30,1,2354261205,351823400
24072,2024-06-25,1,14,20,21,23,27,6,2329358625,342963952
24071,2024-06-23,2,8,19,28,30,31,14,2254015200,377739850
24070,2024-06-20,4,13,18,20,22,28,5,2246917307,355743106
24069,2024-06-18,6,13,20,21,24,32,6,2231662700,349312006
24068,2024-06-16,1,2,7,19,20,21,1,2248589639,382798116
24067,2024-06-13,1,11,13,17,25,29,3,2339018162,359572106
24066,2024-06-11,8,9,12,22,26,32,13,2318622744,348630430
24065,2024-06-09,3,5,9,10,19,22,14,2343254145,373231796
24064,2024-06-06,6,8,17,18,28,30,5,2335560971,365056746
24063,2024-06-04,7,14,16,23,28,32,4,2404350858,362508790
24062,2024-06-02,1,7,10,16,18,27,16,2401489046,390275626
24061,2024-05-30,1,9,18,22,25,28,2,2363723406,364421040
24060,2024-05-28,1,2,6,10,22,28,15,2326589163,358843202
24059,2024-05-26,1,3,14,25,31,33,7,2319757937,390426128
24058,2024-05-23,8,12,13,17,27,29,13,2296535377,369285740
24057,2024-05-21,3,8,17,18,23,31,8,2240160236,365625592
24056,2024-05-19,5,18,20,24,25,26,6,2300641915,397159810
24055,2024-05-16,2,4,6,7,16,29,3,2281302712,377710122
24054,2024-05-14,8,13,20,25,31,32,3,2201149174,367543408
24053,2024-05-12,7,14,21,22,28,33,7,2170866334,395915432
24052,2024-05-09,7,10,11,15,17,21,3,2202835275,373167274
24051,2024-05-07,5,9,13,20,23,28,6,2178038182,367939562
24050,2024-05-05,1,3,7,10,22,33,2,2207601984,388201440
24049,2024-05-02,12,15,17,23,26,32,11,2211638785,330045974
24048,2024-04-30,2,9,15,19,26,28,2,2179284324,351928312
24047,2024-04-28,7,8,21,26,29,30,15,2162261379,405356264
24046,2024-04-25,2,6,10,11,17,29,15,2226410188,382103034
24045,2024-04-23,2,8,19,23,24,26,3,2197753504,379451774
24044,2024-04-21,2,6,17,25,32,33,6,2217466686,405727312
24043,2024-04-18,4,6,7,14,15,24,8,2195139699,379945476
24042,2024-04-16,2,4,5,14,26,32,14,2209117678,385020364
24041,2024-04-14,2,9,12,22,25,33,16,2126335214,412186810
24040,2024-04-11,11,14,18,19,23,26,2,2403776297,386011398
24039,2024-04-09,2,6,12,29,30,31,10,2381952370,381702830
24038,2024-04-07,8,10,18,23,27,31,2,2387854012,403976694
24037,2024-04-04,1,4,5,6,12,14,13,2327021985,356283280
24036,2024-04-02,2,8,9,12,21,31,2,2277496852,375133272
24035,2024-03-31,5,7,14,17,22,32,6,2285864323,412436132
24034,2024-03-28,2,9,12,19,21,31,4,2343160918,385412112
24033,2024-03-26,6,10,11,18,20,32,5,2373391338,374362318
24032,2024-03-24,1,3,4,11,12,21,16,2337606504,413703736
24031,2024-03-21,9,10,13,25,30,32,2,2337825172,401159328
24030,2024-03-19,1,8,22,25,29,33,10,2432825172,398025748
24029,2024-03-17,12,18,23,25,28,33,4,2369816985,433441094
24028,2024-03-14,3,7,8,11,18,19,5,2284805181,400874276
24027,2024-03-12,2,6,13,27,28,32,13,2297410268,398514350
24026,2024-03-10,4,7,18,19,20,25,6,2274290656,431419382
24025,2024-03-07,8,15,21,22,25,33,13,2283708268,399059370
24024,2024-03-05,3,7,21,24,26,30,10,2259827583,389179240
24023,2024-03-03,1,10,22,25,28,32,10,2249424817,429941270
24022,2024-02-29,2,9,11,14,18,26,6,2211765504,388759926
24021,2024-02-27,4,6,16,17,23,24,11,2303552638,387567590
24020,2024-02-25,3,8,12,14,17,33,8,2292837056,401743532
24019,2024-02-22,5,11,12,16,17,20,8,2240147827,362006810
24018,2024-02-20,6,15,17,24,28,29,16,2255582139,362234554
24017,2024-02-18,4,17,19,20,25,32,4,2249152255,408414594
24016,2024-02-06,7,12,20,24,32,33,4,2182164460,398150146
24015,2024-02-04,3,8,17,18,20,30,15,2799740697,391425990
24014,2024-02-01,1,2,10,22,24,25,13,2771158275,369008560
24013,2024-01-30,1,7,10,14,21,25,7,2740765858,368057096
24012,2024-01-28,1,3,7,18,22,28,15,2765382313,406461312
24011,2024-01-25,8,12,16,20,27,31,6,2729590794,382080084
24010,2024-01-23,11,16,20,21,23,24,4,2773122333,372460178
24009,2024-01-21,1,4,7,10,17,23,14,2725560627,409759128
24008,2024-01-18,8,20,21,23,27,30,13,2680260839,390103204
24007,2024-01-16,4,5,6,7,20,22,15,2644219785,391831746
24006,2024-01-14,7,18,20,21,26,32,5,2606624464,430067550
24005,2024-01-11,5,6,20,23,25,32,3,2593104612,407820678
24004,2024-01-09,9,13,17,18,21,27,4,2543934511,397770990
24003,2024-01-07,1,5,8,13,32,33,3,2538504530,428830208
24002,2024-01-04,4,9,10,17,19,20,9,2540785162,402054502
24001,2024-01-02,3,7,16,26,27,32,16,2653241738,397951464
23151,2023-12-31,1,15,16,20,25,27,5,2626575547,452958034
23150,2023-12-28,10,17,25,26,30,33,5,2599366995,411922624
23149,2023-12-26,2,10,19,24,26,33,15,2575173968,405361488
23148,2023-12-24,3,5,7,9,19,20,8,2527599376,454223900
23147,2023-12-21,5,6,14,16,19,32,12,2678144078,432874498
23146,2023-12-19,2,3,6,11,20,32,9,2661725786,449833942
23145,2023-12-17,7,10,21,22,23,24,11,2658009357,488324570
23144,2023-12-14,12,16,17,22,25,27,8,2624782779,461560620
23143,2023-12-12,5,7,9,16,23,30,15,2625542196,460243432
23142,2023-12-10,2,8,20,21,27,33,14,2715709193,507406422
23141,2023-12-07,1,8,11,12,21,23,3,2628135529,493963074
23140,2023-12-05,3,4,11,14,30,31,5,2606606136,480392100
23139,2023-12-03,12,14,19,21,27,31,11,2599513870,521719600
23138,2023-11-30,3,22,28,30,31,33,4,2548652101,492601986
23137,2023-11-28,3,12,17,19,23,27,11,2467775081,492348152
23136,2023-11-26,3,5,10,21,22,26,10,2438516168,525192790
23135,2023-11-23,5,6,11,13,28,30,7,2481542330,486609550
23134,2023-11-21,5,8,9,17,22,33,4,2554169624,484355844
23133,2023-11-19,4,5,10,14,22,25,3,2625290582,517770956
23132,2023-11-16,3,9,11,15,25,27,1,2639577950,474511672
23131,2023-11-14,6,7,14,20,26,32,1,2691287209,466031504
23130,2023-11-12,4,10,17,22,23,32,16,2644338946,497696868
23129,2023-11-09,8,9,12,17,32,33,4,2553859029,473959588
23128,2023-11-07,7,16,20,21,27,33,1,2503346700,381237932
23127,2023-11-05,3,8,19,22,26,32,14,2483723142,415967168
23126,2023-11-02,10,24,26,28,29,31,16,2481110827,394649530
23125,2023-10-31,11,14,15,27,30,33,4,2449910182,386307316
23124,2023-10-29,2,3,17,18,25,30,11,2400872645,417825112
23123,2023-10-26,10,13,15,22,29,32,15,2392642136,385283048
23122,2023-10-24,7,8,14,18,20,30,5,2396234235,383794308
23121,2023-10-22,2,12,16,25,30,31,12,2394462620,412907242
23120,2023-10-19,3,8,13,24,27,29,8,2372742600,382480862
23119,2023-10-17,1,2,3,19,21,28,15,2404112623,379869478
23118,2023-10-15,1,2,11,19,25,29,4,2354656592,416077564
23117,2023-10-12,2,11,14,17,18,28,8,2344668961,382441836
23116,2023-10-10,2,8,9,13,24,27,12,2358302682,373229184
23115,2023-10-08,2,7,16,21,26,27,16,2367018008,399381218
23114,2023-10-05,7,9,15,16,17,26,9,2371779513,370562742
23113,2023-09-28,1,2,13,18,25,27,3,2374279095,373161172
23112,2023-09-26,9,12,13,22,24,31,4,2367099281,369828352
23111,2023-09-24,5,6,12,17,20,33,9,2374902077,404303630
23110,2023-09-21,2,6,20,25,29,33,16,2339391685,375580258
23109,2023-09-19,6,8,10,13,16,28,13,2303849540,372318810
23108,2023-09-17,1,3,6,8,18,24,9,2257216493,414140392
23107,2023-09-14,3,7,18,25,29,33,14,2284128424,377747376
23106,2023-09-12,7,9,10,20,22,24,7,2266428564,375981944
23105,2023-09-10,1,3,5,26,30,32,16,2246893587,405852212
23104,2023-09-07,10,19,23,25,30,31,12,2183510069,371735912
23103,2023-09-05,5,6,13,24,25,29,15,2132500020,370559376
23102,2023-09-03,1,9,10,13,21,28,10,2075541857,408618502
23101,2023-08-31,1,5,9,15,18,26,4,2081108979,370629284
23100,2023-08-29,5,6,12,15,23,25,4,2031278380,359711540
23099,2023-08-27,9,11,14,19,27,33,5,2086416405,390452378
23098,2023-08-24,2,10,11,14,21,27,11,2118259570,362199042
23097,2023-08-22,1,9,14,19,29,30,15,2128843885,357725994
23096,2023-08-20,8,11,18,26,31,32,15,2146953645,387715200
23095,2023-08-17,3,8,16,17,22,26,11,2125574043,357870744
23094,2023-08-15,6,10,12,14,30,31,12,2190138271,353863692
23093,2023-08-13,10,21,24,25,27,32,7,2202132520,382160878
23092,2023-08-10,3,12,24,25,32,33,13,2139476134,357345052
23091,2023-08-08,16,20,22,26,30,32,16,2110673283,358375594
23090,2023-08-06,1,2,9,26,30,31,7,2090904684,384947064
23089,2023-08-03,8,13,15,27,28,31,11,2063540939,354904960
23088,2023-08-01,1,14,18,26,31,33,5,2115425117,350096092
23087,2023-07-30,2,9,15,17,28,33,1,2137498144,381153750
23086,2023-07-27,8,9,10,22,26,32,12,2121686796,357436118
23085,2023-07-25,11,18,23,24,31,33,13,2125713507,356240472
23084,2023-07-23,9,13,14,17,19,27,3,2103633553,386580634
23083,2023-07-20,7,10,12,16,17,30,12,2071700320,360195880
23082,2023-07-18,4,18,19,24,27,30,16,2056167572,355121956
23081,2023-07-16,1,11,15,16,22,31,15,2080743000,387109286
23080,2023-07-13,1,2,4,9,25,31,8,2052579114,363086950
23079,2023-07-11,5,6,9,12,21,22,7,2047443072,352893610
23078,2023-07-09,6,8,14,19,30,31,8,2250465082,376825490
23077,2023-07-06,7,9,14,22,26,27,1,2334509163,351174612
23076,2023-07-04,3,4,15,18,19,22,9,2322659300,349981630
23075,2023-07-02,13,15,24,28,30,31,1,2313625531,382962350
23074,2023-06-29,2,8,9,18,19,21,3,2310559345,358471886
23073,2023-06-27,1,3,15,16,25,32,10,2285628386,360075550
23072,2023-06-25,2,6,10,24,25,33,9,2257958066,390203400
23071,2023-06-22,5,12,15,19,24,26,6,2261306658,335357710
23070,2023-06-20,3,5,25,31,32,33,4,2298227329,358436376
23069,2023-06-18,12,14,17,20,21,26,2,2216379497,396617204
23068,2023-06-15,11,12,15,18,29,33,2,2178451698,370869162
23067,2023-06-13,1,3,12,19,28,32,14,2103312244,364444632
23066,2023-06-11,2,7,8,10,26,31,6,2060647554,393592226
23065,2023-06-08,2,14,17,20,26,33,14,2102299471,364732942
23064,2023-06-06,1,7,11,12,16,18,4,2081628784,358055754
23063,2023-06-04,4,8,17,20,22,27,13,2130039756,390718820
23062,2023-06-01,11,19,23,24,26,33,15,2083569496,359921314
23061,2023-05-30,1,4,6,11,12,22,15,2002747701,365432766
23060,2023-05-28,9,11,17,19,30,31,11,1949837133,402713176
23059,2023-05-25,2,6,13,22,27,32,6,1922748082,374631364
23058,2023-05-23,10,17,22,26,30,33,11,2029768036,372662796
23057,2023-05-21,2,5,10,17,24,32,3,2012616989,396913794
23056,2023-05-18,8,14,15,18,23,33,8,2067478767,372532958
23055,2023-05-16,3,4,20,23,27,32,13,2076855754,370786668
23054,2023-05-14,5,6,9,10,15,26,12,2012386157,394464450
23053,2023-05-11,1,7,14,20,27,30,15,2004355202,364282626
23052,2023-05-09,3,4,5,8,12,17,6,1998828962,358038114
23051,2023-05-07,22,26,29,30,32,33,14,2041647521,388332454
23050,2023-05-04,2,7,9,14,22,23,5,1975368056,359185180
23049,2023-05-02,5,7,14,23,25,27,2,1961601481,328857030
23048,2023-04-30,2,3,10,24,28,30,8,1949270613,362109840
23047,2023-04-27,5,7,14,23,31,33,7,1990369107,373486114
23046,2023-04-25,6,8,17,25,26,28,3,2028047147,364967218
23045,2023-04-23,3,6,12,21,27,28,4,2001600001,398638950
23044,2023-04-20,2,8,15,22,24,26,16,2012948026,375494004
23043,2023-04-18,5,8,12,20,24,28,10,1996962618,370609676
23042,2023-04-16,10,17,20,23,27,30,10,2044443036,406450374
23041,2023-04-13,1,6,12,13,15,24,6,2049048265,379030400
23040,2023-04-11,9,16,17,24,29,31,8,2006881397,372777348
23039,2023-04-09,2,3,9,13,19,28,9,1976860679,409186858
23038,2023-04-06,2,9,14,17,31,33,8,1948188487,368841578
23037,2023-04-04,8,23,25,26,29,31,12,1956183761,357460864
23036,2023-04-02,13,14,18,19,24,30,9,1993133574,402105258
23035,2023-03-30,1,4,9,10,20,33,6,2075773039,376157550
23034,2023-03-28,2,3,9,11,12,17,15,2074219579,371464196
23033,2023-03-26,8,9,13,23,24,26,5,2042293077,407044870
23032,2023-03-23,6,19,20,26,28,33,1,2004521709,378271328
23031,2023-03-21,7,14,27,29,31,33,5,2031724589,377795536
23030,2023-03-19,2,3,7,16,30,31,6,1984712961,407635670
23029,2023-03-16,3,7,12,24,28,33,8,1968119308,373970632
23028,2023-03-14,5,7,10,17,20,22,14,1940352740,378131048
23027,2023-03-12,8,10,22,27,32,33,8,1887143965,405939502
23026,2023-03-09,1,18,26,30,31,33,3,1865260832,382398740
23025,2023-03-07,4,16,20,21,31,32,14,1861412948,383537242
23024,2023-03-05,3,6,9,17,27,28,3,1857117376,424465912
23023,2023-03-02,5,8,10,15,24,25,9,1904715322,394377912
23022,2023-02-28,10,11,18,19,23,31,3,2109715322,393991274
23021,2023-02-26,2,5,6,19,21,27,4,2042737116,430229092
23020,2023-02-23,1,12,17,18,26,27,5,2083313411,394774502
23019,2023-02-21,6,12,26,28,29,32,15,2024791190,399695170
23018,2023-02-19,10,12,17,19,25,31,13,1996089903,428078014
23017,2023-02-16,5,11,18,20,26,28,12,1912869860,385010210
23016,2023-02-14,14,16,19,23,28,30,3,1890499018,363237418
23015,2023-02-12,2,3,14,21,29,32,8,1840337997,392727530
23014,2023-02-09,6,7,18,23,27,30,5,1855218930,354854954
23013,2023-02-07,6,10,14,22,23,33,13,1832147989,351959204
23012,2023-02-05,3,4,7,22,26,30,6,1776074467,377681908
23011,2023-02-02,6,7,16,17,21,22,4,1790457577,344777252
23010,2023-01-31,4,5,13,18,27,29,12,1813355120,335698884
23009,2023-01-29,3,4,19,23,30,32,6,1812003410,370445322
23008,2023-01-17,5,13,18,20,26,28,6,1753087580,367864780
23007,2023-01-15,5,6,9,22,25,31,3,1745872298,357680590
23006,2023-01-12,2,10,12,14,24,26,5,1711353726,341187596
23005,2023-01-10,2,6,8,13,14,19,16,1726038229,331127174
23004,2023-01-08,1,7,15,16,20,25,16,1670832253,362777504
23003,2023-01-05,5,8,18,25,30,32,6,1656261800,332514694
23002,2023-01-03,2,6,10,16,18,22,13,1652047889,317440920
23001,2023-01-01,9,16,18,22,28,32,2,1631485850,349018800
22150,2022-12-29,1,7,11,12,22,28,5,1613770461,322732470
22149,2022-12-27,2,22,26,29,32,33,14,1619210281,305443962
22148,2022-12-25,2,15,16,17,21,31,14,1596182866,328466772
22147,2022-12-22,2,3,7,13,20,30,10,1587565859,308727648
22146,2022-12-20,6,7,13,18,26,31,6,1643604313,319241960
22145,2022-12-18,3,21,25,30,31,33,11,1651431252,366333090
22144,2022-12-15,7,20,22,23,31,32,5,1615187506,400859910
22143,2022-12-13,7,8,13,29,30,33,3,1612687877,397641696
22142,2022-12-11,1,3,13,16,21,27,3,1636406391,440572602
22141,2022-12-08,5,12,13,17,20,27,14,1674155872,415110854
22140,2022-12-06,8,9,18,19,20,27,15,1702647485,397499610
22139,2022-12-04,6,7,9,16,17,19,14,1751181135,421220444
22138,2022-12-01,2,14,19,21,25,28,11,1744972360,382295872
22137,2022-11-29,8,21,23,27,28,33,1,1696427005,380398430
22136,2022-11-27,8,10,14,15,18,22,8,1678628784,412826960
22135,2022-11-24,9,11,13,24,28,32,6,1733838061,402652460
22134,2022-11-22,1,5,14,17,24,31,14,1728998506,404859714
22133,2022-11-20,5,8,16,17,21,25,12,1713363599,457083562
22132,2022-11-17,1,3,18,26,32,33,4,1698530418,439981994
22131,2022-11-15,3,5,10,13,19,29,6,1640635486,425292626
22130,2022-11-13,2,8,15,17,26,28,12,1689813201,446023212
22129,2022-11-10,10,12,14,22,24,27,7,1908461423,430007836
22128,2022-11-08,3,12,18,24,27,29,1,1889014542,420999886
22127,2022-11-06,3,4,9,10,29,33,13,1869259580,455409958
22126,2022-11-03,1,13,15,17,26,33,13,1807038683,436137344
22125,2022-11-01,2,3,7,12,20,31,16,1762667038,429659904
22124,2022-10-30,5,10,13,18,24,26,1,1740587803,383396494
22123,2022-10-27,10,13,16,20,21,25,5,1693327054,360850820
22122,2022-10-25,6,8,17,19,24,28,5,1677059125,350001646
22121,2022-10-23,12,17,22,27,30,31,2,1769892531,380066114
22120,2022-10-20,2,15,19,26,27,29,2,1742358177,355500194
22119,2022-10-18,2,5,15,18,26,27,4,1899873541,341495720
22118,2022-10-16,2,6,7,11,14,33,8,1910541782,374309728
22117,2022-10-13,4,13,17,18,28,29,6,1901177457,345578024
22116,2022-10-11,8,14,26,27,30,33,1,1923415752,337975208
22115,2022-10-09,6,7,18,20,27,29,9,1849681926,359461828
22114,2022-10-06,1,5,15,19,26,29,13,1986647604,347069064
22113,2022-09-29,13,14,20,24,27,29,2,1991635746,363604180
22112,2022-09-27,3,5,8,17,25,31,1,1937385782,348893862
22111,2022-09-25,2,10,11,13,28,31,1,1901720272,385923798
22110,2022-09-22,9,13,15,18,20,28,15,1836366779,352346658
22109,2022-09-20,4,11,13,19,22,33,11,1811161575,349805376
22108,2022-09-18,1,7,13,17,18,31,15,1790162397,379260702
22107,2022-09-15,3,9,11,15,19,28,16,1794077479,342747048
22106,2022-09-13,17,20,22,23,24,31,1,1800820638,336123528
22105,2022-09-11,6,12,13,15,21,23,15,1747497631,357410590
22104,2022-09-08,1,8,19,25,26,31,1,1704610228,337087306
22103,2022-09-06,6,9,12,14,20,28,10,1753950406,331343836
22102,2022-09-04,9,10,12,18,29,32,14,1772160912,360805992
22101,2022-09-01,4,16,18,19,27,28,4,1742459306,342584116
22100,2022-08-30,2,6,7,15,20,21,15,1869582122,338953236
22099,2022-08-28,1,11,23,24,26,32,15,1867860655,368635154
22098,2022-08-25,2,3,4,6,21,33,5,1853286941,339839938
22097,2022-08-23,4,5,10,13,30,31,14,1876944863,339168020
22096,2022-08-21,3,16,17,19,25,33,7,1824688735,374401638
22095,2022-08-18,4,13,14,18,20,28,8,2028343930,339954958
22094,2022-08-16,6,11,13,16,19,31,2,2024071723,333751422
22093,2022-08-14,21,22,24,28,29,32,14,1991811868,363673578
22092,2022-08-11,7,10,16,20,21,27,11,1927997908,337222664
22091,2022-08-09,8,18,20,22,24,28,10,1983706692,335981918
22090,2022-08-07,1,4,25,27,29,30,7,1985834009,365943774
22089,2022-08-04,2,7,15,29,31,33,15,2006110048,342434670
22088,2022-08-02,3,9,15,17,20,22,6,1970007210,340253450
22087,2022-07-31,5,6,9,13,23,25,8,2038263308,370042706
22086,2022-07-28,1,4,8,21,23,24,11,2050676797,345421240
22085,2022-07-26,7,9,14,31,32,33,13,2041516396,341538762
22084,2022-07-24,3,18,23,24,25,32,9,2055734480,368808592
22083,2022-07-21,8,12,13,14,19,20,5,2040473284,347550570
22082,2022-07-19,4,10,11,23,30,32,14,2063526963,347371994
22081,2022-07-17,4,8,11,21,27,30,1,2018613381,373064250
22080,2022-07-14,5,12,15,17,18,27,4,1986021667,342797508
22079,2022-07-12,1,9,15,17,22,23,16,1982330237,341273762
22078,2022-07-10,1,4,5,15,17,31,9,1919037561,366650644
22077,2022-07-07,3,17,18,19,20,27,16,1909641199,345118818
22076,2022-07-05,8,9,10,13,24,29,2,1930610784,342718328
22075,2022-07-03,1,2,4,25,26,30,10,1946747172,379959636
22074,2022-06-30,5,7,15,19,29,33,15,1928690407,354915638
22073,2022-06-28,6,10,14,15,26,29,12,1902372906,352213628
22072,2022-06-26,5,14,15,16,18,32,12,1879381753,385506202
22071,2022-06-23,4,7,15,18,29,33,1,1866155263,354289328
22070,2022-06-21,4,6,9,27,28,33,2,1847642672,356598990
22069,2022-06-19,6,7,13,19,26,29,8,1839751672,380359658
22068,2022-06-16,7,12,15,24,26,29,6,1911353650,354071622
22067,2022-06-14,1,5,13,21,26,29,15,1899875782,347891686
22066,2022-06-12,6,11,14,20,27,30,9,1900729226,370987262
22065,2022-06-09,9,14,18,23,28,31,2,2051850948,348395414
22064,2022-06-07,4,6,12,13,17,31,16,2025619908,340689068
22063,2022-06-05,6,8,9,17,22,31,11,2036171824,360023818
22062,2022-06-02,16,18,20,21,23,33,5,2113191829,329515310
22061,2022-05-31,1,3,16,18,29,33,6,2089196019,331252342
22060,2022-05-29,16,18,19,24,28,32,1,2044441141,361140396
22059,2022-05-26,6,9,18,19,29,33,6,1985420373,340378840
22058,2022-05-24,6,13,14,23,31,33,1,2046143432,336926030
22057,2022-05-22,12,15,20,26,30,33,16,2045497453,378857894
22056,2022-05-19,1,6,11,14,17,26,15,2004226992,352329270
22055,2022-05-17,2,4,9,26,28,33,3,1971539174,350153658
22054,2022-05-15,8,12,21,27,28,33,11,1941352325,391678014
22053,2022-05-12,10,14,18,23,27,33,15,2046352325,356510652
22052,2022-05-10,7,24,27,29,31,32,15,1997206997,359187786
22051,2022-05-08,2,5,11,17,21,33,1,1951616776,389679034
22050,2022-05-05,3,5,8,14,27,33,8,1916892944,363371278
22049,2022-05-03,2,4,7,18,25,26,10,1949357745,337463590
22048,2022-05-01,5,7,17,20,26,31,14,1882359418,357972850
22047,2022-04-28,3,7,8,14,27,30,9,1833014021,360230056
22046,2022-04-26,2,11,24,25,27,30,14,1901913181,358743356
22045,2022-04-24,3,12,17,18,19,28,4,1885303642,389120778
22044,2022-04-21,1,7,8,21,23,29,6,1872712376,362459788
22043,2022-04-19,2,17,20,23,25,27,8,1883060805,350215018
22042,2022-04-17,5,10,11,21,22,30,13,1885518647,376726628
22041,2022-04-14,5,7,21,22,24,29,14,1878895566,348280000
22040,2022-04-12,3,12,14,16,31,33,12,1832633915,343211044
22039,2022-04-10,2,6,7,10,15,20,5,1873384741,375104494
22038,2022-04-07,9,12,13,16,24,32,4,1841833878,348860576
22037,2022-04-05,1,10,13,20,22,32,14,1812767035,332623306
22036,2022-04-03,2,3,14,16,26,31,2,1760101650,362126634
22035,2022-03-31,8,12,13,19,23,25,15,1736599330,353577746
22034,2022-03-29,14,17,26,31,32,33,10,1729816605,361289854
22033,2022-03-27,5,12,19,22,25,26,5,1724489453,392018786
22032,2022-03-24,4,10,11,14,23,32,7,1723412804,365937174
22031,2022-03-22,1,10,11,22,26,32,7,1696267600,353060708
22030,2022-03-20,12,23,24,26,27,30,5,1797209652,376910184
22029,2022-03-17,3,8,10,13,26,32,8,1840565291,354275468
22028,2022-03-15,5,11,20,22,23,29,9,1854403191,359741624
22027,2022-03-13,14,15,18,19,26,32,9,1850108360,407429120
22026,2022-03-10,3,4,10,15,22,24,2,1820096321,390646552
22025,2022-03-08,6,19,24,25,28,32,4,1800801596,380028752
22024,2022-03-06,7,9,10,14,19,24,15,1733800692,412478136
22023,2022-03-03,7,12,17,19,24,25,2,1667173674,386299738
22022,2022-03-01,1,7,11,15,17,19,6,1651680455,374172850
22021,2022-02-27,3,7,22,24,26,31,14,1653333569,413793268
22020,2022-02-24,9,11,14,22,30,32,1,1660696455,376104336
22019,2022-02-22,5,6,14,20,21,25,8,1587422145,374092592
22018,2022-02-20,7,11,16,17,30,32,16,1612631799,392699896
22017,2022-02-17,6,9,24,29,30,32,7,1541904440,367332144
22016,2022-02-15,5,10,19,20,29,31,14,1515799969,370604868
22015,2022-02-13,6,14,16,27,28,31,7,1541699154,387014176
22014,2022-02-10,6,7,13,14,15,27,4,1544973715,353937416
22013,2022-02-08,2,3,4,7,10,18,15,1526180218,376000418
22012,2022-01-27,4,7,8,29,30,31,1,1457999052,432967098
22011,2022-01-25,6,15,23,24,25,33,15,1445932371,379627650
22010,2022-01-23,12,18,19,20,21,32,15,1396071026,403819420
22009,2022-01-20,4,15,17,19,25,28,16,1375659920,381172430
22008,2022-01-18,2,3,7,9,20,21,13,1295623770,377713752
22007,2022-01-16,1,20,22,23,25,28,16,1254497537,417998504
22006,2022-01-13,3,6,9,15,22,31,2,1172781808,389820756
22005,2022-01-11,7,10,12,16,19,31,16,1156142875,388503758
22004,2022-01-09,5,19,24,28,30,32,14,1091893203,441401912
22003,2022-01-06,2,5,16,17,18,30,6,1108650848,410382612
22002,2022-01-04,2,12,21,23,25,31,8,1091513907,408646714
22001,2022-01-02,6,13,15,17,20,21,3,1079698248,447434510
21150,2021-12-30,9,14,20,21,24,26,4,1022824601,456402254
21149,2021-12-28,5,10,15,18,19,32,5,1140585301,425925826
21148,2021-12-26,10,12,15,17,19,20,8,1117570138,459686850
21147,2021-12-23,5,10,11,13,27,28,9,1099867308,457370132
21146,2021-12-21,7,9,21,22,26,32,3,1107375000,480619582
21145,2021-12-19,4,7,10,14,16,26,9,1064375720,517254362
21144,2021-12-16,2,5,13,15,23,26,7,1036483149,483556078
21143,2021-12-14,1,9,11,13,20,29,9,1002138181,475857912
21142,2021-12-12,4,7,17,19,20,24,16,1142703731,509166454
21141,2021-12-09,1,14,19,23,26,30,10,1099283201,483132724
21140,2021-12-07,5,10,16,26,27,33,1,1066087178,479975520
21139,2021-12-05,12,14,19,23,24,27,1,1090940461,531219172
21138,2021-12-02,11,14,15,16,27,32,9,1065047563,486491502
21137,2021-11-30,3,7,10,14,21,24,1,1127353431,474456734
21136,2021-11-28,2,6,9,15,19,28,16,1148127692,517068910
21135,2021-11-25,3,10,17,19,21,31,4,1118152404,486663630
21134,2021-11-23,1,2,16,19,25,31,8,1015069784,472467398
21133,2021-11-21,1,3,12,19,27,31,10,994690824,511607016
21132,2021-11-18,1,4,6,14,20,28,8,973341811,490071244
21131,2021-11-16,8,11,18,19,20,24,1,957547844,465860738
21130,2021-11-14,8,9,15,24,26,30,6,914060182,398037824
21129,2021-11-11,4,15,21,27,28,29,10,929943762,365299936
21128,2021-11-09,5,17,20,21,23,33,4,920399839,349441520
21127,2021-11-07,7,15,16,20,27,29,7,877334837,365976552
21126,2021-11-04,19,20,23,27,28,31,1,877369730,358964852
21125,2021-11-02,14,19,20,23,24,31,9,846489745,354978672
21124,2021-10-31,1,3,18,22,29,32,2,823606529,394848530
21123,2021-10-28,6,14,15,19,29,31,5,798569016,366471258
21122,2021-10-26,4,5,12,15,18,28,7,771249437,360872924
21121,2021-10-24,4,5,12,16,22,30,15,751815051,390361524
21120,2021-10-21,1,7,8,12,13,18,5,734418962,355518696
21119,2021-10-19,3,9,10,11,28,29,13,904876996,356935346
21118,2021-10-17,2,6,14,18,20,31,13,923998119,386079710
21117,2021-10-14,3,5,17,21,27,33,4,896904658,358589610
21116,2021-10-12,6,14,17,18,31,33,6,897877549,355338790
21115,2021-10-10,2,10,12,15,24,27,8,851679247,380172848
21114,2021-10-07,4,6,8,14,24,27,2,837386111,337378334
21113,2021-10-05,4,7,10,22,27,30,2,783403562,293434838
21112,2021-09-30,5,6,21,25,28,33,7,797853981,370338224
21111,2021-09-28,17,20,22,23,26,28,6,883991506,358360092
21110,2021-09-26,10,13,15,24,31,32,2,850654756,394569218
21109,2021-09-23,2,3,10,17,20,26,16,810527410,366715360
21108,2021-09-21,11,15,18,24,26,32,9,781106313,339998838
21107,2021-09-19,2,3,17,19,25,30,1,758280964,367139964
21106,2021-09-16,1,4,7,14,30,31,3,738077667,364122996
21105,2021-09-14,10,14,15,22,27,32,9,712816451,357292170
21104,2021-09-12,1,7,17,20,22,28,15,708465505,397369092
21103,2021-09-09,10,13,15,25,29,30,15,664617126,369736978
21102,2021-09-07,5,9,15,24,27,30,9,599019763,357853464
21101,2021-09-05,2,4,12,22,29,31,1,742311198,393612094
21100,2021-09-02,7,9,12,13,14,29,16,711544497,364068238
21099,2021-08-31,9,11,17,18,20,27,15,694710436,353159630
21098,2021-08-29,1,10,13,18,26,32,5,673059288,390403928
21097,2021-08-26,3,11,12,13,25,28,12,637412452,355020594
21096,2021-08-24,1,7,11,14,15,26,11,822388985,349161898
21095,2021-08-22,8,12,17,24,27,28,13,864489999,384516464
21094,2021-08-19,9,11,24,25,28,33,15,819842497,353340702
21093,2021-08-17,5,11,15,23,28,33,3,746968208,346398722
21092,2021-08-15,2,7,8,10,12,31,3,721827132,382276564
21091,2021-08-12,4,6,16,24,26,33,16,697092670,352636492
21090,2021-08-10,5,6,12,14,27,28,8,658126685,340567382
21089,2021-08-08,1,2,7,13,23,24,12,725193394,378094626
21088,2021-08-05,4,12,15,16,19,26,6,932658139,339080722
21087,2021-08-03,2,13,16,19,23,24,4,926596691,335386836
21086,2021-08-01,6,8,10,14,28,29,1,934781421,363965626
21085,2021-07-29,5,6,7,11,14,20,2,865785162,343883552
21084,2021-07-27,5,7,9,11,21,28,1,836571971,338765612
21083,2021-07-25,4,9,11,25,28,33,4,894543509,367542044
21082,2021-07-22,3,6,11,13,26,32,5,1007589655,344368726
21081,2021-07-20,1,3,5,18,22,23,1,997378346,344437194
21080,2021-07-18,5,8,22,23,24,29,9,953249373,376533622
21079,2021-07-15,1,3,10,24,28,29,13,976221781,345574370
21078,2021-07-13,4,6,15,26,27,31,12,965580237,341551308
21077,2021-07-11,8,15,17,25,27,30,10,949366069,377616968
21076,2021-07-08,3,9,21,23,30,32,6,963078086,347734992
21075,2021-07-06,12,15,16,21,22,29,1,950267665,347517338
21074,2021-07-04,4,5,9,14,25,27,7,898477373,382266836
21073,2021-07-01,1,6,18,22,24,25,8,936827442,353932932
21072,2021-06-29,1,9,15,16,19,21,15,906924437,351515940
21071,2021-06-27,1,7,24,31,32,33,8,850234438,384399388
21070,2021-06-24,1,5,11,15,16,29,15,840734349,356032100
21069,2021-06-22,6,11,18,20,23,26,5,805184330,348547620
21068,2021-06-20,4,14,18,24,31,32,15,784841657,381950996
21067,2021-06-17,1,11,19,23,25,29,9,749337326,352986918
21066,2021-06-15,2,6,19,26,30,33,15,738667046,343529368
21065,2021-06-13,1,4,8,19,29,33,16,753364365,362527724
21064,2021-06-10,4,6,8,15,16,18,16,688856687,353338262
21063,2021-06-08,4,5,6,9,23,24,9,647417696,370142008
21062,2021-06-06,12,13,15,20,22,25,10,727417696,405763536
21061,2021-06-03,4,9,12,18,20,23,1,694648802,376779952
21060,2021-06-01,10,11,17,20,29,30,15,644294438,365484344
21059,2021-05-30,1,9,11,18,32,33,14,618904511,407754588
21058,2021-05-27,9,11,13,18,19,28,14,520502015,382666074
21057,2021-05-25,5,6,9,17,25,33,16,478217025,379559152
21056,2021-05-23,8,21,22,23,29,32,1,444149990,410076324
21055,2021-05-20,3,11,12,16,22,28,10,425721551,376647950
21054,2021-05-18,7,13,21,22,24,31,2,526556537,371689954
21053,2021-05-16,7,10,14,16,24,33,16,473183576,398009388
21052,2021-05-13,3,4,6,19,21,30,14,413602410,376039676
21051,2021-05-11,8,9,10,19,27,29,15,335549357,377624458
21050,2021-05-09,2,9,10,16,25,28,8,336133387,403433980
21049,2021-05-06,4,11,13,22,25,32,1,409954275,375111072
21048,2021-05-04,4,15,17,22,29,32,3,346939552,339198590
21047,2021-05-02,3,7,13,16,24,29,1,291180168,367123752
21046,2021-04-29,5,9,13,21,28,33,6,255412592,377425810
21045,2021-04-27,1,4,14,15,17,32,2,326838472,377279966
21044,2021-04-25,5,7,14,17,26,28,13,295504539,418973684
21043,2021-04-22,2,3,17,18,23,24,1,243085282,389948810
21042,2021-04-20,5,9,10,22,25,27,8,180671046,382918124
21041,2021-04-18,2,9,18,23,26,32,14,275032108,415676146
21040,2021-04-15,2,6,7,24,28,29,16,499321280,385858982
21039,2021-04-13,2,8,21,24,29,31,13,469061553,377513042
21038,2021-04-11,5,7,9,16,18,27,6,449879238,401665288
21037,2021-04-08,13,17,19,24,26,30,12,565649555,374416372
21036,2021-04-06,1,2,6,11,21,26,11,545659537,365524430
21035,2021-04-04,12,14,18,20,26,28,11,549868285,382205894
21034,2021-04-01,4,10,12,18,23,25,1,530109002,377894218
21033,2021-03-30,2,12,13,14,31,33,6,502137377,378842354
21032,2021-03-28,1,5,8,15,16,30,3,479350693,421020572
21031,2021-03-25,6,11,21,25,28,31,7,474102879,389664660
21030,2021-03-23,8,9,13,27,29,31,5,502740835,388490602
21029,2021-03-21,8,10,15,17,22,30,12,475507497,413514858
21028,2021-03-18,11,16,23,26,27,33,5,527018817,387583114
21027,2021-03-16,5,7,9,16,20,26,8,515170584,371997822
21026,2021-03-14,3,5,13,19,20,25,3,608709487,415303494
21025,2021-03-11,6,8,14,17,18,30,11,962516400,370761350
21024,2021-03-09,1,4,6,10,11,18,2,936474051,360465214
21023,2021-03-07,2,21,22,23,27,28,11,903402709,397987234
21022,2021-03-04,10,15,17,25,31,32,6,871216452,361605820
21021,2021-03-02,4,8,17,24,28,33,13,834097039,350734702
21020,2021-02-28,1,3,6,7,9,11,2,877930510,385685036
21019,2021-02-25,12,16,17,24,28,29,8,916231105,351320330
21018,2021-02-23,2,8,14,23,25,32,6,924046536,352299530
21017,2021-02-21,9,15,18,29,32,33,2,879807720,442443732
21016,2021-02-07,3,8,9,13,15,18,10,844483666,447622614
21015,2021-02-04,6,14,16,26,28,29,7,874580915,373264066
21014,2021-02-02,4,15,21,25,29,33,6,860487095,365029152
21013,2021-01-31,6,9,12,16,27,31,6,812490648,403024326
21012,2021-01-28,3,6,14,18,20,26,1,862128803,365486356
21011,2021-01-26,5,10,16,23,27,33,14,907192691,358439884
21010,2021-01-24,1,4,11,19,32,33,5,976145268,394795416
21009,2021-01-21,2,4,7,24,25,32,13,952228282,367324734
21008,2021-01-19,1,5,7,14,18,33,7,906339544,358122646
21007,2021-01-17,2,4,12,21,25,32,16,885330100,389232822
21006,2021-01-14,6,8,22,24,25,26,1,822318331,367900704
21005,2021-01-12,7,9,14,26,30,31,4,806944718,359757108
21004,2021-01-10,2,3,7,8,17,22,15,824817771,396531778
21003,2021-01-07,6,9,16,18,22,29,11,753939585,360514540
21002,2021-01-05,6,10,13,25,26,32,11,718352017,374374440
21001,2021-01-03,2,3,13,18,20,31,11,710439245,411170524
20134,2020-12-31,2,9,10,20,22,26,1,704501324,399565532
20133,2020-12-29,3,19,22,23,27,29,7,893973468,370330222
20132,2020-12-27,1,4,11,12,14,23,4,839661890,425174496
20131,2020-12-24,8,19,22,26,27,30,7,791358796,394370394
20130,2020-12-22,8,9,11,14,17,29,16,793700272,405085034
20129,2020-12-20,1,2,5,15,28,33,4,786807887,428354318
20128,2020-12-17,8,10,15,16,23,26,10,794699858,395094864
20127,2020-12-15,1,4,18,19,26,31,7,824075658,385288238
20126,2020-12-13,3,7,12,14,23,28,11,823570698,423827948
20125,2020-12-10,5,12,16,26,30,31,13,942641447,403248064
20124,2020-12-08,16,18,19,20,29,33,12,916453174,394367604
20123,2020-12-06,1,3,18,19,26,29,3,869247735,442277628
20122,2020-12-03,12,15,17,24,26,31,15,810048147,416050434
20121,2020-12-01,2,4,6,21,25,29,3,777556587,425615038
20120,2020-11-29,1,2,3,4,9,10,12,738529199,470788664
20119,2020-11-26,1,9,22,28,32,33,15,837777744,432978556
20118,2020-11-24,11,13,19,26,30,33,5,835737606,419968358
20117,2020-11-22,7,8,9,10,16,27,7,785993086,460145954
20116,2020-11-19,5,6,14,16,19,27,10,841135768,434234564
20115,2020-11-17,1,4,12,20,25,32,2,837138988,435736254
20114,2020-11-15,1,5,11,24,30,32,3,757446327,476450128
20113,2020-11-12,1,3,7,10,22,32,11,772385388,436471868
20112,2020-11-10,2,9,12,17,28,32,5,802000209,426910448
20111,2020-11-08,6,9,17,22,24,26,16,808174858,459469274
20110,2020-11-05,2,6,9,14,22,25,4,721987721,365150166
20109,2020-11-03,6,13,16,20,23,32,13,723801259,358593188
20108,2020-11-01,10,12,15,17,23,32,5,793968638,398129794
20107,2020-10-29,3,9,11,24,25,28,16,835776030,372099740
20106,2020-10-27,2,4,11,15,18,28,10,802335158,362151946
20105,2020-10-25,6,14,19,20,22,24,1,837418291,399513718
20104,2020-10-22,4,8,10,16,27,29,9,806356097,371069028
20103,2020-10-20,4,9,10,22,28,32,8,812186919,363566614
20102,2020-10-18,9,10,19,25,26,29,8,837068374,385810668
20101,2020-10-15,10,17,24,25,28,30,15,1196363693,360073112
20100,2020-10-13,1,7,15,16,20,23,7,1167865459,352785364
20099,2020-10-11,5,6,11,12,15,30,12,1181200651,390640850
20098,2020-10-08,6,8,11,22,25,33,2,1171889114,347585130
20097,2020-10-06,2,8,21,25,26,30,10,1147656700,352372566
20096,2020-09-29,1,20,23,26,27,32,15,1228050661,356787262
20095,2020-09-27,3,9,16,17,20,26,2,1197849256,387062108
20094,2020-09-24,10,15,17,27,29,31,8,1182554395,357043412
20093,2020-09-22,4,5,10,13,15,19,15,1159982996,364874692
20092,2020-09-20,1,6,12,18,22,24,3,1113718036,394714558
20091,2020-09-17,1,9,11,12,16,19,16,1088865952,362307424
20090,2020-09-15,2,21,23,26,31,32,6,1090266240,357200726
20089,2020-09-13,2,14,16,21,29,30,10,1061368833,388734662
20088,2020-09-10,1,6,12,26,29,30,12,1049789346,359763320
20087,2020-09-08,11,15,20,23,25,33,10,1066743130,351393474
20086,2020-09-06,2,4,6,15,24,27,6,1051310454,383150704
20085,2020-09-03,1,2,5,9,19,24,16,1039096893,349243256
20084,2020-09-01,3,7,16,17,23,30,7,997837500,340223360
20083,2020-08-30,1,19,25,26,30,31,12,1046377044,375628538
20082,2020-08-27,2,8,11,17,21,30,9,1025240399,339738944
20081,2020-08-25,1,5,13,14,27,33,15,1129524256,341884184
20080,2020-08-23,14,15,18,22,31,33,1,1122276717,375199530
20079,2020-08-20,5,12,20,21,22,29,14,1058784536,347031342
20078,2020-08-18,3,11,14,16,21,32,4,1029746619,339766446
20077,2020-08-16,3,10,16,21,25,27,12,960537693,376430570
20076,2020-08-13,10,15,16,18,20,27,6,1033084399,346015916
20075,2020-08-11,3,11,13,20,24,30,16,1031374526,342593198
20074,2020-08-09,4,8,9,13,19,33,12,974585503,375478220
20073,2020-08-06,5,7,11,13,27,29,3,949682723,344984126
20072,2020-08-04,6,8,10,15,17,26,4,945569865,335806408
20071,2020-08-02,9,11,12,13,22,23,8,931954524,363190440
20070,2020-07-30,1,2,4,6,19,21,15,953784945,343442594
20069,2020-07-28,3,9,10,13,18,26,4,1016346427,343151528
20068,2020-07-26,12,16,21,26,27,32,10,996910195,376630286
20067,2020-07-23,4,7,9,23,27,30,8,1061790227,353153516
20066,2020-07-21,2,9,13,17,26,28,7,1057341835,352149702
20065,2020-07-19,9,15,18,21,23,26,8,1090832907,381062334
20064,2020-07-16,1,3,7,21,27,32,1,1063056063,356057386
20063,2020-07-14,12,15,16,22,29,32,14,991892696,357076054
20062,2020-07-12,10,14,17,22,26,27,5,932509919,391827962
20061,2020-07-09,8,17,24,26,27,31,4,903858043,366447904
20060,2020-07-07,5,9,14,20,24,30,8,837071557,356937202
20059,2020-07-05,2,4,10,17,22,25,14,1002178704,386807160
20058,2020-07-02,1,3,11,12,19,26,7,958212978,356052050
20057,2020-06-30,9,14,21,23,26,32,3,1019998705,349147892
20056,2020-06-28,2,5,8,12,26,31,14,984522456,380233782
20055,2020-06-25,1,5,7,23,28,30,12,1009674637,327140694
20054,2020-06-23,3,10,19,25,26,31,2,1050374135,338817016
20053,2020-06-21,2,14,15,16,32,33,1,1057074616,381666534
20052,2020-06-18,2,8,13,29,32,33,15,1085336824,352815504
20051,2020-06-16,3,6,8,11,19,28,8,1014976572,342968302
20050,2020-06-14,4,9,17,20,32,33,15,1101983169,379409292
20049,2020-06-11,1,7,9,12,18,22,4,1062851807,355402476
20048,2020-06-09,12,14,18,23,30,32,2,1046798674,351604616
20047,2020-06-07,4,10,17,19,28,32,1,1021279165,382084220
20046,2020-06-04,13,19,25,26,27,32,8,1010760962,350122868
20045,2020-06-02,2,3,15,21,22,33,16,1010042406,348295556
20044,2020-05-31,7,8,16,17,19,24,7,1042719025,379328476
20043,2020-05-28,1,11,24,25,27,30,7,1043134035,360394276
20042,2020-05-26,2,6,7,11,14,31,3,1027873219,345472844
20041,2020-05-24,6,7,16,22,24,25,13,1005915378,372422582
20040,2020-05-21,1,6,12,16,19,21,4,947818891,341533118
20039,2020-05-19,2,9,10,11,16,29,2,925841149,341609556
20038,2020-05-17,1,6,7,18,23,24,15,922526038,374760420
20037,2020-05-14,1,4,11,13,17,24,15,944864355,350126486
20036,2020-05-12,7,9,16,22,24,32,6,944994783,346455736
20035,2020-05-10,10,14,24,25,28,33,11,911288358,371811232
20034,2020-05-07,2,8,15,16,26,32,3,878740204,340793680
20033,2020-05-05,7,10,12,21,31,32,1,879873846,320555362
20032,2020-05-03,3,11,13,14,15,26,13,843200936,338904002
20031,2020-04-30,2,5,9,15,16,27,9,850135149,323903392
20030,2020-04-28,17,18,21,29,30,32,3,896891829,327786632
20029,2020-04-26,1,12,18,20,30,32,5,835276431,364268814
20028,2020-04-23,5,6,15,18,26,32,8,823449380,323795596
20027,2020-04-21,12,13,14,24,25,28,6,810989197,324196702
20026,2020-04-19,1,4,9,18,19,31,6,769853394,349633986
20025,2020-04-16,1,9,10,15,20,29,2,742200788,321611812
20024,2020-04-14,10,13,27,28,29,31,8,707451262,317568426
20023,2020-04-12,4,5,20,21,30,33,8,702813893,340318270
20022,2020-04-09,2,10,20,22,25,30,2,695229480,311416184
20021,2020-04-07,2,6,14,16,27,31,7,696474938,296655800
20020,2020-04-05,1,6,9,13,15,22,14,685979970,310764432
20019,2020-04-02,15,19,27,28,30,33,3,652393178,293920314
20018,2020-03-31,5,7,8,11,17,22,13,640479172,287194532
20017,2020-03-29,2,4,7,15,20,27,4,650980126,295712918
20016,2020-03-26,5,6,8,17,24,27,7,685053744,260860736
20015,2020-03-24,8,9,22,24,30,33,1,712719613,255551054
20014,2020-03-22,2,7,8,10,12,16,7,661997100,261933168
20013,2020-03-19,2,8,10,20,21,30,14,660220960,215545590
20012,2020-03-17,4,13,14,23,26,31,9,652719440,198501652
20011,2020-03-15,4,5,7,17,18,29,1,638032121,176331724
20010,2020-03-12,11,14,22,27,31,32,9,654279153,142522854
20009,2020-01-21,3,6,8,14,19,26,12,645107708,405733380
20008,2020-01-19,1,4,6,10,11,28,16,680964320,395048088
20007,2020-01-16,5,12,17,20,25,31,10,709741377,358035962
20006,2020-01-14,3,4,5,10,16,32,9,860929224,361697316
20005,2020-01-12,11,16,17,22,26,32,4,920486146,400642476
20004,2020-01-09,2,15,17,27,32,33,3,906654598,370826158
20003,2020-01-07,9,17,26,29,30,32,3,885816521,368960938
20002,2020-01-05,4,9,14,15,16,29,11,911355134,410784878
20001,2020-01-02,2,15,23,26,29,30,2,939054504,388311860
19151,2019-12-31,2,6,9,18,24,26,14,885545850,405999712
19150,2019-12-29,2,9,14,22,27,29,2,855139985,424037140
19149,2019-12-26,1,6,27,28,31,33,7,836506504,401837358
19148,2019-12-24,9,10,13,20,26,27,8,870667904,412835082
19147,2019-12-22,1,9,12,14,23,27,12,1035973571,428843148
19146,2019-12-19,1,4,10,12,30,32,14,1030878448,400822952
19145,2019-12-17,1,8,13,17,18,19,16,969648184,404721396
19144,2019-12-15,2,12,15,19,27,30,3,991024359,448943976
19143,2019-12-12,5,13,15,16,26,32,9,986249870,421054466
19142,2019-12-10,8,14,24,27,29,33,9,998995951,429455474
19141,2019-12-08,10,13,14,15,17,33,14,1042760527,466103236
19140,2019-12-05,2,4,9,11,14,22,5,966423413,421874374
19139,2019-12-03,8,14,20,23,30,33,11,1043301115,420684332
19138,2019-12-01,2,6,12,30,31,32,11,986542917,455574142
19137,2019-11-28,7,10,13,19,23,31,6,1015204480,414318454
19136,2019-11-26,12,14,15,17,29,33,12,1105571297,411048748
19135,2019-11-24,3,6,10,11,27,33,3,1086229996,448749008
19134,2019-11-21,1,4,6,22,29,30,3,1027388308,424644500
19133,2019-11-19,3,7,16,21,24,31,7,997265432,412973230
19132,2019-11-17,4,6,11,14,19,33,7,981615374,443878462
19131,2019-11-14,9,17,19,20,24,31,4,955790186,413548024
19130,2019-11-12,1,7,9,11,24,32,16,951230446,418172282
19129,2019-11-10,3,4,7,9,15,26,7,952320130,442669038
19128,2019-11-07,3,8,12,16,17,19,8,1008312621,342336168
19127,2019-11-05,2,6,7,12,17,24,10,1027292513,338393664
19126,2019-11-03,2,14,17,29,32,33,16,1062273688,369776508
19125,2019-10-31,2,11,12,26,27,29,3,1054933143,342491160
19124,2019-10-29,4,9,30,31,32,33,1,1042703541,337939626
19123,2019-10-27,2,6,8,17,28,30,6,1067428638,360609038
19122,2019-10-24,4,10,15,19,21,23,2,1131287397,334989390
19121,2019-10-22,2,6,15,21,30,31,2,1091862134,334748934
19120,2019-10-20,10,12,27,31,32,33,3,1117954087,361613906
19119,2019-10-17,4,20,22,24,26,33,7,1089354655,332545590
19118,2019-10-15,12,14,15,25,28,31,4,1105685807,329400746
19117,2019-10-13,3,5,11,28,32,33,1,1085958852,358734764
19116,2019-10-10,1,8,9,13,16,33,1,1047187205,336502106
19115,2019-10-08,4,10,11,14,15,29,5,1023230427,354033692
19114,2019-09-29,2,4,9,11,12,30,1,1016450569,372847052
19113,2019-09-26,1,5,19,21,25,33,15,966030310,339648916
19112,2019-09-24,3,12,14,17,23,27,1,939911612,335430712
19111,2019-09-22,7,18,20,22,24,33,1,907833069,371095278
19110,2019-09-19,1,18,22,26,27,28,8,869553104,345297696
19109,2019-09-17,3,6,7,17,28,31,10,862636404,339057352
19108,2019-09-15,7,13,19,22,25,32,13,842165456,361553454
19107,2019-09-12,2,6,8,23,27,32,2,856645293,326852234
19106,2019-09-10,2,14,22,27,30,33,14,799590658,330410652
19105,2019-09-08,2,13,15,17,26,33,1,754476375,365092568
19104,2019-09-05,1,5,16,17,18,24,10,727332881,336503558
19103,2019-09-03,4,12,14,21,27,29,12,726754909,334444954
19102,2019-09-01,3,8,12,16,20,32,12,665286304,365310214
19101,2019-08-29,1,4,9,21,31,33,5,716370043,336008906
19100,2019-08-27,1,4,12,13,30,32,8,720116287,334319180
19099,2019-08-25,7,14,22,23,27,30,8,667283924,355328056
19098,2019-08-22,3,11,12,14,17,26,9,759762439,334187522
19097,2019-08-20,3,5,18,24,25,31,9,729874065,328319954
19096,2019-08-18,5,7,12,18,27,32,11,720969696,355103324
19095,2019-08-15,2,5,14,19,21,28,1,908224516,327102912
19094,2019-08-13,5,10,12,18,19,27,6,870773310,318739184
19093,2019-08-11,5,7,8,9,20,22,2,870686214,343851622
19092,2019-08-08,9,17,27,28,32,33,8,961868391,325113036
19091,2019-08-06,7,10,21,24,29,32,11,965901226,321773688
19090,2019-08-04,2,3,6,8,14,22,4,912434874,355808718
19089,2019-08-01,2,4,14,16,20,22,11,851666935,321183320
19088,2019-07-30,13,14,15,21,23,29,13,848907760,320442344
19087,2019-07-28,4,5,7,9,21,30,4,904387916,348495228
19086,2019-07-25,16,22,24,26,28,31,6,868561562,318423888
19085,2019-07-23,1,4,14,18,24,29,4,882276151,322387974
19084,2019-07-21,4,8,14,18,20,27,3,892130280,356282880
19083,2019-07-18,6,15,17,26,28,31,3,926738145,329029762
19082,2019-07-16,7,16,19,22,24,28,2,927370251,328221990
19081,2019-07-14,5,24,27,29,31,32,10,907395563,359862504
19080,2019-07-11,3,6,8,20,24,32,7,878626031,333601616
19079,2019-07-09,1,3,6,9,19,31,16,884700186,324952306
19078,2019-07-07,1,17,27,29,31,33,12,911692755,358699764
19077,2019-07-04,9,11,13,18,21,22,15,928983242,331156004
19076,2019-07-02,12,15,19,20,29,32,14,860745165,327737064
19075,2019-06-30,5,8,20,22,31,33,3,825389586,356452390
19074,2019-06-27,12,21,27,29,31,33,4,777279978,339313032
19073,2019-06-25,1,2,6,12,16,18,8,731798593,334373706
19072,2019-06-23,2,9,13,15,22,30,15,784809688,366310328
19071,2019-06-20,1,8,19,24,29,30,4,779942491,338921834
19070,2019-06-18,6,15,18,19,24,32,9,839590047,335727814
19069,2019-06-16,6,11,16,19,21,25,1,813208375,370103190
19068,2019-06-13,3,14,20,24,26,33,10,802934315,331635522
19067,2019-06-11,4,6,8,11,30,33,11,781887228,330381956
19066,2019-06-09,1,14,17,20,22,32,4,765994853,354505682
19065,2019-06-06,6,9,11,15,20,26,10,737867862,327400036
19064,2019-06-04,12,20,24,25,30,33,12,743421022,331639006
19063,2019-06-02,1,14,19,22,29,31,16,718713061,361222550
19062,2019-05-30,7,13,16,23,26,30,1,684734277,339468976
19061,2019-05-28,3,17,19,24,27,31,12,655425812,335296666
19060,2019-05-26,3,4,14,20,23,27,1,628604946,367103342
19059,2019-05-23,4,5,7,9,16,18,6,561383166,345567246
19058,2019-05-21,7,8,12,21,23,27,12,520571254,339299672
19057,2019-05-19,4,5,6,8,13,18,16,606231938,372560948
19056,2019-05-16,13,14,17,19,21,29,1,579319269,351267630
19055,2019-05-14,1,6,11,15,19,31,10,531777347,350070872
19054,2019-05-12,7,10,11,15,24,26,11,484344441,376075414
19053,2019-05-09,4,16,22,25,29,31,8,486040155,345533966
19052,2019-05-07,3,6,9,13,16,19,16,514041918,342251970
19051,2019-05-05,8,9,10,13,15,28,9,1229559631,371316762
19050,2019-05-02,4,6,10,11,21,23,2,1276546288,311858860
19049,2019-04-30,3,10,13,22,23,28,15,1300906020,333775314
19048,2019-04-28,3,7,10,12,18,29,10,1307482004,379210874
19047,2019-04-25,3,11,18,25,30,33,14,1297945208,349665886
19046,2019-04-23,2,12,16,22,25,32,6,1227436396,349236650
19045,2019-04-21,1,6,17,19,27,31,14,1272816559,380577960
19044,2019-04-18,6,14,16,17,23,29,7,1246753637,350579948
19043,2019-04-16,1,6,12,13,24,32,13,1275191954,345296562
19042,2019-04-14,15,17,19,22,25,26,4,1220955571,376134240
19041,2019-04-11,2,9,13,23,24,26,16,1183587505,347145834
19040,2019-04-09,5,6,9,18,23,31,11,1118623191,335974062
19039,2019-04-07,6,7,11,14,27,32,8,1122075950,363128750
19038,2019-04-04,9,12,21,27,29,30,5,1138999919,335328036
19037,2019-04-02,1,7,12,14,18,25,10,1154793537,344923376
19036,2019-03-31,2,10,13,16,23,32,8,1164805979,383547756
19035,2019-03-28,1,5,7,9,10,20,16,1269805979,354951028
19034,2019-03-26,9,11,15,22,24,26,3,1263277472,354652922
19033,2019-03-24,9,15,19,21,23,29,15,1259439534,385168218
19032,2019-03-21,4,8,9,13,28,33,4,1308932812,353034100
19031,2019-03-19,3,13,15,18,21,33,16,1276420305,358344316
19030,2019-03-17,4,5,7,10,12,22,16,1240512761,392415448
19029,2019-03-14,8,11,17,23,32,33,10,1269306832,358515950
19028,2019-03-12,4,19,22,26,29,30,11,1244140628,356878622
19027,2019-03-10,2,6,8,10,11,17,13,1257385558,393236612
19026,2019-03-07,3,13,15,19,20,27,14,1242805065,345714892
19025,2019-03-05,15,16,21,27,30,33,4,1246342879,345714892
19024,2019-03-03,1,8,23,25,28,29,10,1209747493,384117562
19023,2019-02-28,1,10,14,15,18,31,13,1207046316,353488994
19022,2019-02-26,3,7,11,21,30,33,7,1233143388,338829860
19021,2019-02-24,2,5,7,8,20,27,4,1301850849,370839306
19020,2019-02-21,2,12,13,23,27,28,12,1268982145,330603914
19019,2019-02-19,3,11,17,18,24,25,6,1285383840,326400930
19018,2019-02-17,4,11,18,19,26,32,4,1370346090,349743310
19017,2019-02-14,4,5,24,28,30,33,9,1355934705,312764888
19016,2019-02-12,5,7,9,11,19,25,5,1334598348,314659700
19015,2019-02-03,11,15,16,20,24,31,4,1352193873,386508326
19014,2019-01-31,1,2,3,14,19,33,3,1364355844,327526362
19013,2019-01-29,5,7,14,16,18,21,1,1347698265,332648408
19012,2019-01-27,7,10,21,23,31,33,14,1303808580,370443836
19011,2019-01-24,10,13,19,21,24,30,7,1245829570,340431350
19010,2019-01-22,2,4,5,8,11,30,2,1223708496,336769874
19009,2019-01-20,1,7,10,22,31,32,15,1267633646,376873348
19008,2019-01-17,2,6,9,13,28,32,12,1255320435,342498692
19007,2019-01-15,6,10,14,15,19,23,15,1223439184,340543166
19006,2019-01-13,1,5,10,19,26,28,12,1211353738,375825296
19005,2019-01-10,21,22,26,28,31,32,7,1326043660,343365078
19004,2019-01-08,8,12,16,19,26,32,3,1346750738,338080388
19003,2019-01-06,13,17,20,21,22,27,1,1333321882,373728002
19002,2019-01-03,4,5,6,8,9,18,11,1294586730,345144344
19001,2019-01-01,6,10,13,15,32,33,15,1283324272,341453440
18153,2018-12-30,1,7,17,23,25,31,11,1289528301,363663410
18152,2018-12-27,4,14,16,23,28,29,3,1247608325,342935808
18151,2018-12-25,5,15,19,25,26,29,15,1321227399,345353380
18150,2018-12-23,6,8,15,19,20,31,5,1289430060,377320206
18149,2018-12-20,1,7,8,10,12,24,1,1312652452,353364860
18148,2018-12-18,3,6,18,19,21,31,1,1315102044,346743178
18147,2018-12-16,3,15,17,23,27,30,11,1319726677,378419434
18146,2018-12-13,2,10,11,17,18,29,16,1317986374,345409226
18145,2018-12-11,3,9,13,22,23,25,6,1333080271,349376292
18144,2018-12-09,8,13,17,18,20,27,13,1403504611,387956028
18143,2018-12-06,4,6,15,28,32,33,14,1328627871,373157016
18142,2018-12-04,5,8,10,11,27,28,11,1343493083,390581690
18141,2018-12-02,11,14,16,18,24,33,4,1385805866,416166816
18140,2018-11-29,1,15,20,22,25,28,14,1320037180,386006162
18139,2018-11-27,11,18,20,23,31,32,15,1221766906,380559364
18138,2018-11-25,1,10,25,27,30,32,9,1213413511,412013682
18137,2018-11-22,3,5,11,15,20,23,9,1152259559,379485292
18136,2018-11-20,10,12,15,25,26,27,14,1166942493,377111910
18135,2018-11-18,1,3,6,10,11,29,16,1138385085,406719454
18134,2018-11-15,3,16,18,31,32,33,12,1084959009,377767366
18133,2018-11-13,2,4,11,12,18,32,13,1084505788,374106026
18132,2018-11-11,1,2,9,10,15,22,6,1043966776,408709916
18131,2018-11-08,21,22,24,31,32,33,1,1050270214,383809176
18130,2018-11-06,5,12,17,18,24,28,12,978511798,374274632
18129,2018-11-04,2,4,6,16,18,19,16,1013358099,418290398
18128,2018-11-01,6,7,8,19,22,23,2,976588973,388471822
18127,2018-10-30,2,5,6,7,11,15,12,964241444,383266268
18126,2018-10-28,1,6,8,9,14,22,5,978656335,415778246
18125,2018-10-25,3,10,11,14,15,32,2,961703467,391293382
18124,2018-10-23,9,13,14,19,22,25,2,894677451,378069006
18123,2018-10-21,13,21,24,27,31,32,1,867467741,410429482
18122,2018-10-18,5,7,20,22,30,32,10,827873755,327644802
18121,2018-10-16,6,8,14,19,23,25,11,962509317,321305376
18120,2018-10-14,3,4,18,26,27,33,1,973089335,357215818
18119,2018-10-11,3,13,14,16,25,27,12,935364310,328321394
18118,2018-10-09,8,12,21,22,27,31,9,956670540,322015414
18117,2018-10-07,8,11,15,17,23,25,5,954956874,340052040
18116,2018-10-04,5,14,17,22,23,28,15,938345496,281786404
18115,2018-10-02,1,13,19,24,26,29,11,1121020227,273986534
18114,2018-09-30,1,7,15,16,20,27,14,1092970758,336072030
18113,2018-09-27,1,6,9,16,25,26,9,1073781687,314160394
18112,2018-09-25,5,8,18,25,26,31,4,1101702921,302328982
18111,2018-09-23,1,7,14,24,25,28,8,1123718442,320180512
18110,2018-09-20,11,13,16,21,22,23,2,1161612266,307066624
18109,2018-09-18,10,11,18,23,31,33,15,1104585752,306989720
18108,2018-09-16,5,13,18,21,26,30,2,1088482714,322147946
18107,2018-09-13,1,2,5,12,20,22,1,1146472338,317508712
18106,2018-09-11,4,18,19,24,25,26,10,1119736168,312096980
18105,2018-09-09,4,5,13,18,19,25,1,1102004192,343324268
18104,2018-09-06,2,3,6,19,25,29,1,1128194345,312637426
18103,2018-09-04,2,9,15,22,23,24,16,1103208722,314574584
18102,2018-09-02,2,6,11,19,21,28,5,1085333716,340812198
18101,2018-08-30,1,3,14,26,29,33,9,1062181270,308676480
18100,2018-08-28,2,11,14,15,29,33,2,1047796176,309533260
18099,2018-08-26,3,7,8,14,25,32,6,1013742168,339383254
18098,2018-08-23,6,10,11,20,29,32,13,1037348433,314746902
18097,2018-08-21,1,2,17,20,25,28,13,1024508131,313501772
18096,2018-08-19,1,5,9,20,28,32,12,965286126,338691852
18095,2018-08-16,10,11,12,21,26,33,9,1045113520,320539494
18094,2018-08-14,4,7,16,20,24,30,5,1023528004,314204036
18093,2018-08-12,4,18,20,21,29,33,7,962368068,341609166
18092,2018-08-09,6,10,16,19,24,33,16,921043817,318819890
18091,2018-08-07,6,11,13,17,25,32,7,854322188,315853082
18090,2018-08-05,1,2,4,10,14,23,7,830323212,340370390
18089,2018-08-02,6,9,12,14,18,27,14,864705795,312432712
18088,2018-07-31,3,5,12,29,30,32,14,832943120,315199378
18087,2018-07-29,1,5,10,16,18,31,3,821914596,348603358
18086,2018-07-26,2,7,17,21,23,26,16,767052918,322631262
18085,2018-07-24,4,10,25,26,30,33,6,815513264,322576362
18084,2018-07-22,5,6,8,12,22,24,3,821610647,347865554
18083,2018-07-19,4,9,18,21,32,33,3,843134325,323565026
18082,2018-07-17,6,12,14,20,22,24,9,838703256,319081284
18081,2018-07-15,1,2,12,16,20,26,3,837010055,349698540
18080,2018-07-12,4,7,13,20,29,33,3,805444602,325310442
18079,2018-07-10,14,15,17,22,24,29,13,782146094,327442428
18078,2018-07-08,3,10,14,17,18,30,12,721951374,358569878
18077,2018-07-05,2,5,9,15,20,24,10,709870938,327832004
18076,2018-07-03,3,7,8,15,29,30,13,698248210,327873252
18075,2018-07-01,7,9,12,13,22,24,11,774033783,356378720
18074,2018-06-28,9,11,14,20,27,30,9,813581190,327800026
18073,2018-06-26,2,9,14,15,16,23,10,832397856,329645754
18072,2018-06-24,11,16,19,22,25,30,8,823199206,372281494
18071,2018-06-21,2,5,6,13,16,19,3,911477268,348880396
18070,2018-06-19,4,9,15,16,19,27,10,907892115,339461364
18069,2018-06-17,6,13,17,19,23,31,12,921431615,355213336
18068,2018-06-14,8,10,17,20,27,30,1,900360000,332649368
18067,2018-06-12,1,4,9,12,15,18,5,858719248,324647042
18066,2018-06-10,9,16,17,19,22,26,10,846907070,357968382
18065,2018-06-07,1,4,6,14,28,33,1,847267386,329937636
18064,2018-06-05,2,5,10,11,17,21,5,821423304,329557586
18063,2018-06-03,5,6,10,16,20,25,12,841729671,358387608
18062,2018-05-31,2,18,19,24,25,33,11,955101072,326938646
18061,2018-05-29,9,10,11,12,18,23,7,931563495,332550974
18060,2018-05-27,4,8,13,25,30,31,10,968808575,364451892
18059,2018-05-24,4,6,8,13,22,32,11,951572015,335528070
18058,2018-05-22,7,12,13,16,26,31,7,936339437,328678478
18057,2018-05-20,5,15,17,19,20,30,13,944921232,360079018
18056,2018-05-17,1,3,6,20,21,26,1,934983896,332042280
18055,2018-05-15,7,9,10,12,22,26,7,921156717,328077816
18054,2018-05-13,4,6,18,22,25,33,16,1075158284,364343470
18053,2018-05-10,1,4,10,11,14,27,6,1036375992,336743448
18052,2018-05-08,3,5,6,9,15,32,14,1030470724,335132016
18051,2018-05-06,5,7,20,23,27,31,4,1002362910,362286900
18050,2018-05-03,1,2,4,10,18,19,7,969426906,332612986
18049,2018-05-01,1,3,4,11,19,23,2,958977957,308606382
18048,2018-04-29,1,12,20,25,30,31,2,938951220,347082070
18047,2018-04-26,6,7,12,16,22,25,7,906138855,340211348
18046,2018-04-24,10,13,14,18,20,31,3,903210136,341414200
18045,2018-04-22,3,4,6,25,26,30,1,846265053,381384846
18044,2018-04-19,5,9,12,17,27,30,6,845550354,351490126
18043,2018-04-17,1,4,6,8,21,24,7,922258638,350595736
18042,2018-04-15,6,10,21,28,29,31,12,912888550,373384922
18041,2018-04-12,7,8,20,23,24,32,13,940022436,342614774
18040,2018-04-10,1,3,8,13,18,23,16,905458752,341719534
18039,2018-04-08,8,12,18,19,23,32,3,911280204,368394896
18038,2018-04-05,15,23,24,25,28,29,9,888445635,303245456
18037,2018-04-03,1,6,7,8,27,30,10,877589328,336334062
18036,2018-04-01,8,17,24,26,28,33,4,897368156,375931002
18035,2018-03-29,7,10,11,17,23,28,15,856009608,350309396
18034,2018-03-27,1,5,11,22,23,26,15,823152736,348544506
18033,2018-03-25,4,19,20,22,28,33,6,806829198,376360408
18032,2018-03-22,21,22,23,24,25,32,6,760396749,351194914
18031,2018-03-20,2,16,18,19,27,30,14,722002755,345048756
18030,2018-03-18,13,14,20,21,25,33,7,673759355,388492136
18029,2018-03-15,1,2,9,14,22,25,5,607081200,349939456
18028,2018-03-13,3,8,11,14,18,23,16,578094167,352015830
18027,2018-03-11,2,7,9,14,18,28,5,561561972,386579026
18026,2018-03-08,4,7,12,14,26,32,4,537930372,341958742
18025,2018-03-06,4,13,16,19,21,25,14,513258146,341614936
18024,2018-03-04,11,19,22,26,31,32,2,436102047,373443496
18023,2018-03-01,12,15,16,21,26,29,16,419696331,339395846
18022,2018-02-27,7,14,19,21,22,23,3,371039376,333617132
18021,2018-02-25,3,4,6,11,23,28,14,348212718,364661036
18020,2018-02-22,6,9,10,14,28,30,5,302764704,322991340
18019,2018-02-13,3,11,12,16,21,23,9,423300648,353382992
18018,2018-02-11,2,12,13,18,25,27,7,426699072,364855490
18017,2018-02-08,3,6,11,26,30,32,12,441055600,341808336
18016,2018-02-06,1,11,12,18,25,27,16,415237924,338462386
18015,2018-02-04,11,15,20,21,26,33,15,384707208,372995620
18014,2018-02-01,9,12,20,24,28,31,7,370944726,341965074
18013,2018-01-30,6,8,13,15,22,33,6,410564826,338322260
18012,2018-01-28,11,12,13,19,26,28,12,406003688,367108128
18011,2018-01-25,3,10,21,23,27,33,11,397713208,336871794
18010,2018-01-23,1,8,17,20,21,22,3,385873044,351327690
18009,2018-01-21,5,10,17,23,26,32,7,364964347,384256808
18008,2018-01-18,5,9,10,12,17,19,13,427643568,359785672
18007,2018-01-16,13,14,20,25,27,31,12,435109760,354279554
18006,2018-01-14,2,7,8,9,17,29,11,425081503,387617618
18005,2018-01-11,2,20,21,28,31,33,6,423934061,354961030
18004,2018-01-09,14,18,19,26,30,31,11,358237373,349304820
18003,2018-01-07,1,14,16,17,20,31,4,384536000,388121442
18002,2018-01-04,7,18,24,29,31,33,16,338840952,351610618
18001,2018-01-02,1,8,11,26,28,31,4,278621134,367348082
17154,2017-12-31,5,9,13,15,18,26,5,338693168,414241024
17153,2017-12-28,7,11,12,13,18,19,16,324719716,372349292
17152,2017-12-26,6,10,23,25,26,29,5,270223240,367326916
17151,2017-12-24,2,5,7,9,11,27,16,265615770,410102286
17150,2017-12-21,6,14,19,20,21,23,8,231409917,382821120
17149,2017-12-19,5,8,15,20,27,30,13,229382406,389703152
17148,2017-12-17,4,7,11,14,29,32,12,558628074,419003890
17147,2017-12-14,3,7,20,21,25,31,14,585636222,397012632
17146,2017-12-12,1,19,25,26,27,33,10,515383281,409358700
17145,2017-12-10,2,6,12,17,25,28,12,574055706,434698744
17144,2017-12-07,3,14,16,20,31,32,9,696647832,394649686
17143,2017-12-05,4,6,9,14,20,29,14,707688280,383967718
17142,2017-12-03,8,13,14,18,23,33,6,712354014,417715258
17141,2017-11-30,1,6,7,11,13,15,5,698733752,374075240
17140,2017-11-28,21,22,25,28,29,30,8,687332768,376479116
17139,2017-11-26,2,14,20,24,28,32,16,721754472,409744564
17138,2017-11-23,1,17,24,28,32,33,2,672085896,377937674
17137,2017-11-21,5,10,20,23,26,31,3,635431923,376184186
17136,2017-11-19,3,7,10,18,21,24,12,614278265,401556928
17135,2017-11-16,1,6,7,14,18,26,16,659493336,378825098
17134,2017-11-14,4,5,11,14,28,32,4,635172616,365781644
17133,2017-11-12,6,15,17,18,23,30,11,662957197,400247724
17132,2017-11-09,2,3,5,9,13,28,11,633905850,377852842
17131,2017-11-07,1,7,10,11,26,27,11,600864875,367788616
17130,2017-11-05,5,13,14,23,25,31,2,690570120,401382016
17129,2017-11-02,5,6,9,14,21,33,2,638652615,334351058
17128,2017-10-31,2,6,13,22,29,31,8,588766113,323872230
17127,2017-10-29,14,15,21,24,27,32,12,647103220,351381232
17126,2017-10-26,1,16,17,21,27,30,16,618963440,328800104
17125,2017-10-24,1,14,23,25,29,30,3,598302894,324821104
17124,2017-10-22,2,6,11,26,28,29,3,582215080,352610564
17123,2017-10-19,4,5,6,11,21,31,10,578631376,327467830
17122,2017-10-17,11,20,21,22,24,27,15,624823324,323216212
17121,2017-10-15,11,18,19,22,24,32,7,597274960,344520506
17120,2017-10-12,8,10,15,19,23,28,16,590730365,319254526
17119,2017-10-10,9,16,21,25,26,31,14,557828271,311293858
17118,2017-10-08,8,9,15,22,30,33,16,562212840,339910326
17117,2017-10-05,1,2,8,11,14,21,9,565108899,277103412
17116,2017-10-03,2,14,20,22,30,32,2,550134702,270066216
17115,2017-10-01,4,10,11,25,30,31,1,557069238,322048056
17114,2017-09-28,6,12,13,15,18,26,13,533714324,321554260
17113,2017-09-26,4,6,16,27,29,33,5,507647724,316223542
17112,2017-09-24,3,10,14,16,22,23,11,490214060,346255520
17111,2017-09-21,5,10,17,19,29,32,12,443532928,317976914
17110,2017-09-19,1,3,12,15,19,23,14,482979264,316936062
17109,2017-09-17,8,14,16,18,21,23,16,436050760,349302018
17108,2017-09-14,7,12,14,15,17,20,1,390692040,320774192
17107,2017-09-12,8,9,15,17,30,32,6,368859616,319335446
17106,2017-09-10,12,15,20,25,27,31,2,421291764,346574690
17105,2017-09-07,3,6,7,12,25,26,7,385864894,314223620
17104,2017-09-05,1,14,15,20,23,30,14,523607612,310263038
17103,2017-09-03,1,21,23,25,31,33,1,469614348,347478996
17102,2017-08-31,4,8,10,14,18,20,11,455170324,315963272
17101,2017-08-29,1,4,11,28,31,32,16,498878630,313219868
17100,2017-08-27,4,7,8,18,23,24,2,435010976,343590604
17099,2017-08-24,2,5,6,16,28,29,4,460398735,310565530
17098,2017-08-22,4,19,22,27,30,33,1,561544774,314009676
17097,2017-08-20,5,10,18,19,30,31,3,616091250,348913966
17096,2017-08-17,2,6,11,12,19,29,6,611617622,322973284
17095,2017-08-15,9,10,12,19,22,29,16,632720984,317203922
17094,2017-08-13,8,11,13,19,28,31,6,658076283,341689810
17093,2017-08-10,7,8,9,15,22,27,12,662712921,308248758
17092,2017-08-08,10,18,19,29,32,33,9,826577324,308876342
17091,2017-08-06,5,7,10,23,28,29,3,795913308,337138076
17090,2017-08-03,1,7,10,16,22,33,9,772752284,312174318
17089,2017-08-01,11,12,13,16,23,25,12,750483542,314842050
17088,2017-07-30,7,9,18,22,23,29,6,702515540,346380162
17087,2017-07-27,3,6,13,14,19,28,6,705056937,316090948
17086,2017-07-25,3,5,6,13,20,22,7,741969095,313250840
17085,2017-07-23,1,5,6,16,25,30,9,736565578,340676888
17084,2017-07-20,1,5,11,20,22,24,2,746247204,314750766
17083,2017-07-18,3,8,14,20,24,26,12,741221637,305712986
17082,2017-07-16,14,18,21,25,28,29,10,770257854,340327376
17081,2017-07-13,3,5,14,25,26,30,5,771574680,311169340
17080,2017-07-11,1,12,16,20,22,24,8,761168290,309113400
17079,2017-07-09,3,7,14,23,25,27,8,772154315,338568770
17078,2017-07-06,5,7,18,19,22,24,16,763870919,308678006
17077,2017-07-04,1,2,4,15,17,22,14,752910976,310153396
17076,2017-07-02,1,4,8,9,14,15,13,721042021,346391726
17075,2017-06-29,1,3,6,19,21,29,7,711353370,320592160
17074,2017-06-27,2,6,16,23,30,31,2,720097616,312167868
17073,2017-06-25,3,6,16,23,26,30,14,747555120,347269730
17072,2017-06-22,6,11,14,23,26,30,2,740584900,321195342
17071,2017-06-20,2,3,6,14,31,32,3,745151312,322489468
17070,2017-06-18,1,6,14,22,25,26,12,709557056,357559628
17069,2017-06-15,2,11,12,23,29,31,5,683978436,326172358
17068,2017-06-13,2,6,10,22,30,31,15,655631053,320912348
17067,2017-06-11,1,3,4,10,18,29,4,630964440,356270498
17066,2017-06-08,1,4,6,17,19,26,3,624968496,329821920
17065,2017-06-06,2,5,8,10,12,21,7,619300374,320800086
17064,2017-06-04,2,10,16,22,24,28,15,654376180,351655222
17063,2017-06-01,12,16,20,22,25,31,4,624355820,307572084
17062,2017-05-30,1,7,22,24,26,31,10,588631018,292747704
17061,2017-05-28,6,7,12,20,26,27,11,546535704,327891234
17060,2017-05-25,5,10,13,24,26,31,4,613018696,320553910
17059,2017-05-23,4,8,9,15,19,25,9,586532102,306145516
17058,2017-05-21,1,9,13,22,28,32,11,702858272,338794650
17057,2017-05-18,18,20,22,23,30,31,16,698067117,314697362
17056,2017-05-16,13,14,18,19,21,28,6,697988120,317424132
17055,2017-05-14,7,12,13,20,24,31,5,685895820,342200872
17054,2017-05-11,2,3,9,23,28,33,8,746396522,315730948
17053,2017-05-09,4,9,11,15,29,31,6,716619576,316559816
17052,2017-05-07,7,8,18,24,29,31,7,704802480,346847224
17051,2017-05-04,2,5,9,15,24,25,11,682920580,315667040
17050,2017-05-02,10,12,20,24,27,29,7,700584945,308163776
17049,2017-04-30,1,8,14,15,20,29,10,680077398,326777700
17048,2017-04-27,5,8,9,14,15,19,7,664324529,317465116
17047,2017-04-25,2,5,8,10,32,33,2,694177440,313845556
17046,2017-04-23,4,13,14,23,26,32,10,677946402,348845228
17045,2017-04-20,5,7,16,20,21,25,5,664910592,320562564
17044,2017-04-18,8,16,19,21,31,32,6,636516015,318935018
17043,2017-04-16,8,13,16,23,27,31,8,669647148,348879160
17042,2017-04-13,1,2,4,7,10,23,4,652974432,326995938
17041,2017-04-11,4,10,13,15,22,27,4,634663869,322450520
17040,2017-04-09,15,19,23,28,29,33,4,691582671,359413424
17039,2017-04-06,2,4,12,14,17,24,15,730094377,330405710
17038,2017-04-04,1,4,8,13,24,27,5,656476865,310673636
17037,2017-04-02,11,15,20,22,25,30,5,629265693,346434206
17036,2017-03-30,1,2,5,10,24,27,15,613555992,340257990
17035,2017-03-28,1,6,14,24,28,32,12,568068720,342022594
17034,2017-03-26,4,7,8,19,32,33,13,618519064,373962682
17033,2017-03-23,5,7,15,20,23,30,15,610298424,346477046
17032,2017-03-21,5,8,15,24,27,31,11,609910623,346410188
17031,2017-03-19,6,10,16,26,27,29,3,924910650,377406752
17030,2017-03-16,1,7,9,20,23,30,2,1037107695,350487064
17029,2017-03-14,2,15,21,23,25,30,10,1003660344,343011048
17028,2017-03-12,7,8,12,13,22,30,9,977766651,377657484
17027,2017-03-09,2,4,11,14,27,30,5,980689536,344767540
17026,2017-03-07,3,10,12,19,27,30,8,954816000,338217710
17025,2017-03-05,2,15,16,17,22,32,7,1076249141,372684176
17024,2017-03-02,9,21,25,26,29,31,13,1093529538,342020216
17023,2017-02-28,1,3,4,11,18,22,14,1072263213,337872226
17022,2017-02-26,2,6,15,16,18,32,15,1029761908,370988738
17021,2017-02-23,2,5,10,22,32,33,9,984320688,329896520
17020,2017-02-21,4,8,10,12,31,33,10,1016040400,321450250
17019,2017-02-19,4,6,8,12,23,25,8,992823572,362828374
17018,2017-02-16,1,2,3,17,25,31,9,976565180,332385048
17017,2017-02-14,3,7,8,10,22,23,12,973496920,329086094
17016,2017-02-12,5,8,16,22,27,29,2,957434232,349767606
17015,2017-02-09,1,8,9,14,17,32,1,976589244,314977594
17014,2017-02-07,6,8,18,20,23,31,13,944740410,307538720
17013,2017-02-05,8,11,28,29,31,33,6,924629020,377878424
17012,2017-01-26,10,11,14,15,16,24,7,919697751,329120186
17011,2017-01-24,10,11,12,23,26,29,16,914786466,318019266
17010,2017-01-22,5,8,19,25,28,30,7,914275770,350388682
17009,2017-01-19,2,6,8,9,15,29,14,1043538642,318286702
17008,2017-01-17,7,13,15,27,28,29,13,1039620330,318368112
17007,2017-01-15,2,4,5,24,26,33,15,1049607797,358098002
17006,2017-01-12,2,4,8,26,29,33,8,1019607668,327823184
17005,2017-01-10,6,11,12,22,23,30,5,1018195332,328457210
17004,2017-01-08,5,13,17,26,27,30,7,1046462778,361243290
17003,2017-01-05,1,4,8,15,27,32,16,1089595542,328263696
17002,2017-01-03,15,19,23,24,25,32,3,1046185700,333473696
17001,2017-01-01,9,11,14,20,25,26,15,1007519355,376155592
16153,2016-12-29,7,9,16,24,25,29,6,990091165,342438226
16152,2016-12-27,2,8,9,16,20,22,7,974772214,338973816
16151,2016-12-25,6,11,16,20,22,33,7,1013655324,375311070
16150,2016-12-22,2,4,5,9,13,21,5,1010476368,350741078
16149,2016-12-20,3,20,23,26,32,33,7,1069092085,342258704
16148,2016-12-18,1,2,11,20,26,30,14,1060899760,381634232
16147,2016-12-15,4,14,18,28,31,32,12,1053462300,341474648
16146,2016-12-13,3,7,15,16,17,23,10,1030668248,344859752
16145,2016-12-11,1,3,7,12,19,20,6,1019425688,398955964
16144,2016-12-08,4,10,12,27,32,33,5,1031610174,372346108
16143,2016-12-06,6,9,23,24,25,33,13,1055352355,378923738
16142,2016-12-04,1,10,17,21,23,30,12,1025247212,407120242
16141,2016-12-01,4,13,15,17,21,24,15,1025247440,371798444
16140,2016-11-29,1,2,5,17,26,32,10,998908480,360447386
16139,2016-11-27,1,6,19,26,28,30,3,1041642655,395456724
16138,2016-11-24,7,16,20,24,25,30,7,998764932,350229764
16137,2016-11-22,1,6,9,10,15,32,14,1024045140,339962622
16136,2016-11-20,2,7,10,20,27,29,3,989371808,396457052
16135,2016-11-17,2,8,10,18,20,33,12,973012992,353219786
16134,2016-11-15,11,12,13,14,18,33,13,1057618368,356409344
16133,2016-11-13,15,16,21,22,27,33,15,1035115770,397601552
16132,2016-11-10,5,8,13,19,27,28,7,1107687796,349399364
16131,2016-11-08,4,10,18,19,25,27,2,1286258608,341425796
16130,2016-11-06,3,17,21,23,27,28,1,1258366632,389013348
16129,2016-11-03,5,6,8,21,31,33,14,1236923614,356293078
16128,2016-11-01,4,9,11,17,26,27,13,1172302677,346505806
16127,2016-10-30,7,12,17,26,29,31,16,1208693682,377635784
16126,2016-10-27,2,6,12,17,18,19,10,1154908300,347402822
16125,2016-10-25,1,6,8,20,27,30,3,1117386530,346147358
16124,2016-10-23,9,15,21,24,27,32,10,1144946805,370331346
16123,2016-10-20,7,9,12,14,20,27,16,1119192450,305299416
16122,2016-10-18,15,22,23,24,28,29,8,1089129612,305059324
16121,2016-10-16,2,3,10,23,25,28,9,1082073970,340006950
16120,2016-10-13,2,5,6,21,25,28,9,1054589076,309329228
16119,2016-10-11,9,19,21,30,31,32,4,1044045944,302415052
16118,2016-10-09,9,14,22,23,31,33,14,1017168724,338792784
16117,2016-10-06,3,10,14,17,28,33,2,971854560,281128494
16116,2016-10-04,7,18,20,23,27,31,13,997623156,268669114
16115,2016-10-02,6,8,20,22,26,27,9,984826752,307770194
16114,2016-09-29,5,16,20,22,27,29,9,1005529350,300350554
16113,2016-09-27,1,11,16,17,20,26,14,1097496306,301675518
16112,2016-09-25,6,12,14,15,18,25,12,1082109240,339124224
16111,2016-09-22,2,4,7,14,15,32,4,1080979719,310894592
16110,2016-09-20,5,7,28,31,32,33,8,1037073225,306664040
16109,2016-09-18,9,11,15,16,27,33,5,1031137928,339043452
16108,2016-09-15,2,3,7,8,19,26,16,1033314654,278530656
16107,2016-09-13,6,11,18,26,27,32,1,1016647606,295842288
16106,2016-09-11,4,5,13,22,25,30,4,1036874166,329967722
16105,2016-09-08,8,10,19,27,28,31,16,1011744422,304435234
16104,2016-09-06,5,9,11,18,30,31,4,1025995488,304391928
16103,2016-09-04,1,5,13,19,24,27,11,977024997,334526552
16102,2016-09-01,5,8,10,14,17,30,13,1007804693,304528374
16101,2016-08-30,1,3,19,24,32,33,1,1005245634,303829992
16100,2016-08-28,3,10,22,23,27,29,4,960230040,335027586
16099,2016-08-25,1,11,21,23,27,33,6,930007164,300016648
16098,2016-08-23,2,8,25,29,31,32,6,908084049,296350008
16097,2016-08-21,6,13,25,26,28,31,1,886496310,327274678
16096,2016-08-18,6,13,14,21,22,24,16,888068045,296887214
16095,2016-08-16,1,5,9,12,18,32,12,866140800,297413702
16094,2016-08-14,6,7,10,12,18,31,10,861184896,324311584
16093,2016-08-11,6,9,15,17,25,27,9,843280596,298416216
16092,2016-08-09,2,13,15,23,24,29,6,908473144,299992386
16091,2016-08-07,4,8,14,22,23,28,7,994429110,329710234
16090,2016-08-04,2,13,17,20,21,26,7,1033308810,294008068
16089,2016-08-02,1,3,14,30,31,32,8,1120249570,288232376
16088,2016-07-31,3,14,16,18,25,33,15,1149627355,320354148
16087,2016-07-28,2,3,10,11,14,21,12,1124530659,288396896
16086,2016-07-26,9,10,11,12,15,32,5,1098197736,286788850
16085,2016-07-24,1,12,19,20,21,25,16,1079747823,319888112
16084,2016-07-21,2,4,12,18,24,26,5,1068920080,288778286
16083,2016-07-19,9,16,17,24,30,31,4,1056212003,291921542
16082,2016-07-17,6,12,14,15,17,20,9,1048143580,323658370
16081,2016-07-14,2,6,15,25,30,32,7,1066490094,288505018
16080,2016-07-12,1,16,17,24,25,32,14,1042999580,288372472
16079,2016-07-10,1,3,10,12,24,28,2,1012281038,322821956
16078,2016-07-07,2,4,8,23,26,29,2,953135832,296681554
16077,2016-07-05,1,9,17,19,20,29,10,933341379,294629008
16076,2016-07-03,7,8,13,22,30,32,1,917666478,331977974
16075,2016-06-30,1,3,6,16,29,32,7,890340179,295574016
16074,2016-06-28,6,10,11,12,20,25,12,838131500,297584738
16073,2016-06-26,9,11,12,15,16,20,13,1116225045,327032018
16072,2016-06-23,5,16,19,22,24,25,2,1100767568,290670126
16071,2016-06-21,19,21,26,28,29,32,1,1061458288,293734448
16070,2016-06-19,3,6,11,18,23,29,1,1023740893,326894102
16069,2016-06-16,8,10,11,20,21,27,11,1001117928,300232584
16068,2016-06-14,8,19,23,28,31,32,1,991629338,295768168
16067,2016-06-12,9,13,18,20,27,31,4,946443820,327487486
16066,2016-06-09,3,7,13,18,19,20,5,921254130,275334312
16065,2016-06-07,13,16,22,25,26,27,14,945654750,298326848
16064,2016-06-05,3,12,14,17,19,26,3,900497807,332534594
16063,2016-06-02,16,17,18,23,28,32,7,910497831,304409952
16062,2016-05-31,12,13,15,18,19,21,9,865680358,305198008
16061,2016-05-29,5,6,8,18,20,32,8,835286844,340147518
16060,2016-05-26,4,5,22,26,29,32,8,914524470,320540202
16059,2016-05-24,4,11,12,20,25,28,15,989524476,322601954
16058,2016-05-22,3,5,18,20,24,32,11,981243730,357296334
16057,2016-05-19,7,12,19,22,23,26,11,915017488,325499780
16056,2016-05-17,3,4,8,11,16,18,14,925399830,326490562
16055,2016-05-15,5,6,10,16,22,26,11,902490160,350383284
16054,2016-05-12,6,11,16,19,28,32,4,914302376,324349586
16053,2016-05-10,2,8,10,12,29,31,1,903222855,320149454
16052,2016-05-08,1,6,13,19,24,28,16,876129336,353216208
16051,2016-05-05,1,2,4,9,15,33,12,872097902,324257380
16050,2016-05-03,9,12,24,28,29,30,2,823767052,308889140
16049,2016-05-01,6,8,13,14,22,27,10,796447605,330279014
16048,2016-04-28,3,8,13,14,15,30,4,830538816,329538828
16047,2016-04-26,2,5,8,15,17,22,16,806292000,324937604
16046,2016-04-24,7,20,25,26,27,30,14,779578465,364459490
16045,2016-04-21,4,9,12,17,30,32,3,696734182,336323174
16044,2016-04-19,1,3,10,12,18,30,1,632010456,335979238
16043,2016-04-17,5,14,20,26,30,33,12,605438772,364494720
16042,2016-04-14,7,14,17,23,26,31,9,589832826,334864386
16041,2016-04-12,12,17,18,21,22,24,4,612243516,330501352
16040,2016-04-10,3,13,19,20,23,26,3,568128108,365246422
16039,2016-04-07,1,3,7,18,19,27,16,568328305,335090614
16038,2016-04-05,3,12,13,22,28,29,3,530930396,325081790
16037,2016-04-03,6,15,26,31,32,33,16,494817840,350165940
16036,2016-03-31,3,4,7,9,20,22,3,439352386,348368584
16035,2016-03-29,4,13,19,20,26,29,11,378328346,343407218
16034,2016-03-27,3,15,21,22,23,28,15,388316232,380415644
16033,2016-03-24,6,17,18,20,27,29,15,296662312,338637474
16032,2016-03-22,8,12,14,15,21,27,15,228889010,339342300
16031,2016-03-20,3,8,10,19,26,33,3,190281234,385818800
16030,2016-03-17,10,14,19,22,25,29,12,202797966,351985986
16029,2016-03-15,12,15,18,20,21,27,15,673974740,347727124
16028,2016-03-13,6,8,12,21,25,29,1,639478896,370238316
16027,2016-03-10,11,13,15,17,19,31,5,607947604,337818690
16026,2016-03-08,4,9,12,28,30,33,1,573762988,329158276
16025,2016-03-06,4,11,12,17,24,30,12,497263041,379126514
16024,2016-03-03,2,5,7,14,18,31,13,551044179,344808140
16023,2016-03-01,3,6,10,19,25,29,7,552702346,337590682
16022,2016-02-28,4,9,19,22,23,30,7,574633808,370206784
16021,2016-02-25,9,11,13,22,24,26,5,567576885,330776764
16020,2016-02-23,1,2,10,12,22,24,10,540251214,317041006
16019,2016-02-21,6,13,16,17,23,30,10,497880207,354746834
16018,2016-02-18,12,13,14,17,21,25,4,725711885,316712952
16017,2016-02-16,5,6,8,20,22,30,5,698821392,293890064
16016,2016-02-14,1,20,22,24,25,26,16,721026255,316931514
16015,2016-02-04,1,2,14,22,25,26,7,692442990,346224370
16014,2016-02-02,2,8,10,18,20,27,7,667745460,321027466
16013,2016-01-31,7,12,21,22,26,31,1,860575404,370420948
16012,2016-01-28,7,12,14,16,27,32,15,800780176,336562836
16011,2016-01-26,3,8,10,15,22,29,12,752133812,332990472
16010,2016-01-24,2,4,12,14,19,25,6,922316332,359088730
16009,2016-01-21,10,14,24,25,27,32,4,937517775,341116278
16008,2016-01-19,2,15,24,29,32,33,2,893240990,355411856
16007,2016-01-17,5,12,14,20,27,29,6,864189106,398316866
16006,2016-01-14,13,16,18,20,28,31,12,880487026,357519610
16005,2016-01-12,11,14,18,20,31,33,14,816820648,347622842
16004,2016-01-10,8,10,17,22,25,33,12,1053582237,376467244
16003,2016-01-07,1,10,14,23,26,28,1,1047367656,351825302
16002,2016-01-05,9,14,17,20,24,30,16,1049581785,343096096
16001,2016-01-03,6,13,16,18,20,22,13,1022461915,388445976
15154,2015-12-31,7,9,11,15,18,25,7,984457630,364605498
15153,2015-12-29,8,11,15,22,27,29,3,999785925,348341018
15152,2015-12-27,11,18,19,21,29,32,12,1026723516,392322240
15151,2015-12-24,5,6,8,23,31,32,11,1050789000,350309390
15150,2015-12-22,1,3,8,11,29,31,13,1022632570,333813118
15149,2015-12-20,9,10,20,21,22,33,9,960924480,368458204
15148,2015-12-17,9,13,14,22,26,27,7,1127755566,330278892
15147,2015-12-15,8,9,16,23,24,30,5,1187906265,331495570
15146,2015-12-13,16,17,21,28,30,32,15,1307571540,368273034
15145,2015-12-10,7,8,15,19,20,24,13,1248915010,327973844
15144,2015-12-08,1,4,7,15,28,32,16,1278764676,330530758
15143,2015-12-06,13,15,19,20,21,32,4,1253527944,363104978
15142,2015-12-03,13,17,19,20,22,25,11,1221938746,326956020
15141,2015-12-01,3,8,19,25,27,28,2,1174709536,329544366
15140,2015-11-29,6,20,28,29,30,31,12,1188582820,363959858
15139,2015-11-26,1,10,13,18,25,27,9,1158957645,323569236
15138,2015-11-24,1,2,8,16,19,24,11,1160191307,317036346
15137,2015-11-22,14,22,23,27,28,31,12,1183970392,357991902
15136,2015-11-19,2,5,12,23,28,29,1,1134489732,332169672
15135,2015-11-17,1,12,14,18,26,32,7,1085902032,323653256
15134,2015-11-15,2,5,14,19,27,31,4,1078946224,359304970
15133,2015-11-12,2,3,13,20,22,24,15,1037218347,318320120
15132,2015-11-10,3,5,11,28,30,33,1,991052692,324697916
15131,2015-11-08,10,12,13,19,22,26,3,971589906,352871146
15130,2015-11-05,6,14,15,16,17,22,10,957074000,329910968
15129,2015-11-03,5,8,11,16,18,27,4,934367160,330274852
15128,2015-11-01,1,3,8,11,22,28,6,889484982,353929358
15127,2015-10-29,7,10,19,22,27,33,6,924043914,323385694
15126,2015-10-27,10,11,15,20,23,29,12,978661552,321292184
15125,2015-10-25,5,13,22,27,30,33,10,990620057,342693238
15124,2015-10-22,2,3,5,12,18,27,1,987064991,314656346
15123,2015-10-20,5,8,9,12,22,28,7,992135264,312976520
15122,2015-10-18,5,7,11,16,22,25,7,989011240,340964698
15121,2015-10-15,1,3,20,21,28,29,12,1040297060,311696404
15120,2015-10-13,16,21,24,26,27,29,16,1007024322,306978816
15119,2015-10-11,2,8,10,18,23,31,8,958500564,336177996
15118,2015-10-08,1,4,11,21,23,31,12,950170804,302094780
15117,2015-10-06,4,11,12,18,26,32,12,954935922,276307776
15116,2015-10-04,4,6,15,23,26,28,11,923015828,298345670
15115,2015-10-01,1,7,8,14,24,32,3,911942840,275624372
15114,2015-09-29,4,7,9,13,21,26,1,952803917,297013542
15113,2015-09-27,1,5,7,8,19,27,12,974660050,337101348
15112,2015-09-24,1,3,10,19,20,27,11,952587008,306859802
15111,2015-09-22,8,14,16,18,20,30,12,936577124,307364620
15110,2015-09-20,5,7,16,17,22,23,4,921225536,340689020
15109,2015-09-17,1,8,9,16,32,33,13,929816615,317531670
15108,2015-09-15,2,12,19,22,24,27,15,907674399,309769258
15107,2015-09-13,7,14,16,18,21,25,8,911942185,337547646
15106,2015-09-10,1,3,4,23,31,32,13,910114980,305793682
15105,2015-09-08,9,10,16,19,20,26,12,895314612,304229202
15104,2015-09-06,9,18,21,23,25,26,1,920084183,332604432
15103,2015-09-03,6,8,13,26,30,32,14,837110700,284270680
15102,2015-09-01,7,9,12,14,21,23,6,813396960,300065068
15101,2015-08-30,8,16,22,24,28,29,5,817471200,333057658
15100,2015-08-27,2,3,11,17,19,21,8,821878422,302573068
15099,2015-08-25,6,7,10,11,14,22,9,792191150,297598058
15098,2015-08-23,6,9,13,26,27,33,1,792540978,329104206
15097,2015-08-20,9,12,14,20,26,27,4,741136594,298570222
15096,2015-08-18,6,16,17,23,24,31,7,755803560,294260644
15095,2015-08-16,4,15,21,28,30,31,4,772938425,325059832
15094,2015-08-13,1,4,6,13,16,17,10,746713280,295713760
15093,2015-08-11,1,3,13,21,25,31,8,742351320,292493392
15092,2015-08-09,9,15,19,21,26,27,1,735532810,318089362
15091,2015-08-06,5,7,17,19,22,31,11,705046588,285818388
15090,2015-08-04,10,12,14,22,25,33,15,680071900,282983042
15089,2015-08-02,12,14,19,27,28,29,1,625139856,311873350
15088,2015-07-30,2,12,20,24,29,31,9,582193066,287667610
15087,2015-07-28,9,15,16,19,20,28,11,610880852,280174514
15086,2015-07-26,5,6,8,16,18,22,12,566691000,308129834
15085,2015-07-23,2,8,25,27,28,29,5,562393449,285325214
15084,2015-07-21,15,18,20,22,28,29,15,524697570,281884996
15083,2015-07-19,6,7,16,18,29,32,5,479827975,315704384
15082,2015-07-16,2,8,9,14,28,30,7,523423566,288017344
15081,2015-07-14,13,20,22,26,28,31,13,532076736,278500218
15080,2015-07-12,14,17,25,27,28,30,2,523386294,314150596
15079,2015-07-09,9,14,15,20,26,32,11,496467738,291775556
15078,2015-07-07,3,7,20,22,26,29,2,577316625,291936416
15077,2015-07-05,1,6,8,10,13,27,16,543815196,324775100
15076,2015-07-02,1,9,10,19,23,27,9,493791571,294088268
15075,2015-06-30,6,11,13,19,21,32,4,565604258,292719690
15074,2015-06-28,4,7,21,25,26,29,8,513223352,320107256
15073,2015-06-25,1,2,17,22,26,27,4,471257280,293054328
15072,2015-06-23,1,3,5,20,21,31,5,453763345,293363242
15071,2015-06-21,8,18,20,28,29,31,8,440046866,308073950
15070,2015-06-18,1,7,13,19,21,29,15,497421825,294607168
15069,2015-06-16,1,13,17,18,23,30,15,470825144,292089158
15068,2015-06-14,6,15,18,21,26,27,10,465249696,326767662
15067,2015-06-11,2,5,8,24,25,31,14,460773196,296388770
15066,2015-06-09,5,8,11,17,24,28,16,475169355,295073100
15065,2015-06-07,8,10,14,19,26,29,12,456496222,326011866
15064,2015-06-04,11,12,14,17,23,27,1,437144743,298850352
15063,2015-06-02,1,7,9,16,22,32,12,425356078,291740962
15062,2015-05-31,9,14,15,18,21,26,16,420456986,323470788
15061,2015-05-28,6,18,22,26,32,33,4,366514881,300873544
15060,2015-05-26,1,3,18,27,31,32,13,325336905,294398362
15059,2015-05-24,2,6,9,16,25,32,14,311068287,327035284
15058,2015-05-21,2,9,10,18,19,20,15,255306348,302422308
15057,2015-05-19,9,20,24,25,26,32,4,254227996,298048220
15056,2015-05-17,1,7,8,16,18,20,14,224467579,333455694
15055,2015-05-14,1,10,15,18,19,28,2,208855998,308523870
15054,2015-05-12,1,2,7,10,22,26,7,196780010,305342532
15053,2015-05-10,3,7,17,22,32,33,10,209305224,337772948
15052,2015-05-07,2,4,11,16,25,26,12,203256114,312855530
15051,2015-05-05,4,10,24,26,28,32,9,252880206,311895918
15050,2015-05-03,3,9,12,16,17,31,4,231625820,330490908
15049,2015-04-30,7,12,14,17,20,23,5,213425469,304091626
15048,2015-04-28,13,16,17,22,25,27,10,222018030,314318648
15047,2015-04-26,2,3,20,24,26,27,9,259871028,353219880
15046,2015-04-23,5,7,10,14,23,31,1,300076800,324849386
15045,2015-04-21,1,5,13,22,30,31,7,244649655,317791860
15044,2015-04-19,2,3,4,13,14,16,2,236303584,361973072
15043,2015-04-16,11,12,15,24,26,27,15,437343962,333265010
15042,2015-04-14,9,10,19,21,23,32,8,445522068,328582874
15041,2015-04-12,4,9,11,17,21,25,6,505889468,355451862
15040,2015-04-09,13,16,18,27,30,32,16,560707072,320385120
15039,2015-04-07,1,13,15,26,29,30,12,527688511,304495842
15038,2015-04-05,5,6,11,12,14,33,14,521569463,330881502
15037,2015-04-02,5,7,12,18,28,31,3,456745930,311121894
15036,2015-03-31,4,6,16,17,26,33,3,385090460,314978372
15035,2015-03-29,1,8,9,22,24,33,3,356011799,354232116
15034,2015-03-26,12,13,17,18,20,27,13,372366860,319035578
15033,2015-03-24,3,6,21,29,31,32,5,350190906,316147976
15032,2015-03-22,11,14,16,18,29,32,16,322806048,356881788
15031,2015-03-19,1,5,7,22,26,32,11,301014330,322648288
15030,2015-03-17,8,11,14,15,16,26,7,308254584,313853770
15029,2015-03-15,7,14,15,19,21,28,7,290603075,350574266
15028,2015-03-12,4,7,10,26,27,28,14,282421976,318360502
15027,2015-03-10,5,7,9,16,26,29,7,269549046,313056664
15026,2015-03-08,2,13,17,21,22,33,13,399549056,346132854
15025,2015-03-05,10,11,12,15,27,32,14,428205689,301966294
15024,2015-03-03,9,11,16,18,23,24,10,361697874,297320432
15023,2015-03-01,8,9,10,13,29,30,1,344102175,371421794
15022,2015-02-26,4,7,10,16,23,25,10,333076429,428626486
15021,2015-02-17,14,15,16,17,27,28,8,311412624,369500210
15020,2015-02-15,1,4,7,19,22,23,4,359013634,404738304
15019,2015-02-12,2,6,11,19,25,26,4,337065060,363865754
15018,2015-02-10,6,9,12,14,28,29,9,343063140,356589678
15017,2015-02-08,13,18,20,25,27,33,12,357142667,405548808
15016,2015-02-05,2,6,10,15,17,31,13,326819010,370190678
15015,2015-02-03,1,7,20,24,25,33,4,325790184,369504840
15014,2015-02-01,2,12,16,19,27,30,11,305609400,413004748
15013,2015-01-29,8,9,24,25,26,29,1,649780284,371312910
15012,2015-01-27,3,5,22,23,29,31,6,649012056,370574586
15011,2015-01-25,4,14,15,17,18,20,15,710557160,448888738
15010,2015-01-22,1,2,3,8,21,31,9,650777351,408876968
15009,2015-01-20,4,7,14,17,21,25,14,642387330,406130598
15008,2015-01-18,4,7,10,16,20,22,3,641915910,441162104
15007,2015-01-15,1,7,9,17,20,33,8,615032608,396557494
15006,2015-01-13,1,10,11,29,31,33,13,613260305,381704996
15005,2015-01-11,7,10,16,17,18,32,15,589772988,434233966
15004,2015-01-08,2,14,15,16,23,24,10,551117080,391871604
15003,2015-01-06,10,15,20,23,24,31,15,529251380,389418150
15002,2015-01-04,7,15,16,25,28,32,5,504837957,445131362
15001,2015-01-01,1,7,9,16,20,23,6,512536696,389811558
14152,2014-12-30,8,13,15,20,21,25,12,504014400,403970126
14151,2014-12-28,4,5,8,11,21,27,8,521118039,436728282
14150,2014-12-25,3,8,14,22,24,32,9,557171217,393965122
14149,2014-12-23,7,9,10,15,19,33,1,562421886,386664128
14148,2014-12-21,1,2,5,12,15,16,13,479691558,425097618
14147,2014-12-18,6,7,22,26,31,32,10,460352344,385071740
14146,2014-12-16,1,6,13,20,29,32,1,428190888,383982986
14145,2014-12-14,10,12,13,23,26,29,11,359386704,428104998
14144,2014-12-11,3,5,6,9,10,27,14,350262546,379438954
14143,2014-12-09,3,12,18,20,25,26,16,323244502,375707362
14142,2014-12-07,6,21,22,23,25,28,13,343788680,419262206
14141,2014-12-04,8,9,11,16,21,24,10,298381028,374573402
14140,2014-12-02,6,10,11,14,17,33,6,355086600,369928040
14139,2014-11-30,1,14,15,20,25,29,11,340012160,416872552
14138,2014-11-27,4,6,13,29,31,33,13,333290635,379450576
14137,2014-11-25,3,6,9,11,25,29,9,296658774,377779080
14136,2014-11-23,3,16,19,27,31,32,10,405577188,419949224
14135,2014-11-20,2,4,11,13,25,33,1,332494676,380304722
14134,2014-11-18,5,16,22,23,26,28,2,279769385,374813426
14133,2014-11-16,13,14,16,23,30,31,13,245415332,417287252
14132,2014-11-13,5,6,14,15,18,33,8,215841500,372487192
14131,2014-11-11,5,17,21,22,28,32,14,211523816,396591384
14130,2014-11-09,1,2,10,24,30,33,10,176970840,402591108
14129,2014-11-06,5,8,9,20,28,32,2,127351182,359082268
14128,2014-11-04,5,7,8,17,18,24,14,87337680,358520804
14127,2014-11-02,2,10,12,21,23,27,12,71262030,405427926
14126,2014-10-30,6,11,16,17,22,27,1,92547000,374635140
14125,2014-10-28,10,11,15,26,31,32,6,177881270,369171242
14124,2014-10-26,2,17,20,24,31,33,4,149338971,414603564
14123,2014-10-23,1,6,11,17,28,33,5,66611994,374248054
14122,2014-10-21,6,9,11,16,20,29,11,178571232,372450634
14121,2014-10-19,1,2,13,22,28,30,9,216715500,414246034
14120,2014-10-16,1,7,12,16,23,28,4,236996485,380941988
14119,2014-10-14,6,13,17,20,26,29,9,293508896,374297910
14118,2014-10-12,5,7,15,18,26,30,3,348405240,412610364
14117,2014-10-09,5,10,17,25,28,29,4,364535919,376251864
14116,2014-10-07,9,10,14,15,19,29,16,349707904,355472106
14115,2014-10-05,1,9,10,11,13,32,3,329463486,393986920
14114,2014-10-02,2,7,23,30,32,33,10,803604936,336622164
14113,2014-09-30,12,14,28,31,32,33,7,794394502,376332046
14112,2014-09-28,1,15,16,21,24,30,3,754185552,438774340
14111,2014-09-25,2,8,17,20,22,28,2,809720000,391471380
14110,2014-09-23,1,8,11,13,19,30,6,759917456,384948858
14109,2014-09-21,2,5,11,15,19,28,2,732608704,437600916
14108,2014-09-18,3,8,9,20,23,28,2,735850612,393047674
14107,2014-09-16,11,14,17,22,25,27,16,752252140,387176276
14106,2014-09-14,9,14,17,18,21,25,15,718893160,422052940
14105,2014-09-11,14,16,17,19,27,32,4,662968446,379715550
14104,2014-09-09,2,6,12,19,27,28,13,624461375,358170510
14103,2014-09-07,3,8,9,10,18,33,4,589633520,396768732
14102,2014-09-04,14,16,21,24,28,31,13,582985842,368749750
14101,2014-09-02,16,18,20,23,24,32,7,529892270,359712392
14100,2014-08-31,1,6,9,10,14,16,11,472918194,401949134
14099,2014-08-28,1,5,10,11,13,32,14,432609020,358086522
14098,2014-08-26,2,13,17,20,29,31,7,392834215,353151800
14097,2014-08-24,7,13,24,25,27,32,15,369675882,390727104
14096,2014-08-21,12,14,17,19,22,24,8,312395240,357432576
14095,2014-08-19,5,6,8,14,22,31,8,279324805,348187212
14094,2014-08-17,1,10,18,20,23,29,1,273173708,394513356
14093,2014-08-14,2,8,9,10,20,29,5,207035236,361310882
14092,2014-08-12,3,13,18,19,22,26,7,308790808,355694942
14091,2014-08-10,1,5,12,19,27,29,14,312855494,395683536
14090,2014-08-07,5,9,11,19,24,32,13,285022119,361007810
14089,2014-08-05,4,6,14,17,27,30,9,327508140,349996988
14088,2014-08-03,3,6,11,14,16,29,15,380020836,378895304
14087,2014-07-31,6,18,22,23,32,33,6,341554266,346294212
14086,2014-07-29,2,4,10,12,14,30,8,321991524,342885520
14085,2014-07-27,1,2,11,19,23,29,8,300168090,383964576
14084,2014-07-24,1,6,9,10,13,25,8,324879900,348439746
14083,2014-07-22,5,6,19,21,23,33,12,316186254,342671260
14082,2014-07-20,2,4,20,25,26,29,11,297439788,376072870
14081,2014-07-17,8,14,22,24,27,29,10,275196240,345588442
14080,2014-07-15,5,14,16,17,25,30,7,251469908,339602048
14079,2014-07-13,2,7,16,22,27,28,2,198155300,371546996
14078,2014-07-10,2,3,5,6,9,17,7,169313373,340877252
14077,2014-07-08,8,9,12,15,19,22,10,174008032,335080206
14076,2014-07-06,6,10,12,17,18,33,11,177753477,375634222
14075,2014-07-03,3,9,11,22,27,29,6,133787352,341705034
14074,2014-07-01,1,3,6,13,30,31,12,211476892,333005878
14073,2014-06-29,1,12,16,20,30,33,2,158150815,368813894
14072,2014-06-26,1,3,7,13,19,32,16,92535036,324184472
14071,2014-06-24,2,4,12,17,22,25,14,30000000,332837230
14070,2014-06-22,1,7,9,19,28,29,7,46472150,381932126
14069,2014-06-19,5,12,17,19,25,30,11,144097840,344427596
14068,2014-06-17,4,12,13,22,27,29,16,162571614,333498724
14067,2014-06-15,1,6,7,17,18,23,6,91365232,369752334
14066,2014-06-12,2,5,15,17,18,21,16,117743004,326106482
14065,2014-06-10,3,4,5,8,10,22,6,50353786,331291864
14064,2014-06-08,2,9,15,16,29,32,14,51701734,362553032
14063,2014-06-05,3,8,17,21,22,31,16,55534992,318559312
14062,2014-06-03,6,9,15,24,25,26,9,30000000,324555900
14061,2014-06-01,2,14,17,27,28,31,8,63402256,348086982
14060,2014-05-29,3,5,14,18,25,33,6,77191491,332537430
14059,2014-05-27,5,8,12,13,23,25,13,33384288,332914310
14058,2014-05-25,2,3,12,13,14,25,11,35549494,395239936
14057,2014-05-22,2,4,12,18,23,31,8,211270800,357051002
14056,2014-05-20,1,11,18,20,28,29,1,189835134,355820816
14055,2014-05-18,2,9,14,19,21,30,4,166904832,399255230
14054,2014-05-15,1,4,5,11,29,30,14,163007572,362404232
14053,2014-05-13,14,17,19,22,26,31,2,192683993,357050160
14052,2014-05-11,9,13,15,28,30,33,8,130683658,388520458
14051,2014-05-08,10,16,19,21,23,24,13,172124407,355097144
14050,2014-05-06,3,17,23,25,26,32,13,153092388,356974970
14049,2014-05-04,6,7,16,17,23,32,6,138239115,395100460
14048,2014-05-01,6,9,16,17,24,25,16,167548980,328158768
14047,2014-04-29,8,10,11,12,19,29,15,175063188,367083108
14046,2014-04-27,2,10,11,17,18,22,10,151808850,407325576
14045,2014-04-24,2,4,9,11,19,22,15,173383408,375431708
14044,2014-04-22,4,9,21,27,28,33,12,234600372,373074342
14043,2014-04-20,2,5,9,14,24,33,9,210637936,415843112
14042,2014-04-17,12,15,20,25,28,33,14,267308119,373018334
14041,2014-04-15,7,11,16,18,21,22,2,180069774,365242842
14040,2014-04-13,3,4,6,11,12,15,8,129726387,406009192
14039,2014-04-10,3,11,15,19,20,31,7,140977080,363687932
14038,2014-04-08,4,7,22,23,24,33,16,95544036,356364376
14037,2014-04-06,6,13,14,24,25,30,7,64542096,385617546
14036,2014-04-03,1,7,8,9,11,22,3,115259940,378585748
14035,2014-04-01,7,8,9,17,32,33,6,239056900,385901784
14034,2014-03-30,1,3,4,8,25,31,6,242743280,432189956
14033,2014-03-27,5,13,23,28,32,33,12,319148956,403193612
14032,2014-03-25,1,2,14,22,29,33,7,363106803,397424848
14031,2014-03-23,4,10,16,17,21,27,14,331429504,443595958
14030,2014-03-20,12,18,19,23,24,30,10,343001056,396594924
14029,2014-03-18,2,7,14,16,21,29,14,335945528,396072528
14028,2014-03-16,6,16,21,27,30,32,5,309604392,435709368
14027,2014-03-13,8,10,14,16,30,31,1,301167546,384105632
14026,2014-03-11,1,2,5,6,11,23,14,234682846,376888174
14025,2014-03-09,1,5,10,14,16,30,16,176129274,420328670
14024,2014-03-06,8,10,16,20,23,30,9,102252288,380942014
14023,2014-03-04,7,9,13,17,21,22,10,192597457,379325720
14022,2014-03-02,4,6,7,10,21,26,16,208621864,422477050
14021,2014-02-27,8,10,15,17,22,29,12,190297125,376012996
14020,2014-02-25,9,14,17,23,24,25,15,195215928,369800298
14019,2014-02-23,2,10,15,19,20,21,7,149062025,409381396
14018,2014-02-20,13,17,18,21,30,33,15,152153450,366787508
14017,2014-02-18,4,6,7,14,25,26,10,89220000,354286552
14016,2014-02-16,2,3,7,13,21,24,8,189407019,394728698
14015,2014-02-13,2,11,19,30,32,33,9,153702230,345827928
14014,2014-02-11,4,9,19,22,25,29,15,174399960,340281006
14013,2014-02-09,5,9,13,15,17,21,13,174532572,447850102
14012,2014-01-28,1,8,11,19,21,24,8,193817286,364615256
14011,2014-01-26,9,10,13,14,21,32,2,185230836,400827700
14010,2014-01-23,5,7,8,20,31,33,11,168977284,359922428
14009,2014-01-21,8,9,19,20,25,32,16,127264176,348408848
14008,2014-01-19,5,14,16,21,29,30,12,99040432,392135484
14007,2014-01-16,8,10,12,14,18,28,14,58697890,346606050
14006,2014-01-14,3,4,7,17,21,27,14,30000000,369941458
14005,2014-01-12,15,18,23,27,32,33,4,237244320,414088906
14004,2014-01-09,1,4,19,22,24,25,15,201488460,373155800
14003,2014-01-07,6,10,11,28,30,33,12,169237320,363993362
14002,2014-01-05,4,21,23,31,32,33,4,157176954,408021124
14001,2014-01-02,3,9,15,20,27,29,1,136130274,371341368
13154,2013-12-31,7,11,14,19,24,29,5,69636912,382836786
13153,2013-12-29,8,11,13,18,28,33,10,76364070,394373774
13152,2013-12-26,4,6,14,16,18,29,5,30000000,353968798
13151,2013-12-24,3,9,10,19,28,33,9,30000000,376460226
13150,2013-12-22,1,15,16,25,26,29,10,188178865,409001896
13149,2013-12-19,9,18,25,26,30,32,11,155929878,369490424
13148,2013-12-17,6,11,12,14,17,22,1,154199665,354333120
13147,2013-12-15,2,15,16,17,19,30,8,117026496,400947352
13146,2013-12-12,8,20,25,30,32,33,1,162543128,404451866
13145,2013-12-10,6,10,13,16,23,24,15,92904565,364933776
13144,2013-12-08,5,7,12,19,27,31,2,99467508,406764784
13143,2013-12-05,12,18,21,22,27,32,11,82747368,364973022
13142,2013-12-03,11,12,14,20,22,29,14,63900184,356100256
13141,2013-12-01,3,4,5,25,30,31,4,30000000,409703546
13140,2013-11-28,1,5,12,13,21,22,10,76786944,359556480
13139,2013-11-26,7,8,11,13,21,27,8,30000000,372082440
13138,2013-11-24,4,15,16,24,27,28,3,74254260,402650432
13137,2013-11-21,4,17,19,23,24,27,10,51312261,379293130
13136,2013-11-19,4,6,14,16,18,26,6,116962560,369164734
13135,2013-11-17,9,23,24,25,29,31,12,139074525,406720240
13134,2013-11-14,1,17,18,19,25,29,10,82346272,372289714
13133,2013-11-12,4,7,12,19,22,25,1,119827596,361709328
13132,2013-11-10,20,21,22,23,25,27,12,124670825,420848208
13131,2013-11-07,4,6,12,17,19,26,9,199798632,388319260
13130,2013-11-05,1,3,15,16,31,33,8,256689792,385080972
13129,2013-11-03,5,6,10,14,27,31,14,262553088,418710844
13128,2013-10-31,7,13,17,19,25,31,8,201975928,381844688
13127,2013-10-29,2,3,13,20,22,33,14,197309615,376726836
13126,2013-10-27,4,10,19,27,31,33,16,162711340,408866622
13125,2013-10-24,4,6,8,18,25,28,16,123047728,372984566
13124,2013-10-22,3,9,15,23,25,30,7,107102896,347249642
13123,2013-10-20,1,2,6,11,17,25,2,86159328,385822278
13122,2013-10-17,7,10,13,15,26,27,11,75670240,345544080
13121,2013-10-15,4,5,6,7,25,27,7,60671480,337100116
13120,2013-10-13,5,6,13,18,23,31,11,36491411,404684072
13119,2013-10-10,5,15,20,22,26,32,9,240588702,357071040
13118,2013-10-08,2,3,17,22,32,33,16,243272184,343511272
13117,2013-10-06,9,12,13,24,27,33,16,217864773,368579726
13116,2013-10-03,12,15,21,26,32,33,7,259236778,312633700
13115,2013-10-01,3,12,16,17,18,27,8,211959722,319974332
13114,2013-09-29,4,6,17,21,23,33,7,240677850,398506774
13113,2013-09-26,4,7,11,17,24,33,9,202421233,353992568
13112,2013-09-24,1,6,12,13,22,31,7,199580280,344881702
13111,2013-09-22,1,2,3,6,8,33,13,216014150,401502238
13110,2013-09-19,15,17,18,21,29,32,13,271666100,341867256
13109,2013-09-17,9,23,24,27,29,32,8,248456620,351155742
13108,2013-09-15,16,21,22,28,31,32,5,244712259,384725718
13107,2013-09-12,7,9,11,17,28,31,11,206293472,349907348
13106,2013-09-10,9,11,23,30,31,32,6,192566520,344715810
13105,2013-09-08,1,11,23,27,31,32,9,180328590,380197404
13104,2013-09-05,1,2,4,15,17,28,11,161543208,339771188
13103,2013-09-03,2,4,9,13,18,20,7,129386045,329389008
13102,2013-09-01,2,4,5,6,8,16,3,112762404,374113680
13101,2013-08-29,5,7,9,23,27,32,1,117330108,339246710
13100,2013-08-27,4,8,11,14,16,20,11,110063013,324850520
13099,2013-08-25,5,11,20,21,26,31,3,57365841,359490506
13098,2013-08-22,7,15,18,19,20,26,14,61447820,333979300
13097,2013-08-20,5,14,17,22,23,25,7,165973926,326153582
13096,2013-08-18,1,2,22,28,29,30,15,133568694,364530978
13095,2013-08-15,1,6,15,19,28,29,10,122220820,321839422
13094,2013-08-13,2,4,14,18,20,22,7,85662203,320217972
13093,2013-08-11,1,2,8,26,29,31,14,113583018,345826922
13092,2013-08-08,7,11,15,21,26,31,6,39250888,311052518
13091,2013-08-06,4,14,24,25,28,31,10,30000000,308670790
13090,2013-08-04,2,5,11,23,24,29,8,30000000,372773264
13089,2013-08-01,4,8,12,19,21,25,13,173879650,337088774
13088,2013-07-30,9,15,20,21,22,24,14,203431818,332225112
13087,2013-07-28,2,13,19,23,24,28,5,159824838,364306204
13086,2013-07-25,2,4,11,13,16,26,11,147621963,326453274
13085,2013-07-23,2,8,12,14,16,32,16,119563094,330145456
13084,2013-07-21,5,7,9,11,20,21,3,101313260,373588034
13083,2013-07-18,5,6,12,14,19,23,9,101908566,338036388
13082,2013-07-16,4,13,14,20,22,30,6,177229420,326611872
13081,2013-07-14,1,4,10,13,21,31,13,164579200,359745012
13080,2013-07-11,10,11,12,23,28,32,16,126651295,327918824
13079,2013-07-09,7,13,17,19,22,26,13,108592428,320512624
13078,2013-07-07,3,5,17,18,26,27,15,125198288,355637236
13077,2013-07-04,9,14,23,24,26,29,3,90631848,333114166
13076,2013-07-02,14,23,24,26,29,30,3,213429920,326689120
13075,2013-06-30,4,6,9,25,30,33,14,148151453,358276246
13074,2013-06-27,3,6,8,14,19,32,3,76109739,320654782
13073,2013-06-25,2,9,13,17,20,28,11,31466432,324559238
13072,2013-06-23,2,8,11,14,19,33,9,83394408,351392580
13071,2013-06-20,5,12,21,23,26,28,9,31637441,311914552
13070,2013-06-18,2,3,9,10,28,30,6,58271360,296577242
13069,2013-06-16,7,16,17,18,30,33,6,30000000,369339396
13068,2013-06-13,2,7,13,20,25,27,6,135584520,329872238
13067,2013-06-11,1,4,9,15,22,30,6,137776720,309743864
13066,2013-06-09,1,3,16,17,20,32,7,182192048,368087166
13065,2013-06-06,7,18,19,23,29,30,2,201675690,334460176
13064,2013-06-04,1,9,13,22,25,32,12,172812165,328102052
13063,2013-06-02,10,15,18,20,23,31,12,142799949,354390256
13062,2013-05-30,1,6,7,19,22,27,2,83172610,313979568
13061,2013-05-28,5,6,7,12,13,18,12,30000000,335064726
13060,2013-05-26,5,7,10,13,19,20,15,110329152,368726696
13059,2013-05-23,3,10,18,24,27,29,9,99230450,339381758
13058,2013-05-21,8,11,17,21,23,24,5,138757060,338075776
13057,2013-05-19,13,16,19,23,26,28,5,152624208,367207180
13056,2013-05-16,3,12,25,26,28,29,16,138712270,330573576
13055,2013-05-14,8,18,19,22,27,32,6,116004306,328924474
13054,2013-05-12,3,4,8,14,21,28,14,101137064,367209526
13053,2013-05-09,3,12,13,22,30,33,14,89705790,327360018
13052,2013-05-07,6,7,14,21,22,24,13,48367032,320719928
13051,2013-05-05,8,12,15,19,28,29,2,30000000,377856082
13050,2013-05-02,3,7,13,18,22,25,3,116018802,331969178
13049,2013-04-30,10,13,14,16,21,32,14,114803190,295889902
13048,2013-04-28,10,13,17,28,30,32,4,55171877,379712106
13047,2013-04-25,1,8,11,17,27,30,12,167906106,347274348
13046,2013-04-23,3,16,19,20,24,26,6,143084851,352094234
13045,2013-04-21,6,7,8,14,23,31,12,123007759,389847482
13044,2013-04-18,3,5,11,18,26,28,6,113248452,355471956
13043,2013-04-16,3,6,14,15,17,25,16,130914304,358568922
13042,2013-04-14,1,8,12,13,15,33,3,191650228,396763590
13041,2013-04-11,2,10,12,17,23,24,5,165669831,358260706
13040,2013-04-09,2,4,10,12,17,30,10,135009567,352650578
13039,2013-04-07,1,2,14,15,24,29,6,158541908,390740078
13038,2013-04-04,9,10,12,14,15,19,11,140504290,328400842
13037,2013-04-02,2,15,18,27,28,32,14,122337450,350336028
13036,2013-03-31,4,5,9,27,29,31,13,118017567,393497514
13035,2013-03-28,1,14,15,17,26,30,2,105954843,351498872
13034,2013-03-26,6,15,20,22,26,33,9,47229360,339315898
13033,2013-03-24,5,6,13,17,19,28,1,34224132,397248028
13032,2013-03-21,4,21,25,29,30,33,3,185170708,365616360
13031,2013-03-19,3,13,14,15,21,33,3,135583170,365951410
13030,2013-03-17,7,14,18,25,26,29,6,146756785,405193314
13029,2013-03-14,6,7,10,19,23,29,12,133260864,367189222
13028,2013-03-12,7,8,14,25,26,28,13,144919914,363477764
13027,2013-03-10,1,2,4,12,21,24,12,136259354,401897672
13026,2013-03-07,4,11,14,15,22,31,11,140421744,357237076
13025,2013-03-05,16,17,18,24,25,30,8,116448192,365053994
13024,2013-03-03,4,5,13,23,27,30,9,222298732,397860528
13023,2013-02-28,3,6,15,18,30,32,5,271259788,359844386
13022,2013-02-26,2,4,7,9,15,20,7,238299864,349104140
13021,2013-02-24,1,6,17,19,26,31,11,239758883,386291388
13020,2013-02-21,1,7,8,12,16,21,1,233771560,337611102
13019,2013-02-19,1,2,5,16,20,26,6,207401535,316958200
13018,2013-02-17,2,8,13,28,29,30,5,193557090,364752666
13017,2013-02-07,4,6,12,30,31,32,9,198644874,339247106
13016,2013-02-05,2,5,6,12,14,28,5,165350088,327207104
13015,2013-02-03,5,6,7,11,13,18,15,202682481,377989410
13014,2013-01-31,2,4,5,17,19,20,8,150729380,348187310
13013,2013-01-29,5,6,13,19,22,28,9,211416895,351745408
13012,2013-01-27,6,14,17,22,28,29,2,260734911,389114476
13011,2013-01-24,3,12,17,24,27,29,9,199912372,350274074
13010,2013-01-22,1,9,11,17,32,33,12,224151420,347709230
13009,2013-01-20,1,4,9,13,16,23,2,195572596,383674016
13008,2013-01-17,3,8,17,21,25,32,15,170217234,341795384
13007,2013-01-15,2,9,15,22,26,32,1,151606540,341246158
13006,2013-01-13,9,10,13,17,22,30,13,82757304,374366198
13005,2013-01-10,1,13,14,25,31,32,12,49335143,339352226
13004,2013-01-08,6,10,16,20,27,32,8,35567995,337097616
13003,2013-01-06,22,23,26,27,28,33,9,98882604,367773688
13002,2013-01-03,1,16,18,22,28,30,12,61810900,303822912
13001,2013-01-01,6,8,14,15,24,25,6,30000000,309153922
12154,2012-12-30,5,7,12,16,28,32,4,72256070,349475260
12153,2012-12-27,4,5,11,21,27,28,10,30000000,315610858
12152,2012-12-25,10,12,18,22,28,29,7,30000000,327454924
12151,2012-12-23,5,14,24,25,26,32,1,154841736,362492002
12150,2012-12-20,9,11,17,23,24,26,7,140248364,325835512
12149,2012-12-18,1,5,13,25,26,32,13,90787310,314338172
12148,2012-12-16,3,6,11,17,21,31,7,30000000,373006912
12147,2012-12-13,2,12,15,23,24,32,9,79342832,330613366
12146,2012-12-11,1,5,7,13,29,32,13,80298625,320313400
12145,2012-12-09,5,20,26,27,28,33,3,69528065,349657358
12144,2012-12-06,3,10,12,13,27,30,4,30000000,326127870
12143,2012-12-04,7,8,18,25,30,32,6,30000000,322260704
12142,2012-12-02,5,18,22,28,29,31,6,30000000,355971618
12141,2012-11-29,3,5,8,19,20,27,9,34662735,331745670
12140,2012-11-27,14,18,27,30,31,33,15,147010059,328890054
12139,2012-11-25,8,19,21,24,28,31,15,141340986,359675456
12138,2012-11-22,1,7,16,17,19,21,14,94959540,322213636
12137,2012-11-20,1,2,4,6,13,17,7,53913486,323374784
12136,2012-11-18,2,7,8,17,21,28,11,30000000,370704246
12135,2012-11-15,2,5,7,8,11,17,16,137915685,334488518
12134,2012-11-13,2,5,6,7,13,23,15,118317829,331006688
12133,2012-11-11,1,8,11,20,21,29,2,74740968,364736358
12132,2012-11-08,7,12,16,17,21,25,10,73103371,332827106
12131,2012-11-06,6,18,19,26,28,32,12,94889844,334407788
12130,2012-11-04,1,3,15,20,22,31,3,189092919,355629806
12129,2012-11-01,1,7,9,17,21,29,1,147922890,331737426
12128,2012-10-30,5,9,12,29,30,31,5,82840707,322643800
12127,2012-10-28,1,9,11,21,26,32,8,89047863,373363120
12126,2012-10-25,3,5,12,15,23,24,7,110723595,336798500
12125,2012-10-23,8,12,13,26,29,33,1,153184560,337488334
12124,2012-10-21,6,7,21,25,27,33,11,215939945,369201172
12123,2012-10-18,8,10,16,25,28,33,9,183343281,334799840
12122,2012-10-16,12,13,19,22,28,29,11,196627122,325004070
12121,2012-10-14,1,7,8,20,23,24,11,177801852,355530542
12120,2012-10-11,1,4,20,24,28,29,16,153908152,311866338
12119,2012-10-09,12,20,25,26,27,28,13,99452500,321919326
12118,2012-10-07,5,6,7,12,15,28,11,302161536,352094796
12117,2012-10-04,13,15,18,20,24,28,9,322454248,285909300
12116,2012-10-02,3,21,26,29,31,32,3,332066730,270974690
12115,2012-09-30,3,8,20,24,26,32,14,301924301,330478202
12114,2012-09-27,1,6,11,26,27,29,15,287406651,323638620
12113,2012-09-25,3,6,9,13,18,32,6,248404494,321721194
12112,2012-09-23,8,15,20,21,27,31,6,273440988,365453898
12111,2012-09-20,2,9,10,20,22,31,13,414514056,334284550
12110,2012-09-18,3,7,10,13,22,32,9,368850496,327652012
12109,2012-09-16,2,12,24,26,29,31,3,407340330,366377520
12108,2012-09-13,1,9,12,13,19,28,13,379109848,329301702
12107,2012-09-11,11,12,15,24,25,31,9,379185521,325537564
12106,2012-09-09,13,14,20,22,23,32,16,415639168,368837242
12105,2012-09-06,6,13,14,15,17,30,4,388189976,332112822
12104,2012-09-04,4,5,9,10,19,28,3,387091800,326123048
12103,2012-09-02,4,9,11,14,32,33,2,452814888,364812438
12102,2012-08-30,13,25,27,28,29,30,15,422818756,330626818
12101,2012-08-28,9,12,17,18,20,33,2,387938748,332762926
12100,2012-08-26,5,7,15,18,25,33,10,358179682,365221470
12099,2012-08-23,8,12,15,16,21,27,16,375116456,334215270
12098,2012-08-21,2,12,19,26,29,31,9,367918020,328680072
12097,2012-08-19,5,8,13,14,19,22,6,406141750,362228722
12096,2012-08-16,4,7,11,16,29,33,7,438439386,324279054
12095,2012-08-14,17,24,27,28,29,30,2,476949363,324870412
12094,2012-08-12,6,9,14,16,23,33,15,455299281,360208214
12093,2012-08-09,3,5,19,21,24,33,13,401835325,324000944
12092,2012-08-07,6,13,17,18,28,32,3,395589720,323643554
12091,2012-08-05,1,5,7,8,19,21,16,409582663,363226218
12090,2012-08-02,2,13,20,25,29,30,11,403072608,329354360
12089,2012-07-31,3,7,10,13,14,25,11,390866674,323395064
12088,2012-07-29,3,5,23,24,27,31,15,408504504,363501734
12087,2012-07-26,3,10,11,13,14,22,9,382169550,333397892
12086,2012-07-24,8,9,13,15,22,23,8,384956516,329772984
12085,2012-07-22,5,17,24,30,31,33,5,433345662,365440332
12084,2012-07-19,2,10,20,26,28,29,14,432286812,340543862
12083,2012-07-17,4,9,14,15,26,33,4,408072063,337785246
12082,2012-07-15,2,4,11,18,22,29,6,393473628,376633434
12081,2012-07-12,2,5,10,24,25,29,6,381747300,335807634
12080,2012-07-10,4,9,14,15,16,27,3,455696645,333462942
12079,2012-07-08,6,7,12,24,30,33,12,510135120,373462380
12078,2012-07-05,8,15,22,24,28,33,12,460539066,339534852
12077,2012-07-03,2,4,13,18,26,28,12,435495895,337698126
12076,2012-07-01,11,18,22,27,29,30,15,417549411,379484266
12075,2012-06-28,4,6,22,23,29,32,11,379783084,351962062
12074,2012-06-26,15,16,18,19,28,32,8,451774750,354427342
12073,2012-06-24,4,7,9,10,17,27,5,428293280,383664428
12072,2012-06-21,2,3,7,9,13,30,6,433951832,349310588
12071,2012-06-19,3,4,19,21,22,23,8,380122544,359591294
12070,2012-06-17,2,3,4,24,31,32,11,387991070,403726842
12069,2012-06-14,8,10,11,18,20,29,6,404395639,363763394
12068,2012-06-12,5,17,22,26,32,33,10,462930039,379754544
12067,2012-06-10,4,5,10,21,26,30,16,994705580,415404644
12066,2012-06-07,1,2,9,26,29,33,12,994657342,389067662
12065,2012-06-05,8,10,18,19,27,31,14,967890880,396002414
12064,2012-06-03,5,10,11,16,23,24,11,986276964,444563890
12063,2012-05-31,2,10,17,19,24,27,12,996662843,420166696
12062,2012-05-29,2,13,16,17,20,31,7,1007530788,422402826
12061,2012-05-27,3,8,11,12,14,18,14,1021792620,451440342
12060,2012-05-24,7,10,13,16,17,29,1,981041268,394479944
12059,2012-05-22,4,13,21,22,26,31,1,895158438,389786618
12058,2012-05-20,3,6,15,20,25,26,4,861105840,416752864
12057,2012-05-17,3,5,19,21,27,31,4,814275846,367753954
12056,2012-05-15,4,7,14,17,26,31,10,758653203,363402618
12055,2012-05-13,4,6,13,20,24,28,1,769919052,396120110
12054,2012-05-10,6,14,18,20,30,33,14,733827565,356190234
12053,2012-05-08,4,15,22,25,27,33,4,712030309,342378036
12052,2012-05-06,2,3,5,6,20,24,4,644091290,383696656
12051,2012-05-03,2,12,14,17,30,31,9,618009885,340256786
12050,2012-05-01,7,13,15,17,19,24,11,598944924,319513602
12049,2012-04-29,4,12,13,19,20,32,2,577425876,370994838
12048,2012-04-26,1,5,14,22,24,30,10,552158516,352087342
12047,2012-04-24,6,7,11,16,32,33,11,546067464,346381150
12046,2012-04-22,4,12,19,20,23,33,6,538225270,391900112
12045,2012-04-19,8,11,20,21,27,30,9,549811570,356502588
12044,2012-04-17,6,9,10,14,22,25,3,544205207,356462184
12043,2012-04-15,2,9,11,21,26,33,3,521461388,394668460
12042,2012-04-12,5,6,11,19,24,28,16,543764552,353943408
12041,2012-04-10,8,11,15,20,24,32,2,528527286,356306648
12040,2012-04-08,3,8,9,22,25,31,10,503321868,391299304
12039,2012-04-05,1,2,5,13,22,29,8,562277750,343264490
12038,2012-04-03,9,10,11,15,19,33,16,545604136,323004056
12037,2012-04-01,5,14,19,24,28,33,9,516094744,393044730
12036,2012-03-29,2,11,13,18,19,26,9,473900100,360667728
12035,2012-03-27,9,11,12,21,24,26,5,516727952,358931126
12034,2012-03-25,2,3,8,23,32,33,16,559655765,399671360
12033,2012-03-22,2,3,15,16,17,27,4,520898790,367684820
12032,2012-03-20,1,2,10,17,22,24,4,545746332,364723646
12031,2012-03-18,4,16,22,24,27,31,3,494705544,405489418
12030,2012-03-15,9,10,17,18,21,31,8,441429534,360021696
12029,2012-03-13,4,7,15,25,26,28,3,462219036,363574384
12028,2012-03-11,10,15,20,21,28,30,11,430275054,408320996
12027,2012-03-08,4,16,22,25,30,31,12,408771750,367033234
12026,2012-03-06,3,7,9,15,24,25,16,344741670,364748574
12025,2012-03-04,3,8,9,17,25,27,6,283592844,403316356
12024,2012-03-01,4,12,19,21,25,28,13,307292592,364173592
12023,2012-02-28,5,9,15,23,24,33,2,386601237,365582932
12022,2012-02-26,4,8,12,24,26,27,4,385730443,397040802
12021,2012-02-23,1,15,16,18,22,30,3,382151985,367729098
12020,2012-02-21,3,8,12,18,23,29,11,341661021,363324150
12019,2012-02-19,7,14,18,20,22,30,16,400631707,400412500
12018,2012-02-16,3,5,6,22,26,32,15,380505912,361743346
12017,2012-02-14,6,9,14,19,25,28,10,335624562,360962760
12016,2012-02-12,2,5,12,17,22,25,8,423537888,391806944
12015,2012-02-09,1,3,6,10,21,23,15,471786918,344966404
12014,2012-02-07,1,2,5,16,28,30,12,444719580,332394836
12013,2012-02-05,6,8,24,29,30,32,13,708910740,382213084
12012,2012-02-02,15,17,18,20,23,27,1,705069412,330682334
12011,2012-01-31,4,14,15,16,20,26,5,666005385,322471622
12010,2012-01-29,1,3,13,19,25,26,10,722185940,350707306
12009,2012-01-19,4,16,24,26,27,33,11,695344944,371864904
12008,2012-01-17,1,12,20,23,24,29,8,694925145,349794196
12007,2012-01-15,10,17,19,27,28,32,4,671945560,386798560
12006,2012-01-12,2,22,25,29,32,33,8,638291299,365269490
12005,2012-01-10,7,9,18,27,31,33,6,688695791,373157878
12004,2012-01-08,1,5,10,11,21,23,16,669026740,422246096
12003,2012-01-05,3,6,8,24,29,31,9,629548166,376556854
12002,2012-01-03,2,3,7,9,10,32,13,752033556,369663804
12001,2012-01-01,1,4,5,9,15,17,6,782875794,433902388
11153,2011-12-29,5,8,9,10,20,25,13,757962272,403874136
11152,2011-12-27,4,10,11,12,21,26,13,776198815,394544922
11151,2011-12-25,7,11,16,19,31,33,10,749261802,428101842
11150,2011-12-22,8,10,12,15,22,27,13,717768968,385439474
11149,2011-12-20,4,5,6,7,23,31,16,704484700,365612730
11148,2011-12-18,5,14,22,23,25,26,14,630072378,403588782
11147,2011-12-15,4,8,12,17,18,30,10,609351248,369715120
11146,2011-12-13,11,23,26,28,32,33,10,639013370,367466864
11145,2011-12-11,2,4,14,15,26,30,4,624080666,399835362
11144,2011-12-08,1,2,9,10,16,24,3,633626105,365097322
11143,2011-12-06,7,8,12,14,15,30,16,611986880,359074808
11142,2011-12-04,12,15,16,26,29,31,2,573175899,395266644
11141,2011-12-01,2,4,6,19,24,29,11,529318827,353185652
11140,2011-11-29,4,18,20,22,27,29,6,535872860,349582200
11139,2011-11-27,8,20,24,27,30,31,3,515047152,387797344
11138,2011-11-24,1,5,15,24,28,32,7,487856614,348154674
11137,2011-11-22,2,11,18,23,30,33,13,473896000,340607254
11136,2011-11-20,2,4,6,20,22,31,7,464288592,375968636
11135,2011-11-17,12,13,17,20,25,26,12,432986892,335103670
11134,2011-11-15,1,2,6,7,30,31,10,402269556,337761116
11133,2011-11-13,12,14,20,21,25,31,16,425517897,376474284
11132,2011-11-10,2,5,12,13,25,33,7,397089600,340242582
11131,2011-11-08,2,7,9,17,21,25,1,418231870,329212830
11130,2011-11-06,7,14,18,23,25,32,15,393717483,368707538
11129,2011-11-03,7,10,11,21,23,26,6,357463184,336342794
11128,2011-11-01,9,11,14,17,19,23,12,361081322,330310278
11127,2011-10-30,16,19,22,23,27,29,11,365563744,366718126
11126,2011-10-27,3,7,13,18,23,26,16,369375226,329809254
11125,2011-10-25,3,10,15,24,27,32,8,312999380,322501850
11124,2011-10-23,9,18,19,26,31,32,16,344665993,356985192
11123,2011-10-20,1,4,5,14,19,28,16,326523090,329433846
11122,2011-10-18,10,12,18,26,27,31,3,280128023,307852112
11121,2011-10-16,4,14,22,25,32,33,2,279660224,342602202
11120,2011-10-13,4,14,17,28,30,33,7,228388853,307300204
11119,2011-10-11,9,12,14,19,28,32,1,274874502,310270074
11118,2011-10-09,5,6,11,14,20,21,10,235158912,346558714
11117,2011-10-06,8,10,19,26,28,30,4,224765796,284670324
11116,2011-10-04,1,7,11,12,17,27,5,202031320,270660014
11115,2011-10-02,7,8,9,12,17,33,16,270556202,306169962
11114,2011-09-29,1,14,15,16,30,32,9,227233590,297745236
11113,2011-09-27,6,10,11,25,32,33,5,231536104,301463604
11112,2011-09-25,3,5,16,18,23,24,15,211883612,335373070
11111,2011-09-22,1,3,5,20,25,27,4,173682690,301379048
11110,2011-09-20,12,14,21,26,28,33,12,157335982,291747572
11109,2011-09-18,1,3,9,15,16,33,15,105894980,319837948
11108,2011-09-15,2,17,22,26,29,33,10,52705268,282794584
11107,2011-09-13,4,9,16,17,22,29,15,30000000,287460888
11106,2011-09-11,2,11,12,14,24,32,14,139653840,313930786
11105,2011-09-08,4,6,23,25,27,28,1,99084564,292666602
11104,2011-09-06,9,10,16,20,25,29,9,68235192,300386562
11103,2011-09-04,4,5,10,13,15,16,12,159791712,334043508
11102,2011-09-01,1,5,13,21,27,31,11,162643920,303886824
11101,2011-08-30,6,10,19,23,29,31,6,195519685,295906364
11100,2011-08-28,7,11,21,23,31,32,5,180675360,323046340
11099,2011-08-25,10,12,13,21,26,27,14,156506688,287051218
11098,2011-08-23,3,7,20,21,22,32,5,123500432,283485974
11097,2011-08-21,9,17,19,20,21,26,16,70941649,323418670
11096,2011-08-18,1,4,7,13,14,19,15,116162472,288032952
11095,2011-08-16,3,7,8,10,23,24,5,74232601,293229282
11094,2011-08-14,9,11,12,17,18,19,5,133004802,329858052
11093,2011-08-11,4,7,11,13,23,30,9,168782368,300330150
11092,2011-08-09,5,10,17,26,31,32,4,220195756,296160020
11091,2011-08-07,9,15,21,23,28,30,3,192643284,330377834
11090,2011-08-04,2,5,14,18,21,25,16,167944280,302158754
11089,2011-08-02,1,2,11,24,29,30,12,124360665,299010020
11088,2011-07-31,3,9,17,20,21,29,4,142697808,327675114
11087,2011-07-28,2,3,4,5,18,28,1,136827640,296896504
11086,2011-07-26,6,7,9,12,17,24,9,142227111,334074814
11085,2011-07-24,3,6,11,21,24,31,10,667439560,371696466
11084,2011-07-21,9,10,12,16,18,32,15,674781990,348473896
11083,2011-07-19,7,16,18,24,28,29,6,650346305,346077740
11082,2011-07-17,7,16,17,20,25,26,4,642174720,388800864
11081,2011-07-14,6,14,19,23,25,32,12,675559532,347690264
11080,2011-07-12,2,7,9,25,31,32,9,650897000,348447154
11079,2011-07-10,3,14,15,16,24,29,5,649417535,391447400
11078,2011-07-07,3,5,13,20,22,29,9,624766272,365761038
11077,2011-07-05,1,7,8,15,26,29,10,650114820,366916974
11076,2011-07-03,6,19,21,26,32,33,13,653956218,382839880
11075,2011-06-30,7,9,10,12,31,32,13,588128854,343341640
11074,2011-06-28,2,21,26,28,29,32,1,544684626,344333482
11073,2011-06-26,3,4,5,12,17,21,14,523214664,362922526
11072,2011-06-23,1,6,10,11,18,27,12,499808730,313897806
11071,2011-06-21,1,2,15,22,28,30,2,475028862,310534104
11070,2011-06-19,1,3,5,12,21,28,12,438124428,342264942
11069,2011-06-16,2,13,16,18,24,30,12,432770570,308628372
11068,2011-06-14,3,7,10,15,19,24,10,412198518,296012586
11067,2011-06-12,17,19,20,24,25,27,12,405709326,321776484
11066,2011-06-09,4,6,14,17,30,32,12,359148246,284641290
11065,2011-06-07,4,16,23,25,27,29,3,342158860,276483886
11064,2011-06-05,3,6,7,29,30,33,2,289214904,308305132
11063,2011-06-02,4,6,13,15,18,19,5,275057552,286784814
11062,2011-05-31,4,8,9,10,29,30,3,283412196,292576106
11061,2011-05-29,2,3,8,13,19,21,3,304263180,329490066
11060,2011-05-26,10,11,13,21,27,31,1,386605260,294946664
11059,2011-05-24,24,26,27,29,31,33,16,369294390,297661236
11058,2011-05-22,7,18,22,30,32,33,6,346252616,321880622
11057,2011-05-19,4,6,20,21,26,33,2,359064498,293874448
11056,2011-05-17,13,16,19,20,23,25,10,313034238,294519332
11055,2011-05-15,8,13,16,17,29,32,16,301659908,323409932
11054,2011-05-12,8,11,16,17,22,33,8,280610991,290127160
11053,2011-05-10,3,6,10,12,22,30,15,252527907,282819042
11052,2011-05-08,4,5,8,19,27,28,8,217570635,314222356
11051,2011-05-05,1,7,11,14,15,16,14,230583935,289337386
11050,2011-05-03,4,5,19,22,28,29,15,206947968,276013398
11049,2011-05-01,1,11,17,18,27,31,14,192320366,298097446
11048,2011-04-28,10,14,18,25,26,27,15,141967976,280257800
11047,2011-04-26,4,13,23,25,27,33,14,76536648,278338352
11046,2011-04-24,9,17,18,26,29,30,8,30951895,322849314
11045,2011-04-21,2,16,17,20,26,32,8,30057041,296409720
11044,2011-04-19,3,14,16,26,27,31,9,46868535,289688506
11043,2011-04-17,4,13,14,17,25,31,4,64796400,358996258
11042,2011-04-14,5,13,15,17,19,21,15,420622284,321302904
11041,2011-04-12,4,10,12,13,30,32,13,397699998,308500156
11040,2011-04-10,5,11,14,24,26,28,13,348347810,345011574
11039,2011-04-07,3,7,10,16,24,29,13,313782252,311094814
11038,2011-04-05,2,14,15,19,23,24,12,308494455,289140916
11037,2011-04-03,1,3,4,6,17,25,11,283276620,330231608
11036,2011-03-31,2,11,20,22,24,31,5,314551555,315826494
11035,2011-03-29,13,14,18,20,27,31,2,306634971,311694488
11034,2011-03-27,13,14,17,19,24,31,8,281169434,345909126
11033,2011-03-24,2,8,12,13,19,29,4,280673240,307522678
11032,2011-03-22,3,5,7,13,14,15,15,292867289,302968920
11031,2011-03-20,16,17,24,28,29,32,12,323047830,336612714
11030,2011-03-17,2,9,19,24,25,33,10,262866360,304099208
11029,2011-03-15,1,4,9,10,20,31,7,336778491,298361906
11028,2011-03-13,1,4,5,14,16,17,1,336747720,341754088
11027,2011-03-10,13,18,21,22,25,26,1,306462410,304417422
11026,2011-03-08,7,8,17,19,21,26,12,286659780,301792690
11025,2011-03-06,8,25,26,31,32,33,9,310916704,335345846
11024,2011-03-03,5,7,10,19,26,31,14,300509912,293532026
11023,2011-03-01,2,3,6,21,22,25,5,299312679,280592202
11022,2011-02-27,2,7,14,16,17,21,5,266896557,317202954
11021,2011-02-24,1,2,14,18,25,31,8,263047410,287463484
11020,2011-02-22,12,16,17,19,24,30,5,282029310,278341148
11019,2011-02-20,2,4,12,19,32,33,16,269555166,309122016
11018,2011-02-17,13,15,18,28,30,33,1,224589050,273159286
11017,2011-02-15,2,6,15,23,26,33,8,225345842,258279824
11016,2011-02-13,3,4,16,17,22,29,13,207072515,282026694
11015,2011-02-10,3,6,13,26,27,29,7,188641296,254777566
11014,2011-02-01,5,7,10,11,23,26,16,215554297,264496608
11013,2011-01-30,1,3,13,16,21,22,8,215363832,288823754
11012,2011-01-27,7,8,11,13,15,26,13,225444452,260393668
11011,2011-01-25,1,12,18,19,21,24,10,201782950,255418250
11010,2011-01-23,1,4,5,9,15,19,13,231041745,286472328
11009,2011-01-20,17,18,23,24,25,26,4,238238346,264626108
11008,2011-01-18,10,12,13,17,24,31,15,222261453,259069374
11007,2011-01-16,1,9,17,24,26,31,5,192931056,292948810
11006,2011-01-13,1,3,5,13,16,18,5,173812378,265273552
11005,2011-01-11,6,9,12,14,20,22,13,131726338,258389670
11004,2011-01-09,4,6,8,10,13,26,5,79273990,283728968
11003,2011-01-06,13,14,21,22,23,27,4,30000000,272943652
11002,2011-01-04,6,8,12,17,28,33,5,65840887,270533954
11001,2011-01-02,3,9,20,24,26,32,10,56048886,290720992
10153,2010-12-30,3,6,12,19,30,31,13,62813580,287732956
10152,2010-12-28,4,9,17,21,25,31,1,89523115,283747722
10151,2010-12-26,2,13,14,17,19,26,14,84862932,315507700
10150,2010-12-23,2,17,18,23,29,30,6,38712480,287200078
10149,2010-12-21,2,7,8,16,25,30,9,35816650,300479738
10148,2010-12-19,1,3,7,18,23,27,12,133060932,338741658
10147,2010-12-16,2,8,15,18,24,30,3,294170505,295337382
10146,2010-12-14,1,17,18,22,25,32,1,335895280,300076660
10145,2010-12-12,3,21,24,27,28,31,8,320318914,326191770
10144,2010-12-09,2,3,8,15,19,21,11,292556540,301323048
10143,2010-12-07,9,16,18,26,30,31,14,276523611,298251128
10142,2010-12-05,2,16,18,23,26,27,10,247417472,330364770
10141,2010-12-02,2,3,7,18,23,27,6,243640236,297319014
10140,2010-11-30,1,12,13,18,26,29,15,236244572,296121968
10139,2010-11-28,11,13,18,20,26,31,9,208783224,319407618
10138,2010-11-25,1,21,23,24,26,30,5,204162271,280036566
10137,2010-11-23,7,9,10,13,19,33,6,143997526,275941138
10136,2010-11-21,4,10,23,24,26,33,10,106215220,305525370
10135,2010-11-18,4,10,13,25,26,30,10,34195595,279317018
10134,2010-11-16,9,15,16,22,27,28,6,144560712,274898772
10133,2010-11-14,3,9,17,21,26,32,1,130994343,302743538
10132,2010-11-11,2,10,12,18,24,33,15,139725230,277931070
10131,2010-11-09,5,6,15,16,19,26,6,122106216,275057550
10130,2010-11-07,1,2,7,15,21,31,16,153897490,301606730
10129,2010-11-04,4,8,14,25,28,32,16,86641823,263068470
10128,2010-11-02,4,11,19,20,24,28,12,30000000,264631266
10127,2010-10-31,1,4,8,17,25,33,1,30000000,308473622
10126,2010-10-28,3,13,18,20,27,28,5,101922030,272220524
10125,2010-10-26,6,7,13,23,28,29,9,103319060,266084300
10124,2010-10-24,2,6,8,11,12,25,2,86330028,303307488
10123,2010-10-21,6,12,15,18,29,32,10,92347814,278792718
10122,2010-10-19,2,9,12,16,25,27,6,135863964,270548316
10121,2010-10-17,8,11,13,18,25,30,15,123843444,288389490
10120,2010-10-14,1,2,5,6,10,29,16,76099293,260841502
10119,2010-10-12,7,17,25,27,30,31,9,30000000,260972766
10118,2010-10-10,5,8,11,13,15,25,5,46394658,278863970
10117,2010-10-07,1,8,20,22,24,28,1,43404219,232007386
10116,2010-10-05,5,9,10,20,22,26,7,43362216,236885436
10115,2010-10-03,1,22,24,25,29,33,15,291680631,254889502
10114,2010-09-30,1,8,11,15,17,25,1,231087438,249642432
10113,2010-09-28,5,10,15,18,20,28,10,221251005,245484314
10112,2010-09-26,1,8,18,24,29,30,16,199944920,276435492
10111,2010-09-23,4,7,8,13,17,18,10,142526411,223004690
10110,2010-09-21,1,3,12,24,26,27,1,99634210,230609584
10109,2010-09-19,4,15,18,25,29,32,15,128589910,270100048
10108,2010-09-16,2,4,8,20,23,24,7,138341254,240681452
10107,2010-09-14,8,12,15,17,22,33,16,113189084,237514142
10106,2010-09-12,2,6,8,15,26,29,16,56725410,263785876
10105,2010-09-09,1,8,9,19,21,31,11,30000000,244881210
10104,2010-09-07,7,17,23,24,27,32,2,86741347,248944388
10103,2010-09-05,6,9,14,17,20,33,9,104968990,278768450
10102,2010-09-02,4,11,16,20,22,29,10,117855152,243505778
10101,2010-08-31,4,9,18,21,25,26,6,109636800,245688390
10100,2010-08-29,1,6,12,22,23,26,8,78136487,271091664
10099,2010-08-26,3,4,17,24,27,30,6,125043492,240688192
10098,2010-08-24,1,3,8,16,29,33,7,90075708,235404960
10097,2010-08-22,10,16,18,21,24,26,1,97825621,263433286
10096,2010-08-19,7,12,21,23,24,28,3,39097968,235984000
10095,2010-08-17,9,11,16,17,25,27,14,52335356,226093634
10094,2010-08-15,3,5,7,27,31,32,10,28759580,250015372
10093,2010-08-12,9,10,19,28,32,33,6,30846725,214376608
10092,2010-08-10,3,13,19,27,28,30,2,30000000,235395046
10091,2010-08-08,6,13,16,20,22,24,16,232206160,266211592
10090,2010-08-05,1,6,10,15,25,31,14,242084181,232731512
10089,2010-08-03,7,8,9,16,23,26,1,226126120,239719796
10088,2010-08-01,5,6,15,23,27,30,12,231375816,264168238
10087,2010-07-29,1,8,16,17,25,30,10,278080281,235879868
10086,2010-07-27,5,21,28,29,30,31,8,299513812,243138962
10085,2010-07-25,1,8,12,13,24,27,8,258388125,275602494
10084,2010-07-22,2,10,14,18,20,30,3,368329515,243838210
10083,2010-07-20,2,20,21,22,23,31,12,361652319,239182242
10082,2010-07-18,1,8,13,14,27,31,2,342091855,266766152
10081,2010-07-15,2,3,9,24,26,27,5,337006341,242647146
10080,2010-07-13,8,10,13,14,16,23,16,325852197,241525992
10079,2010-07-11,8,11,12,14,18,22,2,321832084,269970928
10078,2010-07-08,1,3,9,11,17,23,12,302715558,240635560
10077,2010-07-06,2,8,14,20,21,24,9,315959373,233330914
10076,2010-07-04,1,12,14,29,31,32,15,306216932,249655268
10075,2010-07-01,5,9,12,13,15,22,14,263060130,229619238
10074,2010-06-29,2,10,17,18,19,29,15,261116352,236056644
10073,2010-06-27,1,16,20,23,27,31,2,276101361,263364832
10072,2010-06-24,6,8,22,23,30,31,1,252006552,235231488
10071,2010-06-22,5,13,14,17,20,26,1,226135872,232948886
10070,2010-06-20,8,13,23,27,31,33,7,201343140,254342696
10069,2010-06-17,12,14,20,22,24,32,11,192202020,225582108
10068,2010-06-15,3,13,18,20,23,28,13,162443021,215863382
10067,2010-06-13,1,7,10,14,21,25,1,210515402,258825118
10066,2010-06-10,1,3,21,22,31,32,7,178105520,237425002
10065,2010-06-08,2,7,8,17,30,32,12,156497436,234372332
10064,2010-06-06,8,14,25,26,30,31,11,144757616,259371022
10063,2010-06-03,2,6,10,17,23,24,3,160977474,236083458
10062,2010-06-01,11,13,15,20,31,33,3,153894811,235535320
10061,2010-05-30,2,4,16,19,22,26,12,122145796,261848018
10060,2010-05-27,1,8,15,18,22,27,9,102409895,239669684
10059,2010-05-25,1,9,11,12,18,30,10,110448675,232718404
10058,2010-05-23,1,4,11,17,19,29,12,97559109,258079782
10057,2010-05-20,5,11,12,19,25,32,5,79463070,241998022
10056,2010-05-18,1,2,3,8,13,32,7,144121435,243521976
10055,2010-05-16,2,3,13,19,20,23,8,167046450,265950816
10054,2010-05-13,1,6,8,12,14,25,6,200266356,240532550
10053,2010-05-11,3,22,24,27,28,30,14,202467090,233188676
10052,2010-05-09,1,2,19,23,27,29,10,187259932,254114154
10051,2010-05-06,4,17,23,27,28,32,3,171582525,229638378
10050,2010-05-04,7,21,22,26,28,30,11,187830266,217484954
10049,2010-05-02,1,6,10,26,27,28,2,172606158,238207928
10048,2010-04-29,1,6,8,10,23,33,2,144359586,227901710
10047,2010-04-27,3,10,13,20,21,32,15,127710520,230736816
10046,2010-04-25,11,12,21,23,27,32,5,122776494,257876882
10045,2010-04-22,2,3,4,13,20,29,1,72583137,235205392
10044,2010-04-20,3,9,21,23,27,31,5,76358160,237978418
10043,2010-04-18,4,10,19,22,28,33,4,128312224,265889144
10042,2010-04-15,3,6,11,20,31,32,10,112387849,231323160
10041,2010-04-13,3,5,13,19,25,29,12,116268750,232591320
10040,2010-04-11,12,19,24,25,30,32,11,110698090,257165686
10039,2010-04-08,8,17,21,23,25,32,12,107909662,226833664
10038,2010-04-06,1,6,7,11,13,16,1,61171668,226161590
10037,2010-04-04,3,16,19,21,24,26,6,69165892,247240280
10036,2010-04-01,6,13,14,28,29,30,8,35828200,229557916
10035,2010-03-30,9,10,11,18,19,21,10,44965300,228911294
10034,2010-03-28,6,11,13,22,25,32,12,64363617,252670562
10033,2010-03-25,8,10,11,12,25,29,9,30000000,224347302
10032,2010-03-23,8,18,21,28,29,33,8,30000000,236489598
10031,2010-03-21,5,7,13,24,25,28,4,131780112,267151062
10030,2010-03-18,3,6,10,16,25,31,5,161999500,239533728
10029,2010-03-16,1,5,14,16,17,22,3,160680592,236373590
10028,2010-03-14,1,3,6,12,16,32,12,184385240,256691698
10027,2010-03-11,3,4,15,25,26,30,13,144930639,234693930
10026,2010-03-09,2,4,5,8,19,22,12,150691839,220382336
10025,2010-03-07,4,5,7,10,13,25,11,133189084,248648212
10024,2010-03-04,7,16,26,27,29,31,14,129470556,224928938
10023,2010-03-02,2,9,11,22,24,27,11,119787710,220109148
10022,2010-02-28,1,2,18,29,31,32,2,125523464,245991044
10021,2010-02-25,2,9,16,17,19,25,4,106625245,217152080
10020,2010-02-23,5,6,14,22,24,26,9,95136920,215066270
10019,2010-02-21,2,10,22,24,26,27,6,182320448,234815252
10018,2010-02-11,11,28,29,30,32,33,2,156455688,229188092
10017,2010-02-09,1,3,6,11,12,23,11,132229206,221450104
10016,2010-02-07,2,8,10,12,30,33,16,159326008,254137478
10015,2010-02-04,1,4,16,21,23,28,6,164365828,228269280
10014,2010-02-02,1,3,7,14,26,28,2,116765796,225210868
10013,2010-01-31,1,2,3,16,18,23,12,89297775,263984534
10012,2010-01-28,2,8,13,14,25,33,10,185893268,242397004
10011,2010-01-26,7,8,14,22,24,30,7,208969710,241790928
10010,2010-01-24,7,8,12,15,22,26,8,184681539,268314736
10009,2010-01-21,1,9,13,21,24,32,6,279681540,243000026
10008,2010-01-19,5,7,13,15,18,30,14,303068871,244041538
10007,2010-01-17,14,22,27,28,30,33,14,270535038,273993220
10006,2010-01-14,3,5,7,13,14,18,5,229872250,245619296
10005,2010-01-12,3,5,6,8,17,18,14,252718396,239722776
10004,2010-01-10,1,12,13,16,23,28,7,254169908,262213890
10003,2010-01-07,14,22,26,27,28,31,4,247194639,236297494
10002,2010-01-05,3,6,7,23,30,33,13,224648194,230644990
10001,2010-01-03,7,17,18,27,29,32,13,189355152,260561792
09154,2009-12-31,1,7,12,14,18,25,16,188256928,250550710
09153,2009-12-29,6,7,8,20,21,25,10,167890446,238623826
09152,2009-12-27,3,4,19,21,27,28,5,182412036,262814730
09151,2009-12-24,6,8,10,16,25,30,14,185770965,242662946
09150,2009-12-22,4,6,7,16,19,20,4,178039060,240949072
09149,2009-12-20,1,3,16,18,22,29,4,140238365,260445758
09148,2009-12-17,6,12,15,22,29,32,10,128462721,234965094
09147,2009-12-15,6,8,10,18,22,32,16,92511843,229746022
09146,2009-12-13,3,9,16,20,22,33,15,61100095,265187498
09145,2009-12-10,3,5,11,15,26,33,11,44152572,238886876
09144,2009-12-08,1,5,10,17,18,29,12,76340805,234614110
09143,2009-12-06,5,9,11,17,23,28,10,53932326,266083890
09142,2009-12-03,7,11,15,19,20,24,13,113984610,240043572
09141,2009-12-01,2,13,21,28,29,31,9,140142300,237668962
09140,2009-11-29,4,5,11,18,22,33,12,205085084,257453092
09139,2009-11-26,1,5,15,17,27,29,2,171149654,235679662
09138,2009-11-24,4,7,14,26,32,33,14,145792626,229193984
09137,2009-11-22,8,12,14,15,17,21,1,156092638,250971196
09136,2009-11-19,1,4,14,22,30,33,1,111364688,222662662
09135,2009-11-17,1,3,14,19,30,33,16,61897032,218222340
09134,2009-11-15,3,5,12,15,28,33,6,61631400,246133544
09133,2009-11-12,5,9,13,18,20,32,1,91131470,219891024
09132,2009-11-10,4,14,15,21,23,30,7,68350516,227359216
09131,2009-11-08,16,23,25,26,32,33,5,101914158,265379234
09130,2009-11-05,2,3,7,12,13,30,11,57204927,235462772
09129,2009-11-03,6,7,16,17,24,25,7,40810780,231824092
09128,2009-11-01,5,8,15,16,26,32,1,110810788,261066840
09127,2009-10-29,2,11,12,14,15,16,4,59888052,243177980
09126,2009-10-27,3,5,6,10,19,23,15,104063082,235506694
09125,2009-10-25,6,7,8,22,26,27,12,101788576,262970658
09124,2009-10-22,3,4,22,23,28,30,10,125960139,249561480
09123,2009-10-20,9,13,20,22,25,28,14,141330492,237742194
09122,2009-10-18,7,14,16,27,29,32,1,134110885,266208716
09121,2009-10-15,2,4,6,10,25,30,9,119379168,239496416
09120,2009-10-13,1,2,8,12,16,30,16,136765954,222194270
09119,2009-10-11,6,7,10,12,15,21,5,104197248,232178172
09118,2009-10-08,12,16,25,26,27,31,5,30000000,215790310
09117,2009-10-06,5,9,15,21,26,31,13,342716160,202883414
09116,2009-10-04,5,17,21,25,27,32,14,359260188,221054568
09115,2009-10-01,2,9,13,15,19,24,3,361935248,198302256
09114,2009-09-29,3,5,11,12,31,32,11,333350496,222577144
09113,2009-09-27,4,12,20,25,28,29,16,356795904,250863766
09112,2009-09-24,6,7,18,24,30,32,9,362067750,227610064
09111,2009-09-22,2,4,7,14,15,25,15,364938288,224881094
09110,2009-09-20,4,10,13,15,19,30,14,346996620,245158100
09109,2009-09-17,5,6,7,14,25,28,1,316308525,220168836
09108,2009-09-15,4,10,17,28,32,33,2,267096455,215736244
09107,2009-09-13,7,8,20,23,28,29,5,267698792,239917960
09106,2009-09-10,1,2,15,18,20,29,4,263344464,218443162
09105,2009-09-08,2,8,10,16,27,30,15,254322534,208614594
09104,2009-09-06,20,22,26,29,30,32,16,231255420,233718766
09103,2009-09-03,6,11,17,20,23,24,9,220236030,215101390
09102,2009-09-01,3,5,7,8,14,31,10,241353840,211207990
09101,2009-08-30,1,2,5,10,19,24,14,251620680,235272092
09100,2009-08-27,2,11,17,27,30,33,11,199315403,213445814
09099,2009-08-25,8,9,18,20,25,29,9,215008974,215841514
09098,2009-08-23,3,14,15,20,23,30,2,302262070,234823318
09097,2009-08-20,7,13,24,26,28,32,14,330759140,209714238
09096,2009-08-18,1,26,27,31,32,33,3,312914368,209639476
09095,2009-08-16,8,9,14,28,31,33,15,284973985,226862140
09094,2009-08-13,3,16,22,25,26,33,14,237780876,207069924
09093,2009-08-11,1,11,20,31,32,33,1,215414283,209331254
09092,2009-08-09,2,6,7,14,18,31,8,298051302,233413914
09091,2009-08-06,3,8,11,14,25,29,4,303468948,211875120
09090,2009-08-04,7,9,14,20,23,30,14,287832879,206728590
09089,2009-08-02,2,3,7,11,19,32,4,276593622,230854186
09088,2009-07-30,4,7,11,15,16,17,2,252704834,204688536
09087,2009-07-28,6,11,13,20,28,32,6,209161942,201493798
09086,2009-07-26,11,12,13,18,23,32,11,192178002,222559596
09085,2009-07-23,4,8,12,17,20,30,3,179416312,201602548
09084,2009-07-21,4,9,11,20,32,33,13,187152834,198945272
09083,2009-07-19,2,8,12,18,24,28,4,161490252,219733470
09082,2009-07-16,11,15,18,21,27,29,2,190914628,200877058
09081,2009-07-14,4,5,6,25,29,30,3,171454521,198933210
09080,2009-07-12,1,11,13,25,32,33,6,145301904,220533638
09079,2009-07-09,2,9,16,21,30,31,13,133772824,200470322
09078,2009-07-07,5,7,12,14,15,20,13,93411342,196218272
09077,2009-07-05,1,9,14,16,28,32,16,61683808,216463266
09076,2009-07-02,9,18,19,25,28,31,6,30000000,202715574
09075,2009-06-30,1,13,15,17,20,30,5,102504840,198114500
09074,2009-06-28,5,10,16,19,23,28,13,68676204,223339000
09073,2009-06-25,9,16,17,18,22,27,14,167623664,208376662
09072,2009-06-23,1,3,12,20,21,29,4,247623670,211601456
09071,2009-06-21,4,5,23,26,31,32,6,250678205,231131078
09070,2009-06-18,1,2,9,10,21,31,10,246355720,219945468
09069,2009-06-16,3,5,12,18,21,23,2,234034416,218479274
09068,2009-06-14,6,11,18,20,25,30,5,242438490,241709362
09067,2009-06-11,4,10,16,23,28,30,5,261496188,219034212
09066,2009-06-09,2,15,19,24,31,32,4,299814732,218893000
09065,2009-06-07,8,12,20,22,30,33,2,308574135,242812406
09064,2009-06-04,1,2,14,23,28,29,15,313149980,226247318
09063,2009-06-02,2,5,11,26,30,32,16,300980246,210071776
09062,2009-05-31,10,19,20,21,23,32,10,252528787,239346092
09061,2009-05-28,10,11,13,16,19,30,3,260474031,202235730
09060,2009-05-26,7,13,17,26,32,33,4,224183916,214031372
09059,2009-05-24,3,7,13,23,27,30,11,199269816,236158050
09058,2009-05-21,5,8,10,15,23,26,9,171214875,211477696
09057,2009-05-19,5,7,10,14,17,25,11,218792028,209587496
09056,2009-05-17,4,9,10,18,29,32,8,218862140,232354314
09055,2009-05-14,3,4,18,22,24,29,11,214221969,213511884
09054,2009-05-12,16,17,23,26,31,32,11,192320136,212918588
09053,2009-05-10,7,12,18,19,22,28,4,202797176,231922796
09052,2009-05-07,9,11,15,19,21,30,8,190191519,215699408
09051,2009-05-05,6,10,13,16,21,23,7,210276470,211832930
09050,2009-05-03,13,21,24,29,30,32,4,213518652,223078776
09049,2009-04-30,9,12,14,20,30,31,6,197639586,204405802
09048,2009-04-28,3,7,11,15,17,31,1,196214620,210372082
09047,2009-04-26,6,8,11,15,21,22,16,178087150,236616310
09046,2009-04-23,16,20,21,26,29,30,9,170377314,212241096
09045,2009-04-21,3,4,6,23,30,32,1,170687987,210992934
09044,2009-04-19,11,14,16,18,26,30,1,115105218,229851250
09043,2009-04-16,4,9,10,15,18,26,7,72474230,211334106
09042,2009-04-14,8,16,22,23,27,30,11,66936596,207877744
09041,2009-04-12,1,8,23,26,28,33,8,50284857,229731450
09040,2009-04-09,4,7,10,20,26,30,12,45714888,212931272
09039,2009-04-07,5,12,14,15,21,27,3,110627535,207130808
09038,2009-04-05,12,13,15,23,28,32,5,80229620,229578934
09037,2009-04-02,2,6,15,18,20,31,3,143838132,213602348
09036,2009-03-31,6,9,18,23,32,33,7,111106317,215060184
09035,2009-03-29,6,15,21,26,29,31,5,110757102,236221934
09034,2009-03-26,9,12,18,21,22,26,7,112700695,214772934
09033,2009-03-24,7,8,13,14,29,30,6,106568418,212148538
09032,2009-03-22,9,11,12,19,27,32,6,103112040,231465250
09031,2009-03-19,1,2,3,15,30,33,1,78366498,220305014
09030,2009-03-17,8,14,24,26,28,32,7,65172024,218775106
09029,2009-03-15,12,13,15,22,23,29,13,105172029,243921424
09028,2009-03-12,3,6,12,15,23,26,10,74192493,212975332
09027,2009-03-10,2,7,11,16,27,32,6,271912458,210676594
09026,2009-03-08,11,15,17,18,20,30,16,351118314,232338570
09025,2009-03-05,10,20,22,23,26,33,11,349045602,208731366
09024,2009-03-03,1,3,17,23,30,33,12,342914844,208357346
09023,2009-03-01,1,6,7,15,24,30,8,342515538,229895788
09022,2009-02-26,5,8,9,10,11,18,8,322713790,212225776
09021,2009-02-24,1,4,5,17,24,27,9,321957786,207029170
09020,2009-02-22,3,5,7,10,19,23,13,315891352,231854880
09019,2009-02-19,6,17,19,20,26,27,4,304117385,193303346
09018,2009-02-17,2,5,6,19,27,30,15,268726136,194471112
09017,2009-02-15,6,14,15,19,25,26,8,259534635,214067758
09016,2009-02-12,2,7,13,16,20,33,3,265498528,193953514
09015,2009-02-10,2,4,6,15,17,32,5,280999811,185426162
09014,2009-02-08,3,6,9,14,15,18,2,259603164,209566064
09013,2009-02-05,4,8,9,21,26,27,9,252907356,182623460
09012,2009-02-03,5,11,14,17,18,28,1,265024872,175832284
09011,2009-02-01,2,4,13,14,18,23,15,260497594,189123128
09010,2009-01-22,3,10,17,19,20,24,2,240301198,189703670
09009,2009-01-20,8,15,21,30,31,33,2,195864714,181279024
09008,2009-01-18,4,15,16,22,32,33,2,172397120,207103370
09007,2009-01-15,1,5,12,23,25,26,15,163208038,185060730
09006,2009-01-13,6,12,18,20,26,33,2,172457546,184731320
09005,2009-01-11,1,3,8,15,17,21,13,150370376,213622966
09004,2009-01-08,3,11,13,17,28,31,3,164435256,196964008
09003,2009-01-06,2,3,6,15,25,30,2,184833086,191963484
09002,2009-01-04,10,14,17,25,29,33,14,148564860,214099642
09001,2009-01-01,4,21,23,24,30,31,4,139963106,188339912
08154,2008-12-30,2,5,7,21,22,26,8,105212795,187460204
08153,2008-12-28,1,4,18,21,24,30,16,115517390,203192356
08152,2008-12-25,1,4,6,22,26,30,8,96725236,185010624
08151,2008-12-23,6,8,10,14,17,19,6,104993154,178836934
08150,2008-12-21,4,19,22,24,29,32,2,122143128,199701670
08149,2008-12-18,10,14,22,28,29,33,2,109689174,192954686
08148,2008-12-16,3,5,9,22,26,28,9,118780453,184713626
08147,2008-12-14,7,8,14,22,26,33,2,116318904,201725324
08146,2008-12-11,7,8,17,19,31,32,10,77942543,186410548
08145,2008-12-09,7,13,18,22,26,29,2,102065593,178220662
08144,2008-12-07,2,5,10,27,29,33,15,125100184,194035022
08143,2008-12-04,12,17,18,19,26,27,6,93237655,175828406
08142,2008-12-02,5,6,10,13,17,28,15,110909554,181220636
08141,2008-11-30,3,13,20,25,29,33,15,127460973,198694026
08140,2008-11-27,7,14,16,29,30,31,14,84161756,182798276
08139,2008-11-25,8,9,19,23,25,26,7,108497139,180577258
08138,2008-11-23,7,14,19,23,25,32,4,116511474,197283238
08137,2008-11-20,1,4,24,28,29,33,9,134420368,178412318
08136,2008-11-18,5,9,10,12,18,28,2,143763910,175281498
08135,2008-11-16,5,14,15,16,19,21,15,130976410,199297252
08134,2008-11-13,10,15,19,20,28,32,2,94010770,184911938
08133,2008-11-11,8,11,16,19,24,26,11,80183554,180872408
08132,2008-11-09,9,13,16,25,27,33,8,135183556,196454404
08131,2008-11-06,2,12,15,18,22,32,8,128764083,174029788
08130,2008-11-04,1,12,18,28,30,32,6,161632234,181993644
08129,2008-11-02,1,3,18,24,25,32,15,157033001,197717092
08128,2008-10-30,1,5,19,20,27,33,5,141696972,181169198
08127,2008-10-28,5,8,19,22,27,30,13,146840901,181580160
08126,2008-10-26,4,11,12,14,20,30,13,143629960,198648614
08125,2008-10-23,10,11,12,15,26,29,9,149192508,180560840
08124,2008-10-21,1,7,10,13,21,22,3,157531410,182202870
08123,2008-10-19,10,11,15,16,25,29,2,152809210,200338784
08122,2008-10-16,2,8,11,14,19,26,15,142776382,183419190
08121,2008-10-14,2,22,23,27,31,32,6,138101604,159325560
08120,2008-10-12,10,11,22,24,26,33,2,135033500,177325446
08119,2008-10-09,5,7,9,15,24,29,7,123128505,159160812
08118,2008-10-07,4,9,16,27,31,33,1,123613595,151771380
08117,2008-10-05,3,5,7,10,14,33,7,117361114,159338244
08116,2008-10-02,3,7,21,22,24,29,14,117526488,131959380
08115,2008-09-30,2,12,13,14,17,18,6,118662496,135827902
08114,2008-09-28,4,9,20,24,25,31,14,95409920,164160014
08113,2008-09-25,6,9,10,12,17,22,9,81751350,154570240
08112,2008-09-23,5,13,14,19,22,23,6,129341859,147917738
08111,2008-09-21,17,18,21,25,31,32,6,93807436,165394226
08110,2008-09-18,10,16,22,23,29,31,2,73209813,150162970
08109,2008-09-16,4,7,9,16,21,28,10,46577706,149534090
08108,2008-09-14,9,10,15,17,23,30,12,108779387,161811898
08107,2008-09-11,6,13,18,22,27,32,4,101974896,145917756
08106,2008-09-09,14,19,25,27,29,30,15,88687594,145583846
08105,2008-09-07,5,17,19,27,28,32,2,62624640,166483810
08104,2008-09-04,3,6,8,17,24,31,1,90517482,146186834
08103,2008-09-02,1,12,16,18,22,33,4,69864603,145961956
08102,2008-08-31,3,7,12,21,25,32,5,46230420,163061174
08101,2008-08-28,9,17,21,26,28,30,4,45685017,146389400
08100,2008-08-26,8,14,17,21,27,28,14,67480016,143116762
08099,2008-08-24,10,15,16,22,23,24,7,80391500,161894814
08098,2008-08-21,6,7,10,11,15,30,1,80570714,141788216
08097,2008-08-19,3,6,8,9,16,17,13,53916840,139512854
08096,2008-08-17,6,8,12,24,27,31,14,55717575,155836508
08095,2008-08-14,3,8,14,21,28,29,3,20550733,141671626
08094,2008-08-12,1,4,15,16,23,28,14,51035380,138848472
08093,2008-08-10,4,10,12,16,26,28,7,21460880,155710670
08092,2008-08-07,1,3,18,27,28,30,5,39468357,147648912
08091,2008-08-05,3,12,14,23,31,32,10,52601487,144363788
08090,2008-08-03,2,7,14,18,19,24,1,47964342,161612270
08089,2008-07-31,3,6,11,16,22,27,11,27499936,152919280
08088,2008-07-29,1,6,8,16,17,23,5,101236320,145378764
08087,2008-07-27,1,7,26,29,30,31,6,113351325,165513430
08086,2008-07-24,4,5,10,26,27,30,12,127320587,149218680
08085,2008-07-22,1,4,12,20,24,29,15,122468200,147121156
08084,2008-07-20,4,7,13,20,29,30,16,96175310,164902436
08083,2008-07-17,7,8,9,18,29,32,9,110369093,148998496
08082,2008-07-15,4,8,10,12,21,26,9,81260097,145747052
08081,2008-07-13,2,12,13,18,25,31,4,72356284,164515530
08080,2008-07-10,4,14,22,25,29,32,14,131935706,147833964
08079,2008-07-08,3,4,5,10,20,32,9,134132604,146233386
08078,2008-07-06,6,13,16,26,30,33,1,135542103,163038372
08077,2008-07-03,4,12,22,26,30,33,9,133938729,150267928
08076,2008-07-01,2,5,7,11,13,18,11,133839763,149452982
08075,2008-06-29,1,8,14,18,22,30,3,129796542,165190272
08074,2008-06-26,1,11,15,19,20,24,9,120042441,144760564
08073,2008-06-24,1,9,13,22,28,33,8,82483486,145507408
08072,2008-06-22,1,5,10,18,22,30,9,64812320,161487324
08071,2008-06-19,1,6,21,26,27,28,9,35692188,149342332
08070,2008-06-17,5,6,12,15,18,33,13,56125892,143853670
08069,2008-06-15,5,8,17,20,26,30,10,24929340,160540160
08068,2008-06-12,5,7,17,23,27,29,7,37121202,146064510
08067,2008-06-10,10,11,15,19,26,33,13,30995856,139167536
08066,2008-06-08,7,12,21,22,29,30,8,38711673,157257472
08065,2008-06-05,5,13,15,19,30,31,5,84928072,148339068
08064,2008-06-03,1,2,7,9,12,18,12,101983920,142377766
08063,2008-06-01,5,9,11,14,16,17,15,126168572,155226836
08062,2008-05-29,6,8,13,17,24,27,15,98202858,137719710
08061,2008-05-27,1,2,5,12,26,31,6,79315110,133881926
08060,2008-05-25,6,7,8,17,30,32,3,64781184,152605692
08059,2008-05-22,2,6,15,29,31,32,16,50267824,138178008
08058,2008-05-20,1,12,21,27,29,31,11,20383306,133093020
08057,2008-05-18,19,20,21,26,28,30,8,23571670,157009320
08056,2008-05-15,8,13,22,23,25,30,7,42117390,143711520
08055,2008-05-13,11,16,19,23,26,31,4,41171283,140054516
08054,2008-05-11,2,6,16,17,20,25,7,20000000,166384318
08053,2008-05-08,6,12,19,20,21,27,4,29018768,150163792
08052,2008-05-06,2,10,17,23,29,31,10,40520662,150880684
08051,2008-05-04,1,4,8,10,13,33,11,87318515,168795820
08050,2008-05-01,1,11,19,24,26,27,3,100533855,143428932
08049,2008-04-29,3,10,12,13,19,25,4,112085727,156554264
08048,2008-04-27,11,18,21,27,30,32,1,114604014,177125564
08047,2008-04-24,9,12,13,14,20,22,10,127184673,159224658
08046,2008-04-22,15,16,18,24,28,33,15,131877614,154575398
08045,2008-04-20,1,10,13,21,29,32,4,122970012,166853172
08044,2008-04-17,5,7,9,20,26,29,9,98073492,154045626
08043,2008-04-15,3,10,16,22,27,33,14,106605432,152620756
08042,2008-04-13,3,4,9,11,12,24,1,102226580,172844294
08041,2008-04-10,8,11,20,22,23,27,4,108186443,153107854
08040,2008-04-08,6,13,22,25,27,28,9,102671865,147866454
08039,2008-04-06,1,7,10,13,22,29,1,90042831,167098814
08038,2008-04-03,3,9,10,11,15,19,13,95546028,156472902
08037,2008-04-01,1,12,22,24,28,31,6,102655300,155799266
08036,2008-03-30,2,6,13,18,23,28,16,116325030,175839426
08035,2008-03-27,7,11,14,17,18,29,16,122288881,157220200
08034,2008-03-25,3,5,9,11,21,29,9,96408435,159514754
08033,2008-03-23,12,17,18,30,31,33,4,166374754,180595348
08032,2008-03-20,5,14,16,21,23,28,13,157270392,160439648
08031,2008-03-18,3,6,11,15,21,31,13,139648344,158624334
08030,2008-03-16,6,15,18,19,20,28,11,140137059,179312028
08029,2008-03-13,1,9,14,22,29,32,12,141809150,161219452
08028,2008-03-11,1,13,21,26,29,32,10,139571098,160518620
08027,2008-03-09,15,18,19,23,24,26,13,134342360,174009958
08026,2008-03-06,5,17,19,27,29,32,3,117046228,152462456
08025,2008-03-04,8,16,17,18,19,21,14,125247286,153154654
08024,2008-03-02,11,20,21,26,28,30,13,119269174,170256022
08023,2008-02-28,8,16,18,25,26,32,2,112888712,153560364
08022,2008-02-26,12,18,20,24,28,32,5,120907235,144863010
08021,2008-02-24,9,12,19,20,26,28,15,106187436,160910474
08020,2008-02-21,3,10,13,15,28,30,3,85157728,146348748
08019,2008-02-19,2,9,11,17,27,31,5,98387535,141971234
08018,2008-02-17,2,5,6,23,26,33,13,115153263,157186176
08017,2008-02-14,2,5,7,17,20,22,2,102042212,132359640
08016,2008-02-05,3,12,14,21,29,33,13,88155385,140568370
08015,2008-02-03,6,8,11,16,29,33,3,53096396,150230862
08014,2008-01-31,3,9,11,17,21,31,14,19914148,135835312
08013,2008-01-29,2,8,15,16,22,28,10,30000000,134411428
08012,2008-01-27,3,4,5,16,20,30,13,51190784,154610224
08011,2008-01-24,2,14,17,21,30,32,3,53054681,142739106
08010,2008-01-22,3,8,11,17,21,27,9,30000000,146738458
08009,2008-01-20,9,21,29,30,31,32,16,102644740,165349862
08008,2008-01-17,2,15,16,23,26,27,7,78226614,150661200
08007,2008-01-15,1,13,17,22,23,30,11,94233045,145532348
08006,2008-01-13,1,14,16,18,22,27,14,89631944,165907668
08005,2008-01-10,3,5,15,22,24,25,15,57955436,154340740
08004,2008-01-08,4,8,22,23,27,29,8,34402240,154299042
08003,2008-01-06,6,8,11,13,17,19,12,30539172,175940428
08002,2008-01-03,3,4,18,22,25,29,9,90539172,153610222
08001,2008-01-01,2,4,7,9,14,29,3,111094951,143343976
07153,2007-12-30,1,4,19,20,25,31,15,84553908,169633854
07152,2007-12-27,11,17,21,29,30,33,8,57125181,156184910
07151,2007-12-25,1,6,10,11,23,25,2,35258288,153939934
07150,2007-12-23,3,5,11,13,19,24,5,60689682,166649572
07149,2007-12-20,1,17,19,22,28,30,3,50801224,149288714
07148,2007-12-18,3,9,16,17,23,28,7,30000000,158818618
07147,2007-12-16,3,7,18,24,26,27,4,121358164,179005766
07146,2007-12-13,4,18,22,24,26,30,9,124899782,158863498
07145,2007-12-11,8,9,11,12,25,31,11,127241856,156683190
07144,2007-12-09,8,14,23,25,28,32,16,135261122,178734532
07143,2007-12-06,1,6,22,23,24,26,4,126145669,152332662
07142,2007-12-04,11,20,25,26,27,30,8,97282809,148389454
07141,2007-12-02,2,3,4,6,17,31,8,60194361,166050194
07140,2007-11-29,1,5,16,21,22,26,11,48688880,143598644
07139,2007-11-27,6,10,12,14,16,22,6,49342984,147362270
07138,2007-11-25,2,3,15,17,19,25,16,128761636,167481164
07137,2007-11-22,3,7,8,18,20,22,3,84084091,148358822
07136,2007-11-20,1,2,18,21,25,29,14,111148212,148075802
07135,2007-11-18,1,11,16,26,31,33,16,119586385,159526566
07134,2007-11-15,1,4,10,13,18,25,15,80724144,141752438
07133,2007-11-13,3,6,7,11,13,33,10,63276884,145163392
07132,2007-11-11,1,9,16,21,22,23,5,114258687,155862750
07131,2007-11-08,3,5,7,16,22,27,5,76223517,139489488
07130,2007-11-06,3,5,9,11,27,31,4,58548310,134915286
07129,2007-11-04,5,7,20,21,22,30,8,30000000,152215698
07128,2007-11-01,9,10,19,21,27,31,5,55153745,130058308
07127,2007-10-30,6,9,13,16,24,28,11,36329644,131706110
07126,2007-10-28,9,10,19,23,26,31,9,71731920,170508318
07125,2007-10-25,3,5,18,20,27,33,1,133082056,137439952
07124,2007-10-23,3,7,13,16,19,32,16,98375173,131087996
07123,2007-10-21,1,13,15,23,28,32,2,85715304,149864730
07122,2007-10-18,4,7,19,24,26,32,9,63286341,130402942
07121,2007-10-16,3,10,21,22,27,28,6,78286342,125337786
07120,2007-10-14,6,7,11,12,18,25,1,65393593,136778106
07119,2007-10-11,3,8,11,13,25,31,12,30000000,124850416
07118,2007-10-09,4,10,16,18,25,32,15,83695185,124978730
07117,2007-10-07,3,7,9,10,26,32,1,101751738,132239116
07116,2007-10-04,3,5,7,11,17,27,13,68977594,113457608
07115,2007-10-02,1,5,10,16,20,26,2,93248246,108125704
07114,2007-09-30,5,12,15,24,27,33,5,71085396,143109004
07113,2007-09-27,4,18,23,25,26,31,10,124934931,124724404
07112,2007-09-25,7,11,14,16,25,32,11,119680548,128550874
07111,2007-09-23,2,9,10,12,13,17,11,111861375,136651412
07110,2007-09-20,2,4,7,15,24,28,3,100710964,119714108
07109,2007-09-18,1,4,7,8,13,14,4,111274026,117653172
07108,2007-09-16,3,7,12,13,20,33,2,93725910,136419830
07107,2007-09-13,2,8,9,18,24,28,10,81343980,118762906
07106,2007-09-11,12,18,21,24,25,29,8,103883381,113328304
07105,2007-09-09,2,7,10,17,23,29,14,87904974,134273360
07104,2007-09-06,2,8,12,14,20,32,4,87272631,108150420
07103,2007-09-04,7,9,25,27,30,32,1,92238351,102844920
07102,2007-09-02,4,6,8,18,20,33,11,78198594,119528600
07101,2007-08-30,15,16,18,21,22,30,14,65672848,103261246
07100,2007-08-28,8,18,27,29,30,32,6,58132155,100804514
07099,2007-08-26,3,4,14,27,31,33,5,47539875,115727006
07098,2007-08-23,2,3,5,11,19,20,12,57206046,103284906
07097,2007-08-21,4,8,13,18,26,30,11,58142076,99828090
07096,2007-08-19,9,10,20,22,30,32,8,88142080,116298698
07095,2007-08-16,1,6,8,18,29,32,7,88670436,101322650
07094,2007-08-14,3,5,18,19,24,32,2,100452531,100279716
07093,2007-08-12,5,10,13,15,19,29,2,90503771,115267274
07092,2007-08-09,14,18,22,23,24,33,9,70959546,100547190
07091,2007-08-07,2,11,17,30,31,32,7,60352834,98640430
07090,2007-08-05,5,11,13,27,30,31,2,62685021,114857394
07089,2007-08-02,3,7,8,15,19,28,3,48194132,99074148
07088,2007-07-31,2,4,10,28,29,33,6,66151984,97931132
07087,2007-07-29,1,3,4,5,8,21,9,61822770,115648010
07086,2007-07-26,5,8,14,22,27,29,16,56776770,102347618
07085,2007-07-24,2,12,17,19,29,30,12,51669400,101375038
07084,2007-07-22,6,10,12,14,20,27,10,52464240,117091964
07083,2007-07-19,11,14,18,20,21,26,5,49759465,100264804
07082,2007-07-17,5,15,17,18,25,32,15,63491988,101473624
07081,2007-07-15,9,14,15,19,24,33,13,93048135,120651274
07080,2007-07-12,1,8,16,18,19,29,4,97226409,105252328
07079,2007-07-10,3,4,14,20,21,25,14,125649416,103249956
07078,2007-07-08,4,6,7,23,25,32,1,121501677,121749606
07077,2007-07-05,6,8,14,21,28,29,2,124864516,107569632
07076,2007-07-03,6,12,15,16,20,31,2,123005273,106329426
07075,2007-07-01,13,16,17,22,30,32,3,111628560,125477334
07074,2007-06-28,8,13,15,25,27,28,3,89486080,108638452
07073,2007-06-26,5,9,11,19,28,31,2,99771100,109359702
07072,2007-06-24,2,4,8,13,14,33,16,97941980,131085768
07071,2007-06-21,1,6,14,21,30,31,9,94053292,116647272
07070,2007-06-19,6,8,15,17,18,30,12,106780760,114811644
07069,2007-06-17,3,4,11,12,14,32,12,99446444,137143568
07068,2007-06-14,11,18,19,22,23,28,1,107727339,109334584
07067,2007-06-12,6,11,13,17,21,23,11,103289153,106213796
07066,2007-06-10,5,11,16,24,32,33,8,96919886,122787844
07065,2007-06-07,4,7,19,21,25,31,7,83340246,106720024
07064,2007-06-05,2,6,9,16,21,23,16,110036169,107504678
07063,2007-06-03,10,15,17,24,26,28,12,106832163,124445210
07062,2007-05-31,8,17,20,29,30,33,9,114902128,106979026
07061,2007-05-29,1,6,7,11,20,23,5,116607972,107509478
07060,2007-05-27,1,2,8,16,19,29,5,104817064,122877416
07059,2007-05-24,1,3,4,6,7,29,14,100734154,107668468
07058,2007-05-22,7,8,10,13,25,27,7,81636258,106118326
07057,2007-05-20,5,11,18,19,20,21,9,98367957,125193540
07056,2007-05-17,14,17,21,29,31,32,12,110967359,111070368
07055,2007-05-15,2,6,11,22,28,29,2,107553346,109364728
07054,2007-05-13,1,3,16,18,23,28,5,94220186,126641628
07053,2007-05-10,10,13,16,17,18,27,11,78099634,109175190
07052,2007-05-08,2,3,7,8,26,29,7,76681988,107460952
07051,2007-05-06,3,14,16,26,27,33,13,86681988,128364720
07050,2007-05-03,1,5,8,13,18,25,2,107678022,105495070
07049,2007-05-01,4,14,18,19,31,33,2,112092768,109032730
07048,2007-04-29,2,11,12,15,17,28,12,97830540,136379094
07047,2007-04-26,2,4,16,18,23,30,6,110480448,119916622
07046,2007-04-24,2,6,7,9,19,26,14,115125408,119427296
07045,2007-04-22,1,12,18,21,28,30,10,125430648,136615924
07044,2007-04-19,9,13,20,21,24,32,8,125002097,124340438
07043,2007-04-17,3,8,10,11,14,30,5,118014140,122386058
07042,2007-04-15,3,13,16,19,32,33,8,130625495,142691830
07041,2007-04-12,1,3,9,11,26,31,12,124694666,121205882
07040,2007-04-10,13,14,15,19,24,30,10,122492627,118331436
07039,2007-04-08,6,7,19,24,27,29,1,98857405,143011060
07038,2007-04-05,3,11,14,19,21,30,5,111020550,119984574
07037,2007-04-03,10,11,16,23,31,33,16,119971358,116812284
07036,2007-04-01,3,14,21,23,30,31,10,106803130,134541242
07035,2007-03-29,1,4,8,12,29,31,6,100205090,114653702
07034,2007-03-27,2,9,12,14,23,25,16,87631008,114516916
07033,2007-03-25,3,4,11,17,18,28,9,58629880,134912082
07032,2007-03-22,4,8,16,24,30,32,16,83426623,119343222
07031,2007-03-20,4,6,10,12,19,31,1,106701892,117363182
07030,2007-03-18,3,16,21,22,27,30,4,107508776,133913730
07029,2007-03-15,6,8,9,11,19,21,10,105876498,113666804
07028,2007-03-13,3,8,13,20,29,30,11,91392725,116965154
07027,2007-03-11,2,3,9,22,24,27,11,104509442,128748636
07026,2007-03-08,1,4,14,16,26,29,10,82089880,109462504
07025,2007-03-06,3,16,18,22,23,26,3,69428520,104560512
07024,2007-03-04,8,9,17,25,27,32,6,87396552,121542842
07023,2007-03-01,3,7,13,17,32,33,2,82944858,112284838
07022,2007-02-27,2,4,7,10,18,27,10,65835680,107756880
07021,2007-02-25,3,6,9,11,25,31,13,96683828,113756430
07020,2007-02-15,5,10,16,20,28,31,14,107657897,126700040
07019,2007-02-13,4,11,16,23,29,31,14,80869806,115956594
07018,2007-02-11,1,12,18,20,21,26,11,75085794,133609680
07017,2007-02-08,5,9,10,24,25,32,14,96497853,114012860
07016,2007-02-06,1,18,20,22,26,33,5,89511352,116998640
07015,2007-02-04,3,4,8,18,22,30,15,120412106,139341652
07014,2007-02-01,1,13,16,20,24,26,9,118007099,115219742
07013,2007-01-30,5,15,18,27,29,32,5,128007099,115053692
07012,2007-01-28,3,5,7,21,26,28,4,123299827,134084158
07011,2007-01-25,3,10,15,25,28,33,16,117061179,115841486
07010,2007-01-23,3,8,14,17,30,32,5,96939315,115335536
07009,2007-01-21,2,4,14,15,25,27,15,104424915,132693662
07008,2007-01-18,1,4,5,18,19,25,10,108205308,116492752
07007,2007-01-16,4,12,15,17,22,32,14,93623739,111917406
07006,2007-01-14,6,10,14,22,26,27,11,88001697,130460716
07005,2007-01-11,1,5,6,16,24,30,12,115070485,113427606
07004,2007-01-09,3,7,10,13,25,33,10,111071937,109946044
07003,2007-01-07,5,9,11,12,22,27,15,118050456,129783464
07002,2007-01-04,5,6,14,20,21,22,1,115844064,112130528
07001,2007-01-02,2,4,9,10,20,26,14,109312240,107551896
06154,2006-12-31,7,14,18,20,30,33,13,97703100,141112320
06153,2006-12-28,1,7,11,20,30,33,10,96548648,116654792
06152,2006-12-26,1,14,20,25,27,31,15,103194508,119601334
06151,2006-12-24,1,3,4,6,16,22,8,100254102,138410226
06150,2006-12-21,8,9,12,18,25,27,12,107609196,115993740
06149,2006-12-19,2,3,5,11,15,32,15,117578658,115306168
06148,2006-12-17,4,8,12,13,23,29,1,122270018,132637320
06147,2006-12-14,1,4,15,17,27,31,1,99795009,116514674
06146,2006-12-12,3,9,13,23,28,30,5,104953950,115654738
06145,2006-12-10,2,7,23,26,28,31,7,111444436,132458778
06144,2006-12-07,4,10,13,16,22,29,6,114624730,114335670
06143,2006-12-05,1,15,20,29,31,32,8,106171634,112319084
06142,2006-12-03,10,16,19,22,26,27,16,89639025,129524666
06141,2006-11-30,16,18,22,23,25,31,11,90887284,113085938
06140,2006-11-28,1,8,11,18,19,23,5,95320228,113078350
06139,2006-11-26,7,8,14,21,23,25,5,86676824,131547148
06138,2006-11-23,4,9,11,17,18,26,8,63194512,117330686
06137,2006-11-21,10,14,17,21,27,31,9,101321304,114978368
06136,2006-11-19,11,15,17,21,22,24,5,132177251,134814524
06135,2006-11-16,4,19,21,22,23,31,4,125602187,117256018
06134,2006-11-14,10,13,18,26,28,30,12,122511330,117122256
06133,2006-11-12,4,6,20,25,29,31,3,127782601,132260424
06132,2006-11-09,6,14,22,26,30,33,1,117608722,112975272
06131,2006-11-07,3,4,9,22,26,33,1,104396474,109252010
06130,2006-11-05,1,12,21,22,30,32,2,76044452,127450422
06129,2006-11-02,9,14,18,22,27,29,12,55852518,114763814
06128,2006-10-31,4,15,21,30,31,33,5,113709638,112378664
06127,2006-10-29,3,4,11,17,19,30,1,114489426,132007038
06126,2006-10-26,2,8,13,16,24,33,9,106706025,112001142
06125,2006-10-24,15,19,23,30,32,33,6,125085299,108541420
06124,2006-10-22,12,13,14,18,31,32,13,98741457,126512484
06123,2006-10-19,2,3,20,25,28,32,6,90869747,109186124
06122,2006-10-17,4,5,6,8,22,24,3,65977722,106944306
06121,2006-10-15,3,4,6,27,31,33,6,81572370,121563190
06120,2006-10-12,6,8,14,15,24,33,9,59338240,106800148
06119,2006-10-10,1,2,14,20,27,30,2,109004982,104253630
06118,2006-10-08,1,3,7,8,10,30,5,114506559,120456838
06117,2006-10-05,6,14,20,22,23,26,9,109790770,102567054
06116,2006-10-03,5,16,21,22,32,33,9,84271636,98613202
06115,2006-10-01,1,10,20,26,28,29,15,88229360,124883314
06114,2006-09-28,8,10,14,20,27,29,16,116771282,108934344
06113,2006-09-26,5,14,17,18,28,33,2,115495976,107572058
06112,2006-09-24,4,9,13,15,31,33,11,128216984,125399344
06111,2006-09-21,1,8,11,16,17,22,15,128132828,108913454
06110,2006-09-19,9,12,14,18,27,33,13,133669148,109867074
06109,2006-09-17,1,5,17,18,23,26,13,121401005,126119150
06108,2006-09-14,2,6,8,20,24,30,9,117656898,109119888
06107,2006-09-12,1,6,8,13,17,30,7,143020688,104721686
06106,2006-09-10,2,12,14,19,28,33,10,159571905,125436850
06105,2006-09-07,5,12,14,15,20,31,1,164297659,107101384
06104,2006-09-05,3,7,22,27,28,31,11,153867079,103600434
06103,2006-09-03,12,14,15,25,28,31,6,148745838,121181078
06102,2006-08-31,1,4,13,19,20,24,11,145599783,101870248
06101,2006-08-29,9,12,20,26,27,28,16,139155564,103642530
06100,2006-08-27,1,11,18,26,30,32,3,142398104,121377382
06099,2006-08-24,9,12,18,23,24,27,5,136601442,104632276
06098,2006-08-22,6,7,10,11,18,23,16,143945640,106596798
06097,2006-08-20,11,14,15,20,26,27,12,142398104,121243358
06096,2006-08-17,1,5,9,13,18,33,14,133571360,104405910
06095,2006-08-15,1,3,17,20,21,29,16,123013291,102008350
06094,2006-08-13,15,16,17,18,24,33,13,114861640,118981520
06093,2006-08-10,2,12,16,18,19,23,5,112211224,103069550
06092,2006-08-08,2,8,11,16,20,21,14,101941173,100741394
06091,2006-08-06,7,8,12,21,22,24,7,90646515,117308110
06090,2006-08-03,2,11,15,20,23,29,11,81755244,96271594
06089,2006-08-01,1,13,16,18,19,22,1,86285876,94591130
06088,2006-07-30,3,11,20,24,25,26,1,71337415,114786458
06087,2006-07-27,4,5,8,9,12,30,5,68575468,100404616
06086,2006-07-25,4,6,10,24,26,31,6,65991876,100268238
06085,2006-07-23,2,6,18,21,24,25,8,66565353,113841824
06084,2006-07-21,1,12,17,21,25,28,12,67114345,95796786
06083,2006-07-18,7,9,18,19,26,29,10,73263015,94698606
06082,2006-07-16,3,13,15,23,28,29,9,90186744,110771614
06081,2006-07-13,14,16,18,21,22,32,4,120292242,94879564
06080,2006-07-11,15,17,20,22,26,29,9,116315344,95689488
06079,2006-07-09,6,11,13,17,20,32,8,99173775,113367343
06078,2006-07-06,3,5,17,22,31,33,12,106559472,96331128
06077,2006-07-04,8,9,12,13,19,33,9,98162082,95566810
06076,2006-07-02,4,10,17,21,29,32,14,91956935,111315098
06075,2006-06-29,10,21,22,23,25,33,11,120547424,98135212
06074,2006-06-27,1,3,15,19,25,33,4,120780908,97994678
06073,2006-06-25,5,13,16,18,27,29,12,111844608,113616244
06072,2006-06-22,2,3,5,20,21,24,8,124246824,97222706
06071,2006-06-20,5,11,12,19,29,31,1,115888856,98069610
06070,2006-06-18,2,3,11,13,20,27,2,116179310,117810232
06069,2006-06-15,5,16,20,22,29,30,8,115666244,103486846
06068,2006-06-13,3,7,10,14,30,33,10,113605314,101776294
06067,2006-06-11,7,8,11,16,17,24,13,116658336,119304720
06066,2006-06-08,6,8,11,18,30,33,5,104811700,105113854
06065,2006-06-06,4,8,17,28,29,30,13,101227502,105179330
06064,2006-06-04,3,12,14,21,24,28,11,94302188,120208036
06063,2006-06-01,4,5,15,21,23,24,8,106641730,101449632
06062,2006-05-30,18,22,23,24,26,30,1,107665930,103173418
06061,2006-05-28,5,13,17,19,25,30,11,100176429,119567188
06060,2006-05-25,5,15,19,23,30,32,14,103787721,103935570
06059,2006-05-23,5,10,15,17,27,29,11,81841407,100396304
06058,2006-05-21,1,12,22,23,24,25,14,81135276,116033720
06057,2006-05-18,3,4,17,18,21,31,8,70227630,99929702
06056,2006-05-16,11,13,15,21,23,25,8,60756660,103929956
06055,2006-05-14,4,5,28,29,31,33,11,93348960,119895110
06054,2006-05-11,3,5,7,10,28,30,4,112143957,103152448
06053,2006-05-09,1,11,17,27,28,31,2,119397726,100676240
06052,2006-05-07,11,24,26,27,30,32,3,146136139,118886736
06051,2006-05-04,2,6,7,17,27,30,16,140350449,97800512
06050,2006-05-02,2,6,12,15,25,31,7,138448657,94915860
06049,2006-04-30,6,10,12,13,17,20,3,140966397,123714924
06048,2006-04-27,9,13,19,25,29,32,12,143211009,108892170
06047,2006-04-25,2,17,20,22,28,32,3,154170844,109048914
06046,2006-04-23,13,18,23,29,31,32,8,153531387,128175586
06045,2006-04-20,6,7,10,14,20,21,4,160942652,109852122
06044,2006-04-18,2,10,18,21,30,31,5,151058247,107026164
06043,2006-04-16,5,12,13,16,23,32,3,143000486,125637310
06042,2006-04-13,3,16,23,26,28,31,11,139676741,105723260
06041,2006-04-11,3,10,16,18,21,28,4,138392950,105725214
06040,2006-04-09,15,22,25,26,28,33,3,138991437,123352566
06039,2006-04-06,16,19,22,28,31,32,3,124949353,106258396
06038,2006-04-04,2,14,17,19,22,30,10,121715084,101996466
06037,2006-04-02,2,12,23,24,25,32,14,124709476,124438394
06036,2006-03-30,4,7,10,16,17,21,9,117338673,109841862
06035,2006-03-28,3,9,13,21,27,29,13,113614740,107522946
06034,2006-03-26,2,10,15,16,17,33,13,112727952,128871804
06033,2006-03-23,15,20,22,23,27,31,6,122970002,111163226
06032,2006-03-21,5,18,20,24,26,31,9,113683396,110906190
06031,2006-03-19,3,10,12,16,31,32,14,128524999,124118424
06030,2006-03-16,8,13,15,17,20,32,14,114378629,104007536
06029,2006-03-14,3,4,7,9,14,19,8,93284310,101076256
06028,2006-03-12,5,7,14,16,17,27,4,92516142,115594746
06027,2006-03-09,6,8,11,14,16,27,15,96381836,105074006
06026,2006-03-07,1,2,18,22,29,32,3,100694096,101697504
06025,2006-03-05,3,4,17,19,24,32,5,104040034,114242160
06024,2006-03-02,2,7,9,11,21,27,6,90168028,99899450
06023,2006-02-28,4,13,14,19,23,28,8,0,94622606
06022,2006-02-26,2,3,4,13,16,27,13,98963672,109077186
06021,2006-02-23,1,2,5,20,21,22,9,89973418,94454936
06020,2006-02-21,5,9,21,23,26,29,6,90611991,93253284
06019,2006-02-19,4,6,13,22,26,32,7,0,105480332
06018,2006-02-16,1,13,14,17,24,26,5,70286614,87008450
06017,2006-02-14,3,4,8,31,32,33,2,57626236,89616926
06016,2006-02-12,1,7,13,17,23,30,16,49855100,103427620
06015,2006-02-09,2,3,9,15,29,32,3,40249445,88355360
06014,2006-02-07,6,14,26,29,32,33,7,53020860,82668894
06013,2006-02-05,1,5,6,12,16,21,11,49687923,84977250
06012,2006-01-26,9,11,13,27,31,33,10,37022589,101562774
06011,2006-01-24,5,7,8,14,27,31,11,32470552,89227522
06010,2006-01-22,4,6,12,19,27,29,8,30000000,110089308
06009,2006-01-19,5,6,8,20,26,30,6,53869004,91943224
06008,2006-01-17,3,5,9,18,28,32,16,64683656,91800142
06007,2006-01-15,4,16,18,27,32,33,7,77433748,111611858
06006,2006-01-12,8,21,22,23,26,32,14,61496982,95871778
06005,2006-01-10,3,19,20,24,26,27,11,63085358,95099522
06004,2006-01-08,4,8,17,27,28,31,7,62785044,110726140
06003,2006-01-05,2,4,5,6,16,20,12,82391486,97626902
06002,2006-01-03,7,13,16,21,26,28,9,82549305,94624640
06001,2006-01-01,1,12,15,19,21,28,3,101571550,108083372
05153,2005-12-29,4,5,7,21,26,29,1,83439714,97908590
05152,2005-12-27,1,5,12,14,21,27,3,66041168,94543810
05151,2005-12-25,4,11,12,13,19,30,5,92564091,112380820
05150,2005-12-22,3,7,10,14,18,20,2,100206958,94339478
05149,2005-12-20,11,16,21,23,25,32,7,84032106,93699080
05148,2005-12-18,3,15,17,23,24,29,13,78871896,107658676
05147,2005-12-15,6,7,15,27,28,30,10,79730381,92151598
05146,2005-12-13,7,11,19,20,24,28,2,63695577,91683000
05145,2005-12-11,3,7,8,17,20,28,15,62495300,107763236
05144,2005-12-08,1,8,14,15,19,27,9,64279302,93615492
05143,2005-12-06,3,10,15,17,20,32,8,69017880,89833786
05142,2005-12-04,7,10,12,17,22,29,5,76423134,107920884
05141,2005-12-01,3,5,8,12,16,19,15,92018980,98736818
05140,2005-11-29,4,6,7,8,12,17,7,103404410,97816778
05139,2005-11-27,2,7,20,23,32,33,10,104663808,113954368
05138,2005-11-24,3,5,6,11,20,22,13,116771293,99148234
05137,2005-11-22,3,9,15,23,25,33,12,106407506,94838566
05136,2005-11-20,5,14,16,18,25,27,13,109954896,110922040
05135,2005-11-17,1,5,13,15,21,25,11,110858234,98055380
05134,2005-11-15,4,13,14,18,26,30,1,110313635,96024468
05133,2005-11-13,1,7,14,16,18,25,11,101654338,112647856
05132,2005-11-10,2,4,10,18,27,29,15,103362613,94130152
05131,2005-11-08,2,7,10,11,12,24,3,82298616,92470384
05130,2005-11-06,3,5,9,15,20,25,16,67536960,107409392
05129,2005-11-03,5,10,14,20,27,33,3,80168399,92402414
05128,2005-11-01,2,4,14,23,29,33,15,49975632,90364038
05127,2005-10-30,4,6,11,14,23,25,12,67651420,100319936
05126,2005-10-27,2,8,13,19,25,26,9,34551075,89725146
05125,2005-10-25,6,14,18,28,31,32,3,86331035,87866546
05124,2005-10-23,5,6,10,19,31,33,11,95778891,100141228
05123,2005-10-20,11,12,13,17,18,25,7,106298320,88748762
05122,2005-10-18,1,4,7,14,30,32,9,122740488,86580310
05121,2005-10-16,1,7,20,25,31,32,12,122045276,98424618
05120,2005-10-13,1,6,13,18,30,32,14,119219696,85309164
05119,2005-10-11,1,7,11,18,20,22,2,111323443,84606492
05118,2005-10-09,4,9,12,15,26,31,16,97330794,100005930
05117,2005-10-06,6,17,22,27,28,32,3,103478865,88046422
05116,2005-10-04,4,6,8,14,15,30,10,100311500,82761716
05115,2005-10-02,3,12,18,23,30,33,2,105784038,100744056
05114,2005-09-29,6,7,10,15,21,27,6,99798190,83220546
05113,2005-09-27,15,18,20,22,26,27,3,94310536,84045660
05112,2005-09-25,4,12,22,28,29,30,16,108286349,96648022
05111,2005-09-22,3,7,15,16,19,29,9,92057094,84986902
05110,2005-09-20,7,10,16,19,24,25,9,77314136,80799964
05109,2005-09-18,3,5,13,15,17,31,4,74648356,95781382
05108,2005-09-15,3,10,12,24,29,30,6,60555032,84723006
05107,2005-09-13,9,10,20,24,25,26,11,77276274,84794920
05106,2005-09-11,1,11,13,24,26,31,13,79600650,99286104
05105,2005-09-08,4,15,23,30,32,33,3,105399928,87687830
05104,2005-09-06,2,4,21,23,30,33,9,107423543,87523934
05103,2005-09-04,4,7,16,18,23,30,7,104535767,101882938
05102,2005-09-01,2,5,6,14,24,31,12,135639051,85261292
05101,2005-08-30,9,16,19,21,22,24,12,126863883,83203780
05100,2005-08-28,2,4,9,14,16,31,3,122812351,98607066
05099,2005-08-25,10,13,16,22,24,31,9,98913156,84539242
05098,2005-08-23,12,15,19,22,31,33,1,110972222,82354218
05097,2005-08-21,5,10,23,27,28,30,15,112545980,95744622
05096,2005-08-18,4,5,17,18,26,33,4,126668644,85977004
05095,2005-08-16,9,12,18,21,28,29,5,123187891,81902156
05094,2005-08-14,3,5,9,23,27,33,3,116888019,92955416
05093,2005-08-11,4,6,17,23,25,29,14,96312056,81066546
05092,2005-08-09,8,13,19,26,28,31,10,96434568,82564864
05091,2005-08-07,1,11,12,15,26,27,13,110381478,95665834
05090,2005-08-04,1,9,21,25,29,32,3,114008382,82913536
05089,2005-08-02,5,19,20,23,26,31,12,111214886,79337620
05088,2005-07-31,1,3,7,18,20,24,7,93975816,90904986
05087,2005-07-28,8,9,15,16,23,26,8,88467922,79213276
05086,2005-07-26,7,11,12,24,27,29,12,81535680,77364602
05085,2005-07-24,8,9,13,14,20,22,12,91933970,89568388
05084,2005-07-21,1,2,7,15,19,20,3,76757496,78941520
05083,2005-07-19,3,5,9,14,16,30,13,99788079,76251350
05082,2005-07-17,1,7,11,14,19,20,12,0,90397368
05081,2005-07-14,2,4,10,12,26,30,3,98671500,78229226
05080,2005-07-12,1,12,14,26,27,32,16,103587874,77732422
05079,2005-07-10,3,9,20,24,25,28,5,101141394,90690486
05078,2005-07-07,3,11,15,20,26,32,11,104648720,78597462
05077,2005-07-05,8,17,22,24,32,33,16,103010197,76776232
05076,2005-07-03,4,9,11,22,25,28,13,100832903,89406860
05075,2005-06-30,11,13,14,16,18,31,14,89204914,77727922
05074,2005-06-28,6,9,18,20,26,29,9,90304588,77117314
05073,2005-06-26,1,6,8,9,18,20,1,106273162,91231396
05072,2005-06-23,6,10,19,20,24,33,11,96894783,79624618
05071,2005-06-21,4,8,12,14,16,22,10,111539233,76440970
05070,2005-06-19,3,4,8,14,16,26,4,105174796,93029490
05069,2005-06-16,7,9,21,24,31,33,12,106203875,77421708
05068,2005-06-14,1,8,10,13,25,33,13,91663380,76931454
05067,2005-06-12,3,12,16,20,21,26,16,100447230,91360150
05066,2005-06-09,2,4,10,11,25,28,5,100868190,78834656
05065,2005-06-07,12,16,17,21,22,23,16,105283750,78406326
05064,2005-06-05,10,18,23,27,30,32,8,99870563,91725346
05063,2005-06-02,2,11,13,18,22,30,4,100469382,78062342
05062,2005-05-31,2,7,11,12,20,23,7,96133228,78069394
05061,2005-05-29,5,9,14,21,23,24,1,109736636,91763234
05060,2005-05-26,9,12,21,25,31,33,13,101091978,80020874
05059,2005-05-24,7,11,14,18,24,29,7,97237525,78358206
05058,2005-05-22,4,6,10,21,25,26,10,119093702,93045298
05057,2005-05-19,5,6,10,15,30,31,13,116178805,79892628
05056,2005-05-17,12,17,19,27,29,31,9,114443196,76174508
05055,2005-05-15,5,20,22,30,32,33,9,128789536,93309308
05054,2005-05-12,5,13,17,18,21,29,14,129088876,81854430
05053,2005-05-10,4,7,10,14,27,29,9,128885553,76967356
05052,2005-05-08,1,2,14,17,30,32,1,137909685,90275684
05051,2005-05-05,3,6,14,19,20,21,2,134776738,72706272
05050,2005-05-03,2,9,12,20,26,32,13,132579703,68676002
05049,2005-05-01,2,3,8,10,25,27,12,127827112,87276712
05048,2005-04-28,6,7,8,10,16,28,2,126273226,80188244
05047,2005-04-26,2,3,5,7,8,27,15,120368756,77150922
05046,2005-04-24,9,16,18,20,22,24,5,115619699,91639786
05045,2005-04-21,1,7,10,15,18,20,10,99231829,77512424
05044,2005-04-19,1,6,16,17,18,22,9,83952868,70627418
05043,2005-04-17,4,5,6,7,8,32,5,72411962,91903906
05042,2005-04-14,11,16,21,26,27,30,15,100786410,79192448
05041,2005-04-12,2,11,16,23,24,29,3,103667406,78144480
05040,2005-04-10,1,12,21,24,30,32,13,111329404,89311042
05039,2005-04-07,2,16,18,19,21,29,9,99858268,78209132
05038,2005-04-05,4,7,11,20,27,28,16,103430748,76754210
05037,2005-04-03,7,12,14,22,24,32,16,97865355,88843416
05036,2005-03-31,12,19,20,21,26,31,15,91022448,76548738
05035,2005-03-29,12,16,21,28,29,30,14,78222863,73995036
05034,2005-03-27,5,17,18,25,28,32,9,69911648,92625150
05033,2005-03-24,7,8,12,14,19,20,7,107761872,76996234
05032,2005-03-22,5,15,19,20,25,29,3,90569540,75420852
05031,2005-03-20,4,10,16,20,23,32,7,105294059,88181316
05030,2005-03-17,1,5,9,14,22,28,5,93374391,78215814
05029,2005-03-15,2,14,21,22,27,30,14,102159495,73015078
05028,2005-03-13,4,9,22,25,26,32,10,91445748,83942448
05027,2005-03-10,1,3,4,6,21,32,15,81806582,74896882
05026,2005-03-08,6,12,14,20,25,26,7,72360968,72124158
05025,2005-03-06,1,7,10,11,13,32,7,64281922,83986854
05024,2005-03-03,5,9,14,27,31,32,13,58260000,72808046
05023,2005-03-01,10,15,19,20,21,25,12,67737564,70112088
05022,2005-02-27,8,10,12,21,32,33,4,73756112,87869528
05021,2005-02-24,2,6,24,26,30,31,16,108056690,74925080
05020,2005-02-22,14,16,19,20,25,29,5,100848451,71772338
05019,2005-02-20,6,11,12,13,19,22,8,100789176,80017318
05018,2005-02-17,1,3,6,22,23,25,6,100709900,70853674
05017,2005-02-16,2,6,10,25,27,31,3,91571416,69139166
05016,2005-02-06,1,5,6,12,16,30,15,86877775,85896264
05015,2005-02-03,4,8,9,16,17,29,15,68982783,71767638
05014,2005-02-01,13,19,21,23,30,32,5,61051878,70400450
05013,2005-01-30,7,8,16,19,20,24,6,59723073,85862110
05012,2005-01-27,2,3,6,16,22,31,5,98114924,73524782
05011,2005-01-25,9,11,13,15,22,30,15,102562630,70934662
05010,2005-01-23,8,10,11,18,25,26,1,91876180,86560850
05009,2005-01-20,2,17,22,27,29,31,14,111376322,74072772
05008,2005-01-18,11,19,22,27,32,33,11,110005324,72041750
05007,2005-01-16,7,15,17,20,23,33,15,109791408,86322510
05006,2005-01-13,2,4,5,15,21,31,16,98464204,74203108
05005,2005-01-11,5,9,20,26,28,33,15,100597478,70647958
05004,2005-01-09,1,4,8,9,22,23,3,94145228,87357176
05003,2005-01-06,9,12,15,19,22,31,16,106801512,74532408
05002,2005-01-04,6,9,20,26,28,33,14,130856606,69161632
05001,2005-01-02,1,7,8,23,27,28,14,130427310,82345328
04122,2004-12-30,3,11,14,22,24,31,15,123775848,73723296
04121,2004-12-28,7,13,16,18,30,32,10,126900373,71029820
04120,2004-12-26,7,8,18,21,27,32,10,125563326,87000158
04119,2004-12-23,6,9,18,20,25,33,6,132457522,74319134
04118,2004-12-21,3,4,7,12,30,31,15,126497296,73120372
04117,2004-12-19,1,3,7,14,24,25,7,124596504,88600982
04116,2004-12-16,1,3,5,8,14,33,3,121746200,76958968
04115,2004-12-14,2,16,20,30,31,33,1,114889326,73673592
04114,2004-12-13,1,6,9,17,21,22,1,107140316,90387406
04113,2004-12-10,8,10,23,25,31,32,7,108655316,78297556
04112,2004-12-07,9,13,15,21,26,33,6,107032078,73167518
04111,2004-12-05,11,16,18,20,26,31,2,112873711,85650300
04110,2004-12-02,14,19,20,21,22,31,11,99364513,75845326
04109,2004-11-30,6,8,10,17,30,31,14,93158097,70969916
04108,2004-11-28,8,13,14,27,28,31,12,78191360,87178712
04107,2004-11-25,1,8,12,13,18,20,7,120875381,73766690
04106,2004-11-23,10,15,23,26,28,29,12,122108140,73170708
04105,2004-11-21,7,9,10,21,23,30,12,118645698,88083126
04104,2004-11-18,7,11,17,18,24,29,5,110968746,77680562
04103,2004-11-16,2,3,5,9,16,21,2,196836811,78484502
04102,2004-11-14,3,9,12,15,28,32,1,201836811,94949994
04101,2004-11-11,2,9,14,19,25,26,15,201836811,70744348
04100,2004-11-09,6,8,9,14,24,33,15,199112633,68740958
04099,2004-11-07,5,10,21,22,26,33,2,196928828,80866870
04098,2004-11-04,3,12,13,25,26,31,3,188828501,70521134
04097,2004-11-02,10,19,20,26,29,31,14,187615974,67373290
04096,2004-10-31,1,4,12,16,20,30,15,186184209,80026728
04095,2004-10-28,19,22,27,28,30,32,1,179106388,71852542
04094,2004-10-26,5,9,10,13,24,25,8,176151596,67261634
04093,2004-10-24,11,14,20,27,32,33,5,183713811,79237088
04092,2004-10-21,1,4,8,13,28,31,2,176917360,68711350
04091,2004-10-19,9,13,14,21,30,33,1,171360880,65871134
04090,2004-10-17,1,18,20,24,32,33,12,163910685,78631066
04089,2004-10-14,14,17,20,25,28,30,14,157962040,67942334
04088,2004-10-12,2,10,19,22,24,32,14,150836622,63311248
04087,2004-10-10,1,3,7,8,25,26,14,143538240,79731102
04086,2004-10-07,10,13,18,19,25,27,1,145427257,64152202
04085,2004-10-05,3,8,11,29,30,32,1,143323114,58608118
04084,2004-10-03,1,4,8,11,21,25,14,138412100,71287498
04083,2004-09-30,14,16,27,28,30,33,6,154070313,67740048
04082,2004-09-28,3,20,24,27,29,30,15,146741369,66973086
04081,2004-09-26,3,5,21,24,27,32,6,145187708,80066860
04080,2004-09-23,3,8,20,23,24,26,16,137620187,70123190
04079,2004-09-21,7,13,14,17,19,30,3,135666293,63685518
04078,2004-09-19,4,5,10,21,24,26,5,130039170,79354040
04077,2004-09-16,8,9,10,14,16,26,7,122645357,69121428
04076,2004-09-14,3,5,13,17,25,31,7,114996022,63859190
04075,2004-09-12,7,18,21,26,27,28,7,108103291,78991502
04074,2004-09-09,5,6,15,19,26,29,13,109121720,68096176
04073,2004-09-07,2,7,13,16,23,28,16,109849792,61137370
04072,2004-09-05,8,15,18,28,30,33,14,116078545,77849352
04071,2004-09-02,3,8,16,17,21,29,6,109272560,67283612
04070,2004-08-31,10,12,21,22,30,33,6,112580527,57522300
04069,2004-08-29,2,11,15,20,22,29,5,114504412,75514566
04068,2004-08-26,2,8,11,13,24,31,15,108871802,65964386
04067,2004-08-24,1,6,7,13,16,32,4,112721435,52451144
04066,2004-08-22,5,13,20,23,24,25,3,106988146,79363542
04065,2004-08-19,13,14,27,29,32,33,8,105287670,81729668
04064,2004-08-15,14,15,18,20,27,31,4,114175530,80884374
04063,2004-08-12,7,10,13,16,27,28,7,107786334,80827418
04062,2004-08-08,1,12,25,27,28,29,13,116603885,80873918
04061,2004-08-05,13,16,19,20,23,33,9,117547628,83100610
04060,2004-08-01,3,5,11,24,27,28,15,111085027,82300446
04059,2004-07-29,4,7,11,19,23,26,10,109858285,81550264
04058,2004-07-25,1,8,11,12,27,31,12,114083452,78945786
04057,2004-07-22,5,21,23,25,28,32,4,108636240,78588992
04056,2004-07-18,1,20,21,25,29,30,2,106870504,82258324
04055,2004-07-15,6,8,19,25,29,32,7,118923004,82803812
04054,2004-07-11,9,11,14,16,27,28,11,118877124,79867882
04053,2004-07-08,2,3,4,9,24,25,2,119314262,80917678
04052,2004-07-04,1,12,14,15,17,29,9,110782937,78771600
04051,2004-07-01,2,3,9,10,15,29,11,91039998,77098174
04050,2004-06-27,6,7,19,21,25,29,2,85530529,79279672
04049,2004-06-24,11,12,14,16,25,29,9,68974336,82759940
04048,2004-06-20,8,9,11,16,17,29,9,52618600,82446706
04047,2004-06-17,1,7,8,11,27,31,6,89616524,83699424
04046,2004-06-13,7,15,16,22,23,32,14,104590772,84024020
04045,2004-06-10,1,12,18,26,27,28,13,95014377,87139276
04044,2004-06-06,2,6,7,12,31,32,5,106056639,88925916
04043,2004-06-03,4,9,10,21,22,24,10,115208260,88243112
04042,2004-05-30,6,10,13,17,18,21,2,128720530,86844222
04041,2004-05-27,8,10,17,22,25,29,14,122973176,87199902
04040,2004-05-23,7,17,19,20,21,29,11,116302448,88282398
04039,2004-05-20,10,16,18,25,26,29,3,115503169,89037042
04038,2004-05-16,11,16,17,25,28,29,7,112095419,88138308
04037,2004-05-13,3,4,11,17,20,26,5,113517880,88267394
04036,2004-05-09,2,13,17,18,26,30,1,111655069,91493038
04035,2004-05-06,2,8,26,27,30,32,16,101170056,80558094
04034,2004-05-02,2,7,13,20,27,30,14,95591664,87333028
04033,2004-04-29,1,4,8,9,19,20,1,108824910,95181550
04032,2004-04-25,2,5,8,11,15,31,13,100422948,95382618
04031,2004-04-22,3,6,19,20,21,24,11,116465139,93249470
04030,2004-04-18,1,7,9,17,26,31,5,109522812,85809328
04029,2004-04-15,9,13,20,22,24,32,5,89096304,88313002
04028,2004-04-11,1,2,3,5,10,22,12,84965472,91292310
04027,2004-04-08,1,5,9,10,18,32,11,76945600,89134080
04026,2004-04-04,4,10,14,18,28,32,15,97698720,92237208
04025,2004-04-01,7,8,10,24,29,33,4,104672888,96888986
04024,2004-03-28,1,13,21,23,25,32,6,116399749,86812198
04023,2004-03-25,1,8,14,17,19,30,3,107413438,76833710
04022,2004-03-21,3,10,14,19,20,30,6,90981552,75568694
04021,2004-03-18,5,9,11,17,26,27,10,90449922,73472684
04020,2004-03-14,1,2,9,22,28,31,4,81357402,72242026
04019,2004-03-11,5,10,11,23,24,32,4,61685052,70336884
04018,2004-03-07,2,5,6,8,28,30,6,58828522,66466596
04017,2004-03-04,5,12,14,15,25,31,9,58868782,64576288
04016,2004-02-29,4,7,8,28,30,32,5,55950410,64489348
04015,2004-02-26,1,3,5,18,22,23,13,44904613,67256520
04014,2004-02-22,3,7,11,17,20,26,12,33706890,63952992
04013,2004-02-19,12,14,21,29,30,32,13,51356236,64366718
04012,2004-02-15,1,7,27,30,31,33,8,40913054,63403910
04011,2004-02-12,1,4,13,23,28,30,3,39374173,64816706
04010,2004-02-08,6,7,8,13,14,19,15,24953322,63960828
04009,2004-02-05,1,9,10,16,22,24,11,45853850,62089966
04008,2004-02-01,1,7,10,22,32,33,13,45740516,56569688
04007,2004-01-29,4,12,17,20,25,28,9,59202185,55455670
04006,2004-01-18,4,12,18,20,23,32,6,52226422,70062020
04005,2004-01-15,9,11,13,16,17,18,7,40863816,67960088
04004,2004-01-11,10,19,22,23,25,29,9,62732577,68221230
04003,2004-01-08,3,5,6,17,26,33,8,66985730,68220442
04002,2004-01-04,10,12,18,22,30,31,11,83282112,68295172
04001,2004-01-01,1,2,3,7,10,25,7,98223369,66703336
03089,2003-12-28,18,19,21,26,27,33,16,89709599,67728980
03088,2003-12-25,3,10,21,22,24,33,12,121793517,64097276
03087,2003-12-21,2,3,4,5,24,28,13,116878160,66127570
03086,2003-12-18,5,12,16,18,26,30,13,109175163,64581496
03085,2003-12-14,1,4,11,12,19,27,14,109846806,62490224
03084,2003-12-11,2,6,7,10,17,33,3,114873334,62314966
03083,2003-12-07,1,3,14,18,26,28,1,108808082,59695084
03082,2003-12-04,7,17,18,19,30,31,14,99074100,61740044
03081,2003-11-30,1,2,14,26,29,30,7,93553782,62508530
03080,2003-11-27,9,20,24,25,28,30,10,104628920,61168028
03079,2003-11-23,12,15,22,23,26,31,4,109518597,61225192
03078,2003-11-20,7,12,23,26,29,30,11,108688617,61385292
03077,2003-11-16,4,12,16,22,24,25,6,112553918,59628070
03076,2003-11-13,1,13,16,18,20,29,2,107390751,58283200
03075,2003-11-09,16,17,19,22,31,33,11,94144383,52503898
03074,2003-11-06,2,12,19,22,27,32,1,96680954,59866792
03073,2003-11-02,2,12,14,21,23,30,13,100543175,57551772
03072,2003-10-30,3,6,8,11,19,27,11,96034020,63510334
03071,2003-10-26,9,11,12,14,15,33,11,105987271,55288802
03070,2003-10-23,1,2,4,17,18,19,8,100888955,48248338
03069,2003-10-19,7,11,16,19,26,28,11,97803661,45227392
03068,2003-10-16,9,19,25,27,32,33,11,85756772,46972102
03067,2003-10-12,5,11,12,13,27,31,10,85888068,48192830
03066,2003-10-09,3,7,8,20,24,32,14,93898014,45124280
03065,2003-10-05,6,15,16,17,30,33,11,86060981,41948818
03064,2003-10-02,4,6,8,12,15,30,1,80873748,40925392
03063,2003-09-28,5,8,9,14,21,33,11,71301051,45643734
03062,2003-09-25,1,6,12,19,20,32,14,61312881,40972030
03061,2003-09-21,3,5,20,21,28,32,2,53944234,38065358
03060,2003-09-18,2,4,6,17,21,28,11,44870316,35595266
03059,2003-09-14,2,3,5,6,18,30,4,39018764,33611668
03058,2003-09-11,9,11,16,28,32,33,2,31813344,31985104
03057,2003-09-07,18,19,24,25,30,31,16,24762391,32781224
03056,2003-09-04,8,17,21,26,28,29,7,22892844,32664536
03055,2003-08-31,6,13,16,21,28,31,16,23989902,29508178
03054,2003-08-28,2,5,9,21,31,33,12,20183598,29449334
03053,2003-08-24,15,19,20,21,28,29,13,19193731,29854724
03052,2003-08-21,1,12,13,23,30,31,11,12527152,28371758
03051,2003-08-17,4,13,15,17,24,27,1,8574843,24831800
03050,2003-08-14,2,8,17,23,24,26,13,3000000,28450710
03049,2003-08-10,3,6,7,13,24,25,15,21162598,27734490
03048,2003-08-07,10,12,20,28,30,31,9,21250495,27557888
03047,2003-08-03,3,17,26,28,32,33,16,21170406,28355638
03046,2003-07-31,7,8,10,11,17,26,11,30344002,27144542
03045,2003-07-27,3,7,14,15,17,32,3,24418051,26657064
03044,2003-07-24,2,5,9,16,32,33,15,18107421,26537776
03043,2003-07-20,2,8,10,19,20,32,13,12884963,27416990
03042,2003-07-17,3,5,7,10,15,20,7,8244457,26607702
03041,2003-07-13,2,3,17,18,24,25,11,8855427,28265402
03040,2003-07-10,4,5,6,12,14,23,16,19393421,27328054
03039,2003-07-06,3,5,23,24,27,32,3,18823695,27694202
03038,2003-07-03,5,7,8,24,25,27,16,17846466,26782590
03037,2003-06-29,9,14,17,18,26,32,7,19818362,26257640
03036,2003-06-26,7,21,24,25,27,28,15,28374435,25054376
03035,2003-06-22,3,4,5,8,10,11,8,28751013,25179768
03034,2003-06-19,8,13,14,16,23,25,14,24117797,22899946
03033,2003-06-15,1,7,14,20,27,30,10,20161441,22266754
03032,2003-06-12,4,11,25,27,29,30,13,15264588,20115568
03031,2003-06-08,11,17,20,22,28,32,1,11573486,18101608
03030,2003-06-05,2,6,13,14,23,27,7,7240631,16765384
03029,2003-06-01,2,7,15,26,29,32,10,3170231,17515374
03028,2003-05-29,6,13,16,20,28,32,7,7115273,17442014
03027,2003-05-25,1,11,14,17,27,28,15,9553276,17626250
03026,2003-05-22,8,13,15,26,29,31,16,11267818,16245314
03025,2003-05-18,1,5,11,13,14,27,12,8394596,16536260
03024,2003-05-15,2,7,15,17,22,30,14,10313559,15035104
03023,2003-05-11,1,10,20,22,26,31,2,8321908,15374822
03022,2003-05-08,2,7,11,12,14,32,8,9597935,13869188
03021,2003-05-04,14,15,18,25,26,30,1,7108391,13537342
03020,2003-05-01,7,10,25,26,27,32,4,8846550,14670860
03019,2003-04-27,4,8,12,13,16,33,9,31555212,15159580
03018,2003-04-24,5,16,19,20,25,28,13,29122692,14339392
03017,2003-04-20,5,8,18,23,25,31,6,25928966,14451270
03016,2003-04-17,11,17,28,30,31,33,6,22558622,13098324
03015,2003-04-13,4,11,19,25,26,32,13,18393824,13460134
03014,2003-04-10,3,5,7,8,21,31,2,15565779,12476130
03013,2003-04-06,8,13,17,21,23,32,12,13128993,12611880
03012,2003-04-03,2,12,16,17,27,30,12,9876408,12307262
03011,2003-03-30,4,5,11,12,30,32,15,12695728,12782494
03010,2003-03-27,1,2,8,13,17,24,13,10810274,12402130
03009,2003-03-23,5,9,18,20,22,30,9,13902044,12386072
03008,2003-03-20,5,8,9,14,17,23,8,13403319,11696278
03007,2003-03-16,1,9,19,21,23,26,7,12985898,12124030
03006,2003-03-13,1,3,10,21,26,27,6,16204682,10919658
03005,2003-03-09,4,6,15,17,30,31,16,14280829,10661438
03004,2003-03-06,4,6,7,10,13,25,3,11852729,9517794
03003,2003-03-02,1,7,10,23,28,32,16,9881677,8917960
03002,2003-02-27,4,9,19,20,21,26,12,8330621,7398870
03001,2003-02-23,10,11,12,13,26,28,11,2097070,10307806
