date,home_team,away_team,home_score,away_score,tournament,city,country,neutral
2018-01-02,Iraq,United Arab Emirates,0.0,0.0,Gulf Cup,Kuwait City,Kuwait,True
2018-01-02,Oman,Bahrain,1.0,0.0,Gulf Cup,Kuwait City,Kuwait,True
2018-01-05,Oman,United Arab Emirates,0.0,0.0,Gulf Cup,Kuwait City,Kuwait,True
2018-01-07,Estonia,Sweden,1.0,1.0,Friendly,Abu Dhabi,United Arab Emirates,True
2018-01-11,Denmark,Sweden,0.0,1.0,Friendly,Abu Dhabi,United Arab Emirates,True
2018-01-11,Indonesia,Iceland,0.0,6.0,Friendly,Sleman,Indonesia,False
2018-01-11,Jordan,Finland,1.0,2.0,Friendly,Abu Dhabi,United Arab Emirates,True
2018-01-14,Indonesia,Iceland,1.0,4.0,Friendly,Jakarta,Indonesia,False
2018-01-27,Moldova,South Korea,0.0,1.0,Friendly,Antalya,Turkey,True
2018-01-28,United States,Bosnia and Herzegovina,0.0,0.0,Friendly,Carson,United States,False
2018-01-28,Yorkshire,Ellan Vannin,1.0,1.0,Friendly,Fitzwilliam,England,False
2018-01-30,Azerbaijan,Moldova,0.0,0.0,Friendly,Antalya,Turkey,True
2018-01-30,Jamaica,South Korea,2.0,2.0,Friendly,Antalya,Turkey,True
2018-01-31,Mexico,Bosnia and Herzegovina,1.0,0.0,Friendly,San Antonio,United States,True
2018-02-03,Latvia,South Korea,0.0,1.0,Friendly,Antalya,Turkey,True
2018-02-26,Saudi Arabia,Moldova,3.0,0.0,Friendly,Jeddah,Saudi Arabia,False
2018-02-28,Iraq,Saudi Arabia,4.0,1.0,Friendly,Basra,Iraq,False
2018-03-17,Iran,Sierra Leone,4.0,0.0,Friendly,Tehran,Iran,False
2018-03-21,Andorra,Liechtenstein,1.0,0.0,Friendly,La Línea de la Concepción,Spain,True
2018-03-21,Antigua and Barbuda,Bermuda,3.0,2.0,Friendly,St. John's,Antigua and Barbuda,False
2018-03-21,Iraq,Qatar,2.0,3.0,Friendly,Basra,Iraq,False
2018-03-21,Jordan,Kuwait,1.0,0.0,Friendly,Amman,Jordan,False
2018-03-21,Laos,Cambodia,0.0,1.0,Friendly,Vientiane,Laos,False
2018-03-21,Madagascar,Togo,0.0,0.0,Friendly,Saint-Leu-la-Forêt,France,True
2018-03-21,South Africa,Angola,1.0,1.0,Friendly,Ndola,Zambia,True
2018-03-21,Tahiti,New Caledonia,0.0,0.0,Friendly,Pirae,Tahiti,False
2018-03-21,Zambia,Zimbabwe,2.0,2.0,Friendly,Ndola,Zambia,False
2018-03-22,Algeria,Tanzania,4.0,1.0,Friendly,Algiers,Algeria,False
2018-03-22,Bahrain,Palestine,0.0,0.0,Friendly,Riffa,Bahrain,False
2018-03-22,Belize,Grenada,4.0,2.0,Friendly,Belmopan,Belize,False
2018-03-22,Burkina Faso,Guinea-Bissau,2.0,0.0,Friendly,Limeil-Brévannes,France,True
2018-03-22,China PR,Wales,0.0,6.0,Friendly,Nanning,China PR,False
2018-03-22,Denmark,Panama,1.0,0.0,Friendly,Brøndby,Denmark,False
2018-03-22,Dominican Republic,Turks and Caicos Islands,4.0,0.0,Friendly,Santo Domingo,Dominican Republic,False
2018-03-22,Faroe Islands,Latvia,1.0,1.0,Friendly,San Pedro Alcántara,Spain,True
2018-03-22,Kyrgyzstan,Myanmar,5.0,1.0,AFC Asian Cup qualification,Incheon,South Korea,True
2018-03-22,Macau,Mauritius,0.0,1.0,Friendly,Macau,Macau,False
2018-03-22,Malaysia,Mongolia,2.0,2.0,Friendly,Kuala Lumpur,Malaysia,False
2018-03-22,Malta,Luxembourg,0.0,1.0,Friendly,Attard,Malta,False
2018-03-22,Nicaragua,Cuba,3.0,1.0,Friendly,Managua,Nicaragua,False
2018-03-22,Philippines,Fiji,3.0,2.0,Friendly,Manila,Philippines,False
2018-03-22,Slovakia,United Arab Emirates,2.0,1.0,Friendly,Bangkok,Thailand,True
2018-03-22,Thailand,Gabon,0.0,0.0,Friendly,Bangkok,Thailand,False
2018-03-23,Austria,Slovenia,3.0,0.0,Friendly,Klagenfurt,Austria,False
2018-03-23,Azerbaijan,Belarus,0.0,1.0,Friendly,Baku,Azerbaijan,False
2018-03-23,Bulgaria,Bosnia and Herzegovina,0.0,1.0,Friendly,Razgrad,Bulgaria,False
2018-03-23,Curaçao,Bolivia,1.0,1.0,Friendly,Willemstad,Curaçao,False
2018-03-23,Cyprus,Montenegro,0.0,0.0,Friendly,Nicosia,Cyprus,False
2018-03-23,Finland,North Macedonia,0.0,0.0,Friendly,Belek,Turkey,True
2018-03-23,France,Colombia,2.0,3.0,Friendly,Saint-Denis,France,False
2018-03-23,Gambia,Central African Republic,1.0,1.0,Friendly,Bakau,Gambia,False
2018-03-23,Germany,Spain,1.0,1.0,Friendly,Düsseldorf,Germany,False
2018-03-23,Greece,Switzerland,0.0,1.0,Friendly,Athens,Greece,False
2018-03-23,Guadeloupe,Trinidad and Tobago,0.0,1.0,Friendly,Les Abymes,Guadeloupe,False
2018-03-23,Hungary,Kazakhstan,2.0,3.0,Friendly,Budapest,Hungary,False
2018-03-23,Italy,Argentina,0.0,2.0,Friendly,Manchester,England,True
2018-03-23,Japan,Mali,1.0,1.0,Friendly,Liège,Belgium,True
2018-03-23,Mexico,Iceland,3.0,0.0,Friendly,Santa Clara,United States,True
2018-03-23,Netherlands,England,0.0,1.0,Friendly,Amsterdam,Netherlands,False
2018-03-23,Norway,Australia,4.0,1.0,Friendly,Oslo,Norway,False
2018-03-23,Peru,Croatia,2.0,0.0,Friendly,Miami Gardens,United States,True
2018-03-23,Poland,Nigeria,0.0,1.0,Friendly,Wrocław,Poland,False
2018-03-23,Portugal,Egypt,2.0,1.0,Friendly,Zürich,Switzerland,True
2018-03-23,Russia,Brazil,0.0,3.0,Friendly,Moscow,Russia,False
2018-03-23,Scotland,Costa Rica,0.0,1.0,Friendly,Glasgow,Scotland,False
2018-03-23,Senegal,Uzbekistan,1.0,1.0,Friendly,Casablanca,Morocco,True
2018-03-23,Serbia,Morocco,1.0,2.0,Friendly,Turin,Italy,True
2018-03-23,Singapore,Maldives,3.0,2.0,Friendly,Kallang,Singapore,False
2018-03-23,Tunisia,Iran,1.0,0.0,Friendly,Radès,Tunisia,False
2018-03-23,Turkey,Republic of Ireland,1.0,0.0,Friendly,Antalya,Turkey,False
2018-03-23,Ukraine,Saudi Arabia,1.0,1.0,Friendly,Marbella,Spain,True
2018-03-23,Uruguay,Czech Republic,2.0,0.0,Friendly,Nanning,China PR,True
2018-03-24,Angola,Zimbabwe,2.0,2.0,Friendly,Ndola,Zambia,True
2018-03-24,Armenia,Estonia,0.0,0.0,Friendly,Yerevan,Armenia,False
2018-03-24,Botswana,Lesotho,1.0,0.0,Friendly,Gaborone,Botswana,False
2018-03-24,Canada,New Zealand,1.0,0.0,Friendly,San Pedro del Pinatar,Spain,True
2018-03-24,Comoros,Kenya,2.0,2.0,Friendly,Marrakech,Morocco,True
2018-03-24,Georgia,Lithuania,4.0,0.0,Friendly,Tbilisi,Georgia,False
2018-03-24,Israel,Romania,1.0,2.0,Friendly,Netanya,Israel,False
2018-03-24,Ivory Coast,Togo,2.0,2.0,Friendly,Beauvais,France,True
2018-03-24,Kosovo,Madagascar,1.0,0.0,Friendly,Franconville,France,True
2018-03-24,Mauritania,Guinea,2.0,0.0,Friendly,Nouakchott,Mauritania,False
2018-03-24,Northern Ireland,South Korea,2.0,1.0,Friendly,Belfast,Northern Ireland,False
2018-03-24,Qatar,Syria,2.0,2.0,Friendly,Basra,Iraq,True
2018-03-24,Sweden,Chile,1.0,2.0,Friendly,Solna,Sweden,False
2018-03-24,Tahiti,New Caledonia,4.0,3.0,Friendly,Pirae,Tahiti,False
2018-03-24,Uganda,São Tomé and Príncipe,3.0,1.0,Friendly,Kampala,Uganda,False
2018-03-24,Zambia,South Africa,0.0,2.0,Friendly,Ndola,Zambia,False
2018-03-24,Alderney,Guernsey,0.0,2.0,Muratti Vase,Alderney,Alderney,False
2018-03-25,Barbados,Bermuda,0.0,0.0,Friendly,Bridgetown,Barbados,False
2018-03-25,Dominican Republic,Saint Kitts and Nevis,2.0,1.0,Friendly,Santiago,Dominican Republic,False
2018-03-25,Faroe Islands,Liechtenstein,3.0,0.0,Friendly,Marbella,Spain,True
2018-03-25,Gibraltar,Latvia,1.0,0.0,Friendly,Gibraltar,Gibraltar,False
2018-03-25,Jamaica,Antigua and Barbuda,1.0,1.0,Friendly,Kingston,Jamaica,False
2018-03-25,Kuwait,Cameroon,1.0,3.0,Friendly,Kuwait City,Kuwait,False
2018-03-25,Martinique,Trinidad and Tobago,0.0,0.0,Friendly,Fort-de-France,Martinique,False
2018-03-25,Nicaragua,Cuba,3.0,3.0,Friendly,Managua,Nicaragua,False
2018-03-25,Thailand,Slovakia,2.0,3.0,Friendly,Bangkok,Thailand,False
2018-03-25,Yorkshire,Chagos Islands,6.0,0.0,Friendly,Fitzwilliam,England,False
2018-03-26,Albania,Norway,0.0,1.0,Friendly,Elbasan,Albania,False
2018-03-26,Bulgaria,Kazakhstan,2.0,1.0,Friendly,Felcsút,Hungary,True
2018-03-26,China PR,Czech Republic,1.0,4.0,Friendly,Nanning,China PR,False
2018-03-26,Curaçao,Bolivia,1.0,0.0,Friendly,Willemstad,Curaçao,False
2018-03-26,Finland,Malta,5.0,0.0,Friendly,Belek,Turkey,True
2018-03-26,Portugal,Netherlands,0.0,3.0,Friendly,Geneva,Switzerland,True
2018-03-26,Wales,Uruguay,0.0,1.0,Friendly,Nanning,China PR,True
2018-03-27,Afghanistan,Cambodia,2.0,1.0,AFC Asian Cup qualification,Dushanbe,Tajikistan,True
2018-03-27,Algeria,Iran,1.0,2.0,Friendly,Graz,Austria,True
2018-03-27,Armenia,Lithuania,0.0,1.0,Friendly,Yerevan,Armenia,False
2018-03-27,Australia,Colombia,0.0,0.0,Friendly,London,England,True
2018-03-27,Azerbaijan,North Macedonia,1.0,1.0,Friendly,Antalya,Turkey,True
2018-03-27,Bahrain,Turkmenistan,4.0,0.0,AFC Asian Cup qualification,Riffa,Bahrain,False
2018-03-27,Belgium,Saudi Arabia,4.0,0.0,Friendly,Brussels,Belgium,False
2018-03-27,Bosnia and Herzegovina,Senegal,0.0,0.0,Friendly,Le Havre,France,True
2018-03-27,Myanmar,Macau,1.0,0.0,AFC Asian Cup qualification,Yangon,Myanmar,False
2018-03-27,Central African Republic,Kenya,3.0,2.0,Friendly,Marrakech,Morocco,True
2018-03-27,Denmark,Chile,0.0,0.0,Friendly,Aalborg,Denmark,False
2018-03-27,England,Italy,1.0,1.0,Friendly,London,England,False
2018-03-27,Georgia,Estonia,2.0,0.0,Friendly,Tbilisi,Georgia,False
2018-03-27,Germany,Brazil,0.0,1.0,Friendly,Berlin,Germany,False
2018-03-27,Greece,Egypt,1.0,0.0,Friendly,Zürich,Switzerland,True
2018-03-27,Hungary,Scotland,0.0,1.0,Friendly,Budapest,Hungary,False
2018-03-27,Iraq,Syria,1.0,1.0,Friendly,Basra,Iraq,False
2018-03-27,Jordan,Vietnam,1.0,1.0,AFC Asian Cup qualification,Amman,Jordan,False
2018-03-27,North Korea,Hong Kong,2.0,0.0,AFC Asian Cup qualification,Pyongyang,North Korea,False
2018-03-27,Kosovo,Burkina Faso,2.0,0.0,Friendly,Franconville,France,True
2018-03-27,Kyrgyzstan,India,2.0,1.0,AFC Asian Cup qualification,Bishkek,Kyrgyzstan,False
2018-03-27,Laos,Bangladesh,2.0,2.0,Friendly,Vientiane,Laos,False
2018-03-27,Lebanon,Malaysia,2.0,1.0,AFC Asian Cup qualification,Beirut,Lebanon,False
2018-03-27,Luxembourg,Austria,0.0,4.0,Friendly,Luxembourg,Luxembourg,False
2018-03-27,Maldives,Bhutan,7.0,0.0,AFC Asian Cup qualification,Malé,Maldives,False
2018-03-27,Mexico,Croatia,0.0,1.0,Friendly,Arlington,United States,True
2018-03-27,Moldova,Ivory Coast,1.0,2.0,Friendly,Beauvais,France,True
2018-03-27,Mongolia,Mauritius,0.0,2.0,Friendly,Ulan Bator,Mongolia,False
2018-03-27,Montenegro,Turkey,2.0,2.0,Friendly,Podgorica,Montenegro,False
2018-03-27,Morocco,Uzbekistan,2.0,0.0,Friendly,Casablanca,Morocco,False
2018-03-27,Namibia,Lesotho,2.0,1.0,Friendly,Windhoek,Namibia,False
2018-03-27,Oman,Palestine,1.0,0.0,AFC Asian Cup qualification,Muscat,Oman,False
2018-03-27,Peru,Iceland,3.0,1.0,Friendly,Harrison,United States,True
2018-03-27,Philippines,Tajikistan,2.0,1.0,AFC Asian Cup qualification,Manila,Philippines,False
2018-03-27,Poland,South Korea,3.0,2.0,Friendly,Chorzów,Poland,False
2018-03-27,Romania,Sweden,1.0,0.0,Friendly,Craiova,Romania,False
2018-03-27,Russia,France,1.0,3.0,Friendly,Saint Petersburg,Russia,False
2018-03-27,Serbia,Nigeria,2.0,0.0,Friendly,London,England,True
2018-03-27,Seychelles,Eswatini,0.0,0.0,Friendly,Victoria,Seychelles,False
2018-03-27,Slovenia,Belarus,0.0,2.0,Friendly,Ljubljana,Slovenia,False
2018-03-27,Spain,Argentina,6.0,1.0,Friendly,Madrid,Spain,False
2018-03-27,Switzerland,Panama,6.0,0.0,Friendly,Lucerne,Switzerland,False
2018-03-27,Taiwan,Singapore,1.0,0.0,AFC Asian Cup qualification,Taipei,Taiwan,False
2018-03-27,Tanzania,DR Congo,2.0,0.0,Friendly,Dar es Salaam,Tanzania,False
2018-03-27,Tunisia,Costa Rica,1.0,0.0,Friendly,Nice,France,True
2018-03-27,Uganda,Malawi,0.0,0.0,Friendly,Kampala,Uganda,False
2018-03-27,Ukraine,Japan,2.0,1.0,Friendly,Liège,Belgium,True
2018-03-27,United States,Paraguay,1.0,0.0,Friendly,Cary,United States,False
2018-03-27,Yemen,Nepal,2.0,1.0,AFC Asian Cup qualification,Doha,Qatar,True
2018-04-01,Malaysia,Bhutan,7.0,0.0,Friendly,Kuala Lumpur,Malaysia,False
2018-04-08,Barawa,Chagos Islands,4.0,1.0,Friendly,London,England,False
2018-04-15,Barawa,Yorkshire,2.0,7.0,Friendly,London,England,False
2018-04-18,Trinidad and Tobago,Panama,0.0,1.0,Friendly,Couva,Trinidad and Tobago,False
2018-04-18,Zimbabwe,Botswana,0.0,1.0,Friendly,Harare,Zimbabwe,False
2018-04-26,Saint Kitts and Nevis,Jamaica,1.0,3.0,Friendly,Basseterre,Saint Kitts and Nevis,False
2018-04-29,Ellan Vannin,Panjab,2.0,1.0,Friendly,Sandbach,England,True
2018-04-29,Saint Barthélemy,Saint Martin,3.0,2.0,Friendly,Saint-Jean,Saint Barthélemy,False
2018-04-30,Antigua and Barbuda,Jamaica,0.0,2.0,Friendly,St. John's,Antigua and Barbuda,False
2018-05-06,Barawa,Surrey,1.0,3.0,Friendly,London,England,False
2018-05-08,Iraq,Palestine,0.0,0.0,Friendly,Basra,Iraq,False
2018-05-09,Algeria,Saudi Arabia,0.0,2.0,Friendly,Cádiz,Spain,True
2018-05-11,Kuwait,Palestine,2.0,0.0,Friendly,Kuwait City,Kuwait,False
2018-05-12,Jersey,Guernsey,1.0,0.0,Muratti Vase,Jersey,Jersey,False
2018-05-15,Saudi Arabia,Greece,2.0,0.0,Friendly,Seville,Spain,True
2018-05-19,Iran,Uzbekistan,1.0,0.0,Friendly,Tehran,Iran,False
2018-05-20,Jordan,Cyprus,3.0,0.0,Friendly,Amman,Jordan,False
2018-05-25,Kuwait,Egypt,1.0,1.0,Friendly,Kuwait City,Kuwait,False
2018-05-25,Kenya,Eswatini,0.0,1.0,Friendly,Machakos,Kenya,False
2018-05-26,China PR,Myanmar,1.0,0.0,Friendly,Nanjing,China PR,False
2018-05-26,Saint Barthélemy,Sint Maarten,5.0,3.0,Friendly,Saint-Jean,Saint Barthélemy,False
2018-05-27,Cameroon,Burkina Faso,0.0,1.0,Friendly,Beauvais,France,True
2018-05-27,Niger,Central African Republic,3.0,3.0,Friendly,Niamey,Niger,False
2018-05-27,Madagascar,Mozambique,2.0,1.0,COSAFA Cup,Polokwane,South Africa,True
2018-05-27,Comoros,Seychelles,1.0,1.0,COSAFA Cup,Polokwane,South Africa,True
2018-05-28,United States,Bolivia,3.0,0.0,Friendly,Chester,United States,False
2018-05-28,Nigeria,DR Congo,1.0,1.0,Friendly,Port Harcourt,Nigeria,False
2018-05-28,Kenya,Equatorial Guinea,1.0,0.0,Friendly,Machakos,Kenya,False
2018-05-28,Portugal,Tunisia,2.0,2.0,Friendly,Braga,Portugal,False
2018-05-28,Italy,Saudi Arabia,2.0,1.0,Friendly,St. Gallen,Switzerland,True
2018-05-28,France,Republic of Ireland,2.0,0.0,Friendly,Saint-Denis,France,False
2018-05-28,Mexico,Wales,0.0,0.0,Friendly,Pasadena,United States,True
2018-05-28,Turkey,Iran,2.0,1.0,Friendly,Istanbul,Turkey,False
2018-05-28,South Korea,Honduras,2.0,0.0,Friendly,Daegu,South Korea,False
2018-05-28,Bosnia and Herzegovina,Montenegro,0.0,0.0,Friendly,Zenica,Bosnia and Herzegovina,False
2018-05-28,Malawi,Mauritius,0.0,1.0,COSAFA Cup,Polokwane,South Africa,True
2018-05-28,Angola,Botswana,1.0,2.0,COSAFA Cup,Polokwane,South Africa,True
2018-05-29,Argentina,Haiti,4.0,0.0,Friendly,Buenos Aires,Argentina,False
2018-05-29,Albania,Kosovo,0.0,3.0,Friendly,Zürich,Switzerland,True
2018-05-29,Armenia,Malta,1.0,1.0,Friendly,Wattens,Austria,True
2018-05-29,Azerbaijan,Kyrgyzstan,3.0,0.0,Friendly,Baku,Azerbaijan,False
2018-05-29,Peru,Scotland,2.0,0.0,Friendly,Lima,Peru,False
2018-05-29,Panama,Northern Ireland,0.0,0.0,Friendly,Panama City,Panama,False
2018-05-29,Madagascar,Seychelles,1.0,1.0,COSAFA Cup,Polokwane,South Africa,True
2018-05-29,Comoros,Mozambique,0.0,3.0,COSAFA Cup,Polokwane,South Africa,True
2018-05-30,Japan,Ghana,0.0,2.0,Friendly,Yokohama,Japan,False
2018-05-30,Central African Republic,Uganda,1.0,0.0,Friendly,Niamey,Niger,True
2018-05-30,Austria,Russia,1.0,0.0,Friendly,Innsbruck,Austria,False
2018-05-30,Malawi,Botswana,1.0,1.0,COSAFA Cup,Polokwane,South Africa,True
2018-05-30,Angola,Mauritius,1.0,0.0,COSAFA Cup,Polokwane,South Africa,True
2018-05-30,Estonia,Lithuania,2.0,0.0,Baltic Cup,Rakvere,Estonia,False
2018-05-31,Ukraine,Morocco,0.0,0.0,Friendly,Geneva,Switzerland,True
2018-05-31,Romania,Chile,3.0,2.0,Friendly,Graz,Austria,True
2018-05-31,Luxembourg,Senegal,0.0,0.0,Friendly,Luxembourg,Luxembourg,False
2018-05-31,Mozambique,Seychelles,2.0,1.0,COSAFA Cup,Polokwane,South Africa,True
2018-05-31,Comoros,Madagascar,0.0,1.0,COSAFA Cup,Polokwane,South Africa,True
2018-05-31,Slovakia,Netherlands,1.0,1.0,Friendly,Trnava,Slovakia,False
2018-05-31,Ellan Vannin,Cascadia,4.0,1.0,CONIFA World Football Cup,Sutton,England,True
2018-05-31,Barawa,Tamil Eelam,4.0,0.0,CONIFA World Football Cup,Bromley,England,False
2018-05-31,Abkhazia,Tibet,3.0,0.0,CONIFA World Football Cup,Enfield,England,True
2018-05-31,Northern Cyprus,Kárpátalja,1.0,1.0,CONIFA World Football Cup,Enfield,England,True
2018-05-31,Székely Land,Tuvalu,4.0,0.0,CONIFA World Football Cup,Haringey,England,True
2018-05-31,Padania,Matabeleland,6.0,1.0,CONIFA World Football Cup,Sutton,England,True
2018-05-31,United Koreans in Japan,Western Armenia,0.0,0.0,CONIFA World Football Cup,Carshalton,England,True
2018-05-31,Panjab,Kabylia,8.0,0.0,CONIFA World Football Cup,Slough,England,True
2018-06-01,France,Italy,3.0,1.0,Friendly,Nice,France,False
2018-06-01,Turkey,Tunisia,2.0,2.0,Friendly,Geneva,Switzerland,True
2018-06-01,South Korea,Bosnia and Herzegovina,1.0,3.0,Friendly,Jeonju,South Korea,False
2018-06-01,Czech Republic,Australia,0.0,4.0,Friendly,Sankt Pölten,Austria,True
2018-06-01,Algeria,Cape Verde,2.0,3.0,Friendly,Algiers,Algeria,False
2018-06-01,Colombia,Egypt,0.0,0.0,Friendly,Bergamo,Italy,True
2018-06-01,Malta,Georgia,0.0,1.0,Friendly,Schwaz,Austria,True
2018-06-01,Botswana,Mauritius,6.0,0.0,COSAFA Cup,Polokwane,South Africa,True
2018-06-01,Angola,Malawi,0.0,0.0,COSAFA Cup,Polokwane,South Africa,True
2018-06-01,India,Taiwan,5.0,0.0,Intercontinental Cup,Mumbai,India,False
2018-06-02,El Salvador,Honduras,1.0,0.0,Friendly,Houston,United States,True
2018-06-02,Thailand,China PR,0.0,2.0,Friendly,Bangkok,Thailand,False
2018-06-02,England,Nigeria,2.0,1.0,Friendly,London,England,False
2018-06-02,Montenegro,Slovenia,0.0,2.0,Friendly,Podgorica,Montenegro,False
2018-06-02,Mexico,Scotland,1.0,0.0,Friendly,Mexico City,Mexico,False
2018-06-02,Sweden,Denmark,0.0,0.0,Friendly,Solna,Sweden,False
2018-06-02,Republic of Ireland,United States,2.0,1.0,Friendly,Dublin,Republic of Ireland,False
2018-06-02,Belgium,Portugal,0.0,0.0,Friendly,Brussels,Belgium,False
2018-06-02,Austria,Germany,2.0,1.0,Friendly,Klagenfurt,Austria,False
2018-06-02,Niger,Uganda,2.0,1.0,Friendly,Niamey,Niger,False
2018-06-02,Iceland,Norway,2.0,3.0,Friendly,Reykjavík,Iceland,False
2018-06-02,Zambia,Namibia,0.0,0.0,COSAFA Cup,Polokwane,South Africa,True
2018-06-02,Lesotho,Eswatini,1.0,0.0,COSAFA Cup,Polokwane,South Africa,True
2018-06-02,Latvia,Estonia,1.0,0.0,Baltic Cup,Riga,Latvia,False
2018-06-02,Kenya,New Zealand,2.0,1.0,Intercontinental Cup,Mumbai,India,True
2018-06-02,Ellan Vannin,Tamil Eelam,2.0,0.0,CONIFA World Football Cup,Carshalton,England,True
2018-06-02,Barawa,Cascadia,1.0,2.0,CONIFA World Football Cup,Carshalton,England,False
2018-06-02,Abkhazia,Kárpátalja,0.0,2.0,CONIFA World Football Cup,Enfield,England,True
2018-06-02,Northern Cyprus,Tibet,3.0,1.0,CONIFA World Football Cup,Enfield,England,True
2018-06-02,Székely Land,Matabeleland,5.0,0.0,CONIFA World Football Cup,Haringey,England,True
2018-06-02,Padania,Tuvalu,8.0,0.0,CONIFA World Football Cup,Haringey,England,True
2018-06-02,United Koreans in Japan,Kabylia,0.0,0.0,CONIFA World Football Cup,Bracknell,England,True
2018-06-02,Panjab,Western Armenia,0.0,1.0,CONIFA World Football Cup,Slough,England,True
2018-06-03,Albania,Ukraine,1.0,4.0,Friendly,Évian-les-Bains,France,True
2018-06-03,Saudi Arabia,Peru,0.0,3.0,Friendly,St. Gallen,Switzerland,True
2018-06-03,Spain,Switzerland,1.0,1.0,Friendly,Vila-real,Spain,False
2018-06-03,Croatia,Brazil,0.0,2.0,Friendly,Liverpool,England,True
2018-06-03,Costa Rica,Northern Ireland,3.0,0.0,Friendly,San José,Costa Rica,False
2018-06-03,Barbados,Belize,0.0,0.0,Friendly,Bridgetown,Barbados,False
2018-06-03,Andorra,Cape Verde,0.0,0.0,Friendly,Almada,Portugal,True
2018-06-03,South Africa,Madagascar,0.0,0.0,COSAFA Cup,Polokwane,South Africa,False
2018-06-03,Zimbabwe,Botswana,1.0,1.0,COSAFA Cup,Polokwane,South Africa,True
2018-06-03,Tamil Eelam,Cascadia,0.0,6.0,CONIFA World Football Cup,Haringey,England,True
2018-06-03,Barawa,Ellan Vannin,2.0,0.0,CONIFA World Football Cup,Rotherhithe,England,False
2018-06-03,Abkhazia,Northern Cyprus,2.0,2.0,CONIFA World Football Cup,Enfield,England,True
2018-06-03,Kárpátalja,Tibet,5.0,1.0,CONIFA World Football Cup,Bracknell,England,True
2018-06-03,Padania,Székely Land,3.0,1.0,CONIFA World Football Cup,Bedfont,England,True
2018-06-03,Tuvalu,Matabeleland,1.0,3.0,CONIFA World Football Cup,Haringey,England,True
2018-06-03,Panjab,United Koreans in Japan,1.0,1.0,CONIFA World Football Cup,Slough,England,True
2018-06-03,Western Armenia,Kabylia,4.0,0.0,CONIFA World Football Cup,Enfield,England,True
2018-06-04,Italy,Netherlands,1.0,1.0,Friendly,Turin,Italy,False
2018-06-04,Serbia,Chile,0.0,1.0,Friendly,Graz,Austria,True
2018-06-04,Slovakia,Morocco,1.0,2.0,Friendly,Geneva,Switzerland,True
2018-06-04,Armenia,Moldova,0.0,0.0,Friendly,Kematen,Austria,True
2018-06-04,India,Kenya,3.0,0.0,Intercontinental Cup,Mumbai,India,False
2018-06-05,Russia,Turkey,1.0,1.0,Friendly,Moscow,Russia,False
2018-06-05,Romania,Finland,2.0,0.0,Friendly,Ploiești,Romania,False
2018-06-05,Luxembourg,Georgia,1.0,0.0,Friendly,Luxembourg,Luxembourg,False
2018-06-05,Kazakhstan,Azerbaijan,3.0,0.0,Friendly,Astana,Kazakhstan,False
2018-06-05,Martinique,French Guiana,3.0,0.0,Friendly,Fort-de-France,Martinique,False
2018-06-05,Lithuania,Latvia,1.0,1.0,Baltic Cup,Vilnius,Lithuania,False
2018-06-05,Taiwan,New Zealand,0.0,1.0,Intercontinental Cup,Mumbai,India,True
2018-06-05,South Africa,Namibia,4.0,1.0,COSAFA Cup,Polokwane,South Africa,False
2018-06-05,Eswatini,Botswana,0.0,2.0,COSAFA Cup,Polokwane,South Africa,True
2018-06-05,Matabeleland,Kabylia,0.0,0.0,CONIFA World Football Cup,Enfield,England,True
2018-06-05,Abkhazia,Tamil Eelam,6.0,0.0,CONIFA World Football Cup,Aveley,England,True
2018-06-05,United Koreans in Japan,Tuvalu,5.0,0.0,CONIFA World Football Cup,Bracknell,England,True
2018-06-05,Barawa,Northern Cyprus,0.0,8.0,CONIFA World Football Cup,Sutton,England,False
2018-06-05,Padania,Panjab,2.0,0.0,CONIFA World Football Cup,Bracknell,England,True
2018-06-05,Kárpátalja,Cascadia,3.0,1.0,CONIFA World Football Cup,Sutton,England,True
2018-06-05,Western Armenia,Székely Land,0.0,4.0,CONIFA World Football Cup,Bromley,England,True
2018-06-06,Norway,Panama,1.0,0.0,Friendly,Oslo,Norway,False
2018-06-06,Czech Republic,Nigeria,1.0,0.0,Friendly,Schwechat,Austria,True
2018-06-06,Belgium,Egypt,3.0,0.0,Friendly,Brussels,Belgium,False
2018-06-06,Belarus,Hungary,1.0,1.0,Friendly,Brest,Belarus,False
2018-06-06,Zambia,Madagascar,1.0,0.0,COSAFA Cup,Polokwane,South Africa,True
2018-06-06,Lesotho,Zimbabwe,0.0,0.0,COSAFA Cup,Polokwane,South Africa,True
2018-06-07,England,Costa Rica,2.0,0.0,Friendly,Leeds,England,False
2018-06-07,Uruguay,Uzbekistan,3.0,0.0,Friendly,Montevideo,Uruguay,False
2018-06-07,Portugal,Algeria,3.0,0.0,Friendly,Lisbon,Portugal,False
2018-06-07,South Korea,Bolivia,0.0,0.0,Friendly,Innsbruck,Austria,True
2018-06-07,Iceland,Ghana,2.0,2.0,Friendly,Reykjavík,Iceland,False
2018-06-07,Guadeloupe,French Guiana,0.0,2.0,Friendly,Fort-de-France,Martinique,True
2018-06-07,India,New Zealand,1.0,2.0,Intercontinental Cup,Mumbai,India,False
2018-06-07,Tamil Eelam,Tuvalu,4.0,3.0,CONIFA World Football Cup,Sutton,England,True
2018-06-07,Tibet,Kabylia,1.0,8.0,CONIFA World Football Cup,Enfield,England,True
2018-06-07,Abkhazia,United Koreans in Japan,2.0,0.0,CONIFA World Football Cup,Bromley,England,True
2018-06-07,Barawa,Panjab,0.0,5.0,CONIFA World Football Cup,Sutton,England,False
2018-06-07,Cascadia,Western Armenia,4.0,0.0,CONIFA World Football Cup,Bromley,England,True
2018-06-07,Northern Cyprus,Padania,3.0,2.0,CONIFA World Football Cup,Carshalton,England,True
2018-06-07,Kárpátalja,Székely Land,4.0,2.0,CONIFA World Football Cup,Carshalton,England,True
2018-06-08,Germany,Saudi Arabia,2.0,1.0,Friendly,Leverkusen,Germany,False
2018-06-08,Croatia,Senegal,2.0,1.0,Friendly,Osijek,Croatia,False
2018-06-08,Switzerland,Japan,2.0,0.0,Friendly,Lugano,Switzerland,False
2018-06-08,Lithuania,Iran,0.0,1.0,Friendly,Moscow,Russia,True
2018-06-08,Poland,Chile,2.0,2.0,Friendly,Poznań,Poland,False
2018-06-08,Taiwan,Kenya,0.0,4.0,Intercontinental Cup,Mumbai,India,True
2018-06-08,South Africa,Botswana,3.0,0.0,COSAFA Cup,Polokwane,South Africa,False
2018-06-08,Madagascar,Lesotho,0.0,1.0,COSAFA Cup,Polokwane,South Africa,True
2018-06-09,Zambia,Zimbabwe,2.0,4.0,COSAFA Cup,Polokwane,South Africa,True
2018-06-09,Serbia,Bolivia,5.0,1.0,Friendly,Graz,Austria,True
2018-06-09,Denmark,Mexico,2.0,0.0,Friendly,Brøndby,Denmark,False
2018-06-09,Sweden,Peru,0.0,0.0,Friendly,Gothenburg,Sweden,False
2018-06-09,Hungary,Australia,1.0,2.0,Friendly,Budapest,Hungary,False
2018-06-09,Estonia,Morocco,1.0,3.0,Friendly,Tallinn,Estonia,False
2018-06-09,Latvia,Azerbaijan,1.0,3.0,Friendly,Riga,Latvia,False
2018-06-09,Finland,Belarus,2.0,0.0,Friendly,Tampere,Finland,False
2018-06-09,Tunisia,Spain,0.0,1.0,Friendly,Krasnodar,Russia,True
2018-06-09,France,United States,1.0,1.0,Friendly,Lyon,France,False
2018-06-09,Matabeleland,Tamil Eelam,1.0,0.0,CONIFA World Football Cup,Aveley,England,True
2018-06-09,Tibet,United Koreans in Japan,1.0,1.0,CONIFA World Football Cup,Rotherhithe,England,True
2018-06-09,Kabylia,Abkhazia,0.0,2.0,CONIFA World Football Cup,Aveley,England,True
2018-06-09,Barawa,Western Armenia,0.0,7.0,CONIFA World Football Cup,Haringey,England,False
2018-06-09,Panjab,Cascadia,3.0,3.0,CONIFA World Football Cup,Rotherhithe,England,True
2018-06-09,Padania,Székely Land,0.0,0.0,CONIFA World Football Cup,Enfield,England,True
2018-06-09,Northern Cyprus,Kárpátalja,0.0,0.0,CONIFA World Football Cup,Enfield,England,True
2018-06-10,Austria,Brazil,0.0,3.0,Friendly,Vienna,Austria,False
2018-06-10,India,Kenya,2.0,0.0,Intercontinental Cup,Mumbai,India,False
2018-06-11,South Korea,Senegal,0.0,2.0,Friendly,Grödig,Austria,True
2018-06-11,Belgium,Costa Rica,4.0,1.0,Friendly,Brussels,Belgium,False
2018-06-12,Japan,Paraguay,4.0,2.0,Friendly,Innsbruck,Austria,True
2018-06-12,Poland,Lithuania,4.0,0.0,Friendly,Warsaw,Poland,False
2018-06-14,Russia,Saudi Arabia,5.0,0.0,FIFA World Cup,Moscow,Russia,False
2018-06-15,Egypt,Uruguay,0.0,1.0,FIFA World Cup,Ekaterinburg,Russia,True
2018-06-15,Morocco,Iran,0.0,1.0,FIFA World Cup,Saint Petersburg,Russia,True
2018-06-15,Portugal,Spain,3.0,3.0,FIFA World Cup,Sochi,Russia,True
2018-06-16,France,Australia,2.0,1.0,FIFA World Cup,Kazan,Russia,True
2018-06-16,Argentina,Iceland,1.0,1.0,FIFA World Cup,Moscow,Russia,True
2018-06-16,Peru,Denmark,0.0,1.0,FIFA World Cup,Saransk,Russia,True
2018-06-16,Croatia,Nigeria,2.0,0.0,FIFA World Cup,Kaliningrad,Russia,True
2018-06-17,Costa Rica,Serbia,0.0,1.0,FIFA World Cup,Samara,Russia,True
2018-06-17,Germany,Mexico,0.0,1.0,FIFA World Cup,Moscow,Russia,True
2018-06-17,Brazil,Switzerland,1.0,1.0,FIFA World Cup,Rostov-on-Don,Russia,True
2018-06-18,Sweden,South Korea,1.0,0.0,FIFA World Cup,Nizhny Novgorod,Russia,True
2018-06-18,Belgium,Panama,3.0,0.0,FIFA World Cup,Sochi,Russia,True
2018-06-18,Tunisia,England,1.0,2.0,FIFA World Cup,Volgograd,Russia,True
2018-06-19,Colombia,Japan,1.0,2.0,FIFA World Cup,Saransk,Russia,True
2018-06-19,Poland,Senegal,1.0,2.0,FIFA World Cup,Moscow,Russia,True
2018-06-19,Russia,Egypt,3.0,1.0,FIFA World Cup,Saint Petersburg,Russia,False
2018-06-20,Portugal,Morocco,1.0,0.0,FIFA World Cup,Moscow,Russia,True
2018-06-20,Uruguay,Saudi Arabia,1.0,0.0,FIFA World Cup,Rostov-on-Don,Russia,True
2018-06-20,Iran,Spain,0.0,1.0,FIFA World Cup,Kazan,Russia,True
2018-06-21,Denmark,Australia,1.0,1.0,FIFA World Cup,Samara,Russia,True
2018-06-21,France,Peru,1.0,0.0,FIFA World Cup,Ekaterinburg,Russia,True
2018-06-21,Argentina,Croatia,0.0,3.0,FIFA World Cup,Nizhny Novgorod,Russia,True
2018-06-22,Brazil,Costa Rica,2.0,0.0,FIFA World Cup,Saint Petersburg,Russia,True
2018-06-22,Nigeria,Iceland,2.0,0.0,FIFA World Cup,Volgograd,Russia,True
2018-06-22,Serbia,Switzerland,1.0,2.0,FIFA World Cup,Kaliningrad,Russia,True
2018-06-23,Belgium,Tunisia,5.0,2.0,FIFA World Cup,Moscow,Russia,True
2018-06-23,South Korea,Mexico,1.0,2.0,FIFA World Cup,Rostov-on-Don,Russia,True
2018-06-23,Germany,Sweden,2.0,1.0,FIFA World Cup,Sochi,Russia,True
2018-06-24,England,Panama,6.0,1.0,FIFA World Cup,Nizhny Novgorod,Russia,True
2018-06-24,Japan,Senegal,2.0,2.0,FIFA World Cup,Ekaterinburg,Russia,True
2018-06-24,Poland,Colombia,0.0,3.0,FIFA World Cup,Kazan,Russia,True
2018-06-25,Russia,Uruguay,0.0,3.0,FIFA World Cup,Samara,Russia,False
2018-06-25,Saudi Arabia,Egypt,2.0,1.0,FIFA World Cup,Volgograd,Russia,True
2018-06-25,Spain,Morocco,2.0,2.0,FIFA World Cup,Kaliningrad,Russia,True
2018-06-25,Iran,Portugal,1.0,1.0,FIFA World Cup,Saransk,Russia,True
2018-06-26,Australia,Peru,0.0,2.0,FIFA World Cup,Sochi,Russia,True
2018-06-26,Denmark,France,0.0,0.0,FIFA World Cup,Moscow,Russia,True
2018-06-26,Nigeria,Argentina,1.0,2.0,FIFA World Cup,Saint Petersburg,Russia,True
2018-06-26,Iceland,Croatia,1.0,2.0,FIFA World Cup,Rostov-on-Don,Russia,True
2018-06-27,South Korea,Germany,2.0,0.0,FIFA World Cup,Kazan,Russia,True
2018-06-27,Mexico,Sweden,0.0,3.0,FIFA World Cup,Ekaterinburg,Russia,True
2018-06-27,Serbia,Brazil,0.0,2.0,FIFA World Cup,Moscow,Russia,True
2018-06-27,Switzerland,Costa Rica,2.0,2.0,FIFA World Cup,Nizhny Novgorod,Russia,True
2018-06-28,Japan,Poland,0.0,1.0,FIFA World Cup,Volgograd,Russia,True
2018-06-28,Senegal,Colombia,0.0,1.0,FIFA World Cup,Samara,Russia,True
2018-06-28,Panama,Tunisia,1.0,2.0,FIFA World Cup,Saransk,Russia,True
2018-06-28,England,Belgium,0.0,1.0,FIFA World Cup,Kaliningrad,Russia,True
2018-06-30,France,Argentina,4.0,3.0,FIFA World Cup,Kazan,Russia,True
2018-06-30,Uruguay,Portugal,2.0,1.0,FIFA World Cup,Sochi,Russia,True
2018-07-01,Russia,Spain,1.0,1.0,FIFA World Cup,Moscow,Russia,False
2018-07-01,Croatia,Denmark,1.0,1.0,FIFA World Cup,Nizhny Novgorod,Russia,True
2018-07-02,Brazil,Mexico,2.0,0.0,FIFA World Cup,Samara,Russia,True
2018-07-02,Belgium,Japan,3.0,2.0,FIFA World Cup,Rostov-on-Don,Russia,True
2018-07-03,Sweden,Switzerland,1.0,0.0,FIFA World Cup,Saint Petersburg,Russia,True
2018-07-03,Colombia,England,1.0,1.0,FIFA World Cup,Moscow,Russia,True
2018-07-05,Malaysia,Fiji,1.0,0.0,Friendly,Kuala Lumpur,Malaysia,False
2018-07-06,Uruguay,France,0.0,2.0,FIFA World Cup,Nizhny Novgorod,Russia,True
2018-07-06,Brazil,Belgium,1.0,2.0,FIFA World Cup,Kazan,Russia,True
2018-07-07,Sweden,England,0.0,2.0,FIFA World Cup,Samara,Russia,True
2018-07-07,Russia,Croatia,2.0,2.0,FIFA World Cup,Sochi,Russia,False
2018-07-10,France,Belgium,1.0,0.0,FIFA World Cup,Saint Petersburg,Russia,True
2018-07-11,Croatia,England,2.0,1.0,FIFA World Cup,Moscow,Russia,True
2018-07-14,Belgium,England,2.0,0.0,FIFA World Cup,Saint Petersburg,Russia,True
2018-07-15,France,Croatia,4.0,2.0,FIFA World Cup,Moscow,Russia,True
2018-07-22,Liberia,Sierra Leone,0.0,0.0,Friendly,Monrovia,Liberia,False
2018-07-27,Saint Barthélemy,Anguilla,1.0,2.0,Friendly,Saint-Jean,Saint Barthélemy,False
2018-07-28,Saint Barthélemy,British Virgin Islands,3.0,4.0,Friendly,Saint-Jean,Saint Barthélemy,False
2018-08-04,Belize,Barbados,1.0,0.0,Friendly,San Pedro,Belize,False
2018-08-04,Palestine,Iraq,0.0,3.0,Friendly,Al-Ram,Palestine,False
2018-08-15,Guatemala,Cuba,3.0,0.0,Friendly,Guatemala City,Guatemala,False
2018-08-18,Andorra,United Arab Emirates,0.0,0.0,Friendly,Grödig,Austria,True
2018-08-18,Grenada,Jamaica,1.0,5.0,Friendly,St. George's,Grenada,False
2018-08-18,Guatemala,Cuba,1.0,0.0,Friendly,Quetzaltenango,Guatemala,False
2018-08-20,Barbados,Jamaica,2.0,2.0,Friendly,Bridgetown,Barbados,False
2018-08-22,Sint Maarten,Anguilla,1.0,1.0,Friendly,Philipsburg,Sint Maarten,False
2018-08-25,Anguilla,Saint Martin,1.0,2.0,Friendly,The Valley,Anguilla,False
2018-08-26,Barbados,Cuba,0.0,0.0,Friendly,Bridgetown,Barbados,False
2018-08-29,Bangladesh,Sri Lanka,0.0,1.0,Friendly,Nilphamari Sadar,Bangladesh,False
2018-08-29,Barbados,Cuba,0.0,2.0,Friendly,Bridgetown,Barbados,False
2018-08-29,Macau,Solomon Islands,1.0,4.0,Friendly,Taipa,Macau,False
2018-09-01,Timor-Leste,Brunei,3.0,1.0,AFF Championship qualification,Kuala Lumpur,Malaysia,True
2018-09-02,Ethiopia,Burundi,1.0,1.0,Friendly,Hawassa,Ethiopia,False
2018-09-02,Guam,Northern Mariana Islands,4.0,0.0,EAFF Championship,Ulaanbaatar,Mongolia,True
2018-09-02,Mongolia,Macau,4.0,1.0,EAFF Championship,Ulaanbaatar,Mongolia,False
2018-09-04,Macau,Guam,2.0,0.0,EAFF Championship,Ulaanbaatar,Mongolia,True
2018-09-04,Mongolia,Northern Mariana Islands,9.0,0.0,EAFF Championship,Ulaanbaatar,Mongolia,False
2018-09-04,Nepal,Pakistan,1.0,2.0,SAFF Cup,Dhaka,Bangladesh,True
2018-09-04,Bangladesh,Bhutan,2.0,0.0,SAFF Cup,Dhaka,Bangladesh,False
2018-09-05,Fiji,Solomon Islands,1.0,1.0,Friendly,Suva,Fiji,False
2018-09-05,Slovakia,Denmark,3.0,0.0,Friendly,Trnava,Slovakia,False
2018-09-05,India,Sri Lanka,2.0,0.0,SAFF Cup,Dhaka,Bangladesh,True
2018-09-06,Germany,France,0.0,0.0,UEFA Nations League,Munich,Germany,False
2018-09-06,Czech Republic,Ukraine,1.0,2.0,UEFA Nations League,Uherské Hradiště,Czech Republic,False
2018-09-06,Wales,Republic of Ireland,4.0,1.0,UEFA Nations League,Cardiff,Wales,False
2018-09-06,Norway,Cyprus,2.0,0.0,UEFA Nations League,Oslo,Norway,False
2018-09-06,Slovenia,Bulgaria,1.0,2.0,UEFA Nations League,Ljubljana,Slovenia,False
2018-09-06,Kazakhstan,Georgia,0.0,2.0,UEFA Nations League,Astana,Kazakhstan,False
2018-09-06,Latvia,Andorra,0.0,0.0,UEFA Nations League,Riga,Latvia,False
2018-09-06,Armenia,Liechtenstein,2.0,1.0,UEFA Nations League,Yerevan,Armenia,False
2018-09-06,Gibraltar,North Macedonia,0.0,2.0,UEFA Nations League,Gibraltar,Gibraltar,False
2018-09-06,Austria,Sweden,2.0,0.0,Friendly,Vienna,Austria,False
2018-09-06,Bahrain,Philippines,1.0,1.0,Friendly,East Riffa,Bahrain,False
2018-09-06,Jordan,Lebanon,0.0,1.0,Friendly,Amman,Jordan,False
2018-09-06,Kyrgyzstan,Palestine,1.0,1.0,Friendly,Bishkek,Kyrgyzstan,False
2018-09-06,Netherlands,Peru,2.0,1.0,Friendly,Amsterdam,Netherlands,False
2018-09-06,Portugal,Croatia,1.0,1.0,Friendly,Faro-Loulé,Portugal,False
2018-09-06,Trinidad and Tobago,United Arab Emirates,2.0,0.0,Friendly,Llagostera,Trinidad and Tobago,False
2018-09-06,Uzbekistan,Syria,1.0,1.0,Friendly,Tashkent,Uzbekistan,False
2018-09-06,Northern Mariana Islands,Macau,1.0,1.0,EAFF Championship,Ulaanbaatar,Mongolia,True
2018-09-06,Mongolia,Guam,1.0,1.0,EAFF Championship,Ulaanbaatar,Mongolia,False
2018-09-06,Nepal,Bhutan,4.0,0.0,SAFF Cup,Dhaka,Bangladesh,True
2018-09-06,Bangladesh,Pakistan,1.0,0.0,SAFF Cup,Dhaka,Bangladesh,False
2018-09-06,Dominica,Suriname,0.0,0.0,CONCACAF Nations League qualification,Les Abymes,Guadeloupe,True
2018-09-06,Guyana,Barbados,3.0,0.0,CONCACAF Nations League qualification,Leonora,Guyana,False
2018-09-07,Italy,Poland,1.0,1.0,UEFA Nations League,Bologna,Italy,False
2018-09-07,Turkey,Russia,1.0,2.0,UEFA Nations League,Trabzon,Turkey,False
2018-09-07,Albania,Israel,1.0,0.0,UEFA Nations League,Elbasan,Albania,False
2018-09-07,Lithuania,Serbia,0.0,1.0,UEFA Nations League,Vilnius,Lithuania,False
2018-09-07,Romania,Montenegro,0.0,0.0,UEFA Nations League,Ploiești,Romania,False
2018-09-07,Faroe Islands,Malta,3.0,1.0,UEFA Nations League,Tórshavn,Faroe Islands,False
2018-09-07,Azerbaijan,Kosovo,0.0,0.0,UEFA Nations League,Baku,Azerbaijan,False
2018-09-07,Argentina,Guatemala,3.0,0.0,Friendly,Los Angeles,United States,True
2018-09-07,Taiwan,Malaysia,2.0,0.0,Friendly,Taipei,Taiwan,False
2018-09-07,Ecuador,Jamaica,2.0,0.0,Friendly,Harrison,United States,True
2018-09-07,South Korea,Costa Rica,2.0,0.0,Friendly,Goyang,South Korea,False
2018-09-07,Mexico,Uruguay,1.0,4.0,Friendly,Houston,United States,True
2018-09-07,Qatar,China PR,1.0,0.0,Friendly,Doha,Qatar,False
2018-09-07,Scotland,Belgium,0.0,4.0,Friendly,Glasgow,Scotland,False
2018-09-07,Singapore,Mauritius,1.0,1.0,Friendly,Bishan,Singapore,False
2018-09-07,United States,Brazil,0.0,2.0,Friendly,East Rutherford,United States,False
2018-09-07,Venezuela,Colombia,1.0,2.0,Friendly,Miami Gardens,United States,True
2018-09-07,Maldives,Sri Lanka,0.0,0.0,SAFF Cup,Dhaka,Bangladesh,True
2018-09-07,Anguilla,French Guiana,0.0,5.0,CONCACAF Nations League qualification,The Valley,Anguilla,False
2018-09-07,Antigua and Barbuda,Saint Lucia,0.0,3.0,CONCACAF Nations League qualification,North Sound,Antigua and Barbuda,False
2018-09-07,Belize,Bahamas,4.0,0.0,CONCACAF Nations League qualification,Belmopan,Belize,False
2018-09-08,Switzerland,Iceland,6.0,0.0,UEFA Nations League,St. Gallen,Switzerland,False
2018-09-08,England,Spain,1.0,2.0,UEFA Nations League,London,England,False
2018-09-08,Northern Ireland,Bosnia and Herzegovina,1.0,2.0,UEFA Nations League,Belfast,Northern Ireland,False
2018-09-08,Finland,Hungary,1.0,0.0,UEFA Nations League,Tampere,Finland,False
2018-09-08,Estonia,Greece,0.0,1.0,UEFA Nations League,Tallinn,Estonia,False
2018-09-08,Belarus,San Marino,5.0,0.0,UEFA Nations League,Minsk,Belarus,False
2018-09-08,Luxembourg,Moldova,4.0,0.0,UEFA Nations League,Luxembourg,Luxembourg,False
2018-09-08,Brunei,Timor-Leste,1.0,0.0,AFF Championship qualification,Bandar Seri Begawan,Brunei,False
2018-09-08,Equatorial Guinea,Sudan,1.0,0.0,African Cup of Nations qualification,Bata,Equatorial Guinea,False
2018-09-08,Comoros,Cameroon,1.0,1.0,African Cup of Nations qualification,Mitsamiouli,Comoros,False
2018-09-08,Gabon,Burundi,1.0,1.0,African Cup of Nations qualification,Libreville,Gabon,False
2018-09-08,Gambia,Algeria,1.0,1.0,African Cup of Nations qualification,Bakau,Gambia,False
2018-09-08,South Africa,Libya,0.0,0.0,African Cup of Nations qualification,Durban,South Africa,False
2018-09-08,Mauritania,Burkina Faso,2.0,0.0,African Cup of Nations qualification,Nouakchott,Mauritania,False
2018-09-08,Egypt,Niger,6.0,0.0,African Cup of Nations qualification,Alexandria,Egypt,False
2018-09-08,Namibia,Zambia,1.0,1.0,African Cup of Nations qualification,Windhoek,Namibia,False
2018-09-08,Uganda,Tanzania,0.0,0.0,African Cup of Nations qualification,Kira,Uganda,False
2018-09-08,Pakistan,Bhutan,3.0,0.0,SAFF Cup,Dhaka,Bangladesh,True
2018-09-08,Bangladesh,Nepal,0.0,2.0,SAFF Cup,Dhaka,Bangladesh,False
2018-09-08,Saint Vincent and the Grenadines,Nicaragua,0.0,2.0,CONCACAF Nations League qualification,Kingstown,Saint Vincent and the Grenadines,False
2018-09-08,Cuba,Turks and Caicos Islands,11.0,0.0,CONCACAF Nations League qualification,Havana,Cuba,False
2018-09-08,Montserrat,El Salvador,1.0,2.0,CONCACAF Nations League qualification,Lookout,Montserrat,False
2018-09-08,Morocco,Malawi,3.0,0.0,African Cup of Nations qualification,Casablanca,Morocco,False
2018-09-08,Seychelles,Nigeria,0.0,3.0,African Cup of Nations qualification,Victoria,Seychelles,False
2018-09-08,Kenya,Ghana,1.0,0.0,African Cup of Nations qualification,Nairobi,Kenya,False
2018-09-08,Mozambique,Guinea-Bissau,2.0,2.0,African Cup of Nations qualification,Maputo,Mozambique,False
2018-09-09,France,Netherlands,2.0,1.0,UEFA Nations League,Paris,France,False
2018-09-09,Ukraine,Slovakia,1.0,0.0,UEFA Nations League,Lviv,Ukraine,False
2018-09-09,Denmark,Wales,2.0,0.0,UEFA Nations League,Aarhus,Denmark,False
2018-09-09,Bulgaria,Norway,1.0,0.0,UEFA Nations League,Sofia,Bulgaria,False
2018-09-09,Cyprus,Slovenia,2.0,1.0,UEFA Nations League,Nicosia,Cyprus,False
2018-09-09,Georgia,Latvia,1.0,0.0,UEFA Nations League,Tbilisi,Georgia,False
2018-09-09,North Macedonia,Armenia,2.0,0.0,UEFA Nations League,Skopje,North Macedonia,False
2018-09-09,Liechtenstein,Gibraltar,2.0,0.0,UEFA Nations League,Vaduz,Liechtenstein,False
2018-09-09,Germany,Peru,2.0,1.0,Friendly,Sinsheim,Germany,False
2018-09-09,Lebanon,Oman,0.0,0.0,Friendly,Amman,Jordan,True
2018-09-09,Congo,Zimbabwe,1.0,1.0,African Cup of Nations qualification,Brazzaville,Congo,False
2018-09-09,Rwanda,Ivory Coast,1.0,2.0,African Cup of Nations qualification,Kigali,Rwanda,False
2018-09-09,India,Maldives,2.0,0.0,SAFF Cup,Dhaka,Bangladesh,True
2018-09-09,Bonaire,Dominican Republic,0.0,5.0,CONCACAF Nations League qualification,Willemstad,Curaçao,True
2018-09-09,United States Virgin Islands,Canada,0.0,8.0,CONCACAF Nations League qualification,Bradenton,United States,True
2018-09-09,Aruba,Bermuda,3.0,1.0,CONCACAF Nations League qualification,Willemstad,Curaçao,True
2018-09-09,Jamaica,Cayman Islands,4.0,0.0,CONCACAF Nations League qualification,Kingston,Jamaica,False
2018-09-09,Saint Kitts and Nevis,Puerto Rico,1.0,0.0,CONCACAF Nations League qualification,Basseterre,Saint Kitts and Nevis,False
2018-09-09,Madagascar,Senegal,2.0,2.0,African Cup of Nations qualification,Antananarivo,Madagascar,False
2018-09-09,South Sudan,Mali,0.0,3.0,African Cup of Nations qualification,Juba,South Sudan,False
2018-09-09,Togo,Benin,0.0,0.0,African Cup of Nations qualification,Lomé,Togo,False
2018-09-09,Guinea,Central African Republic,1.0,0.0,African Cup of Nations qualification,Conakry,Guinea,False
2018-09-09,Angola,Botswana,1.0,0.0,African Cup of Nations qualification,Luanda,Angola,False
2018-09-09,Eswatini,Tunisia,0.0,2.0,African Cup of Nations qualification,Manzini,Eswatini,False
2018-09-09,Lesotho,Cape Verde,1.0,1.0,African Cup of Nations qualification,Maseru,Lesotho,False
2018-09-09,Liberia,DR Congo,1.0,1.0,African Cup of Nations qualification,Monrovia,Liberia,False
2018-09-10,Portugal,Italy,1.0,0.0,UEFA Nations League,Lisbon,Portugal,False
2018-09-10,Sweden,Turkey,2.0,3.0,UEFA Nations League,Stockholm,Sweden,False
2018-09-10,Scotland,Albania,2.0,0.0,UEFA Nations League,Glasgow,Scotland,False
2018-09-10,Montenegro,Lithuania,2.0,0.0,UEFA Nations League,Podgorica,Montenegro,False
2018-09-10,Serbia,Romania,2.0,2.0,UEFA Nations League,Belgrade,Serbia,False
2018-09-10,Andorra,Kazakhstan,1.0,1.0,UEFA Nations League,Andorra la Vella,Andorra,False
2018-09-10,Kosovo,Faroe Islands,2.0,0.0,UEFA Nations League,Pristina,Kosovo,False
2018-09-10,Malta,Azerbaijan,1.0,1.0,UEFA Nations League,Attard,Malta,False
2018-09-10,Bahrain,China PR,0.0,0.0,Friendly,East Riffa,Bahrain,False
2018-09-10,Cambodia,Malaysia,1.0,3.0,Friendly,Phnom Penh,Cambodia,False
2018-09-10,Kuwait,Iraq,2.0,2.0,Friendly,Al Farwaniyah,Kuwait,False
2018-09-10,Kyrgyzstan,Syria,2.0,1.0,Friendly,Bishkek,Kyrgyzstan,False
2018-09-10,Russia,Czech Republic,5.0,1.0,Friendly,Rostov-on-Don,Russia,False
2018-09-10,Saudi Arabia,Bolivia,2.0,2.0,Friendly,Riyadh,Saudi Arabia,False
2018-09-10,Haiti,Sint Maarten,13.0,0.0,CONCACAF Nations League qualification,Port-au-Prince,Haiti,False
2018-09-10,Curaçao,Grenada,10.0,0.0,CONCACAF Nations League qualification,Willemstad,Curaçao,False
2018-09-11,Iceland,Belgium,0.0,3.0,UEFA Nations League,Reykjavík,Iceland,False
2018-09-11,Spain,Croatia,6.0,0.0,UEFA Nations League,Elche,Spain,False
2018-09-11,Bosnia and Herzegovina,Austria,1.0,0.0,UEFA Nations League,Zenica,Bosnia and Herzegovina,False
2018-09-11,Hungary,Greece,2.0,1.0,UEFA Nations League,Budapest,Hungary,False
2018-09-11,Finland,Estonia,1.0,0.0,UEFA Nations League,Turku,Finland,False
2018-09-11,San Marino,Luxembourg,0.0,3.0,UEFA Nations League,Serravalle,San Marino,False
2018-09-11,Moldova,Belarus,0.0,0.0,UEFA Nations League,Chișinău,Moldova,False
2018-09-11,Colombia,Argentina,0.0,0.0,Friendly,East Rutherford,United States,True
2018-09-11,Ecuador,Guatemala,2.0,0.0,Friendly,Bridgeview,United States,True
2018-09-11,England,Switzerland,1.0,0.0,Friendly,London,England,False
2018-09-11,Gabon,Zambia,0.0,1.0,Friendly,Libreville,Gabon,False
2018-09-11,Indonesia,Mauritius,1.0,0.0,Friendly,Cikarang,Indonesia,False
2018-09-11,Japan,Costa Rica,3.0,0.0,Kirin Challenge Cup,Suita,Japan,False
2018-09-11,Jordan,Oman,0.0,0.0,Friendly,Amman,Jordan,False
2018-09-11,Kenya,Malawi,1.0,0.0,Friendly,Nairobi,Kenya,False
2018-09-11,South Korea,Chile,0.0,0.0,Friendly,Suwon,South Korea,False
2018-09-11,Laos,United Arab Emirates,0.0,3.0,Friendly,Llagostera,Laos,False
2018-09-11,Liberia,Nigeria,1.0,2.0,Friendly,Monrovia,Liberia,False
2018-09-11,Northern Ireland,Israel,3.0,0.0,Friendly,Belfast,Northern Ireland,False
2018-09-11,Panama,Venezuela,0.0,2.0,Friendly,Panama City,Panama,False
2018-09-11,Poland,Republic of Ireland,1.0,1.0,Friendly,Wrocław,Poland,False
2018-09-11,Qatar,Palestine,3.0,0.0,Friendly,Doha,Qatar,False
2018-09-11,Singapore,Fiji,2.0,0.0,Friendly,Bishan,Singapore,False
2018-09-11,United States,Mexico,1.0,0.0,Friendly,Nashville,United States,False
2018-09-11,Uzbekistan,Iran,0.0,1.0,Friendly,Tashkent,Uzbekistan,False
2018-09-11,Saint Martin,Guadeloupe,0.0,3.0,CONCACAF Nations League qualification,The Valley,Anguilla,True
2018-09-12,Brazil,El Salvador,5.0,0.0,Friendly,Landover,United States,True
2018-09-12,India,Pakistan,3.0,1.0,SAFF Cup,Dhaka,Bangladesh,True
2018-09-12,Nepal,Maldives,0.0,3.0,SAFF Cup,Dhaka,Bangladesh,True
2018-09-15,Maldives,India,2.0,1.0,SAFF Cup,Dhaka,Bangladesh,True
2018-09-30,Botswana,Namibia,1.0,0.0,Friendly,Gaborone,Botswana,False
2018-09-30,Saint Vincent and the Grenadines,Barbados,1.0,1.0,Friendly,Georgetown,Saint Vincent and the Grenadines,False
2018-10-10,Albania,Jordan,0.0,0.0,Friendly,Elbasan,Albania,False
2018-10-10,Indonesia,Myanmar,3.0,0.0,Friendly,Cikarang,Indonesia,False
2018-10-10,Italy,Ukraine,1.0,1.0,Friendly,Genoa,Italy,False
2018-10-10,Ethiopia,Kenya,0.0,0.0,African Cup of Nations qualification,Bahir Dar,Ethiopia,False
2018-10-10,Zambia,Guinea-Bissau,2.0,1.0,African Cup of Nations qualification,Lusaka,Zambia,False
2018-10-11,Poland,Portugal,2.0,3.0,UEFA Nations League,Chorzów,Poland,False
2018-10-11,Russia,Sweden,0.0,0.0,UEFA Nations League,Kaliningrad,Russia,False
2018-10-11,Israel,Scotland,2.0,1.0,UEFA Nations League,Haifa,Israel,False
2018-10-11,Montenegro,Serbia,0.0,2.0,UEFA Nations League,Podgorica,Montenegro,False
2018-10-11,Lithuania,Romania,1.0,2.0,UEFA Nations League,Vilnius,Lithuania,False
2018-10-11,Faroe Islands,Azerbaijan,0.0,3.0,UEFA Nations League,Tórshavn,Faroe Islands,False
2018-10-11,Kosovo,Malta,3.0,1.0,UEFA Nations League,Pristina,Kosovo,False
2018-10-11,Argentina,Iraq,4.0,0.0,Friendly,Riyadh,Saudi Arabia,True
2018-10-11,Bahrain,Syria,0.0,1.0,Friendly,East Riffa,Bahrain,False
2018-10-11,France,Iceland,2.0,2.0,Friendly,Guingamp,France,False
2018-10-11,Honduras,United Arab Emirates,1.0,1.0,Friendly,Barcelona,Spain,True
2018-10-11,Hong Kong,Thailand,0.0,1.0,Friendly,Hong Kong,Hong Kong,False
2018-10-11,Kuwait,Lebanon,1.0,0.0,Friendly,Kuwait City,Kuwait,False
2018-10-11,Mexico,Costa Rica,3.0,2.0,Friendly,San Nicolás de los Garza,Mexico,False
2018-10-11,Turkey,Bosnia and Herzegovina,0.0,0.0,Friendly,Rize,Turkey,False
2018-10-11,United States,Colombia,2.0,4.0,Friendly,Tampa,United States,False
2018-10-11,Wales,Spain,1.0,4.0,Friendly,Cardiff,Wales,False
2018-10-11,Congo,Liberia,3.0,1.0,African Cup of Nations qualification,Brazzaville,Congo,False
2018-10-11,French Guiana,Saint Vincent and the Grenadines,0.0,1.0,CONCACAF Nations League qualification,Cayenne,French Guiana,False
2018-10-12,Belgium,Switzerland,2.0,1.0,UEFA Nations League,Brussels,Belgium,False
2018-10-12,Croatia,England,0.0,0.0,UEFA Nations League,Rijeka,Croatia,False
2018-10-12,Austria,Northern Ireland,1.0,0.0,UEFA Nations League,Vienna,Austria,False
2018-10-12,Estonia,Finland,0.0,1.0,UEFA Nations League,Tallinn,Estonia,False
2018-10-12,Greece,Hungary,1.0,0.0,UEFA Nations League,Athens,Greece,False
2018-10-12,Belarus,Luxembourg,1.0,0.0,UEFA Nations League,Minsk,Belarus,False
2018-10-12,Moldova,San Marino,2.0,0.0,UEFA Nations League,Chișinău,Moldova,False
2018-10-12,Cambodia,Timor-Leste,2.0,2.0,Friendly,Phnom Penh,Cambodia,False
2018-10-12,Japan,Panama,3.0,0.0,Kirin Challenge Cup,Niigata,Japan,False
2018-10-12,South Korea,Uruguay,2.0,1.0,Friendly,Seoul,South Korea,False
2018-10-12,Peru,Chile,3.0,0.0,Friendly,Miami Gardens,United States,True
2018-10-12,Qatar,Ecuador,4.0,3.0,Friendly,Doha,Qatar,False
2018-10-12,Saudi Arabia,Brazil,0.0,2.0,Friendly,Riyadh,Saudi Arabia,False
2018-10-12,Singapore,Mongolia,2.0,0.0,Friendly,Bishan,Singapore,False
2018-10-12,Sri Lanka,Malaysia,1.0,4.0,Friendly,Colombo,Sri Lanka,False
2018-10-12,Cameroon,Malawi,1.0,0.0,African Cup of Nations qualification,Yaoundé,Cameroon,False
2018-10-12,Gabon,South Sudan,3.0,0.0,African Cup of Nations qualification,Libreville,Gabon,False
2018-10-12,Togo,Gambia,1.0,1.0,African Cup of Nations qualification,Lomé,Togo,False
2018-10-12,Ivory Coast,Central African Republic,4.0,0.0,African Cup of Nations qualification,Bouaké,Ivory Coast,False
2018-10-12,Angola,Mauritania,4.0,1.0,African Cup of Nations qualification,Luanda,Angola,False
2018-10-12,Egypt,Eswatini,4.0,1.0,African Cup of Nations qualification,Cairo,Egypt,False
2018-10-12,Cape Verde,Tanzania,3.0,0.0,African Cup of Nations qualification,Praia,Cape Verde,False
2018-10-12,Basque Country,Venezuela,4.0,2.0,Friendly,Vitoria-Gasteiz,Spain,False
2018-10-12,United States Virgin Islands,Curaçao,0.0,5.0,CONCACAF Nations League qualification,Bradenton,United States,True
2018-10-12,Bahamas,Antigua and Barbuda,0.0,6.0,CONCACAF Nations League qualification,Nassau,Bahamas,False
2018-10-12,Dominican Republic,Cayman Islands,3.0,0.0,CONCACAF Nations League qualification,Santiago de los Caballeros,Dominican Republic,False
2018-10-12,Bermuda,Sint Maarten,12.0,0.0,CONCACAF Nations League qualification,Hamilton,Bermuda,False
2018-10-12,Grenada,Cuba,0.0,2.0,CONCACAF Nations League qualification,St. George's,Grenada,False
2018-10-12,Mali,Burundi,0.0,0.0,African Cup of Nations qualification,Bamako,Mali,False
2018-10-12,Algeria,Benin,2.0,0.0,African Cup of Nations qualification,Blida,Algeria,False
2018-10-12,Guinea,Rwanda,2.0,0.0,African Cup of Nations qualification,Conakry,Guinea,False
2018-10-13,Netherlands,Germany,3.0,0.0,UEFA Nations League,Amsterdam,Netherlands,False
2018-10-13,Slovakia,Czech Republic,1.0,2.0,UEFA Nations League,Trnava,Slovakia,False
2018-10-13,Republic of Ireland,Denmark,0.0,0.0,UEFA Nations League,Dublin,Republic of Ireland,False
2018-10-13,Norway,Slovenia,1.0,0.0,UEFA Nations League,Oslo,Norway,False
2018-10-13,Bulgaria,Cyprus,2.0,1.0,UEFA Nations League,Sofia,Bulgaria,False
2018-10-13,Latvia,Kazakhstan,1.0,1.0,UEFA Nations League,Riga,Latvia,False
2018-10-13,Georgia,Andorra,3.0,0.0,UEFA Nations League,Tbilisi,Georgia,False
2018-10-13,Armenia,Gibraltar,0.0,1.0,UEFA Nations League,Yerevan,Armenia,False
2018-10-13,North Macedonia,Liechtenstein,4.0,1.0,UEFA Nations League,Skopje,North Macedonia,False
2018-10-13,China PR,India,0.0,0.0,Friendly,Suzhou,China PR,False
2018-10-13,Myanmar,Bolivia,0.0,3.0,Friendly,Yangon,Myanmar,False
2018-10-13,Oman,Philippines,1.0,1.0,Friendly,Al Rayyan,Qatar,True
2018-10-13,Uzbekistan,North Korea,2.0,0.0,Friendly,Tashkent,Uzbekistan,False
2018-10-13,Equatorial Guinea,Madagascar,0.0,1.0,African Cup of Nations qualification,Bata,Equatorial Guinea,False
2018-10-13,Nigeria,Libya,4.0,0.0,African Cup of Nations qualification,Uyo,Nigeria,False
2018-10-13,Puerto Rico,Martinique,0.0,1.0,CONCACAF Nations League qualification,Bayamón,Puerto Rico,False
2018-10-13,Turks and Caicos Islands,Guyana,0.0,8.0,CONCACAF Nations League qualification,Providenciales,Turks and Caicos Islands,False
2018-10-13,Suriname,British Virgin Islands,5.0,0.0,CONCACAF Nations League qualification,Paramaribo,Suriname,False
2018-10-13,El Salvador,Barbados,3.0,0.0,CONCACAF Nations League qualification,San Salvador,El Salvador,False
2018-10-13,Senegal,Sudan,3.0,0.0,African Cup of Nations qualification,Dakar,Senegal,False
2018-10-13,Morocco,Comoros,1.0,0.0,African Cup of Nations qualification,Casablanca,Morocco,False
2018-10-13,South Africa,Seychelles,6.0,0.0,African Cup of Nations qualification,Johannesburg,South Africa,False
2018-10-13,DR Congo,Zimbabwe,1.0,2.0,African Cup of Nations qualification,Kinshasa,DR Congo,False
2018-10-13,Burkina Faso,Botswana,3.0,0.0,African Cup of Nations qualification,Ouagadougou,Burkina Faso,False
2018-10-13,Tunisia,Niger,1.0,0.0,African Cup of Nations qualification,Radès,Tunisia,False
2018-10-13,Mozambique,Namibia,1.0,2.0,African Cup of Nations qualification,Maputo,Mozambique,False
2018-10-13,Uganda,Lesotho,3.0,0.0,African Cup of Nations qualification,Kira,Uganda,False
2018-10-14,Poland,Italy,0.0,1.0,UEFA Nations League,Chorzów,Poland,False
2018-10-14,Russia,Turkey,2.0,0.0,UEFA Nations League,Sochi,Russia,False
2018-10-14,Israel,Albania,2.0,0.0,UEFA Nations League,Beer Sheva,Israel,False
2018-10-14,Romania,Serbia,0.0,0.0,UEFA Nations League,Bucharest,Romania,False
2018-10-14,Lithuania,Montenegro,1.0,4.0,UEFA Nations League,Vilnius,Lithuania,False
2018-10-14,Faroe Islands,Kosovo,1.0,1.0,UEFA Nations League,Tórshavn,Faroe Islands,False
2018-10-14,Azerbaijan,Malta,1.0,1.0,UEFA Nations League,Baku,Azerbaijan,False
2018-10-14,Scotland,Portugal,1.0,3.0,Friendly,Glasgow,Scotland,False
2018-10-14,Thailand,Trinidad and Tobago,1.0,0.0,Friendly,Suphan Buri,Thailand,False
2018-10-14,Guinea-Bissau,Zambia,2.0,1.0,African Cup of Nations qualification,Bissau,Guinea-Bissau,False
2018-10-14,Saint Martin,Saint Kitts and Nevis,0.0,10.0,CONCACAF Nations League qualification,The Valley,Anguilla,True
2018-10-14,Bonaire,Jamaica,0.0,6.0,CONCACAF Nations League qualification,Willemstad,Curaçao,True
2018-10-14,Montserrat,Belize,1.0,0.0,CONCACAF Nations League qualification,Lookout,Montserrat,False
2018-10-14,Nicaragua,Anguilla,6.0,0.0,CONCACAF Nations League qualification,Heredia,Costa Rica,True
2018-10-14,Kenya,Ethiopia,3.0,0.0,African Cup of Nations qualification,Nairobi,Kenya,False
2018-10-15,Iceland,Switzerland,1.0,2.0,UEFA Nations League,Reykjavík,Iceland,False
2018-10-15,Spain,England,2.0,3.0,UEFA Nations League,Seville,Spain,False
2018-10-15,Bosnia and Herzegovina,Northern Ireland,2.0,0.0,UEFA Nations League,Sarajevo,Bosnia and Herzegovina,False
2018-10-15,Estonia,Hungary,3.0,3.0,UEFA Nations League,Tallinn,Estonia,False
2018-10-15,Finland,Greece,2.0,0.0,UEFA Nations League,Tampere,Finland,False
2018-10-15,Luxembourg,San Marino,3.0,0.0,UEFA Nations League,Luxembourg,Luxembourg,False
2018-10-15,Belarus,Moldova,0.0,0.0,UEFA Nations League,Minsk,Belarus,False
2018-10-15,Croatia,Jordan,2.0,1.0,Friendly,Rijeka,Croatia,False
2018-10-15,Kuwait,Australia,0.0,4.0,Friendly,Kuwait City,Kuwait,False
2018-10-15,Saudi Arabia,Iraq,1.0,1.0,Friendly,Riyadh,Saudi Arabia,False
2018-10-16,France,Germany,2.0,1.0,UEFA Nations League,Paris,France,False
2018-10-16,Ukraine,Czech Republic,1.0,0.0,UEFA Nations League,Kharkiv,Ukraine,False
2018-10-16,Republic of Ireland,Wales,0.0,1.0,UEFA Nations League,Dublin,Republic of Ireland,False
2018-10-16,Norway,Bulgaria,1.0,0.0,UEFA Nations League,Oslo,Norway,False
2018-10-16,Slovenia,Cyprus,1.0,1.0,UEFA Nations League,Ljubljana,Slovenia,False
2018-10-16,Kazakhstan,Andorra,4.0,0.0,UEFA Nations League,Astana,Kazakhstan,False
2018-10-16,Latvia,Georgia,0.0,3.0,UEFA Nations League,Riga,Latvia,False
2018-10-16,Armenia,North Macedonia,4.0,0.0,UEFA Nations League,Yerevan,Armenia,False
2018-10-16,Gibraltar,Liechtenstein,2.0,1.0,UEFA Nations League,Gibraltar,Gibraltar,False
2018-10-16,Bahrain,Myanmar,4.0,1.0,Friendly,East Riffa,Bahrain,False
2018-10-16,Belgium,Netherlands,1.0,1.0,Friendly,Brussels,Belgium,False
2018-10-16,Cambodia,Singapore,1.0,2.0,Friendly,Phnom Penh,Cambodia,False
2018-10-16,China PR,Syria,2.0,0.0,Friendly,Nanjing,China PR,False
2018-10-16,Colombia,Costa Rica,3.0,1.0,Friendly,Harrison,United States,True
2018-10-16,Denmark,Austria,2.0,0.0,Friendly,Herning,Denmark,False
2018-10-16,Indonesia,Hong Kong,1.0,1.0,Friendly,Cikarang,Indonesia,False
2018-10-16,Iran,Bolivia,2.0,1.0,Friendly,Tehran,Iran,False
2018-10-16,Japan,Uruguay,4.0,3.0,Kirin Challenge Cup,Saitama,Japan,False
2018-10-16,South Korea,Panama,2.0,2.0,Friendly,Cheonan,South Korea,False
2018-10-16,Laos,Mongolia,1.0,4.0,Friendly,Vientiane,Laos,False
2018-10-16,Malaysia,Kyrgyzstan,0.0,1.0,Friendly,Malacca City,Malaysia,False
2018-10-16,Mexico,Chile,0.0,1.0,Friendly,Querétaro,Mexico,False
2018-10-16,Oman,Ecuador,0.0,0.0,Friendly,Doha,Qatar,True
2018-10-16,Sweden,Slovakia,1.0,1.0,Friendly,Stockholm,Sweden,False
2018-10-16,United Arab Emirates,Venezuela,0.0,2.0,Friendly,Barcelona,Spain,True
2018-10-16,United States,Peru,1.0,1.0,Friendly,East Hartford,United States,False
2018-10-16,Uzbekistan,Qatar,2.0,0.0,Friendly,Tashkent,Uzbekistan,False
2018-10-16,Madagascar,Equatorial Guinea,1.0,0.0,African Cup of Nations qualification,Antananarivo,Madagascar,False
2018-10-16,Malawi,Cameroon,0.0,0.0,African Cup of Nations qualification,Blantyre,Malawi,False
2018-10-16,Burundi,Mali,1.0,1.0,African Cup of Nations qualification,Bujumbura,Burundi,False
2018-10-16,Benin,Algeria,1.0,0.0,African Cup of Nations qualification,Cotonou,Benin,False
2018-10-16,Seychelles,South Africa,0.0,0.0,African Cup of Nations qualification,Victoria,Seychelles,False
2018-10-16,Liberia,Congo,2.0,1.0,African Cup of Nations qualification,Monrovia,Liberia,False
2018-10-16,Central African Republic,Ivory Coast,0.0,0.0,African Cup of Nations qualification,Bangui,Central African Republic,False
2018-10-16,Mauritania,Angola,1.0,0.0,African Cup of Nations qualification,Nouakchott,Mauritania,False
2018-10-16,Eswatini,Egypt,0.0,2.0,African Cup of Nations qualification,Manzini,Eswatini,False
2018-10-16,Tanzania,Cape Verde,2.0,0.0,African Cup of Nations qualification,Dar es Salaam,Tanzania,False
2018-10-16,Argentina,Brazil,0.0,1.0,Superclásico de las Américas,Jeddah,Saudi Arabia,True
2018-10-16,Martinique,British Virgin Islands,4.0,0.0,CONCACAF Nations League qualification,Fort-de-France,Martinique,False
2018-10-16,Canada,Dominica,5.0,0.0,CONCACAF Nations League qualification,Toronto,Canada,False
2018-10-16,Guadeloupe,Aruba,0.0,0.0,CONCACAF Nations League qualification,Les Abymes,Guadeloupe,False
2018-10-16,Saint Lucia,Haiti,1.0,2.0,CONCACAF Nations League qualification,Fort-de-France,Martinique,True
2018-10-16,Sudan,Senegal,0.0,1.0,African Cup of Nations qualification,Khartoum,Sudan,False
2018-10-16,Comoros,Morocco,2.0,2.0,African Cup of Nations qualification,Mitsamiouli,Comoros,False
2018-10-16,South Sudan,Gabon,0.0,1.0,African Cup of Nations qualification,Juba,South Sudan,False
2018-10-16,Gambia,Togo,0.0,1.0,African Cup of Nations qualification,Bakau,Gambia,False
2018-10-16,Libya,Nigeria,2.0,3.0,African Cup of Nations qualification,Sfax,Tunisia,True
2018-10-16,Rwanda,Guinea,1.0,1.0,African Cup of Nations qualification,Kigali,Rwanda,False
2018-10-16,Zimbabwe,DR Congo,1.0,1.0,African Cup of Nations qualification,Harare,Zimbabwe,False
2018-10-16,Botswana,Burkina Faso,0.0,0.0,African Cup of Nations qualification,Francistown,Botswana,False
2018-10-16,Niger,Tunisia,1.0,2.0,African Cup of Nations qualification,Niamey,Niger,False
2018-10-16,Namibia,Mozambique,1.0,0.0,African Cup of Nations qualification,Windhoek,Namibia,False
2018-10-16,Lesotho,Uganda,0.0,2.0,African Cup of Nations qualification,Maseru,Lesotho,False
2018-10-21,Parishes of Jersey,Yorkshire,2.0,1.0,Friendly,St. Peter,Jersey,False
2018-11-03,Malaysia,Maldives,3.0,0.0,Friendly,Kuala Lumpur,Malaysia,False
2018-11-08,Cambodia,Malaysia,0.0,1.0,AFF Championship,Phnom Penh,Cambodia,False
2018-11-08,Laos,Vietnam,0.0,3.0,AFF Championship,Vientiane,Laos,False
2018-11-09,Singapore,Indonesia,1.0,0.0,AFF Championship,Kallang,Singapore,False
2018-11-09,Thailand,Timor-Leste,7.0,0.0,AFF Championship,Bangkok,Thailand,False
2018-11-11,North Korea,Mongolia,4.0,1.0,EAFF Championship,Taipei,Taiwan,True
2018-11-11,Taiwan,Hong Kong,1.0,2.0,EAFF Championship,Taipei,Taiwan,False
2018-11-12,Myanmar,Cambodia,4.0,1.0,AFF Championship,Mandalay,Myanmar,False
2018-11-12,Malaysia,Laos,3.0,1.0,AFF Championship,Kuala Lumpur,Malaysia,False
2018-11-13,Indonesia,Timor-Leste,3.0,1.0,AFF Championship,Jakarta,Indonesia,False
2018-11-13,Philippines,Singapore,1.0,0.0,AFF Championship,Bacolod,Philippines,False
2018-11-13,Taiwan,Mongolia,2.0,1.0,EAFF Championship,Taipei,Taiwan,False
2018-11-13,Hong Kong,North Korea,0.0,0.0,EAFF Championship,Taipei,Taiwan,True
2018-11-14,Switzerland,Qatar,0.0,1.0,Friendly,Lugano,Switzerland,False
2018-11-14,Vanuatu,New Caledonia,0.0,1.0,Friendly,Port Vila,Vanuatu,False
2018-11-15,Belgium,Iceland,2.0,0.0,UEFA Nations League,Brussels,Belgium,False
2018-11-15,Croatia,Spain,3.0,2.0,UEFA Nations League,Zagreb,Croatia,False
2018-11-15,Austria,Bosnia and Herzegovina,0.0,0.0,UEFA Nations League,Vienna,Austria,False
2018-11-15,Hungary,Estonia,2.0,0.0,UEFA Nations League,Budapest,Hungary,False
2018-11-15,Greece,Finland,1.0,0.0,UEFA Nations League,Athens,Greece,False
2018-11-15,Andorra,Georgia,1.0,1.0,UEFA Nations League,Andorra la Vella,Andorra,False
2018-11-15,Kazakhstan,Latvia,1.0,1.0,UEFA Nations League,Astana,Kazakhstan,False
2018-11-15,Luxembourg,Belarus,0.0,2.0,UEFA Nations League,Luxembourg,Luxembourg,False
2018-11-15,San Marino,Moldova,0.0,1.0,UEFA Nations League,Serravalle,San Marino,False
2018-11-15,England,United States,3.0,0.0,Friendly,London,England,False
2018-11-15,Germany,Russia,3.0,0.0,Friendly,Leipzig,Germany,False
2018-11-15,Iran,Trinidad and Tobago,1.0,0.0,Friendly,Tehran,Iran,False
2018-11-15,Israel,Guatemala,7.0,0.0,Friendly,Netanya,Israel,False
2018-11-15,Peru,Ecuador,0.0,2.0,Friendly,Lima,Peru,False
2018-11-15,Poland,Czech Republic,0.0,1.0,Friendly,Gdańsk,Poland,False
2018-11-15,Republic of Ireland,Northern Ireland,0.0,0.0,Friendly,Dublin,Republic of Ireland,False
2018-11-15,Uzbekistan,Lebanon,0.0,0.0,Friendly,Robina,Australia,True
2018-11-16,Netherlands,France,2.0,0.0,UEFA Nations League,Rotterdam,Netherlands,False
2018-11-16,Slovakia,Ukraine,4.0,1.0,UEFA Nations League,Trnava,Slovakia,False
2018-11-16,Wales,Denmark,1.0,2.0,UEFA Nations League,Cardiff,Wales,False
2018-11-16,Slovenia,Norway,1.0,1.0,UEFA Nations League,Ljubljana,Slovenia,False
2018-11-16,Cyprus,Bulgaria,1.0,1.0,UEFA Nations League,Nicosia,Cyprus,False
2018-11-16,Gibraltar,Armenia,2.0,6.0,UEFA Nations League,Gibraltar,Gibraltar,False
2018-11-16,Liechtenstein,North Macedonia,0.0,2.0,UEFA Nations League,Vaduz,Liechtenstein,False
2018-11-16,Argentina,Mexico,2.0,0.0,Friendly,Córdoba,Argentina,False
2018-11-16,Brazil,Uruguay,1.0,0.0,Friendly,London,England,True
2018-11-16,Chile,Costa Rica,2.0,3.0,Friendly,Rancagua,Chile,False
2018-11-16,Honduras,Panama,1.0,0.0,Friendly,Tegucigalpa,Honduras,False
2018-11-16,Japan,Venezuela,1.0,1.0,Kirin Challenge Cup,Ōita,Japan,False
2018-11-16,Oman,Syria,1.0,1.0,Friendly,Muscat,Oman,False
2018-11-16,Palestine,Pakistan,2.0,1.0,Friendly,Al-Ram,Palestine,False
2018-11-16,Saudi Arabia,Yemen,1.0,0.0,Friendly,Dammam,Saudi Arabia,False
2018-11-16,United Arab Emirates,Bolivia,0.0,0.0,Friendly,Dubai,United Arab Emirates,False
2018-11-16,Laos,Myanmar,1.0,3.0,AFF Championship,Vientiane,Laos,False
2018-11-16,Vietnam,Malaysia,2.0,0.0,AFF Championship,Hanoi,Vietnam,False
2018-11-16,Morocco,Cameroon,2.0,0.0,African Cup of Nations qualification,Casablanca,Morocco,False
2018-11-16,South Sudan,Burundi,2.0,5.0,African Cup of Nations qualification,Juba,South Sudan,False
2018-11-16,Egypt,Tunisia,3.0,2.0,African Cup of Nations qualification,Alexandria,Egypt,False
2018-11-16,Taiwan,North Korea,0.0,2.0,EAFF Championship,Taipei,Taiwan,False
2018-11-16,Mongolia,Hong Kong,1.0,5.0,EAFF Championship,Taipei,Taiwan,True
2018-11-16,Grenada,Saint Martin,5.0,2.0,CONCACAF Nations League qualification,St. George's,Grenada,False
2018-11-16,Bermuda,El Salvador,1.0,0.0,CONCACAF Nations League qualification,Hamilton,Bermuda,False
2018-11-16,Aruba,Montserrat,0.0,2.0,CONCACAF Nations League qualification,Willemstad,Curaçao,True
2018-11-16,Belize,Puerto Rico,1.0,0.0,CONCACAF Nations League qualification,Belmopan,Belize,False
2018-11-17,Italy,Portugal,0.0,0.0,UEFA Nations League,Milan,Italy,False
2018-11-17,Turkey,Sweden,0.0,1.0,UEFA Nations League,Konya,Turkey,False
2018-11-17,Albania,Scotland,0.0,4.0,UEFA Nations League,Shkodër,Albania,False
2018-11-17,Serbia,Montenegro,2.0,1.0,UEFA Nations League,Belgrade,Serbia,False
2018-11-17,Romania,Lithuania,3.0,0.0,UEFA Nations League,Ploiești,Romania,False
2018-11-17,Malta,Kosovo,0.0,5.0,UEFA Nations League,Attard,Malta,False
2018-11-17,Azerbaijan,Faroe Islands,2.0,0.0,UEFA Nations League,Baku,Azerbaijan,False
2018-11-17,Australia,South Korea,1.0,1.0,Friendly,Brisbane,Australia,False
2018-11-17,Jordan,India,2.0,1.0,Friendly,Amman,Jordan,False
2018-11-17,Vanuatu,New Caledonia,2.0,2.0,Friendly,Port Vila,Vanuatu,False
2018-11-17,Thailand,Indonesia,4.0,2.0,AFF Championship,Bangkok,Thailand,False
2018-11-17,Timor-Leste,Philippines,2.0,3.0,AFF Championship,Kuala Lumpur,Malaysia,True
2018-11-17,Equatorial Guinea,Senegal,0.0,1.0,African Cup of Nations qualification,Bata,Equatorial Guinea,False
2018-11-17,Gambia,Benin,3.0,1.0,African Cup of Nations qualification,Bakau,Gambia,False
2018-11-17,Seychelles,Libya,1.0,8.0,African Cup of Nations qualification,Victoria,Seychelles,False
2018-11-17,Namibia,Guinea-Bissau,0.0,0.0,African Cup of Nations qualification,Windhoek,Namibia,False
2018-11-17,Uganda,Cape Verde,1.0,0.0,African Cup of Nations qualification,Kira,Uganda,False
2018-11-17,Cuba,Dominican Republic,1.0,0.0,CONCACAF Nations League qualification,Havana,Cuba,False
2018-11-17,Jamaica,Suriname,2.0,1.0,CONCACAF Nations League qualification,Kingston,Jamaica,False
2018-11-17,Cayman Islands,Saint Lucia,0.0,0.0,CONCACAF Nations League qualification,George Town,Cayman Islands,False
2018-11-17,Nicaragua,Haiti,0.0,2.0,CONCACAF Nations League qualification,Managua,Nicaragua,False
2018-11-17,Comoros,Malawi,2.0,1.0,African Cup of Nations qualification,Moroni,Comoros,False
2018-11-17,Gabon,Mali,0.0,1.0,African Cup of Nations qualification,Libreville,Gabon,False
2018-11-17,South Africa,Nigeria,1.0,1.0,African Cup of Nations qualification,Johannesburg,South Africa,False
2018-11-18,Switzerland,Belgium,5.0,2.0,UEFA Nations League,Lucerne,Switzerland,False
2018-11-18,England,Croatia,2.0,1.0,UEFA Nations League,London,England,False
2018-11-18,Northern Ireland,Austria,1.0,2.0,UEFA Nations League,Belfast,Northern Ireland,False
2018-11-18,Greece,Estonia,0.0,1.0,UEFA Nations League,Athens,Greece,False
2018-11-18,Hungary,Finland,2.0,0.0,UEFA Nations League,Budapest,Hungary,False
2018-11-18,San Marino,Belarus,0.0,2.0,UEFA Nations League,Serravalle,San Marino,False
2018-11-18,Moldova,Luxembourg,1.0,1.0,UEFA Nations League,Chișinău,Moldova,False
2018-11-18,Spain,Bosnia and Herzegovina,1.0,0.0,Friendly,Las Palmas,Spain,False
2018-11-18,Ethiopia,Ghana,0.0,2.0,African Cup of Nations qualification,Addis Ababa,Ethiopia,False
2018-11-18,Congo,DR Congo,1.0,1.0,African Cup of Nations qualification,Brazzaville,Congo,False
2018-11-18,Guinea,Ivory Coast,1.0,1.0,African Cup of Nations qualification,Conakry,Guinea,False
2018-11-18,Angola,Burkina Faso,2.0,1.0,African Cup of Nations qualification,Luanda,Angola,False
2018-11-18,Yorkshire,Panjab,5.0,4.0,Friendly,Ossett,England,False
2018-11-18,Turks and Caicos Islands,Saint Vincent and the Grenadines,3.0,2.0,CONCACAF Nations League qualification,Providenciales,Turks and Caicos Islands,False
2018-11-18,Bahamas,Anguilla,1.0,1.0,CONCACAF Nations League qualification,Nassau,Bahamas,False
2018-11-18,Barbados,United States Virgin Islands,3.0,0.0,CONCACAF Nations League qualification,Bridgetown,Barbados,False
2018-11-18,Saint Kitts and Nevis,Canada,0.0,1.0,CONCACAF Nations League qualification,Basseterre,Saint Kitts and Nevis,False
2018-11-18,Madagascar,Sudan,1.0,3.0,African Cup of Nations qualification,Antananarivo,Madagascar,False
2018-11-18,Togo,Algeria,1.0,4.0,African Cup of Nations qualification,Lomé,Togo,False
2018-11-18,Liberia,Zimbabwe,1.0,0.0,African Cup of Nations qualification,Monrovia,Liberia,False
2018-11-18,Rwanda,Central African Republic,2.0,2.0,African Cup of Nations qualification,Butare,Rwanda,False
2018-11-18,Mauritania,Botswana,2.0,1.0,African Cup of Nations qualification,Nouakchott,Mauritania,False
2018-11-18,Eswatini,Niger,1.0,2.0,African Cup of Nations qualification,Manzini,Eswatini,False
2018-11-18,Mozambique,Zambia,1.0,0.0,African Cup of Nations qualification,Maputo,Mozambique,False
2018-11-18,Lesotho,Tanzania,1.0,0.0,African Cup of Nations qualification,Maseru,Lesotho,False
2018-11-19,Germany,Netherlands,2.0,2.0,UEFA Nations League,Gelsenkirchen,Germany,False
2018-11-19,Czech Republic,Slovakia,1.0,0.0,UEFA Nations League,Prague,Czech Republic,False
2018-11-19,Denmark,Republic of Ireland,0.0,0.0,UEFA Nations League,Aarhus,Denmark,False
2018-11-19,Bulgaria,Slovenia,1.0,1.0,UEFA Nations League,Sofia,Bulgaria,False
2018-11-19,Cyprus,Norway,0.0,2.0,UEFA Nations League,Nicosia,Cyprus,False
2018-11-19,Andorra,Latvia,0.0,0.0,UEFA Nations League,Andorra la Vella,Andorra,False
2018-11-19,Georgia,Kazakhstan,2.0,1.0,UEFA Nations League,Tbilisi,Georgia,False
2018-11-19,North Macedonia,Gibraltar,4.0,0.0,UEFA Nations League,Skopje,North Macedonia,False
2018-11-19,Liechtenstein,Armenia,2.0,2.0,UEFA Nations League,Vaduz,Liechtenstein,False
2018-11-19,Iceland,Qatar,2.0,2.0,Friendly,Eupen,Belgium,True
2018-11-19,Oman,Bahrain,2.0,1.0,Friendly,Muscat,Oman,False
2018-11-19,Curaçao,Guadeloupe,6.0,0.0,CONCACAF Nations League qualification,Willemstad,Curaçao,False
2018-11-19,Martinique,Antigua and Barbuda,4.0,2.0,CONCACAF Nations League qualification,Fort-de-France,Martinique,False
2018-11-20,Portugal,Poland,1.0,1.0,UEFA Nations League,Guimarães,Portugal,False
2018-11-20,Sweden,Russia,2.0,0.0,UEFA Nations League,Stockholm,Sweden,False
2018-11-20,Scotland,Israel,3.0,2.0,UEFA Nations League,Glasgow,Scotland,False
2018-11-20,Montenegro,Romania,0.0,1.0,UEFA Nations League,Podgorica,Montenegro,False
2018-11-20,Serbia,Lithuania,4.0,1.0,UEFA Nations League,Belgrade,Serbia,False
2018-11-20,Kosovo,Azerbaijan,4.0,0.0,UEFA Nations League,Pristina,Kosovo,False
2018-11-20,Malta,Faroe Islands,1.0,1.0,UEFA Nations League,Attard,Malta,False
2018-11-20,Albania,Wales,1.0,0.0,Friendly,Elbasan,Albania,False
2018-11-20,Argentina,Mexico,2.0,0.0,Friendly,Mendoza,Argentina,False
2018-11-20,Australia,Lebanon,3.0,0.0,Friendly,Sydney,Australia,False
2018-11-20,Brazil,Cameroon,1.0,0.0,Friendly,London,England,True
2018-11-20,Chile,Honduras,4.0,1.0,Friendly,Temuco,Chile,False
2018-11-20,China PR,Palestine,1.0,1.0,Friendly,Wuhan,China PR,False
2018-11-20,El Salvador,Haiti,1.0,0.0,Friendly,San Salvador,El Salvador,False
2018-11-20,France,Uruguay,1.0,0.0,Friendly,Paris,France,False
2018-11-20,Iran,Venezuela,1.0,1.0,Friendly,Doha,Qatar,True
2018-11-20,Iraq,Bolivia,0.0,0.0,Friendly,Al-Ain,Iraq,False
2018-11-20,Italy,United States,1.0,0.0,Friendly,Genk,Belgium,True
2018-11-20,Japan,Kyrgyzstan,4.0,0.0,Kirin Challenge Cup,Toyota,Japan,False
2018-11-20,Jordan,Saudi Arabia,1.0,1.0,Friendly,Amman,Jordan,False
2018-11-20,South Korea,Uzbekistan,4.0,0.0,Friendly,Brisbane,Australia,True
2018-11-20,Kuwait,Syria,1.0,2.0,Friendly,Al Farwaniyah,Kuwait,False
2018-11-20,Nigeria,Uganda,0.0,0.0,Friendly,Asaba,Nigeria,False
2018-11-20,Panama,Ecuador,1.0,2.0,Friendly,Panama City,Panama,False
2018-11-20,Peru,Costa Rica,2.0,3.0,Friendly,Arequipa,Peru,False
2018-11-20,South Africa,Paraguay,1.0,1.0,Friendly,Durban,South Africa,False
2018-11-20,Tunisia,Morocco,0.0,1.0,Friendly,Radès,Tunisia,False
2018-11-20,Turkey,Ukraine,0.0,0.0,Friendly,Antalya,Turkey,False
2018-11-20,United Arab Emirates,Yemen,2.0,0.0,Friendly,Dubai,United Arab Emirates,False
2018-11-20,Myanmar,Vietnam,0.0,0.0,AFF Championship,Yangon,Myanmar,False
2018-11-20,Cambodia,Laos,3.0,1.0,AFF Championship,Phnom Penh,Cambodia,False
2018-11-20,Sint Maarten,Dominica,0.0,2.0,CONCACAF Nations League qualification,The Valley,Anguilla,True
2018-11-20,French Guiana,Guyana,2.0,1.0,CONCACAF Nations League qualification,Cayenne,French Guiana,False
2018-11-21,Philippines,Thailand,1.0,1.0,AFF Championship,Bacolod,Philippines,False
2018-11-21,Singapore,Timor-Leste,6.0,1.0,AFF Championship,Kallang,Singapore,False
2018-11-24,Vietnam,Cambodia,3.0,0.0,AFF Championship,Hanoi,Vietnam,False
2018-11-24,Malaysia,Myanmar,3.0,0.0,AFF Championship,Kuala Lumpur,Malaysia,False
2018-11-25,Indonesia,Philippines,0.0,0.0,AFF Championship,Jakarta,Indonesia,False
2018-11-25,Thailand,Singapore,3.0,0.0,AFF Championship,Bangkok,Thailand,False
2018-12-01,Malaysia,Thailand,0.0,0.0,AFF Championship,Kuala Lumpur,Malaysia,False
2018-12-02,Philippines,Vietnam,1.0,2.0,AFF Championship,Bacolod,Philippines,False
2018-12-05,Thailand,Malaysia,2.0,2.0,AFF Championship,Bangkok,Thailand,False
2018-12-06,Vietnam,Philippines,2.0,1.0,AFF Championship,Hanoi,Vietnam,False
2018-12-11,Malaysia,Vietnam,2.0,2.0,AFF Championship,Kuala Lumpur,Malaysia,False
2018-12-13,Oman,Tajikistan,2.0,1.0,Friendly,Muscat,Oman,False
2018-12-15,Vietnam,Malaysia,1.0,0.0,AFF Championship,Hanoi,Vietnam,False
2018-12-16,Oman,Tajikistan,1.0,0.0,Friendly,Muscat,Oman,False
2018-12-16,Palestine,Pakistan,2.0,0.0,Friendly,Doha,Qatar,True
2018-12-20,Bahrain,Tajikistan,5.0,0.0,Friendly,Isa Town,Bahrain,False
2018-12-20,Jordan,Kyrgyzstan,0.0,1.0,Friendly,Doha,Qatar,True
2018-12-23,Qatar,Jordan,2.0,0.0,Friendly,Doha,Qatar,False
2018-12-24,Iraq,China PR,2.0,1.0,Friendly,Doha,Qatar,True
2018-12-24,Palestine,Iran,1.0,1.0,Friendly,Doha,Qatar,True
2018-12-25,Afghanistan,Turkmenistan,0.0,2.0,Friendly,Antalya,Turkey,True
2018-12-25,Qatar,Kyrgyzstan,1.0,0.0,Friendly,Doha,Qatar,False
2018-12-25,Vietnam,North Korea,1.0,1.0,Friendly,Hanoi,Vietnam,False
2018-12-27,Bahrain,Lebanon,1.0,0.0,Friendly,East Riffa,Bahrain,False
2018-12-27,India,Oman,0.0,0.0,Friendly,Abu Dhabi,United Arab Emirates,True
2018-12-27,Qatar,Algeria,0.0,1.0,Friendly,Doha,Qatar,False
2018-12-28,China PR,Jordan,1.0,1.0,Friendly,Doha,Qatar,True
2018-12-28,Iraq,Palestine,1.0,0.0,Friendly,Doha,Qatar,True
2018-12-28,United Arab Emirates,Kuwait,0.0,2.0,Friendly,Dubai,United Arab Emirates,False
2018-12-29,Bahrain,North Korea,4.0,0.0,Friendly,Isa Town,Bahrain,False
2018-12-30,Australia,Oman,5.0,0.0,Friendly,Dubai,United Arab Emirates,True
2018-12-30,Yemen,Syria,0.0,1.0,Friendly,Abu Dhabi,United Arab Emirates,True
2018-12-31,South Korea,Saudi Arabia,0.0,0.0,Friendly,Abu Dhabi,United Arab Emirates,True
2018-12-31,Kyrgyzstan,Palestine,2.0,1.0,Friendly,Doha,Qatar,True
2018-12-31,Philippines,Vietnam,2.0,4.0,Friendly,Doha,Qatar,True
2018-12-31,Qatar,Iran,1.0,2.0,Friendly,Doha,Qatar,False
2019-01-02,Oman,Thailand,2.0,0.0,Friendly,Abu Dhabi,United Arab Emirates,True
2019-01-05,United Arab Emirates,Bahrain,1.0,1.0,AFC Asian Cup,Abu Dhabi,United Arab Emirates,False
2019-01-06,Thailand,India,1.0,4.0,AFC Asian Cup,Abu Dhabi,United Arab Emirates,True
2019-01-06,Australia,Jordan,0.0,1.0,AFC Asian Cup,Al Ain,United Arab Emirates,True
2019-01-06,Syria,Palestine,0.0,0.0,AFC Asian Cup,Sharjah,United Arab Emirates,True
2019-01-07,China PR,Kyrgyzstan,2.0,1.0,AFC Asian Cup,Al Ain,United Arab Emirates,True
2019-01-07,South Korea,Philippines,1.0,0.0,AFC Asian Cup,Dubai,United Arab Emirates,True
2019-01-07,Iran,Yemen,5.0,0.0,AFC Asian Cup,Abu Dhabi,United Arab Emirates,True
2019-01-08,Finland,Sweden,1.0,0.0,Friendly,Doha,Qatar,True
2019-01-08,Iraq,Vietnam,3.0,2.0,AFC Asian Cup,Abu Dhabi,United Arab Emirates,True
2019-01-08,Saudi Arabia,North Korea,4.0,0.0,AFC Asian Cup,Dubai,United Arab Emirates,True
2019-01-09,Qatar,Lebanon,2.0,0.0,AFC Asian Cup,Al Ain,United Arab Emirates,True
2019-01-09,Japan,Turkmenistan,3.0,2.0,AFC Asian Cup,Abu Dhabi,United Arab Emirates,True
2019-01-09,Uzbekistan,Oman,2.0,1.0,AFC Asian Cup,Sharjah,United Arab Emirates,True
2019-01-10,Bahrain,Thailand,0.0,1.0,AFC Asian Cup,Dubai,United Arab Emirates,True
2019-01-10,Jordan,Syria,2.0,0.0,AFC Asian Cup,Al Ain,United Arab Emirates,True
2019-01-10,United Arab Emirates,India,2.0,0.0,AFC Asian Cup,Abu Dhabi,United Arab Emirates,False
2019-01-11,Estonia,Finland,2.0,1.0,Friendly,Doha,Qatar,True
2019-01-11,Iceland,Sweden,2.0,2.0,Friendly,Doha,Qatar,True
2019-01-11,Palestine,Australia,0.0,3.0,AFC Asian Cup,Dubai,United Arab Emirates,True
2019-01-11,Philippines,China PR,0.0,3.0,AFC Asian Cup,Abu Dhabi,United Arab Emirates,True
2019-01-11,Kyrgyzstan,South Korea,0.0,1.0,AFC Asian Cup,Al Ain,United Arab Emirates,True
2019-01-12,Vietnam,Iran,0.0,2.0,AFC Asian Cup,Abu Dhabi,United Arab Emirates,True
2019-01-12,Yemen,Iraq,0.0,3.0,AFC Asian Cup,Sharjah,United Arab Emirates,True
2019-01-12,Lebanon,Saudi Arabia,0.0,2.0,AFC Asian Cup,Dubai,United Arab Emirates,True
2019-01-13,North Korea,Qatar,0.0,6.0,AFC Asian Cup,Al Ain,United Arab Emirates,True
2019-01-13,Oman,Japan,0.0,1.0,AFC Asian Cup,Abu Dhabi,United Arab Emirates,True
2019-01-13,Turkmenistan,Uzbekistan,0.0,4.0,AFC Asian Cup,Dubai,United Arab Emirates,True
2019-01-14,India,Bahrain,0.0,1.0,AFC Asian Cup,Sharjah,United Arab Emirates,True
2019-01-14,United Arab Emirates,Thailand,1.0,1.0,AFC Asian Cup,Al Ain,United Arab Emirates,False
2019-01-15,Estonia,Iceland,0.0,0.0,Friendly,Doha,Qatar,True
2019-01-15,Australia,Syria,3.0,2.0,AFC Asian Cup,Al Ain,United Arab Emirates,True
2019-01-15,Palestine,Jordan,0.0,0.0,AFC Asian Cup,Abu Dhabi,United Arab Emirates,True
2019-01-16,South Korea,China PR,2.0,0.0,AFC Asian Cup,Abu Dhabi,United Arab Emirates,True
2019-01-16,Kyrgyzstan,Philippines,3.0,1.0,AFC Asian Cup,Dubai,United Arab Emirates,True
2019-01-16,Iran,Iraq,0.0,0.0,AFC Asian Cup,Dubai,United Arab Emirates,True
2019-01-16,Vietnam,Yemen,2.0,0.0,AFC Asian Cup,Al Ain,United Arab Emirates,True
2019-01-17,Lebanon,North Korea,4.0,1.0,AFC Asian Cup,Sharjah,United Arab Emirates,True
2019-01-17,Saudi Arabia,Qatar,0.0,2.0,AFC Asian Cup,Abu Dhabi,United Arab Emirates,True
2019-01-17,Japan,Uzbekistan,2.0,1.0,AFC Asian Cup,Al Ain,United Arab Emirates,True
2019-01-17,Oman,Turkmenistan,3.0,1.0,AFC Asian Cup,Abu Dhabi,United Arab Emirates,True
2019-01-20,Iran,Oman,2.0,0.0,AFC Asian Cup,Abu Dhabi,United Arab Emirates,True
2019-01-20,Jordan,Vietnam,1.0,1.0,AFC Asian Cup,Dubai,United Arab Emirates,True
2019-01-20,Thailand,China PR,1.0,2.0,AFC Asian Cup,Al Ain,United Arab Emirates,True
2019-01-21,Australia,Uzbekistan,0.0,0.0,AFC Asian Cup,Al Ain,United Arab Emirates,True
2019-01-21,Japan,Saudi Arabia,1.0,0.0,AFC Asian Cup,Sharjah,United Arab Emirates,True
2019-01-21,United Arab Emirates,Kyrgyzstan,3.0,2.0,AFC Asian Cup,Abu Dhabi,United Arab Emirates,False
2019-01-22,South Korea,Bahrain,2.0,1.0,AFC Asian Cup,Dubai,United Arab Emirates,True
2019-01-22,Qatar,Iraq,1.0,0.0,AFC Asian Cup,Abu Dhabi,United Arab Emirates,True
2019-01-24,China PR,Iran,0.0,3.0,AFC Asian Cup,Abu Dhabi,United Arab Emirates,True
2019-01-24,Vietnam,Japan,0.0,1.0,AFC Asian Cup,Dubai,United Arab Emirates,True
2019-01-25,South Korea,Qatar,0.0,1.0,AFC Asian Cup,Abu Dhabi,United Arab Emirates,True
2019-01-25,United Arab Emirates,Australia,1.0,0.0,AFC Asian Cup,Al Ain,United Arab Emirates,False
2019-01-27,United States,Panama,3.0,0.0,Friendly,Glendale,United States,False
2019-01-28,Iran,Japan,0.0,3.0,AFC Asian Cup,Al Ain,United Arab Emirates,True
2019-01-29,United Arab Emirates,Qatar,0.0,4.0,AFC Asian Cup,Abu Dhabi,United Arab Emirates,False
2019-02-01,Japan,Qatar,1.0,3.0,AFC Asian Cup,Abu Dhabi,United Arab Emirates,True
2019-02-02,United States,Costa Rica,2.0,0.0,Friendly,San Jose,United States,False
2019-02-21,Kazakhstan,Moldova,1.0,0.0,Friendly,Belek,Turkey,True
2019-02-23,Sint Maarten,Saint Barthélemy,1.0,1.0,Friendly,Philipsburg,Sint Maarten,False
2019-02-27,Cuba,Bermuda,5.0,0.0,Friendly,Havana,Cuba,False
2019-03-03,Bolivia,Nicaragua,2.0,2.0,Friendly,Villa Tunari,Bolivia,False
2019-03-04,Barbados,Grenada,3.0,0.0,Friendly,Kingstown,Saint Vincent and the Grenadines,True
2019-03-06,El Salvador,Guatemala,3.0,1.0,Friendly,Los Angeles,United States,True
2019-03-09,Cambodia,Bangladesh,0.0,1.0,Friendly,Phnom Penh,Cambodia,False
2019-03-16,Bahamas,Turks and Caicos Islands,6.0,1.0,Friendly,Nassau,Bahamas,False
2019-03-17,Saint Barthélemy,Saint Martin,4.0,3.0,Friendly,Saint-Jean,Saint Barthélemy,False
2019-03-18,Fiji,New Caledonia,3.0,0.0,Friendly,Suva,Fiji,False
2019-03-18,Solomon Islands,Vanuatu,3.0,1.0,Friendly,Honiara,Solomon Islands,False
2019-03-19,Myanmar,Taiwan,0.0,0.0,Friendly,Mandalay,Myanmar,False
2019-03-20,Germany,Serbia,1.0,1.0,Friendly,Wolfsburg,Germany,False
2019-03-20,Wales,Trinidad and Tobago,1.0,0.0,Friendly,Wrexham,Wales,False
2019-03-21,Kosovo,Denmark,2.0,2.0,Friendly,Pristina,Kosovo,False
2019-03-21,Kuwait,Nepal,0.0,0.0,Friendly,Al Ahmadi,Kuwait,False
2019-03-21,Mauritius,New Caledonia,3.0,1.0,Friendly,Lautoka,Fiji,True
2019-03-21,United Arab Emirates,Saudi Arabia,2.0,1.0,Friendly,Abu Dhabi,United Arab Emirates,False
2019-03-21,United States,Ecuador,1.0,0.0,Friendly,Orlando,United States,False
2019-03-21,Northern Ireland,Estonia,2.0,0.0,UEFA Euro qualification,Belfast,Northern Ireland,False
2019-03-21,Netherlands,Belarus,4.0,0.0,UEFA Euro qualification,Rotterdam,Netherlands,False
2019-03-21,Croatia,Azerbaijan,2.0,1.0,UEFA Euro qualification,Zagreb,Croatia,False
2019-03-21,Slovakia,Hungary,2.0,0.0,UEFA Euro qualification,Trnava,Slovakia,False
2019-03-21,Austria,Poland,0.0,1.0,UEFA Euro qualification,Vienna,Austria,False
2019-03-21,North Macedonia,Latvia,3.0,1.0,UEFA Euro qualification,Skopje,North Macedonia,False
2019-03-21,Israel,Slovenia,1.0,1.0,UEFA Euro qualification,Haifa,Israel,False
2019-03-21,Cyprus,San Marino,5.0,0.0,UEFA Euro qualification,Nicosia,Cyprus,False
2019-03-21,Belgium,Russia,3.0,1.0,UEFA Euro qualification,Brussels,Belgium,False
2019-03-21,Kazakhstan,Scotland,3.0,0.0,UEFA Euro qualification,Nur-Sultan,Kazakhstan,False
2019-03-21,British Virgin Islands,Turks and Caicos Islands,2.0,2.0,CONCACAF Nations League qualification,The Valley,Anguilla,True
2019-03-22,Argentina,Venezuela,1.0,3.0,Friendly,Madrid,Spain,True
2019-03-22,Guatemala,Costa Rica,1.0,0.0,Friendly,Guatemala City,Guatemala,False
2019-03-22,Japan,Colombia,0.0,1.0,Kirin Challenge Cup,Yokohama,Japan,False
2019-03-22,South Korea,Bolivia,1.0,0.0,Friendly,Ulsan,South Korea,False
2019-03-22,Mexico,Chile,3.0,1.0,Friendly,San Diego,United States,True
2019-03-22,Peru,Paraguay,1.0,0.0,Friendly,Harrison,United States,True
2019-03-22,Bulgaria,Montenegro,1.0,1.0,UEFA Euro qualification,Sofia,Bulgaria,False
2019-03-22,England,Czech Republic,5.0,0.0,UEFA Euro qualification,London,England,False
2019-03-22,Portugal,Ukraine,0.0,0.0,UEFA Euro qualification,Lisbon,Portugal,False
2019-03-22,Luxembourg,Lithuania,2.0,1.0,UEFA Euro qualification,Luxembourg,Luxembourg,False
2019-03-22,Albania,Turkey,0.0,2.0,UEFA Euro qualification,Shkodër,Albania,False
2019-03-22,Andorra,Iceland,0.0,2.0,UEFA Euro qualification,Andorra la Vella,Andorra,False
2019-03-22,Moldova,France,1.0,4.0,UEFA Euro qualification,Chișinău,Moldova,False
2019-03-22,Botswana,Angola,0.0,1.0,African Cup of Nations qualification,Francistown,Botswana,False
2019-03-22,Anguilla,United States Virgin Islands,0.0,3.0,CONCACAF Nations League qualification,The Valley,Anguilla,False
2019-03-22,Saint Vincent and the Grenadines,Bonaire,2.0,1.0,CONCACAF Nations League qualification,Arnos Vale,Saint Vincent and the Grenadines,False
2019-03-22,Cayman Islands,Montserrat,1.0,2.0,CONCACAF Nations League qualification,West Bay,Cayman Islands,False
2019-03-22,Saint Lucia,Aruba,3.0,2.0,CONCACAF Nations League qualification,North Sound,Antigua and Barbuda,True
2019-03-22,Sudan,Equatorial Guinea,1.0,4.0,African Cup of Nations qualification,Omdurman,Sudan,False
2019-03-22,Malawi,Morocco,0.0,0.0,African Cup of Nations qualification,Blantyre,Malawi,False
2019-03-22,Algeria,Gambia,1.0,1.0,African Cup of Nations qualification,Blida,Algeria,False
2019-03-22,Nigeria,Seychelles,3.0,1.0,African Cup of Nations qualification,Asaba,Nigeria,False
2019-03-22,Burkina Faso,Mauritania,1.0,0.0,African Cup of Nations qualification,Ouagadougou,Burkina Faso,False
2019-03-22,Tunisia,Eswatini,4.0,0.0,African Cup of Nations qualification,Radès,Tunisia,False
2019-03-23,Brazil,Panama,1.0,1.0,Friendly,Porto,Portugal,True
2019-03-23,Malaysia,Afghanistan,2.0,1.0,Friendly,Kuala Lumpur,Malaysia,False
2019-03-23,Oman,Singapore,1.0,1.0,Friendly,Kuala Lumpur,Malaysia,True
2019-03-23,Georgia,Switzerland,0.0,2.0,UEFA Euro qualification,Tbilisi,Georgia,False
2019-03-23,Gibraltar,Republic of Ireland,0.0,1.0,UEFA Euro qualification,Gibraltar,Gibraltar,False
2019-03-23,Malta,Faroe Islands,2.0,1.0,UEFA Euro qualification,Attard,Malta,False
2019-03-23,Sweden,Romania,2.0,1.0,UEFA Euro qualification,Stockholm,Sweden,False
2019-03-23,Spain,Norway,2.0,1.0,UEFA Euro qualification,Valencia,Spain,False
2019-03-23,Bosnia and Herzegovina,Armenia,2.0,1.0,UEFA Euro qualification,Sarajevo,Bosnia and Herzegovina,False
2019-03-23,Italy,Finland,2.0,0.0,UEFA Euro qualification,Udine,Italy,False
2019-03-23,Liechtenstein,Greece,0.0,2.0,UEFA Euro qualification,Vaduz,Liechtenstein,False
2019-03-23,Senegal,Madagascar,2.0,0.0,African Cup of Nations qualification,Thiès,Senegal,False
2019-03-23,Cameroon,Comoros,3.0,0.0,African Cup of Nations qualification,Yaoundé,Cameroon,False
2019-03-23,Mali,South Sudan,3.0,0.0,African Cup of Nations qualification,Bamako,Mali,False
2019-03-23,Ghana,Kenya,1.0,0.0,African Cup of Nations qualification,Accra,Ghana,False
2019-03-23,Niger,Egypt,1.0,1.0,African Cup of Nations qualification,Niamey,Niger,False
2019-03-23,Zambia,Namibia,4.0,1.0,African Cup of Nations qualification,Lusaka,Zambia,False
2019-03-23,Dominica,Bahamas,4.0,0.0,CONCACAF Nations League qualification,Roseau,Dominica,False
2019-03-23,Sint Maarten,Saint Martin,4.0,3.0,CONCACAF Nations League qualification,The Valley,Anguilla,True
2019-03-23,Antigua and Barbuda,Curaçao,2.0,1.0,CONCACAF Nations League qualification,North Sound,Antigua and Barbuda,False
2019-03-23,Guyana,Belize,2.0,1.0,CONCACAF Nations League qualification,Leonora,Guyana,False
2019-03-23,Suriname,Saint Kitts and Nevis,2.0,0.0,CONCACAF Nations League qualification,Paramaribo,Suriname,False
2019-03-23,Guadeloupe,Martinique,0.0,1.0,CONCACAF Nations League qualification,Les Abymes,Guadeloupe,False
2019-03-23,Burundi,Gabon,1.0,1.0,African Cup of Nations qualification,Bujumbura,Burundi,False
2019-03-23,Ivory Coast,Rwanda,3.0,0.0,African Cup of Nations qualification,Abidjan,Ivory Coast,False
2019-03-23,Guinea-Bissau,Mozambique,2.0,2.0,African Cup of Nations qualification,Bissau,Guinea-Bissau,False
2019-03-23,Vatican City,Raetia,2.0,2.0,Friendly,Rome,Italy,False
2019-03-23,Alderney,Jersey,0.0,2.0,Muratti Vase,Alderney,Alderney,False
2019-03-24,Taiwan,Solomon Islands,0.0,1.0,Friendly,Taipei,Taiwan,False
2019-03-24,Fiji,Mauritius,1.0,0.0,Friendly,Lautoka,Fiji,False
2019-03-24,Northern Ireland,Belarus,2.0,1.0,UEFA Euro qualification,Belfast,Northern Ireland,False
2019-03-24,Netherlands,Germany,2.0,3.0,UEFA Euro qualification,Amsterdam,Netherlands,False
2019-03-24,Wales,Slovakia,1.0,0.0,UEFA Euro qualification,Cardiff,Wales,False
2019-03-24,Hungary,Croatia,2.0,1.0,UEFA Euro qualification,Budapest,Hungary,False
2019-03-24,Israel,Austria,4.0,2.0,UEFA Euro qualification,Haifa,Israel,False
2019-03-24,Poland,Latvia,2.0,0.0,UEFA Euro qualification,Warsaw,Poland,False
2019-03-24,Slovenia,North Macedonia,1.0,1.0,UEFA Euro qualification,Ljubljana,Slovenia,False
2019-03-24,San Marino,Scotland,0.0,2.0,UEFA Euro qualification,Serravalle,San Marino,False
2019-03-24,Kazakhstan,Russia,0.0,4.0,UEFA Euro qualification,Nur-Sultan,Kazakhstan,False
2019-03-24,Cyprus,Belgium,0.0,2.0,UEFA Euro qualification,Nicosia,Cyprus,False
2019-03-24,Benin,Togo,2.0,1.0,African Cup of Nations qualification,Cotonou,Benin,False
2019-03-24,Libya,South Africa,1.0,2.0,African Cup of Nations qualification,Sfax,Tunisia,True
2019-03-24,Zimbabwe,Congo,2.0,0.0,African Cup of Nations qualification,Harare,Zimbabwe,False
2019-03-24,Central African Republic,Guinea,0.0,0.0,African Cup of Nations qualification,Bangui,Central African Republic,False
2019-03-24,Tanzania,Uganda,3.0,0.0,African Cup of Nations qualification,Dar es Salaam,Tanzania,False
2019-03-24,British Virgin Islands,Bonaire,1.0,2.0,CONCACAF Nations League qualification,The Valley,Anguilla,True
2019-03-24,Puerto Rico,Grenada,0.0,2.0,CONCACAF Nations League qualification,Bayamón,Puerto Rico,False
2019-03-24,Canada,French Guiana,4.0,1.0,CONCACAF Nations League qualification,Vancouver,Canada,False
2019-03-24,Dominican Republic,Bermuda,1.0,3.0,CONCACAF Nations League qualification,Santiago de los Caballeros,Dominican Republic,False
2019-03-24,Haiti,Cuba,2.0,1.0,CONCACAF Nations League qualification,Port-au-Prince,Haiti,False
2019-03-24,Barbados,Nicaragua,0.0,1.0,CONCACAF Nations League qualification,Bridgetown,Barbados,False
2019-03-24,El Salvador,Jamaica,2.0,0.0,CONCACAF Nations League qualification,San Salvador,El Salvador,False
2019-03-24,DR Congo,Liberia,1.0,0.0,African Cup of Nations qualification,Kinshasa,DR Congo,False
2019-03-24,Cape Verde,Lesotho,0.0,0.0,African Cup of Nations qualification,Praia,Cape Verde,False
2019-03-25,Catalonia,Venezuela,2.0,1.0,Friendly,Girona,Spain,False
2019-03-25,Azerbaijan,Lithuania,0.0,0.0,Friendly,Baku,Azerbaijan,False
2019-03-25,Kuwait,Nepal,1.0,0.0,Friendly,Al Ahmadi,Kuwait,False
2019-03-25,Myanmar,Indonesia,0.0,2.0,Friendly,Mandalay,Myanmar,False
2019-03-25,Saudi Arabia,Equatorial Guinea,3.0,2.0,Friendly,Riyadh,Saudi Arabia,False
2019-03-25,Kosovo,Bulgaria,1.0,1.0,UEFA Euro qualification,Pristina,Kosovo,False
2019-03-25,Montenegro,England,1.0,5.0,UEFA Euro qualification,Podgorica,Montenegro,False
2019-03-25,Portugal,Serbia,1.0,1.0,UEFA Euro qualification,Lisbon,Portugal,False
2019-03-25,Luxembourg,Ukraine,1.0,2.0,UEFA Euro qualification,Luxembourg,Luxembourg,False
2019-03-25,Turkey,Moldova,4.0,0.0,UEFA Euro qualification,Eskişehir,Turkey,False
2019-03-25,Andorra,Albania,0.0,3.0,UEFA Euro qualification,Andorra la Vella,Andorra,False
2019-03-25,France,Iceland,4.0,0.0,UEFA Euro qualification,Paris,France,False
2019-03-26,Algeria,Tunisia,1.0,0.0,Friendly,Blida,Algeria,False
2019-03-26,Costa Rica,Jamaica,1.0,0.0,Friendly,San José,Costa Rica,False
2019-03-26,Czech Republic,Brazil,1.0,3.0,Friendly,Prague,Czech Republic,False
2019-03-26,Ghana,Mauritania,3.0,1.0,Friendly,Accra,Ghana,False
2019-03-26,Gibraltar,Estonia,0.0,1.0,Friendly,Gibraltar,Gibraltar,False
2019-03-26,Honduras,Ecuador,0.0,0.0,Friendly,Harrison,United States,True
2019-03-26,Ivory Coast,Liberia,1.0,0.0,Friendly,Abidjan,Ivory Coast,False
2019-03-26,Japan,Bolivia,1.0,0.0,Kirin Challenge Cup,Kobe,Japan,False
2019-03-26,South Korea,Colombia,2.0,1.0,Friendly,Seoul,South Korea,False
2019-03-26,Morocco,Argentina,0.0,1.0,Friendly,Tangier,Morocco,False
2019-03-26,Nicaragua,Guatemala,0.0,1.0,Friendly,Managua,Nicaragua,False
2019-03-26,Nigeria,Egypt,1.0,0.0,Friendly,Asaba,Nigeria,False
2019-03-26,Paraguay,Mexico,2.0,4.0,Friendly,Santa Clara,United States,True
2019-03-26,Peru,El Salvador,0.0,2.0,Friendly,"Washington, D.C.",United States,True
2019-03-26,Senegal,Mali,2.0,1.0,Friendly,Dakar,Senegal,False
2019-03-26,United Arab Emirates,Syria,0.0,0.0,Friendly,Abu Dhabi,United Arab Emirates,False
2019-03-26,United States,Chile,1.0,1.0,Friendly,Houston,United States,False
2019-03-26,Republic of Ireland,Georgia,1.0,0.0,UEFA Euro qualification,Dublin,Republic of Ireland,False
2019-03-26,Switzerland,Denmark,3.0,3.0,UEFA Euro qualification,Basel,Switzerland,False
2019-03-26,Malta,Spain,0.0,2.0,UEFA Euro qualification,Attard,Malta,False
2019-03-26,Norway,Sweden,3.0,3.0,UEFA Euro qualification,Oslo,Norway,False
2019-03-26,Romania,Faroe Islands,4.0,1.0,UEFA Euro qualification,Cluj-Napoca,Romania,False
2019-03-26,Bosnia and Herzegovina,Greece,2.0,2.0,UEFA Euro qualification,Zenica,Bosnia and Herzegovina,False
2019-03-26,Italy,Liechtenstein,6.0,0.0,UEFA Euro qualification,Parma,Italy,False
2019-03-26,Armenia,Finland,0.0,2.0,UEFA Euro qualification,Yerevan,Armenia,False
2019-05-04,Yorkshire,Somaliland,6.0,2.0,Friendly,Athersley,England,False
2019-05-11,Guernsey,Jersey,0.0,0.0,Muratti Vase,Guernsey,Guernsey,False
2019-05-25,Eswatini,Mauritius,2.0,2.0,COSAFA Cup,Durban,South Africa,True
2019-05-25,Kernow,Barawa,5.0,0.0,Friendly,Bodmin,England,False
2019-05-25,Cascadia,Chagos Islands,6.0,3.0,Friendly,Kent,United States,False
2019-05-26,Mozambique,Namibia,1.0,2.0,COSAFA Cup,Durban,South Africa,True
2019-05-26,Malawi,Seychelles,3.0,0.0,COSAFA Cup,Durban,South Africa,True
2019-05-27,Eswatini,Comoros,2.0,2.0,COSAFA Cup,Durban,South Africa,True
2019-05-28,Seychelles,Mozambique,0.0,0.0,COSAFA Cup,Durban,South Africa,True
2019-05-28,Namibia,Malawi,1.0,2.0,COSAFA Cup,Durban,South Africa,True
2019-05-28,Laos,Sri Lanka,2.0,1.0,Friendly,Vientiane,Laos,False
2019-05-29,Comoros,Mauritius,2.0,1.0,COSAFA Cup,Durban,South Africa,True
2019-05-29,Panama,Basque Country,0.0,0.0,Friendly,Panama City,Panama,False
2019-05-30,Mozambique,Malawi,1.0,1.0,COSAFA Cup,Durban,South Africa,True
2019-05-30,Namibia,Seychelles,3.0,0.0,COSAFA Cup,Durban,South Africa,True
2019-05-30,Turkey,Greece,2.0,1.0,Friendly,Antalya,Turkey,False
2019-05-31,Laos,Sri Lanka,2.0,2.0,Friendly,Vientiane,Laos,False
2019-06-01,Lesotho,Uganda,0.0,0.0,COSAFA Cup,Durban,South Africa,True
2019-06-01,Zimbabwe,Comoros,2.0,0.0,COSAFA Cup,Durban,South Africa,True
2019-06-01,Venezuela,Ecuador,1.0,1.0,Friendly,Miami Gardens,United States,True
2019-06-01,Yorkshire,Parishes of Jersey,1.0,0.0,Atlantic Heritage Cup,Ossett,England,False
2019-06-02,South Africa,Botswana,2.0,2.0,COSAFA Cup,Durban,South Africa,False
2019-06-02,Zambia,Malawi,2.0,2.0,COSAFA Cup,Durban,South Africa,True
2019-06-02,El Salvador,Haiti,1.0,0.0,Friendly,"Washington, D.C.",United States,True
2019-06-02,France,Bolivia,2.0,0.0,Friendly,Nantes,France,False
2019-06-02,Luxembourg,Madagascar,3.0,3.0,Friendly,Luxembourg,Luxembourg,False
2019-06-02,Malaysia,Nepal,2.0,0.0,Friendly,Kuala Lumpur,Malaysia,False
2019-06-02,Turkey,Uzbekistan,2.0,0.0,Friendly,Alanya,Turkey,False
2019-06-02,Abkhazia,Chameria,3.0,1.0,CONIFA European Football Cup,Askeran,Azerbaijan,True
2019-06-02,Artsakh,Sápmi,3.0,2.0,CONIFA European Football Cup,Stepanakert,Azerbaijan,False
2019-06-02,Padania,Székely Land,4.0,0.0,CONIFA European Football Cup,Martakert,Azerbaijan,True
2019-06-02,Western Armenia,South Ossetia,1.0,2.0,CONIFA European Football Cup,Martuni,Azerbaijan,True
2019-06-02,Parishes of Jersey,Chagos Islands,9.0,2.0,Atlantic Heritage Cup,Harrogate,England,False
2019-06-03,Colombia,Panama,3.0,0.0,Friendly,Bogotá,Colombia,False
2019-06-03,Vanuatu,Tahiti,2.0,0.0,Friendly,Port Vila,Vanuatu,False
2019-06-03,Artsakh,Chameria,1.0,4.0,CONIFA European Football Cup,Martuni,Azerbaijan,False
2019-06-03,Sápmi,Abkhazia,0.0,1.0,CONIFA European Football Cup,Martakert,Azerbaijan,True
2019-06-03,Székely Land,Western Armenia,0.0,5.0,CONIFA European Football Cup,Askeran,Azerbaijan,True
2019-06-03,South Ossetia,Padania,2.0,1.0,CONIFA European Football Cup,Stepanakert,Azerbaijan,True
2019-06-04,Comoros,Malawi,1.0,2.0,COSAFA Cup,Durban,South Africa,True
2019-06-04,Artsakh,Abkhazia,1.0,1.0,CONIFA European Football Cup,Martuni,Azerbaijan,False
2019-06-04,Chameria,Sápmi,4.0,0.0,CONIFA European Football Cup,Martakert,Azerbaijan,True
2019-06-04,South Ossetia,Székely Land,2.0,2.0,CONIFA European Football Cup,Askeran,Azerbaijan,True
2019-06-04,Padania,Western Armenia,1.0,1.0,CONIFA European Football Cup,Stepanakert,Azerbaijan,True
2019-06-04,South Africa,Uganda,1.0,1.0,COSAFA Cup,Durban,South Africa,False
2019-06-05,Lesotho,Botswana,1.0,2.0,COSAFA Cup,Durban,South Africa,True
2019-06-05,Zimbabwe,Zambia,0.0,0.0,COSAFA Cup,Durban,South Africa,True
2019-06-05,Brazil,Qatar,2.0,0.0,Friendly,Brasília,Brazil,False
2019-06-05,Japan,Trinidad and Tobago,0.0,0.0,Kirin Challenge Cup,Toyota,Japan,False
2019-06-05,Mexico,Venezuela,3.0,1.0,Friendly,Atlanta,United States,True
2019-06-05,Paraguay,Honduras,1.0,1.0,Friendly,Ciudad del Este,Paraguay,False
2019-06-05,Peru,Costa Rica,1.0,0.0,Friendly,Lima,Peru,False
2019-06-05,United States,Jamaica,0.0,1.0,Friendly,"Washington, D.C.",United States,False
2019-06-05,Portugal,Switzerland,3.0,1.0,UEFA Nations League,Porto,Portugal,False
2019-06-06,Bermuda,Guyana,1.0,0.0,Friendly,Hamilton,Bermuda,False
2019-06-06,Chile,Haiti,2.0,1.0,Friendly,Coquimbo,Chile,False
2019-06-06,Taiwan,Nepal,1.0,1.0,Friendly,Kaohsiung,Taiwan,False
2019-06-06,Iran,Syria,5.0,0.0,Friendly,Tehran,Iran,False
2019-06-06,Slovakia,Jordan,5.0,1.0,Friendly,Trnava,Slovakia,False
2019-06-06,Tajikistan,Afghanistan,1.0,1.0,Friendly,Dushanbe,Tajikistan,False
2019-06-06,England,Netherlands,1.0,3.0,UEFA Nations League,Guimarães,Portugal,True
2019-06-06,Abkhazia,Western Armenia,1.0,1.0,CONIFA European Football Cup,Stepanakert,Azerbaijan,True
2019-06-06,South Ossetia,Chameria,0.0,0.0,CONIFA European Football Cup,Askeran,Azerbaijan,True
2019-06-06,Padania,Sápmi,4.0,0.0,CONIFA European Football Cup,Martakert,Azerbaijan,True
2019-06-06,Artsakh,Székely Land,2.0,1.0,CONIFA European Football Cup,Martuni,Azerbaijan,False
2019-06-06,Bhutan,Guam,1.0,0.0,FIFA World Cup qualification,Thimphu,Bhutan,False
2019-06-06,Cambodia,Pakistan,2.0,0.0,FIFA World Cup qualification,Phnom Penh,Cambodia,False
2019-06-06,Laos,Bangladesh,0.0,1.0,FIFA World Cup qualification,Vientiane,Laos,False
2019-06-06,Macau,Sri Lanka,1.0,0.0,FIFA World Cup qualification,Zhuhai,Macau,False
2019-06-06,Mongolia,Brunei,2.0,0.0,FIFA World Cup qualification,Ulaanbaatar,Mongolia,False
2019-06-07,Czech Republic,Bulgaria,2.0,1.0,UEFA Euro qualification,Prague,Czech Republic,False
2019-06-07,Montenegro,Kosovo,1.0,1.0,UEFA Euro qualification,Podgorica,Montenegro,False
2019-06-07,Lithuania,Luxembourg,1.0,1.0,UEFA Euro qualification,Vilnius,Lithuania,False
2019-06-07,Ukraine,Serbia,5.0,0.0,UEFA Euro qualification,Lviv,Ukraine,False
2019-06-07,Georgia,Gibraltar,3.0,0.0,UEFA Euro qualification,Tbilisi,Georgia,False
2019-06-07,Denmark,Republic of Ireland,1.0,1.0,UEFA Euro qualification,Copenhagen,Denmark,False
2019-06-07,Faroe Islands,Spain,1.0,4.0,UEFA Euro qualification,Tórshavn,Faroe Islands,False
2019-06-07,Norway,Romania,2.0,2.0,UEFA Euro qualification,Oslo,Norway,False
2019-06-07,Sweden,Malta,3.0,0.0,UEFA Euro qualification,Stockholm,Sweden,False
2019-06-07,Austria,Slovenia,1.0,0.0,UEFA Euro qualification,Klagenfurt,Austria,False
2019-06-07,North Macedonia,Poland,0.0,1.0,UEFA Euro qualification,Skopje,North Macedonia,False
2019-06-07,Latvia,Israel,0.0,3.0,UEFA Euro qualification,Riga,Latvia,False
2019-06-07,Lesotho,Zimbabwe,2.0,2.0,COSAFA Cup,Durban,South Africa,True
2019-06-07,South Africa,Malawi,0.0,0.0,COSAFA Cup,Durban,South Africa,False
2019-06-07,Argentina,Nicaragua,5.0,1.0,Friendly,San Juan,Argentina,False
2019-06-07,China PR,Philippines,2.0,0.0,Friendly,Guangzhou,China PR,False
2019-06-07,Fiji,Tahiti,1.0,1.0,Friendly,Port Vila,Vanuatu,True
2019-06-07,Ivory Coast,Comoros,3.0,1.0,Friendly,Boulogne-Sur-Mer,Ivory Coast,False
2019-06-07,Kenya,Madagascar,1.0,0.0,Friendly,Bondoufle,Kenya,False
2019-06-07,South Korea,Australia,1.0,0.0,Friendly,Busan,South Korea,False
2019-06-07,Tunisia,Iraq,2.0,0.0,Friendly,Radès,Tunisia,False
2019-06-07,Uruguay,Panama,3.0,0.0,Friendly,Montevideo,Uruguay,False
2019-06-07,Uzbekistan,North Korea,4.0,0.0,Friendly,Tashkent,Uzbekistan,False
2019-06-07,Malaysia,Timor-Leste,7.0,1.0,FIFA World Cup qualification,Kuala Lumpur,Malaysia,False
2019-06-08,Estonia,Northern Ireland,1.0,2.0,UEFA Euro qualification,Tallinn,Estonia,False
2019-06-08,Belarus,Germany,0.0,2.0,UEFA Euro qualification,Borisov,Belarus,False
2019-06-08,Croatia,Wales,2.0,1.0,UEFA Euro qualification,Osijek,Croatia,False
2019-06-08,Azerbaijan,Hungary,1.0,3.0,UEFA Euro qualification,Baku,Azerbaijan,False
2019-06-08,Iceland,Albania,1.0,0.0,UEFA Euro qualification,Reykjavík,Iceland,False
2019-06-08,Moldova,Andorra,1.0,0.0,UEFA Euro qualification,Chișinău,Moldova,False
2019-06-08,Turkey,France,2.0,0.0,UEFA Euro qualification,Konya,Turkey,False
2019-06-08,Russia,San Marino,9.0,0.0,UEFA Euro qualification,Saransk,Russia,False
2019-06-08,Scotland,Cyprus,2.0,1.0,UEFA Euro qualification,Glasgow,Scotland,False
2019-06-08,Belgium,Kazakhstan,3.0,0.0,UEFA Euro qualification,Brussels,Belgium,False
2019-06-08,Finland,Bosnia and Herzegovina,2.0,0.0,UEFA Euro qualification,Tampere,Finland,False
2019-06-08,Armenia,Liechtenstein,3.0,0.0,UEFA Euro qualification,Yerevan,Armenia,False
2019-06-08,Greece,Italy,0.0,3.0,UEFA Euro qualification,Athens,Greece,False
2019-06-08,Botswana,Zambia,0.0,1.0,COSAFA Cup,Durban,South Africa,True
2019-06-08,Angola,Guinea-Bissau,2.0,0.0,Friendly,Penafiel,Angola,False
2019-06-08,Nigeria,Zimbabwe,0.0,0.0,Friendly,Asaba,Nigeria,False
2019-06-08,Singapore,Solomon Islands,4.0,3.0,Friendly,Kallang,Singapore,False
2019-06-08,Abkhazia,Chameria,0.0,0.0,CONIFA European Football Cup,Stepanakert,Azerbaijan,True
2019-06-08,Sápmi,Székely Land,3.0,2.0,CONIFA European Football Cup,Askeran,Azerbaijan,True
2019-06-08,Artsakh,Padania,2.0,0.0,CONIFA European Football Cup,Stepanakert,Azerbaijan,False
2019-06-09,Brazil,Honduras,7.0,0.0,Friendly,Porto Alegre,Brazil,False
2019-06-09,Cameroon,Zambia,2.0,1.0,Friendly,Majadahonda,Cameroon,False
2019-06-09,DR Congo,Burkina Faso,0.0,0.0,Friendly,Marbella,Spain,True
2019-06-09,Japan,El Salvador,2.0,0.0,Kirin Challenge Cup,Rifu,Japan,False
2019-06-09,Mexico,Ecuador,3.0,2.0,Friendly,Arlington,United States,True
2019-06-09,Paraguay,Guatemala,2.0,0.0,Friendly,Asunción,Paraguay,False
2019-06-09,Peru,Colombia,0.0,3.0,Friendly,Lima,Peru,False
2019-06-09,Turkmenistan,Uganda,0.0,0.0,Friendly,Abu Dhabi,United Arab Emirates,True
2019-06-09,United States,Venezuela,0.0,3.0,Friendly,Cincinnati,United States,False
2019-06-09,Switzerland,England,0.0,0.0,UEFA Nations League,Guimarães,Portugal,True
2019-06-09,Portugal,Netherlands,1.0,0.0,UEFA Nations League,Porto,Portugal,False
2019-06-09,Western Armenia,South Ossetia,0.0,1.0,CONIFA European Football Cup,Stepanakert,Azerbaijan,True
2019-06-10,Czech Republic,Montenegro,3.0,0.0,UEFA Euro qualification,Olomouc,Czech Republic,False
2019-06-10,Bulgaria,Kosovo,2.0,3.0,UEFA Euro qualification,Sofia,Bulgaria,False
2019-06-10,Serbia,Lithuania,4.0,1.0,UEFA Euro qualification,Belgrade,Serbia,False
2019-06-10,Ukraine,Luxembourg,1.0,0.0,UEFA Euro qualification,Lviv,Ukraine,False
2019-06-10,Republic of Ireland,Gibraltar,2.0,0.0,UEFA Euro qualification,Dublin,Republic of Ireland,False
2019-06-10,Denmark,Georgia,5.0,1.0,UEFA Euro qualification,Copenhagen,Denmark,False
2019-06-10,Faroe Islands,Norway,0.0,2.0,UEFA Euro qualification,Tórshavn,Faroe Islands,False
2019-06-10,Malta,Romania,0.0,4.0,UEFA Euro qualification,Attard,Malta,False
2019-06-10,Spain,Sweden,3.0,0.0,UEFA Euro qualification,Madrid,Spain,False
2019-06-10,North Macedonia,Austria,1.0,4.0,UEFA Euro qualification,Skopje,North Macedonia,False
2019-06-10,Poland,Israel,4.0,0.0,UEFA Euro qualification,Warsaw,Poland,False
2019-06-10,Latvia,Slovenia,0.0,5.0,UEFA Euro qualification,Riga,Latvia,False
2019-06-10,Vanuatu,Fiji,0.0,0.0,Friendly,Port Vila,Vanuatu,False
2019-06-11,Germany,Estonia,8.0,0.0,UEFA Euro qualification,Mainz,Germany,False
2019-06-11,Belarus,Northern Ireland,0.0,1.0,UEFA Euro qualification,Borisov,Belarus,False
2019-06-11,Azerbaijan,Slovakia,1.0,5.0,UEFA Euro qualification,Baku,Azerbaijan,False
2019-06-11,Hungary,Wales,1.0,0.0,UEFA Euro qualification,Budapest,Hungary,False
2019-06-11,Iceland,Turkey,2.0,1.0,UEFA Euro qualification,Reykjavík,Iceland,False
2019-06-11,Albania,Moldova,2.0,0.0,UEFA Euro qualification,Elbasan,Albania,False
2019-06-11,Andorra,France,0.0,4.0,UEFA Euro qualification,Andorra la Vella,Andorra,False
2019-06-11,Kazakhstan,San Marino,4.0,0.0,UEFA Euro qualification,Nur-Sultan,Kazakhstan,False
2019-06-11,Belgium,Scotland,3.0,0.0,UEFA Euro qualification,Brussels,Belgium,False
2019-06-11,Russia,Cyprus,1.0,0.0,UEFA Euro qualification,Nizhny Novgorod,Russia,False
2019-06-11,Italy,Bosnia and Herzegovina,2.0,1.0,UEFA Euro qualification,Turin,Italy,False
2019-06-11,Liechtenstein,Finland,0.0,2.0,UEFA Euro qualification,Vaduz,Liechtenstein,False
2019-06-11,Greece,Armenia,2.0,3.0,UEFA Euro qualification,Athens,Greece,False
2019-06-11,Algeria,Burundi,1.0,1.0,Friendly,Doha,Qatar,True
2019-06-11,Benin,Guinea,1.0,0.0,Friendly,Marrakech,Morocco,True
2019-06-11,China PR,Tajikistan,1.0,0.0,Friendly,Guangzhou,China PR,False
2019-06-11,Croatia,Tunisia,1.0,2.0,Friendly,Varaždin,Croatia,False
2019-06-11,Hong Kong,Taiwan,0.0,2.0,Friendly,Hong Kong,Hong Kong,False
2019-06-11,Jordan,Indonesia,4.0,1.0,Friendly,Amman,Jordan,False
2019-06-11,South Korea,Iran,1.0,1.0,Friendly,Seoul,South Korea,False
2019-06-11,Kyrgyzstan,Palestine,2.0,2.0,Friendly,Bishkek,Kyrgyzstan,False
2019-06-11,Singapore,Myanmar,1.0,2.0,Friendly,Kallang,Singapore,False
2019-06-11,Uzbekistan,Syria,2.0,0.0,Friendly,Tashkent,Uzbekistan,False
2019-06-11,Bangladesh,Laos,0.0,0.0,FIFA World Cup qualification,Dhaka,Bangladesh,False
2019-06-11,Brunei,Mongolia,2.0,1.0,FIFA World Cup qualification,Bandar Seri Begawan,Brunei,False
2019-06-11,Guam,Bhutan,5.0,0.0,FIFA World Cup qualification,Dededo,Guam,False
2019-06-11,Pakistan,Cambodia,1.0,2.0,FIFA World Cup qualification,Doha,Qatar,True
2019-06-11,Sri Lanka,Macau,3.0,0.0,FIFA World Cup qualification,Colombo,Sri Lanka,False
2019-06-11,Malaysia,Timor-Leste,5.0,1.0,FIFA World Cup qualification,Kuala Lumpur,Malaysia,False
2019-06-12,Morocco,Gambia,0.0,1.0,Friendly,Marrakech,Morocco,False
2019-06-12,Ynys Môn,Saint Helena,7.0,2.0,Friendly,Anglesey,Wales,False
2019-06-13,Egypt,Tanzania,1.0,0.0,Friendly,Alexandria,Egypt,False
2019-06-14,Cameroon,Mali,1.0,1.0,Friendly,Al Wakrah,Qatar,True
2019-06-14,Madagascar,Mauritania,1.0,3.0,Friendly,Marrakech,Morocco,True
2019-06-14,Brazil,Bolivia,3.0,0.0,Copa América,São Paulo,Brazil,False
2019-06-15,Venezuela,Peru,0.0,0.0,Copa América,Porto Alegre,Brazil,True
2019-06-15,Argentina,Colombia,0.0,2.0,Copa América,Salvador,Brazil,True
2019-06-15,Canada,Martinique,4.0,0.0,Gold Cup,Los Angeles,United States,True
2019-06-15,Mexico,Cuba,7.0,0.0,Gold Cup,Los Angeles,United States,True
2019-06-15,Ghana,South Africa,0.0,0.0,Friendly,Dubai,United Arab Emirates,True
2019-06-15,Indonesia,Vanuatu,6.0,0.0,Friendly,Jakarta,Indonesia,False
2019-06-15,Ivory Coast,Uganda,0.0,1.0,Friendly,Abu Dhabi,United Arab Emirates,True
2019-06-15,Kenya,DR Congo,1.0,1.0,Friendly,Madrid,Spain,True
2019-06-15,Tanzania,Zimbabwe,1.0,1.0,Friendly,Cairo,Egypt,True
2019-06-16,Jersey,Orkney,5.0,0.0,Inter Games,Anglesey,Wales,True
2019-06-16,Ynys Môn,Western Isles,2.0,1.0,Inter Games,Anglesey,Wales,False
2019-06-16,Alderney,Hitra,2.0,4.0,Inter Games,Anglesey,Wales,True
2019-06-16,Saint Helena,Shetland,1.0,6.0,Inter Games,Anglesey,Wales,True
2019-06-16,Paraguay,Qatar,2.0,2.0,Copa América,Rio de Janeiro,Brazil,True
2019-06-16,Uruguay,Ecuador,4.0,0.0,Copa América,Belo Horizonte,Brazil,True
2019-06-16,Haiti,Bermuda,2.0,1.0,Gold Cup,San José,Jamaica,True
2019-06-16,Costa Rica,Nicaragua,4.0,0.0,Gold Cup,San José,Jamaica,True
2019-06-16,Algeria,Mali,3.0,2.0,Friendly,Doha,Qatar,True
2019-06-16,Egypt,Guinea,3.0,1.0,Friendly,Alexandria,Egypt,False
2019-06-16,Morocco,Zambia,2.0,3.0,Friendly,Marrakech,Morocco,False
2019-06-16,Senegal,Nigeria,1.0,0.0,Friendly,Ismailia,Egypt,True
2019-06-17,Ynys Môn,Orkney,3.0,1.0,Inter Games,Anglesey,Wales,False
2019-06-17,Jersey,Western Isles,7.0,0.0,Inter Games,Anglesey,Wales,True
2019-06-17,Isle of Man,Hitra,7.0,1.0,Inter Games,Anglesey,Wales,True
2019-06-17,Guernsey,Shetland,2.0,1.0,Inter Games,Anglesey,Wales,True
2019-06-17,Japan,Chile,0.0,4.0,Copa América,São Paulo,Brazil,True
2019-06-17,Curaçao,El Salvador,0.0,1.0,Gold Cup,Kingston,Jamaica,True
2019-06-17,Jamaica,Honduras,3.0,2.0,Gold Cup,Kingston,Jamaica,False
2019-06-17,Tunisia,Burundi,2.0,1.0,Friendly,Radès,Tunisia,False
2019-06-18,Ynys Môn,Jersey,1.0,0.0,Inter Games,Anglesey,Wales,False
2019-06-18,Western Isles,Orkney,1.0,2.0,Inter Games,Anglesey,Wales,True
2019-06-18,Isle of Man,Alderney,6.0,1.0,Inter Games,Anglesey,Wales,True
2019-06-18,Guernsey,Saint Helena,9.0,0.0,Inter Games,Anglesey,Wales,True
2019-06-18,Bolivia,Peru,1.0,3.0,Copa América,Rio de Janeiro,Brazil,True
2019-06-18,Brazil,Venezuela,0.0,0.0,Copa América,Salvador,Brazil,False
2019-06-18,Panama,Trinidad and Tobago,2.0,0.0,Gold Cup,Saint Paul,United States,True
2019-06-18,United States,Guyana,4.0,0.0,Gold Cup,Saint Paul,United States,False
2019-06-18,Benin,Mauritania,3.0,1.0,Friendly,Marrakech,Morocco,True
2019-06-19,Colombia,Qatar,1.0,0.0,Copa América,São Paulo,Brazil,True
2019-06-19,Argentina,Paraguay,1.0,1.0,Copa América,Belo Horizonte,Brazil,True
2019-06-19,Cuba,Martinique,0.0,3.0,Gold Cup,Denver,United States,True
2019-06-19,Mexico,Canada,3.0,1.0,Gold Cup,Denver,United States,True
2019-06-19,Ivory Coast,Zambia,4.0,1.0,Friendly,Abu Dhabi,United Arab Emirates,True
2019-06-20,Western Isles,Saint Helena,2.0,1.0,Inter Games,Anglesey,Wales,True
2019-06-20,Orkney,Alderney,1.0,2.0,Inter Games,Anglesey,Wales,True
2019-06-20,Jersey,Hitra,3.0,1.0,Inter Games,Anglesey,Wales,True
2019-06-20,Ynys Môn,Shetland,2.0,1.0,Inter Games,Anglesey,Wales,False
2019-06-20,Isle of Man,Guernsey,2.0,3.0,Inter Games,Anglesey,Wales,True
2019-06-20,Uruguay,Japan,2.0,2.0,Copa América,Porto Alegre,Brazil,True
2019-06-20,Nicaragua,Haiti,0.0,2.0,Gold Cup,Frisco,United States,True
2019-06-20,Costa Rica,Bermuda,2.0,1.0,Gold Cup,Frisco,United States,True
2019-06-21,Shetland,Isle of Man,0.0,5.0,Inter Games,Anglesey,Wales,True
2019-06-21,Ynys Môn,Guernsey,2.0,1.0,Inter Games,Anglesey,Wales,False
2019-06-21,Egypt,Zimbabwe,1.0,0.0,African Cup of Nations,Cairo,Egypt,False
2019-06-21,Ecuador,Chile,1.0,2.0,Copa América,Salvador,Brazil,True
2019-06-21,El Salvador,Jamaica,0.0,0.0,Gold Cup,Houston,United States,True
2019-06-21,Honduras,Curaçao,0.0,1.0,Gold Cup,Houston,United States,True
2019-06-22,DR Congo,Uganda,0.0,2.0,African Cup of Nations,Cairo,Egypt,True
2019-06-22,Nigeria,Burundi,1.0,0.0,African Cup of Nations,Alexandria,Egypt,True
2019-06-22,Guinea,Madagascar,2.0,2.0,African Cup of Nations,Alexandria,Egypt,True
2019-06-22,Bolivia,Venezuela,1.0,3.0,Copa América,Belo Horizonte,Brazil,True
2019-06-22,Guyana,Panama,2.0,4.0,Gold Cup,Cleveland,United States,True
2019-06-22,United States,Trinidad and Tobago,6.0,0.0,Gold Cup,Cleveland,United States,False
2019-06-22,Brazil,Peru,5.0,0.0,Copa América,São Paulo,Brazil,False
2019-06-23,Senegal,Tanzania,2.0,0.0,African Cup of Nations,Cairo,Egypt,True
2019-06-23,Algeria,Kenya,2.0,0.0,African Cup of Nations,Cairo,Egypt,True
2019-06-23,Morocco,Namibia,1.0,0.0,African Cup of Nations,Cairo,Egypt,True
2019-06-23,Colombia,Paraguay,1.0,0.0,Copa América,Salvador,Brazil,True
2019-06-23,Qatar,Argentina,0.0,2.0,Copa América,Porto Alegre,Brazil,True
2019-06-23,Canada,Cuba,7.0,0.0,Gold Cup,Charlotte,United States,True
2019-06-23,Martinique,Mexico,2.0,3.0,Gold Cup,Charlotte,United States,True
2019-06-24,Ivory Coast,South Africa,1.0,0.0,African Cup of Nations,Cairo,Egypt,True
2019-06-24,Tunisia,Angola,1.0,1.0,African Cup of Nations,Suez,Egypt,True
2019-06-24,Mali,Mauritania,4.0,1.0,African Cup of Nations,Suez,Egypt,True
2019-06-24,Chile,Uruguay,0.0,1.0,Copa América,Rio de Janeiro,Brazil,True
2019-06-24,Ecuador,Japan,1.0,1.0,Copa América,Belo Horizonte,Brazil,True
2019-06-24,Bermuda,Nicaragua,2.0,0.0,Gold Cup,New Jersey,United States,True
2019-06-24,Haiti,Costa Rica,2.0,1.0,Gold Cup,New Jersey,United States,True
2019-06-25,Cameroon,Guinea-Bissau,2.0,0.0,African Cup of Nations,Ismailia,Egypt,True
2019-06-25,Ghana,Benin,2.0,2.0,African Cup of Nations,Ismailia,Egypt,True
2019-06-25,Jamaica,Curaçao,1.0,1.0,Gold Cup,Los Angeles,United States,True
2019-06-25,Honduras,El Salvador,4.0,0.0,Gold Cup,Los Angeles,United States,True
2019-06-25,Raetia,Franconia,3.0,4.0,Friendly,Chur,Switzerland,False
2019-06-26,Uganda,Zimbabwe,1.0,1.0,African Cup of Nations,Cairo,Egypt,True
2019-06-26,Egypt,DR Congo,2.0,0.0,African Cup of Nations,Cairo,Egypt,False
2019-06-26,Nigeria,Guinea,1.0,0.0,African Cup of Nations,Alexandria,Egypt,True
2019-06-26,Trinidad and Tobago,Guyana,1.0,1.0,Gold Cup,Kansas City,United States,True
2019-06-26,United States,Panama,1.0,0.0,Gold Cup,Kansas City,United States,False
2019-06-27,Madagascar,Burundi,1.0,0.0,African Cup of Nations,Alexandria,Egypt,True
2019-06-27,Senegal,Algeria,0.0,1.0,African Cup of Nations,Cairo,Egypt,True
2019-06-27,Kenya,Tanzania,3.0,2.0,African Cup of Nations,Cairo,Egypt,True
2019-06-27,Brazil,Paraguay,0.0,0.0,Copa América,Porto Alegre,Brazil,False
2019-06-28,Morocco,Ivory Coast,1.0,0.0,African Cup of Nations,Cairo,Egypt,True
2019-06-28,South Africa,Namibia,1.0,0.0,African Cup of Nations,Cairo,Egypt,True
2019-06-28,Tunisia,Mali,1.0,1.0,African Cup of Nations,Suez,Egypt,True
2019-06-28,Colombia,Chile,0.0,0.0,Copa América,São Paulo,Brazil,True
2019-06-28,Venezuela,Argentina,0.0,2.0,Copa América,Rio de Janeiro,Brazil,True
2019-06-29,Mauritania,Angola,0.0,0.0,African Cup of Nations,Suez,Egypt,True
2019-06-29,Cameroon,Ghana,0.0,0.0,African Cup of Nations,Ismailia,Egypt,True
2019-06-29,Benin,Guinea-Bissau,0.0,0.0,African Cup of Nations,Ismailia,Egypt,True
2019-06-29,Uruguay,Peru,0.0,0.0,Copa América,Salvador,Brazil,True
2019-06-29,Haiti,Canada,3.0,2.0,Gold Cup,Houston,United States,True
2019-06-29,Mexico,Costa Rica,1.0,1.0,Gold Cup,Houston,United States,True
2019-06-30,Egypt,Uganda,2.0,0.0,African Cup of Nations,Cairo,Egypt,False
2019-06-30,Zimbabwe,DR Congo,0.0,4.0,African Cup of Nations,Cairo,Egypt,True
2019-06-30,Burundi,Guinea,0.0,2.0,African Cup of Nations,Cairo,Egypt,True
2019-06-30,Madagascar,Nigeria,2.0,0.0,African Cup of Nations,Alexandria,Egypt,True
2019-06-30,Jamaica,Panama,1.0,0.0,Gold Cup,Philadelphia,United States,True
2019-06-30,United States,Curaçao,1.0,0.0,Gold Cup,Philadelphia,United States,False
2019-07-01,Kenya,Senegal,0.0,3.0,African Cup of Nations,Cairo,Egypt,True
2019-07-01,Tanzania,Algeria,0.0,3.0,African Cup of Nations,Cairo,Egypt,True
2019-07-01,Namibia,Ivory Coast,1.0,4.0,African Cup of Nations,Cairo,Egypt,True
2019-07-01,South Africa,Morocco,0.0,1.0,African Cup of Nations,Cairo,Egypt,True
2019-07-02,Angola,Mali,0.0,1.0,African Cup of Nations,Ismailia,Egypt,True
2019-07-02,Mauritania,Tunisia,0.0,0.0,African Cup of Nations,Suez,Egypt,True
2019-07-02,Benin,Cameroon,0.0,0.0,African Cup of Nations,Ismailia,Egypt,True
2019-07-02,Guinea-Bissau,Ghana,0.0,2.0,African Cup of Nations,Suez,Egypt,True
2019-07-02,Brazil,Argentina,2.0,0.0,Copa América,Belo Horizonte,Brazil,False
2019-07-02,Haiti,Mexico,0.0,1.0,Gold Cup,Glendale,United States,True
2019-07-03,Chile,Peru,0.0,3.0,Copa América,Porto Alegre,Brazil,True
2019-07-03,United States,Jamaica,3.0,1.0,Gold Cup,Nashville,United States,False
2019-07-05,Morocco,Benin,1.0,1.0,African Cup of Nations,Cairo,Egypt,True
2019-07-05,Uganda,Senegal,0.0,1.0,African Cup of Nations,Cairo,Egypt,True
2019-07-06,Egypt,South Africa,0.0,1.0,African Cup of Nations,Cairo,Egypt,False
2019-07-06,Nigeria,Cameroon,3.0,2.0,African Cup of Nations,Alexandria,Egypt,True
2019-07-06,Argentina,Chile,2.0,1.0,Copa América,São Paulo,Brazil,True
2019-07-07,Algeria,Guinea,3.0,0.0,African Cup of Nations,Cairo,Egypt,True
2019-07-07,Madagascar,DR Congo,2.0,2.0,African Cup of Nations,Alexandria,Egypt,True
2019-07-07,Brazil,Peru,3.0,1.0,Copa América,Rio de Janeiro,Brazil,False
2019-07-07,United States,Mexico,0.0,1.0,Gold Cup,Chicago,United States,False
2019-07-07,India,Tajikistan,2.0,4.0,Intercontinental Cup,Ahmedabad,India,False
2019-07-08,Ghana,Tunisia,1.0,1.0,African Cup of Nations,Ismailia,Egypt,True
2019-07-08,Mali,Ivory Coast,0.0,1.0,African Cup of Nations,Suez,Egypt,True
2019-07-08,Samoa,Papua New Guinea,0.0,6.0,Pacific Games,Apia,Samoa,False
2019-07-08,American Samoa,New Caledonia,0.0,5.0,Pacific Games,Apia,Samoa,True
2019-07-08,Tuvalu,Solomon Islands,0.0,13.0,Pacific Games,Apia,Samoa,True
2019-07-08,Tahiti,Fiji,1.0,2.0,Pacific Games,Apia,Samoa,True
2019-07-08,Syria,North Korea,5.0,2.0,Intercontinental Cup,Ahmedabad,India,True
2019-07-10,Nigeria,South Africa,2.0,1.0,African Cup of Nations,Cairo,Egypt,True
2019-07-10,Senegal,Benin,1.0,0.0,African Cup of Nations,Cairo,Egypt,True
2019-07-10,Papua New Guinea,Vanuatu,2.0,0.0,Pacific Games,Apia,Samoa,True
2019-07-10,Tuvalu,Tahiti,0.0,7.0,Pacific Games,Apia,Samoa,True
2019-07-10,American Samoa,Fiji,0.0,9.0,Pacific Games,Apia,Samoa,True
2019-07-10,Solomon Islands,New Caledonia,0.0,2.0,Pacific Games,Apia,Samoa,True
2019-07-10,Tajikistan,Syria,2.0,0.0,Intercontinental Cup,Ahmedabad,India,True
2019-07-11,Ivory Coast,Algeria,1.0,1.0,African Cup of Nations,Suez,Egypt,True
2019-07-11,Madagascar,Tunisia,0.0,3.0,African Cup of Nations,Cairo,Egypt,True
2019-07-12,Samoa,Tonga,2.0,0.0,Pacific Games,Apia,Samoa,False
2019-07-12,American Samoa,Tuvalu,1.0,1.0,Pacific Games,Apia,Samoa,True
2019-07-12,Solomon Islands,Tahiti,0.0,3.0,Pacific Games,Apia,Samoa,True
2019-07-12,New Caledonia,Fiji,1.0,0.0,Pacific Games,Apia,Samoa,True
2019-07-13,India,North Korea,2.0,5.0,Intercontinental Cup,Ahmedabad,India,False
2019-07-14,Algeria,Nigeria,2.0,1.0,African Cup of Nations,Cairo,Egypt,True
2019-07-14,Senegal,Tunisia,1.0,0.0,African Cup of Nations,Cairo,Egypt,True
2019-07-15,Tonga,Vanuatu,0.0,14.0,Pacific Games,Apia,Samoa,True
2019-07-15,Fiji,Tuvalu,10.0,1.0,Pacific Games,Apia,Samoa,True
2019-07-15,Solomon Islands,American Samoa,13.0,0.0,Pacific Games,Apia,Samoa,True
2019-07-15,Tahiti,New Caledonia,0.0,3.0,Pacific Games,Apia,Samoa,True
2019-07-15,North Korea,Tajikistan,1.0,0.0,Intercontinental Cup,Ahmedabad,India,True
2019-07-16,India,Syria,1.0,1.0,Intercontinental Cup,Ahmedabad,India,False
2019-07-17,Tunisia,Nigeria,0.0,1.0,African Cup of Nations,Cairo,Egypt,True
2019-07-18,Papua New Guinea,Tonga,8.0,0.0,Pacific Games,Apia,Samoa,True
2019-07-18,Samoa,Vanuatu,0.0,11.0,Pacific Games,Apia,Samoa,False
2019-07-18,New Caledonia,Tuvalu,11.0,0.0,Pacific Games,Apia,Samoa,True
2019-07-18,Tahiti,American Samoa,8.0,1.0,Pacific Games,Apia,Samoa,True
2019-07-18,Fiji,Solomon Islands,4.0,4.0,Pacific Games,Apia,Samoa,True
2019-07-18,Mauritius,Seychelles,1.0,1.0,Indian Ocean Island Games,Curepipe,Mauritius,False
2019-07-18,Réunion,Maldives,4.0,0.0,Indian Ocean Island Games,Centre de Flacq,Mauritius,True
2019-07-18,Comoros,Mayotte,0.0,2.0,Indian Ocean Island Games,Centre de Flacq,Mauritius,True
2019-07-19,Senegal,Algeria,0.0,1.0,African Cup of Nations,Cairo,Egypt,True
2019-07-19,Tajikistan,North Korea,0.0,1.0,Intercontinental Cup,Ahmedabad,India,True
2019-07-20,Papua New Guinea,Fiji,1.0,1.0,Pacific Games,Apia,Samoa,True
2019-07-20,Seychelles,Madagascar,0.0,0.0,Indian Ocean Island Games,Centre de Flacq,Mauritius,True
2019-07-20,Réunion,Mayotte,1.0,0.0,Indian Ocean Island Games,Curepipe,Mauritius,True
2019-07-20,Comoros,Maldives,3.0,0.0,Indian Ocean Island Games,Curepipe,Mauritius,True
2019-07-21,Equatorial Guinea,Liberia,1.0,1.0,Friendly,Malabo,Equatorial Guinea,False
2019-07-22,Mauritius,Madagascar,1.0,1.0,Indian Ocean Island Games,Curepipe,Mauritius,False
2019-07-22,Mayotte,Maldives,3.0,1.0,Indian Ocean Island Games,Centre de Flacq,Mauritius,True
2019-07-22,Réunion,Comoros,0.0,1.0,Indian Ocean Island Games,Curepipe,Mauritius,True
2019-07-24,Mauritius,Mayotte,1.0,0.0,Indian Ocean Island Games,Curepipe,Mauritius,False
2019-07-24,Réunion,Seychelles,4.0,0.0,Indian Ocean Island Games,Centre de Flacq,Mauritius,True
2019-07-26,Seychelles,Mayotte,1.0,3.0,Indian Ocean Island Games,Centre de Flacq,Mauritius,True
2019-07-28,Mauritius,Réunion,1.0,1.0,Indian Ocean Island Games,Centre de Flacq,Mauritius,False
2019-07-30,Iraq,Lebanon,1.0,0.0,WAFF Championship,Karbala,Iraq,False
2019-07-30,Yemen,Palestine,0.0,1.0,WAFF Championship,Karbala,Iraq,True
2019-08-02,Iraq,Palestine,2.0,1.0,WAFF Championship,Karbala,Iraq,False
2019-08-02,Lebanon,Syria,2.0,1.0,WAFF Championship,Karbala,Iraq,True
2019-08-04,Jordan,Bahrain,0.0,1.0,WAFF Championship,Erbil,Iraq,True
2019-08-04,Saudi Arabia,Kuwait,1.0,2.0,WAFF Championship,Erbil,Iraq,True
2019-08-05,Syria,Yemen,1.0,1.0,WAFF Championship,Karbala,Iraq,True
2019-08-05,Lebanon,Palestine,0.0,0.0,WAFF Championship,Karbala,Iraq,True
2019-08-07,Bahrain,Saudi Arabia,0.0,0.0,WAFF Championship,Erbil,Iraq,True
2019-08-07,Kuwait,Jordan,1.0,1.0,WAFF Championship,Erbil,Iraq,True
2019-08-08,Yemen,Lebanon,2.0,1.0,WAFF Championship,Karbala,Iraq,True
2019-08-08,Iraq,Syria,0.0,0.0,WAFF Championship,Karbala,Iraq,False
2019-08-09,South Ossetia,Luhansk PR,2.0,0.0,Friendly,Tskhinvali,Georgia,False
2019-08-10,Jordan,Saudi Arabia,3.0,0.0,WAFF Championship,Erbil,Iraq,True
2019-08-10,Kuwait,Bahrain,0.0,1.0,WAFF Championship,Erbil,Iraq,True
2019-08-11,Saint Vincent and the Grenadines,Trinidad and Tobago,1.0,0.0,Friendly,Georgetown,Saint Vincent and the Grenadines,False
2019-08-11,Palestine,Syria,4.0,3.0,WAFF Championship,Karbala,Iraq,True
2019-08-11,Iraq,Yemen,2.0,1.0,WAFF Championship,Karbala,Iraq,False
2019-08-14,Dominican Republic,Guatemala,0.0,0.0,Friendly,Santiago de los Caballeros,Dominican Republic,False
2019-08-14,Iraq,Bahrain,0.0,1.0,WAFF Championship,Karbala,Iraq,False
2019-08-27,Saint Kitts and Nevis,Antigua and Barbuda,4.0,3.0,Friendly,Basseterre,Saint Kitts and Nevis,False
2019-08-28,Belize,Saint Vincent and the Grenadines,1.0,1.0,Friendly,Belmopan,Belize,False
2019-08-28,Taiwan,Guam,3.0,0.0,Friendly,Kaohsiung,Taiwan,False
2019-08-29,United Arab Emirates,Dominican Republic,4.0,0.0,Friendly,Riffa,Bahrain,True
2019-08-30,Belize,Saint Vincent and the Grenadines,1.0,0.0,Friendly,Belmopan,Belize,False
2019-08-30,China PR,Myanmar,4.0,1.0,Friendly,Xianghe,Egypt,True
2019-08-30,Malaysia,Jordan,0.0,1.0,Friendly,Kuala Lumpur,Malaysia,False
2019-08-31,United Arab Emirates,Sri Lanka,5.0,1.0,Friendly,Riffa,Bahrain,True
2019-09-04,Libya,Burkina Faso,0.0,1.0,Friendly,Marrakech,Morocco,True
2019-09-04,Burundi,Tanzania,1.0,1.0,FIFA World Cup qualification,Bujumbura,Burundi,False
2019-09-04,Djibouti,Eswatini,2.0,1.0,FIFA World Cup qualification,Djibouti,Djibouti,False
2019-09-04,Eritrea,Namibia,1.0,2.0,FIFA World Cup qualification,Asmara,Eritrea,False
2019-09-04,Ethiopia,Lesotho,0.0,0.0,FIFA World Cup qualification,Bahir Dar,Ethiopia,False
2019-09-04,Liberia,Sierra Leone,3.0,1.0,FIFA World Cup qualification,Monrovia,Liberia,False
2019-09-04,Mauritius,Mozambique,0.0,1.0,FIFA World Cup qualification,Belle Vue Maurel,Mauritius,False
2019-09-04,São Tomé and Príncipe,Guinea-Bissau,0.0,1.0,FIFA World Cup qualification,São Tomé,São Tomé and Príncipe,False
2019-09-04,South Sudan,Equatorial Guinea,1.0,1.0,FIFA World Cup qualification,Omdurman,Sudan,True
2019-09-05,Argentina,Chile,0.0,0.0,Friendly,Los Angeles,United States,True
2019-09-05,Honduras,Puerto Rico,4.0,0.0,Friendly,Tegucigalpa,Honduras,False
2019-09-05,South Korea,Georgia,2.0,2.0,Friendly,Istanbul,Turkey,True
2019-09-05,Montenegro,Hungary,2.0,1.0,Friendly,Podgorica,Montenegro,False
2019-09-05,Northern Ireland,Luxembourg,1.0,0.0,Friendly,Belfast,Northern Ireland,False
2019-09-05,Peru,Ecuador,0.0,1.0,Friendly,Harrison,United States,True
2019-09-05,Saudi Arabia,Mali,1.0,1.0,Friendly,Riyadh,Saudi Arabia,False
2019-09-05,Republic of Ireland,Switzerland,1.0,1.0,UEFA Euro qualification,Dublin,Republic of Ireland,False
2019-09-05,Gibraltar,Denmark,0.0,6.0,UEFA Euro qualification,Gibraltar,Gibraltar,False
2019-09-05,Faroe Islands,Sweden,0.0,4.0,UEFA Euro qualification,Tórshavn,Faroe Islands,False
2019-09-05,Norway,Malta,2.0,0.0,UEFA Euro qualification,Oslo,Norway,False
2019-09-05,Romania,Spain,1.0,2.0,UEFA Euro qualification,Bucharest,Romania,False
2019-09-05,Israel,North Macedonia,1.0,1.0,UEFA Euro qualification,Beer Sheva,Israel,False
2019-09-05,Armenia,Italy,1.0,3.0,UEFA Euro qualification,Yerevan,Armenia,False
2019-09-05,Bosnia and Herzegovina,Liechtenstein,5.0,0.0,UEFA Euro qualification,Zenica,Bosnia and Herzegovina,False
2019-09-05,Finland,Greece,1.0,0.0,UEFA Euro qualification,Tampere,Finland,False
2019-09-05,Japan,Paraguay,2.0,0.0,Kirin Challenge Cup,Kashima,Japan,False
2019-09-05,Bermuda,Panama,1.0,4.0,CONCACAF Nations League,Hamilton,Bermuda,False
2019-09-05,Grenada,Saint Kitts and Nevis,2.0,1.0,CONCACAF Nations League,St. George's,Grenada,False
2019-09-05,French Guiana,Belize,3.0,0.0,CONCACAF Nations League,Cayenne,French Guiana,False
2019-09-05,Dominica,Suriname,1.0,2.0,CONCACAF Nations League,Roseau,Dominica,False
2019-09-05,United States Virgin Islands,Cayman Islands,0.0,2.0,CONCACAF Nations League,Saint Croix,United States Virgin Islands,False
2019-09-05,Barbados,Saint Martin,4.0,0.0,CONCACAF Nations League,Bridgetown,Barbados,False
2019-09-05,Guatemala,Anguilla,10.0,0.0,CONCACAF Nations League,Guatemala City,Guatemala,False
2019-09-05,Guam,Maldives,0.0,1.0,FIFA World Cup qualification,Dededo,Guam,False
2019-09-05,Philippines,Syria,2.0,5.0,FIFA World Cup qualification,Bacolod,Philippines,False
2019-09-05,Taiwan,Jordan,1.0,2.0,FIFA World Cup qualification,Taipei,Taiwan,False
2019-09-05,Kuwait,Nepal,7.0,0.0,FIFA World Cup qualification,Kuwait City,Kuwait,False
2019-09-05,Cambodia,Hong Kong,1.0,1.0,FIFA World Cup qualification,Phnom Penh,Cambodia,False
2019-09-05,Bahrain,Iraq,1.0,1.0,FIFA World Cup qualification,Riffa,Bahrain,False
2019-09-05,Palestine,Uzbekistan,2.0,0.0,FIFA World Cup qualification,Al-Ram,Palestine,False
2019-09-05,Singapore,Yemen,2.0,2.0,FIFA World Cup qualification,Kallang,Singapore,False
2019-09-05,India,Oman,1.0,2.0,FIFA World Cup qualification,Guwahati,India,False
2019-09-05,Qatar,Afghanistan,6.0,0.0,FIFA World Cup qualification,Doha,Qatar,False
2019-09-05,Mongolia,Myanmar,1.0,0.0,FIFA World Cup qualification,Ulaanbaatar,Mongolia,False
2019-09-05,Tajikistan,Kyrgyzstan,1.0,0.0,FIFA World Cup qualification,Dushanbe,Tajikistan,False
2019-09-05,Thailand,Vietnam,0.0,0.0,FIFA World Cup qualification,Pathum Thani,Thailand,False
2019-09-05,Indonesia,Malaysia,2.0,3.0,FIFA World Cup qualification,Jakarta,Indonesia,False
2019-09-05,North Korea,Lebanon,2.0,0.0,FIFA World Cup qualification,Pyongyang,North Korea,False
2019-09-05,Sri Lanka,Turkmenistan,0.0,2.0,FIFA World Cup qualification,Colombo,Sri Lanka,False
2019-09-05,Chad,Sudan,1.0,3.0,FIFA World Cup qualification,N'Djamena,Chad,False
2019-09-05,Seychelles,Rwanda,0.0,3.0,FIFA World Cup qualification,Victoria,Seychelles,False
2019-09-05,Somalia,Zimbabwe,1.0,0.0,FIFA World Cup qualification,Djibouti,Djibouti,True
2019-09-06,Brazil,Colombia,2.0,2.0,Friendly,Miami Gardens,United States,True
2019-09-06,Costa Rica,Uruguay,1.0,2.0,Friendly,San José,Costa Rica,False
2019-09-06,Ivory Coast,Benin,1.0,2.0,Friendly,Caen,Egypt,True
2019-09-06,Morocco,Burkina Faso,1.0,1.0,Friendly,Marrakech,Morocco,False
2019-09-06,Tunisia,Mauritania,1.0,0.0,Friendly,Radès,Tunisia,False
2019-09-06,United States,Mexico,0.0,3.0,Friendly,East Rutherford,United States,False
2019-09-06,Estonia,Belarus,1.0,2.0,UEFA Euro qualification,Tallinn,Estonia,False
2019-09-06,Germany,Netherlands,2.0,4.0,UEFA Euro qualification,Hamburg,Germany,False
2019-09-06,Wales,Azerbaijan,2.0,1.0,UEFA Euro qualification,Cardiff,Wales,False
2019-09-06,Slovakia,Croatia,0.0,4.0,UEFA Euro qualification,Trnava,Slovakia,False
2019-09-06,Austria,Latvia,6.0,0.0,UEFA Euro qualification,Salzburg,Austria,False
2019-09-06,Slovenia,Poland,2.0,0.0,UEFA Euro qualification,Ljubljana,Slovenia,False
2019-09-06,Cyprus,Kazakhstan,1.0,1.0,UEFA Euro qualification,Nicosia,Cyprus,False
2019-09-06,Scotland,Russia,1.0,2.0,UEFA Euro qualification,Glasgow,Scotland,False
2019-09-06,San Marino,Belgium,0.0,4.0,UEFA Euro qualification,Serravalle,San Marino,False
2019-09-06,Martinique,Trinidad and Tobago,1.0,1.0,CONCACAF Nations League,Fort-de-France,Martinique,False
2019-09-06,Aruba,Guyana,0.0,1.0,CONCACAF Nations League,Willemstad,Curaçao,True
2019-09-06,Jamaica,Antigua and Barbuda,6.0,0.0,CONCACAF Nations League,Montego Bay,Jamaica,False
2019-09-06,Nicaragua,Saint Vincent and the Grenadines,1.0,1.0,CONCACAF Nations League,Managua,Nicaragua,False
2019-09-06,Bonaire,British Virgin Islands,4.0,2.0,CONCACAF Nations League,Willemstad,Curaçao,True
2019-09-06,Comoros,Togo,1.0,1.0,FIFA World Cup qualification,Moroni,Comoros,False
2019-09-06,Gambia,Angola,0.0,1.0,FIFA World Cup qualification,Bakau,Gambia,False
2019-09-07,Libya,Niger,2.0,0.0,Friendly,Berrechid,Egypt,True
2019-09-07,Kosovo,Czech Republic,2.0,1.0,UEFA Euro qualification,Pristina,Kosovo,False
2019-09-07,England,Bulgaria,4.0,0.0,UEFA Euro qualification,London,England,False
2019-09-07,Lithuania,Ukraine,0.0,3.0,UEFA Euro qualification,Vilnius,Lithuania,False
2019-09-07,Serbia,Portugal,2.0,4.0,UEFA Euro qualification,Belgrade,Serbia,False
2019-09-07,Iceland,Moldova,3.0,0.0,UEFA Euro qualification,Reykjavík,Iceland,False
2019-09-07,France,Albania,4.0,1.0,UEFA Euro qualification,Paris,France,False
2019-09-07,Turkey,Andorra,1.0,0.0,UEFA Euro qualification,Istanbul,Turkey,False
2019-09-07,Canada,Cuba,6.0,0.0,CONCACAF Nations League,Toronto,Canada,False
2019-09-07,Curaçao,Haiti,1.0,0.0,CONCACAF Nations League,Willemstad,Curaçao,False
2019-09-07,Montserrat,Dominican Republic,2.0,1.0,CONCACAF Nations League,Lookout,Montserrat,False
2019-09-07,El Salvador,Saint Lucia,3.0,0.0,CONCACAF Nations League,San Salvador,El Salvador,False
2019-09-07,Guadeloupe,Sint Maarten,5.0,1.0,CONCACAF Nations League,Les Abymes,Guadeloupe,False
2019-09-07,Botswana,Malawi,0.0,0.0,FIFA World Cup qualification,Francistown,Botswana,False
2019-09-08,Kenya,Uganda,1.0,1.0,Friendly,Nairobi,Kenya,False
2019-09-08,Switzerland,Gibraltar,4.0,0.0,UEFA Euro qualification,Sion,Switzerland,False
2019-09-08,Georgia,Denmark,0.0,0.0,UEFA Euro qualification,Tbilisi,Georgia,False
2019-09-08,Romania,Malta,1.0,0.0,UEFA Euro qualification,Ploiești,Romania,False
2019-09-08,Spain,Faroe Islands,4.0,0.0,UEFA Euro qualification,Gijon,Egypt,True
2019-09-08,Sweden,Norway,1.0,1.0,UEFA Euro qualification,Stockholm,Sweden,False
2019-09-08,Armenia,Bosnia and Herzegovina,4.0,2.0,UEFA Euro qualification,Yerevan,Armenia,False
2019-09-08,Finland,Italy,1.0,2.0,UEFA Euro qualification,Tampere,Finland,False
2019-09-08,Greece,Liechtenstein,1.0,1.0,UEFA Euro qualification,Athens,Greece,False
2019-09-08,Panama,Bermuda,0.0,2.0,CONCACAF Nations League,Panama City,Panama,False
2019-09-08,Belize,Grenada,1.0,2.0,CONCACAF Nations League,Belmopan,Belize,False
2019-09-08,Saint Kitts and Nevis,French Guiana,2.0,2.0,CONCACAF Nations League,Basseterre,Saint Kitts and Nevis,False
2019-09-08,Saint Vincent and the Grenadines,Dominica,1.0,0.0,CONCACAF Nations League,Arnos Vale,Saint Vincent and the Grenadines,False
2019-09-08,Suriname,Nicaragua,6.0,0.0,CONCACAF Nations League,Paramaribo,Suriname,False
2019-09-08,Saint Martin,United States Virgin Islands,1.0,2.0,CONCACAF Nations League,The Valley,Anguilla,True
2019-09-08,Cayman Islands,Barbados,3.0,2.0,CONCACAF Nations League,George Town,Cayman Islands,False
2019-09-08,Equatorial Guinea,South Sudan,1.0,0.0,FIFA World Cup qualification,Malabo,Equatorial Guinea,False
2019-09-08,Lesotho,Ethiopia,1.0,1.0,FIFA World Cup qualification,Maseru,Lesotho,False
2019-09-08,Sierra Leone,Liberia,1.0,0.0,FIFA World Cup qualification,Freetown,Sierra Leone,False
2019-09-08,Tanzania,Burundi,1.0,1.0,FIFA World Cup qualification,Dar es Salaam,Tanzania,False
2019-09-09,Algeria,Benin,1.0,0.0,Friendly,Algiers,Algeria,False
2019-09-09,Iraq,Uzbekistan,0.0,0.0,Friendly,Amman,Jordan,True
2019-09-09,Wales,Belarus,1.0,0.0,Friendly,Cardiff,Wales,False
2019-09-09,Northern Ireland,Germany,0.0,2.0,UEFA Euro qualification,Belfast,Northern Ireland,False
2019-09-09,Estonia,Netherlands,0.0,4.0,UEFA Euro qualification,Tallinn,Estonia,False
2019-09-09,Azerbaijan,Croatia,1.0,1.0,UEFA Euro qualification,Baku,Azerbaijan,False
2019-09-09,Hungary,Slovakia,1.0,2.0,UEFA Euro qualification,Budapest,Hungary,False
2019-09-09,Poland,Austria,0.0,0.0,UEFA Euro qualification,Warsaw,Poland,False
2019-09-09,Slovenia,Israel,3.0,2.0,UEFA Euro qualification,Ljubljana,Slovenia,False
2019-09-09,Latvia,North Macedonia,0.0,2.0,UEFA Euro qualification,Riga,Latvia,False
2019-09-09,Scotland,Belgium,0.0,4.0,UEFA Euro qualification,Glasgow,Scotland,False
2019-09-09,Russia,Kazakhstan,1.0,0.0,UEFA Euro qualification,Kaliningrad,Russia,False
2019-09-09,San Marino,Cyprus,0.0,4.0,UEFA Euro qualification,Serravalle,San Marino,False
2019-09-09,Trinidad and Tobago,Martinique,2.0,2.0,CONCACAF Nations League,Couva,Trinidad and Tobago,False
2019-09-09,Antigua and Barbuda,Aruba,2.0,1.0,CONCACAF Nations League,North Sound,Antigua and Barbuda,False
2019-09-09,Guyana,Jamaica,0.0,4.0,CONCACAF Nations League,Georgetown,Guyana,False
2019-09-09,Bahamas,Bonaire,2.0,1.0,CONCACAF Nations League,Nassau,Bahamas,False
2019-09-10,Argentina,Mexico,4.0,0.0,Friendly,San Antonio,United States,True
2019-09-10,Brazil,Peru,0.0,1.0,Friendly,Los Angeles,United States,True
2019-09-10,Colombia,Venezuela,0.0,0.0,Friendly,Tampa,United States,True
2019-09-10,Ecuador,Bolivia,3.0,0.0,Friendly,Cuenca,Ecuador,False
2019-09-10,Honduras,Chile,2.0,1.0,Friendly,San Pedro Sula,Honduras,False
2019-09-10,Ivory Coast,Tunisia,2.0,1.0,Friendly,Rouen,France,True
2019-09-10,Jordan,Paraguay,2.0,4.0,Friendly,Amman,Jordan,False
2019-09-10,Morocco,Niger,1.0,0.0,Friendly,Marrakech,Morocco,False
2019-09-10,Oman,Lebanon,1.0,0.0,Friendly,Muscat,Oman,False
2019-09-10,Republic of Ireland,Bulgaria,3.0,1.0,Friendly,Dublin,Republic of Ireland,False
2019-09-10,Ukraine,Nigeria,2.0,2.0,Friendly,Dnipro,Ukraine,False
2019-09-10,United States,Uruguay,1.0,1.0,Friendly,St. Louis,United States,False
2019-09-10,England,Kosovo,5.0,3.0,UEFA Euro qualification,London,England,False
2019-09-10,Montenegro,Czech Republic,0.0,3.0,UEFA Euro qualification,Podgorica,Montenegro,False
2019-09-10,Luxembourg,Serbia,1.0,3.0,UEFA Euro qualification,Luxembourg,Luxembourg,False
2019-09-10,Lithuania,Portugal,1.0,5.0,UEFA Euro qualification,Vilnius,Lithuania,False
2019-09-10,Albania,Iceland,4.0,2.0,UEFA Euro qualification,Elbasan,Albania,False
2019-09-10,France,Andorra,3.0,0.0,UEFA Euro qualification,Paris,France,False
2019-09-10,Moldova,Turkey,0.0,4.0,UEFA Euro qualification,Chișinău,Moldova,False
2019-09-10,Cuba,Canada,0.0,1.0,CONCACAF Nations League,George Town,Cayman Islands,True
2019-09-10,Haiti,Curaçao,1.0,1.0,CONCACAF Nations League,Port-au-Prince,Haiti,False
2019-09-10,Montserrat,Saint Lucia,1.0,1.0,CONCACAF Nations League,Lookout,Montserrat,False
2019-09-10,Dominican Republic,El Salvador,1.0,0.0,CONCACAF Nations League,Santiago de los Caballeros,Dominican Republic,False
2019-09-10,Puerto Rico,Guatemala,0.0,5.0,CONCACAF Nations League,Mayagüez,Puerto Rico,False
2019-09-10,Turks and Caicos Islands,Guadeloupe,0.0,3.0,CONCACAF Nations League,Providenciales,Turks and Caicos Islands,False
2019-09-10,Guam,Philippines,1.0,4.0,FIFA World Cup qualification,Dededo,Guam,False
2019-09-10,Maldives,China PR,0.0,5.0,FIFA World Cup qualification,Malé,Maldives,False
2019-09-10,Kuwait,Australia,0.0,3.0,FIFA World Cup qualification,Kuwait City,Kuwait,False
2019-09-10,Taiwan,Nepal,0.0,2.0,FIFA World Cup qualification,Taipei,Taiwan,False
2019-09-10,Cambodia,Bahrain,0.0,1.0,FIFA World Cup qualification,Phnom Penh,Cambodia,False
2019-09-10,Hong Kong,Iran,0.0,2.0,FIFA World Cup qualification,Hong Kong,Hong Kong,False
2019-09-10,Yemen,Saudi Arabia,2.0,2.0,FIFA World Cup qualification,Riffa,Bahrain,True
2019-09-10,Singapore,Palestine,2.0,1.0,FIFA World Cup qualification,Singapore,Singapore,False
2019-09-10,Afghanistan,Bangladesh,1.0,0.0,FIFA World Cup qualification,Dushanbe,Tajikistan,True
2019-09-10,Qatar,India,0.0,0.0,FIFA World Cup qualification,Doha,Qatar,False
2019-09-10,Mongolia,Tajikistan,0.0,1.0,FIFA World Cup qualification,Ulaanbaatar,Mongolia,False
2019-09-10,Myanmar,Japan,0.0,2.0,FIFA World Cup qualification,Yangon,Myanmar,False
2019-09-10,Indonesia,Thailand,0.0,3.0,FIFA World Cup qualification,Jakarta,Indonesia,False
2019-09-10,Malaysia,United Arab Emirates,1.0,2.0,FIFA World Cup qualification,Kuala Lumpur,Malaysia,False
2019-09-10,Turkmenistan,South Korea,0.0,2.0,FIFA World Cup qualification,Ashgabat,Turkmenistan,False
2019-09-10,Sri Lanka,North Korea,0.0,1.0,FIFA World Cup qualification,Colombo,Sri Lanka,False
2019-09-10,Angola,Gambia,2.0,1.0,FIFA World Cup qualification,Luanda,Angola,False
2019-09-10,Guinea-Bissau,São Tomé and Príncipe,2.0,1.0,FIFA World Cup qualification,Bissau,Guinea-Bissau,False
2019-09-10,Malawi,Botswana,1.0,0.0,FIFA World Cup qualification,Blantyre,Malawi,False
2019-09-10,Mozambique,Mauritius,2.0,0.0,FIFA World Cup qualification,Maputo,Mozambique,False
2019-09-10,Namibia,Eritrea,2.0,0.0,FIFA World Cup qualification,Windhoek,Namibia,False
2019-09-10,Rwanda,Seychelles,7.0,0.0,FIFA World Cup qualification,Kigali,Rwanda,False
2019-09-10,Sudan,Chad,0.0,0.0,FIFA World Cup qualification,Omdurman,Sudan,False
2019-09-10,Eswatini,Djibouti,0.0,0.0,FIFA World Cup qualification,Manzini,Eswatini,False
2019-09-10,Togo,Comoros,2.0,0.0,FIFA World Cup qualification,Lomé,Togo,False
2019-09-10,Zimbabwe,Somalia,3.0,1.0,FIFA World Cup qualification,Harare,Zimbabwe,False
2019-09-18,DR Congo,Rwanda,2.0,3.0,Friendly,Kinshasa,DR Congo,False
2019-09-29,Bangladesh,Bhutan,4.0,1.0,Friendly,Dhaka,Bangladesh,False
2019-09-30,Botswana,Liberia,0.0,0.0,Friendly,Gaborone,Botswana,False
2019-10-02,Mexico,Trinidad and Tobago,2.0,0.0,Friendly,Toluca,Mexico,False
2019-10-03,Bangladesh,Bhutan,2.0,0.0,Friendly,Dhaka,Bangladesh,False
2019-10-05,Jordan,Singapore,0.0,0.0,Friendly,Amman,Jordan,False
2019-10-05,Malaysia,Sri Lanka,6.0,0.0,Friendly,Kuala Lumpur,Malaysia,False
2019-10-09,Djibouti,Gambia,1.0,1.0,African Cup of Nations qualification,Djibouti,Djibouti,False
2019-10-09,Liberia,Chad,1.0,0.0,African Cup of Nations qualification,Monrovia,Liberia,False
2019-10-09,Mauritius,São Tomé and Príncipe,1.0,3.0,African Cup of Nations qualification,Belle Vue Harel,Mauritius,False
2019-10-09,South Sudan,Seychelles,2.0,1.0,African Cup of Nations qualification,Omdurman,Sudan,True
2019-10-09,Bahrain,Azerbaijan,2.0,3.0,Friendly,Riffa,Bahrain,False
2019-10-09,Germany,Argentina,2.0,2.0,Friendly,Dortmund,Germany,False
2019-10-10,Belarus,Estonia,0.0,0.0,UEFA Euro qualification,Minsk,Belarus,False
2019-10-10,Netherlands,Northern Ireland,3.0,1.0,UEFA Euro qualification,Rotterdam,Netherlands,False
2019-10-10,Croatia,Hungary,3.0,0.0,UEFA Euro qualification,Split,Croatia,False
2019-10-10,Slovakia,Wales,1.0,1.0,UEFA Euro qualification,Trnava,Slovakia,False
2019-10-10,Austria,Israel,3.0,1.0,UEFA Euro qualification,Vienna,Austria,False
2019-10-10,North Macedonia,Slovenia,2.0,1.0,UEFA Euro qualification,Skopje,North Macedonia,False
2019-10-10,Latvia,Poland,0.0,3.0,UEFA Euro qualification,Riga,Latvia,False
2019-10-10,Kazakhstan,Cyprus,1.0,2.0,UEFA Euro qualification,Nur-Sultan,Kazakhstan,False
2019-10-10,Belgium,San Marino,9.0,0.0,UEFA Euro qualification,Brussels,Belgium,False
2019-10-10,Russia,Scotland,4.0,0.0,UEFA Euro qualification,Moscow,Russia,False
2019-10-10,Algeria,DR Congo,1.0,1.0,Friendly,Blida,Algeria,False
2019-10-10,Brazil,Senegal,1.0,1.0,Friendly,Kallang,Singapore,True
2019-10-10,Cape Verde,Togo,2.0,1.0,Friendly,Fos-sur-Mer,Cape Verde,False
2019-10-10,Gabon,Burkina Faso,1.0,0.0,Friendly,Paris,France,True
2019-10-10,Kosovo,Gibraltar,1.0,0.0,Friendly,Pristina,Kosovo,False
2019-10-10,Niger,Zambia,1.0,1.0,Friendly,Niamey,Niger,False
2019-10-10,Serbia,Paraguay,1.0,0.0,Friendly,Belgrade,Serbia,False
2019-10-10,Thailand,Congo,1.0,1.0,Friendly,Thanyaburi,Thailand,False
2019-10-10,Venezuela,Bolivia,4.0,1.0,Friendly,Caracas,Venezuela,False
2019-10-10,Trinidad and Tobago,Honduras,0.0,2.0,CONCACAF Nations League,Port of Spain,Trinidad and Tobago,False
2019-10-10,Haiti,Costa Rica,1.0,1.0,CONCACAF Nations League,Port-au-Prince,Haiti,False
2019-10-10,Belize,Saint Kitts and Nevis,0.0,4.0,CONCACAF Nations League,Belmopan,Belize,False
2019-10-10,French Guiana,Grenada,0.0,0.0,CONCACAF Nations League,Cayenne,French Guiana,False
2019-10-10,British Virgin Islands,Bahamas,0.0,4.0,CONCACAF Nations League,Basseterre,Saint Kitts and Nevis,True
2019-10-10,Sint Maarten,Turks and Caicos Islands,2.0,5.0,CONCACAF Nations League,Willemstad,Curaçao,True
2019-10-10,Syria,Maldives,2.0,1.0,FIFA World Cup qualification,Dubai,United Arab Emirates,True
2019-10-10,China PR,Guam,7.0,0.0,FIFA World Cup qualification,Guangzhou,China PR,False
2019-10-10,Jordan,Kuwait,0.0,0.0,FIFA World Cup qualification,Amman,Jordan,False
2019-10-10,Australia,Nepal,5.0,0.0,FIFA World Cup qualification,Canberra,Australia,False
2019-10-10,Iran,Cambodia,14.0,0.0,FIFA World Cup qualification,Tehran,Iran,False
2019-10-10,Iraq,Hong Kong,2.0,0.0,FIFA World Cup qualification,Basra,Iraq,False
2019-10-10,Uzbekistan,Yemen,5.0,0.0,FIFA World Cup qualification,Tashkent,Uzbekistan,False
2019-10-10,Saudi Arabia,Singapore,3.0,0.0,FIFA World Cup qualification,Buraidah,Saudi Arabia,False
2019-10-10,Bangladesh,Qatar,0.0,2.0,FIFA World Cup qualification,Dhaka,Bangladesh,False
2019-10-10,Oman,Afghanistan,3.0,0.0,FIFA World Cup qualification,Seeb,Oman,False
2019-10-10,Japan,Mongolia,6.0,0.0,FIFA World Cup qualification,Saitama,Japan,False
2019-10-10,Kyrgyzstan,Myanmar,7.0,0.0,FIFA World Cup qualification,Bishkek,Kyrgyzstan,False
2019-10-10,United Arab Emirates,Indonesia,5.0,0.0,FIFA World Cup qualification,Dubai,United Arab Emirates,False
2019-10-10,Vietnam,Malaysia,1.0,0.0,FIFA World Cup qualification,Hanoi,Vietnam,False
2019-10-10,Lebanon,Turkmenistan,2.0,1.0,FIFA World Cup qualification,Beirut,Lebanon,False
2019-10-10,South Korea,Sri Lanka,8.0,0.0,FIFA World Cup qualification,Hwaseong,South Korea,False
2019-10-11,Czech Republic,England,2.0,1.0,UEFA Euro qualification,Prague,Czech Republic,False
2019-10-11,Montenegro,Bulgaria,0.0,0.0,UEFA Euro qualification,Podgorica,Montenegro,False
2019-10-11,Portugal,Luxembourg,3.0,0.0,UEFA Euro qualification,Lisbon,Portugal,False
2019-10-11,Ukraine,Lithuania,2.0,0.0,UEFA Euro qualification,Kharkiv,Ukraine,False
2019-10-11,Iceland,France,0.0,1.0,UEFA Euro qualification,Reykjavík,Iceland,False
2019-10-11,Andorra,Moldova,1.0,0.0,UEFA Euro qualification,Andorra la Vella,Andorra,False
2019-10-11,Turkey,Albania,1.0,0.0,UEFA Euro qualification,Istanbul,Turkey,False
2019-10-11,Morocco,Libya,1.0,1.0,Friendly,Morocco,Morocco,False
2019-10-11,Uruguay,Peru,1.0,0.0,Friendly,Montevideo,Uruguay,False
2019-10-11,United States,Cuba,7.0,0.0,CONCACAF Nations League,"Washington, D.C.",United States,False
2019-10-11,Bermuda,Mexico,1.0,5.0,CONCACAF Nations League,Hamilton,Bermuda,False
2019-10-11,Antigua and Barbuda,Guyana,2.0,1.0,CONCACAF Nations League,North Sound,Antigua and Barbuda,False
2019-10-11,Saint Vincent and the Grenadines,Suriname,2.0,2.0,CONCACAF Nations League,Arnos Vale,Saint Vincent and the Grenadines,False
2019-10-11,Nicaragua,Dominica,3.0,1.0,CONCACAF Nations League,Managua,Nicaragua,False
2019-10-12,Georgia,Republic of Ireland,0.0,0.0,UEFA Euro qualification,Tbilisi,Georgia,False
2019-10-12,Denmark,Switzerland,1.0,0.0,UEFA Euro qualification,Copenhagen,Denmark,False
2019-10-12,Faroe Islands,Romania,0.0,3.0,UEFA Euro qualification,Tórshavn,Faroe Islands,False
2019-10-12,Malta,Sweden,0.0,4.0,UEFA Euro qualification,Attard,Malta,False
2019-10-12,Norway,Spain,1.0,1.0,UEFA Euro qualification,Oslo,Norway,False
2019-10-12,Bosnia and Herzegovina,Finland,4.0,1.0,UEFA Euro qualification,Zenica,Bosnia and Herzegovina,False
2019-10-12,Italy,Greece,2.0,0.0,UEFA Euro qualification,Rome,Italy,False
2019-10-12,Liechtenstein,Armenia,1.0,1.0,UEFA Euro qualification,Vaduz,Liechtenstein,False
2019-10-12,Colombia,Chile,0.0,0.0,Friendly,Alicante,Spain,True
2019-10-12,Guinea,Comoros,0.0,1.0,Friendly,Guinea,Guinea,False
2019-10-12,Ivory Coast,DR Congo,3.0,1.0,Friendly,Ivory Coast,Ivory Coast,False
2019-10-12,Tunisia,Cameroon,0.0,0.0,Friendly,Radès,Tunisia,False
2019-10-12,Dominican Republic,Saint Lucia,3.0,0.0,CONCACAF Nations League,Santo Domingo,Dominican Republic,False
2019-10-12,Montserrat,El Salvador,0.0,2.0,CONCACAF Nations League,Lookout,Montserrat,False
2019-10-12,Jamaica,Aruba,2.0,0.0,CONCACAF Nations League,Kingston,Jamaica,False
2019-10-12,Barbados,United States Virgin Islands,1.0,0.0,CONCACAF Nations League,Bridgetown,Barbados,False
2019-10-12,Saint Martin,Cayman Islands,3.0,0.0,CONCACAF Nations League,The Valley,Anguilla,True
2019-10-12,Anguilla,Guatemala,0.0,5.0,CONCACAF Nations League,The Valley,Anguilla,False
2019-10-13,Belarus,Netherlands,1.0,2.0,UEFA Euro qualification,Minsk,Belarus,False
2019-10-13,Estonia,Germany,0.0,3.0,UEFA Euro qualification,Tallinn,Estonia,False
2019-10-13,Hungary,Azerbaijan,1.0,0.0,UEFA Euro qualification,Budapest,Hungary,False
2019-10-13,Wales,Croatia,1.0,1.0,UEFA Euro qualification,Cardiff,Wales,False
2019-10-13,Poland,North Macedonia,2.0,0.0,UEFA Euro qualification,Warsaw,Poland,False
2019-10-13,Slovenia,Austria,0.0,1.0,UEFA Euro qualification,Ljubljana,Slovenia,False
2019-10-13,Scotland,San Marino,6.0,0.0,UEFA Euro qualification,Glasgow,Scotland,False
2019-10-13,Cyprus,Russia,0.0,5.0,UEFA Euro qualification,Nicosia,Cyprus,False
2019-10-13,Kazakhstan,Belgium,0.0,2.0,UEFA Euro qualification,Nur-Sultan,Kazakhstan,False
2019-10-13,Gambia,Djibouti,1.0,1.0,African Cup of Nations qualification,Bakau,Gambia,False
2019-10-13,Chad,Liberia,1.0,0.0,African Cup of Nations qualification,N'Djamena,Chad,False
2019-10-13,São Tomé and Príncipe,Mauritius,2.0,1.0,African Cup of Nations qualification,São Tomé,São Tomé and Príncipe,False
2019-10-13,Seychelles,South Sudan,0.0,1.0,African Cup of Nations qualification,Victoria,Seychelles,False
2019-10-13,Benin,Zambia,2.0,2.0,Friendly,Benin,Benin,False
2019-10-13,Brazil,Nigeria,1.0,1.0,Friendly,Kallang,Singapore,True
2019-10-13,Ecuador,Argentina,1.0,6.0,Friendly,Elche,Spain,True
2019-10-13,Equatorial Guinea,Togo,1.0,1.0,Friendly,Equatorial Guinea,Equatorial Guinea,False
2019-10-13,Ethiopia,Uganda,0.0,1.0,Friendly,Ethiopia,Ethiopia,False
2019-10-13,Kenya,Mozambique,0.0,1.0,Friendly,Kenya,Kenya,False
2019-10-13,Lesotho,Malawi,1.0,1.0,Friendly,Lesotho,Lesotho,False
2019-10-13,Niger,Central African Republic,0.0,2.0,Friendly,Niger,Niger,False
2019-10-13,Slovakia,Paraguay,1.0,1.0,Friendly,Bratislava,Slovakia,False
2019-10-13,South Africa,Mali,2.0,1.0,Friendly,Port Elizabeth,South Africa,False
2019-10-13,Honduras,Martinique,1.0,0.0,CONCACAF Nations League,San Pedro Sula,Honduras,False
2019-10-13,Costa Rica,Curaçao,0.0,0.0,CONCACAF Nations League,San José,Costa Rica,False
2019-10-13,Saint Kitts and Nevis,Belize,0.0,1.0,CONCACAF Nations League,Saint Kitts and Nevis,Saint Kitts and Nevis,False
2019-10-13,Grenada,French Guiana,1.0,0.0,CONCACAF Nations League,Grenada,Grenada,False
2019-10-13,British Virgin Islands,Bonaire,3.0,4.0,CONCACAF Nations League,Basseterre,Saint Kitts and Nevis,True
2019-10-14,Kosovo,Montenegro,2.0,0.0,UEFA Euro qualification,Pristina,Kosovo,False
2019-10-14,Bulgaria,England,0.0,6.0,UEFA Euro qualification,Sofia,Bulgaria,False
2019-10-14,Lithuania,Serbia,1.0,2.0,UEFA Euro qualification,Vilnius,Lithuania,False
2019-10-14,Ukraine,Portugal,2.0,1.0,UEFA Euro qualification,Kyiv,Ukraine,False
2019-10-14,Iceland,Andorra,2.0,0.0,UEFA Euro qualification,Reykjavík,Iceland,False
2019-10-14,France,Turkey,1.0,1.0,UEFA Euro qualification,Paris,France,False
2019-10-14,Moldova,Albania,0.0,4.0,UEFA Euro qualification,Chișinău,Moldova,False
2019-10-14,Czech Republic,Northern Ireland,2.0,3.0,Friendly,Prague,Czech Republic,False
2019-10-14,Egypt,Botswana,1.0,0.0,Friendly,Cairo,Egypt,False
2019-10-14,Rwanda,Tanzania,0.0,0.0,Friendly,Rwanda,Rwanda,False
2019-10-14,Venezuela,Trinidad and Tobago,2.0,0.0,Friendly,Caracas,Venezuela,False
2019-10-14,Guyana,Antigua and Barbuda,5.0,1.0,CONCACAF Nations League,Leonora,Guyana,False
2019-10-14,Dominica,Nicaragua,0.0,4.0,CONCACAF Nations League,Roseau,Dominica,False
2019-10-14,Suriname,Saint Vincent and the Grenadines,0.0,1.0,CONCACAF Nations League,Paramaribo,Suriname,False
2019-10-14,Sint Maarten,Guadeloupe,1.0,2.0,CONCACAF Nations League,Willemstad,Curaçao,True
2019-10-15,Gibraltar,Georgia,2.0,3.0,UEFA Euro qualification,Gibraltar,Gibraltar,False
2019-10-15,Switzerland,Republic of Ireland,2.0,0.0,UEFA Euro qualification,Geneva,Switzerland,False
2019-10-15,Faroe Islands,Malta,1.0,0.0,UEFA Euro qualification,Tórshavn,Faroe Islands,False
2019-10-15,Sweden,Spain,1.0,1.0,UEFA Euro qualification,Stockholm,Sweden,False
2019-10-15,Romania,Norway,1.0,1.0,UEFA Euro qualification,Bucharest,Romania,False
2019-10-15,Israel,Latvia,3.0,1.0,UEFA Euro qualification,Beer Sheva,Israel,False
2019-10-15,Finland,Armenia,3.0,0.0,UEFA Euro qualification,Turku,Finland,False
2019-10-15,Liechtenstein,Italy,0.0,5.0,UEFA Euro qualification,Vaduz,Liechtenstein,False
2019-10-15,Greece,Bosnia and Herzegovina,2.0,1.0,UEFA Euro qualification,Athens,Greece,False
2019-10-15,Algeria,Colombia,3.0,0.0,Friendly,Villeneuve D'Ascq,Algeria,False
2019-10-15,Bermuda,Guatemala,0.0,0.0,Friendly,Hamilton,Bermuda,False
2019-10-15,Bolivia,Haiti,3.0,1.0,Friendly,Santa Cruz,Bolivia,False
2019-10-15,Chile,Guinea,3.0,2.0,Friendly,Alicante,Spain,True
2019-10-15,Denmark,Luxembourg,4.0,0.0,Friendly,Aalborg,Denmark,False
2019-10-15,Kuwait,Turkmenistan,1.0,1.0,Friendly,Kuwait City,Kuwait,False
2019-10-15,Mauritania,Libya,0.0,0.0,Friendly,Nouakchott,Mauritania,False
2019-10-15,Morocco,Gabon,2.0,3.0,Friendly,Morocco,Morocco,False
2019-10-15,Peru,Uruguay,1.0,1.0,Friendly,Lima,Peru,False
2019-10-15,Canada,United States,2.0,0.0,CONCACAF Nations League,Toronto,Canada,False
2019-10-15,Mexico,Panama,3.0,1.0,CONCACAF Nations League,Mexico City,Mexico,False
2019-10-15,Dominican Republic,Montserrat,0.0,0.0,CONCACAF Nations League,Santo Domingo,Dominican Republic,False
2019-10-15,Saint Lucia,El Salvador,0.0,2.0,CONCACAF Nations League,Gros Islet,Saint Lucia,False
2019-10-15,Aruba,Jamaica,0.0,6.0,CONCACAF Nations League,Willemstad,Curaçao,True
2019-10-15,Cayman Islands,Saint Martin,1.0,0.0,CONCACAF Nations League,George Town,Cayman Islands,False
2019-10-15,United States Virgin Islands,Barbados,0.0,4.0,CONCACAF Nations League,Saint Croix,United States Virgin Islands,False
2019-10-15,Anguilla,Puerto Rico,2.0,3.0,CONCACAF Nations League,The Valley,Anguilla,False
2019-10-15,Syria,Guam,4.0,0.0,FIFA World Cup qualification,Dubai,United Arab Emirates,True
2019-10-15,Philippines,China PR,0.0,0.0,FIFA World Cup qualification,Bacolod,Philippines,False
2019-10-15,Jordan,Nepal,3.0,0.0,FIFA World Cup qualification,Amman,Jordan,False
2019-10-15,Taiwan,Australia,1.0,7.0,FIFA World Cup qualification,Kaohsiung,Taiwan,False
2019-10-15,Cambodia,Iraq,0.0,4.0,FIFA World Cup qualification,Phnom Penh,Cambodia,False
2019-10-15,Bahrain,Iran,1.0,0.0,FIFA World Cup qualification,Riffa,Bahrain,False
2019-10-15,Palestine,Saudi Arabia,0.0,0.0,FIFA World Cup qualification,Al-Ram,Palestine,False
2019-10-15,Singapore,Uzbekistan,1.0,3.0,FIFA World Cup qualification,Kallang,Singapore,False
2019-10-15,India,Bangladesh,1.0,1.0,FIFA World Cup qualification,Kolkota,India,False
2019-10-15,Qatar,Oman,2.0,1.0,FIFA World Cup qualification,Al Wakrah,Qatar,False
2019-10-15,Mongolia,Kyrgyzstan,1.0,2.0,FIFA World Cup qualification,Ulaanbaatar,Mongolia,False
2019-10-15,Tajikistan,Japan,0.0,3.0,FIFA World Cup qualification,Dushanbe,Tajikistan,False
2019-10-15,Thailand,United Arab Emirates,2.0,1.0,FIFA World Cup qualification,Pathum Thani,Thailand,False
2019-10-15,Indonesia,Vietnam,1.0,3.0,FIFA World Cup qualification,Gianyar,Indonesia,False
2019-10-15,North Korea,South Korea,0.0,0.0,FIFA World Cup qualification,Pyongyang,North Korea,False
2019-10-15,Sri Lanka,Lebanon,0.0,3.0,FIFA World Cup qualification,Colombo,Sri Lanka,False
2019-11-07,Egypt,Liberia,1.0,0.0,Friendly,Alexandria,Egypt,False
2019-11-07,Nicaragua,Cuba,0.0,0.0,Friendly,Managua,Nicaragua,False
2019-11-09,Malaysia,Tajikistan,1.0,0.0,Friendly,Kuala Lumpur,Malaysia,False
2019-11-09,Namibia,Zambia,0.0,2.0,Friendly,Windhoek,Namibia,False
2019-11-09,Uzbekistan,Kyrgyzstan,3.0,1.0,Friendly,Tashkent,Uzbekistan,False
2019-11-10,Nicaragua,Cuba,0.0,1.0,Friendly,Managua,Nicaragua,False
2019-11-10,Trinidad and Tobago,Anguilla,15.0,0.0,Friendly,Couva,Trinidad and Tobago,False
2019-11-13,Namibia,Chad,2.0,1.0,African Cup of Nations qualification,Windhoek,Namibia,False
2019-11-13,Malawi,South Sudan,1.0,0.0,African Cup of Nations qualification,Blantyre,Malawi,False
2019-11-13,Burkina Faso,Uganda,0.0,0.0,African Cup of Nations qualification,Ouagadougou,Burkina Faso,False
2019-11-13,Sudan,São Tomé and Príncipe,4.0,0.0,African Cup of Nations qualification,Omdurman,Sudan,False
2019-11-13,Angola,Gambia,1.0,3.0,African Cup of Nations qualification,Luanda,Angola,False
2019-11-13,Central African Republic,Burundi,2.0,0.0,African Cup of Nations qualification,Bangui,Central African Republic,False
2019-11-13,Cameroon,Cape Verde,0.0,0.0,African Cup of Nations qualification,Yaoundé,Cameroon,False
2019-11-13,Guinea-Bissau,Eswatini,3.0,0.0,African Cup of Nations qualification,Bissau,Guinea-Bissau,False
2019-11-13,Senegal,Congo,2.0,0.0,African Cup of Nations qualification,Thiès,Senegal,False
2019-11-13,Nigeria,Benin,2.0,1.0,African Cup of Nations qualification,Uyo,Nigeria,False
2019-11-13,Sierra Leone,Lesotho,1.0,1.0,African Cup of Nations qualification,Freetown,Sierra Leone,False
2019-11-14,Mali,Guinea,2.0,2.0,African Cup of Nations qualification,Bamako,Mali,False
2019-11-14,Ghana,South Africa,2.0,0.0,African Cup of Nations qualification,Cape Coast,Ghana,False
2019-11-14,DR Congo,Gabon,0.0,0.0,African Cup of Nations qualification,Kinshasa,DR Congo,False
2019-11-14,Mozambique,Rwanda,2.0,0.0,African Cup of Nations qualification,Maputo,Mozambique,False
2019-11-14,Egypt,Kenya,1.0,1.0,African Cup of Nations qualification,Alexandria,Egypt,False
2019-11-14,Togo,Comoros,0.0,1.0,African Cup of Nations qualification,Lomé,Togo,False
2019-11-14,Algeria,Zambia,5.0,0.0,African Cup of Nations qualification,Blida,Algeria,False
2019-11-14,England,Montenegro,7.0,0.0,UEFA Euro qualification,London,England,False
2019-11-14,Czech Republic,Kosovo,2.0,1.0,UEFA Euro qualification,Plzeň,Czech Republic,False
2019-11-14,Portugal,Lithuania,6.0,0.0,UEFA Euro qualification,Faro-Loulé,Portugal,False
2019-11-14,Serbia,Luxembourg,3.0,2.0,UEFA Euro qualification,Belgrade,Serbia,False
2019-11-14,Turkey,Iceland,0.0,0.0,UEFA Euro qualification,Istanbul,Turkey,False
2019-11-14,Albania,Andorra,2.0,2.0,UEFA Euro qualification,Elbasan,Albania,False
2019-11-14,France,Moldova,2.0,1.0,UEFA Euro qualification,Paris,France,False
2019-11-14,Martinique,Honduras,1.0,1.0,CONCACAF Nations League,Fort-de-France,Martinique,False
2019-11-14,Curaçao,Costa Rica,1.0,2.0,CONCACAF Nations League,Willemstad,Curaçao,False
2019-11-14,Saint Kitts and Nevis,Grenada,0.0,0.0,CONCACAF Nations League,Basseterre,Saint Kitts and Nevis,False
2019-11-14,Belize,French Guiana,2.0,0.0,CONCACAF Nations League,Belmopan,Belize,False
2019-11-14,Bahamas,British Virgin Islands,3.0,0.0,CONCACAF Nations League,Nassau,Bahamas,False
2019-11-14,Turks and Caicos Islands,Sint Maarten,3.0,2.0,CONCACAF Nations League,Providenciales,Turks and Caicos Islands,False
2019-11-14,Bulgaria,Paraguay,0.0,1.0,Friendly,Sofia,Bulgaria,False
2019-11-14,Cambodia,Mongolia,1.0,1.0,Friendly,Phnom Penh,Cambodia,False
2019-11-14,Ecuador,Trinidad and Tobago,3.0,0.0,Friendly,Portoviejo,Ecuador,False
2019-11-14,Qatar,Singapore,2.0,0.0,Friendly,Doha,Qatar,False
2019-11-14,Republic of Ireland,New Zealand,3.0,1.0,Friendly,Dublin,Republic of Ireland,False
2019-11-14,Ukraine,Estonia,1.0,0.0,Friendly,Zaporizhia,Ukraine,False
2019-11-14,Maldives,Philippines,1.0,2.0,FIFA World Cup qualification,Malé,Maldives,False
2019-11-14,Syria,China PR,2.0,1.0,FIFA World Cup qualification,Dubai,United Arab Emirates,True
2019-11-14,Jordan,Australia,0.0,1.0,FIFA World Cup qualification,Amman,Jordan,False
2019-11-14,Kuwait,Taiwan,9.0,0.0,FIFA World Cup qualification,Kuwait City,Kuwait,False
2019-11-14,Iraq,Iran,2.0,1.0,FIFA World Cup qualification,Amman,Jordan,True
2019-11-14,Hong Kong,Bahrain,0.0,0.0,FIFA World Cup qualification,Hong Kong,Hong Kong,False
2019-11-14,Uzbekistan,Saudi Arabia,2.0,3.0,FIFA World Cup qualification,Tashkent,Uzbekistan,False
2019-11-14,Yemen,Palestine,1.0,0.0,FIFA World Cup qualification,Muharraq,Bahrain,True
2019-11-14,Afghanistan,India,1.0,1.0,FIFA World Cup qualification,Dushanbe,Tajikistan,True
2019-11-14,Oman,Bangladesh,4.0,1.0,FIFA World Cup qualification,Muscat,Oman,False
2019-11-14,Myanmar,Tajikistan,4.0,3.0,FIFA World Cup qualification,Mandalay,Myanmar,False
2019-11-14,Kyrgyzstan,Japan,0.0,2.0,FIFA World Cup qualification,Bishkek,Kyrgyzstan,False
2019-11-14,Vietnam,United Arab Emirates,1.0,0.0,FIFA World Cup qualification,Hanoi,Vietnam,False
2019-11-14,Malaysia,Thailand,2.0,1.0,FIFA World Cup qualification,Kuala Lumpur,Malaysia,False
2019-11-14,Lebanon,South Korea,0.0,0.0,FIFA World Cup qualification,Beirut,Lebanon,False
2019-11-14,Turkmenistan,North Korea,3.0,1.0,FIFA World Cup qualification,Ashgabat,Turkmenistan,False
2019-11-15,Morocco,Mauritania,0.0,0.0,African Cup of Nations qualification,Rabat,Morocco,False
2019-11-15,Zimbabwe,Botswana,0.0,0.0,African Cup of Nations qualification,Harare,Zimbabwe,False
2019-11-15,Tanzania,Equatorial Guinea,2.0,1.0,African Cup of Nations qualification,Dar es Salaam,Tanzania,False
2019-11-15,Tunisia,Libya,4.0,1.0,African Cup of Nations qualification,Radès,Tunisia,False
2019-11-15,Denmark,Gibraltar,6.0,0.0,UEFA Euro qualification,Copenhagen,Denmark,False
2019-11-15,Switzerland,Georgia,1.0,0.0,UEFA Euro qualification,St. Gallen,Switzerland,False
2019-11-15,Norway,Faroe Islands,4.0,0.0,UEFA Euro qualification,Oslo,Norway,False
2019-11-15,Spain,Malta,7.0,0.0,UEFA Euro qualification,Cádiz,Spain,False
2019-11-15,Romania,Sweden,0.0,2.0,UEFA Euro qualification,Bucharest,Romania,False
2019-11-15,Finland,Liechtenstein,3.0,0.0,UEFA Euro qualification,Helsinki,Finland,False
2019-11-15,Brazil,Argentina,0.0,1.0,Superclásico de las Américas,Riyadh,Saudi Arabia,True
2019-11-15,Bosnia and Herzegovina,Italy,0.0,3.0,UEFA Euro qualification,Zenica,Bosnia and Herzegovina,False
2019-11-15,Armenia,Greece,0.0,1.0,UEFA Euro qualification,Yerevan,Armenia,False
2019-11-15,United States,Canada,4.0,1.0,CONCACAF Nations League,Orlando,United States,False
2019-11-15,Panama,Mexico,0.0,3.0,CONCACAF Nations League,Panama City,Panama,False
2019-11-15,Antigua and Barbuda,Jamaica,0.0,2.0,CONCACAF Nations League,North Sound,Antigua and Barbuda,False
2019-11-15,Guyana,Aruba,4.0,2.0,CONCACAF Nations League,Leonora,Guyana,False
2019-11-15,Saint Vincent and the Grenadines,Nicaragua,1.0,0.0,CONCACAF Nations League,Arnos Vale,Saint Vincent and the Grenadines,False
2019-11-15,Suriname,Dominica,4.0,0.0,CONCACAF Nations League,Paramaribo,Suriname,False
2019-11-15,Colombia,Peru,1.0,0.0,Friendly,Miami Gardens,United States,True
2019-11-15,Hungary,Uruguay,1.0,2.0,Friendly,Budapest,Hungary,False
2019-11-16,Ivory Coast,Niger,1.0,0.0,African Cup of Nations qualification,Abidjan,Ivory Coast,False
2019-11-16,Madagascar,Ethiopia,1.0,0.0,African Cup of Nations qualification,Antananarivo,Madagascar,False
2019-11-16,Northern Ireland,Netherlands,0.0,0.0,UEFA Euro qualification,Belfast,Northern Ireland,False
2019-11-16,Germany,Belarus,4.0,0.0,UEFA Euro qualification,Mönchengladbach,Germany,False
2019-11-16,Croatia,Slovakia,3.0,1.0,UEFA Euro qualification,Rijeka,Croatia,False
2019-11-16,Azerbaijan,Wales,0.0,2.0,UEFA Euro qualification,Baku,Azerbaijan,False
2019-11-16,Slovenia,Latvia,1.0,0.0,UEFA Euro qualification,Ljubljana,Slovenia,False
2019-11-16,Austria,North Macedonia,2.0,1.0,UEFA Euro qualification,Vienna,Austria,False
2019-11-16,Israel,Poland,1.0,2.0,UEFA Euro qualification,Jerusalem,Israel,False
2019-11-16,Cyprus,Scotland,1.0,2.0,UEFA Euro qualification,Nicosia,Cyprus,False
2019-11-16,San Marino,Kazakhstan,1.0,3.0,UEFA Euro qualification,Serravalle,San Marino,False
2019-11-16,Russia,Belgium,1.0,4.0,UEFA Euro qualification,Saint Petersburg,Russia,False
2019-11-16,Saint Lucia,Dominican Republic,1.0,0.0,CONCACAF Nations League,Gros Islet,Saint Lucia,False
2019-11-16,El Salvador,Montserrat,1.0,0.0,CONCACAF Nations League,San Salvador,El Salvador,False
2019-11-16,Saint Martin,Barbados,1.0,0.0,CONCACAF Nations League,The Valley,Anguilla,True
2019-11-16,Cayman Islands,United States Virgin Islands,1.0,0.0,CONCACAF Nations League,George Town,Cayman Islands,False
2019-11-16,Guatemala,Puerto Rico,5.0,0.0,CONCACAF Nations League,Guatemala City,Guatemala,False
2019-11-17,Chad,Mali,0.0,2.0,African Cup of Nations qualification,N'Djamena,Chad,False
2019-11-17,Guinea,Namibia,2.0,0.0,African Cup of Nations qualification,Conakry,Guinea,False
2019-11-17,South Sudan,Burkina Faso,1.0,2.0,African Cup of Nations qualification,Khartoum,Sudan,True
2019-11-17,Uganda,Malawi,2.0,0.0,African Cup of Nations qualification,Kira,Uganda,False
2019-11-17,South Africa,Sudan,1.0,0.0,African Cup of Nations qualification,Johannesburg,South Africa,False
2019-11-17,Gabon,Angola,2.0,1.0,African Cup of Nations qualification,Franceville,Gabon,False
2019-11-17,Rwanda,Cameroon,0.0,1.0,African Cup of Nations qualification,Kigali,Rwanda,False
2019-11-17,Congo,Guinea-Bissau,3.0,0.0,African Cup of Nations qualification,Brazzaville,Congo,False
2019-11-17,Eswatini,Senegal,1.0,4.0,African Cup of Nations qualification,Manzini,Eswatini,False
2019-11-17,Benin,Sierra Leone,1.0,0.0,African Cup of Nations qualification,Porto-Novo,Benin,False
2019-11-17,Lesotho,Nigeria,2.0,4.0,African Cup of Nations qualification,Maseru,Lesotho,False
2019-11-17,Kosovo,England,0.0,4.0,UEFA Euro qualification,Pristina,Kosovo,False
2019-11-17,Bulgaria,Czech Republic,1.0,0.0,UEFA Euro qualification,Sofia,Bulgaria,False
2019-11-17,Luxembourg,Portugal,0.0,2.0,UEFA Euro qualification,Luxembourg,Luxembourg,False
2019-11-17,Serbia,Ukraine,2.0,2.0,UEFA Euro qualification,Belgrade,Serbia,False
2019-11-17,Albania,France,0.0,2.0,UEFA Euro qualification,Tirana,Albania,False
2019-11-17,Andorra,Turkey,0.0,2.0,UEFA Euro qualification,Andorra la Vella,Andorra,False
2019-11-17,Moldova,Iceland,1.0,2.0,UEFA Euro qualification,Chișinău,Moldova,False
2019-11-17,Honduras,Trinidad and Tobago,4.0,0.0,CONCACAF Nations League,San Pedro Sula,Honduras,False
2019-11-17,Costa Rica,Haiti,1.0,1.0,CONCACAF Nations League,San José,Costa Rica,False
2019-11-17,Grenada,Belize,3.0,2.0,CONCACAF Nations League,St. George's,Grenada,False
2019-11-17,French Guiana,Saint Kitts and Nevis,3.0,1.0,CONCACAF Nations League,Cayenne,French Guiana,False
2019-11-17,Bonaire,Bahamas,1.0,1.0,CONCACAF Nations League,Willemstad,Curaçao,True
2019-11-17,Guadeloupe,Turks and Caicos Islands,10.0,0.0,CONCACAF Nations League,Les Abymes,Guadeloupe,False
2019-11-17,Lithuania,New Zealand,1.0,0.0,Friendly,Vilnius,Lithuania,False
2019-11-18,São Tomé and Príncipe,Ghana,0.0,1.0,African Cup of Nations qualification,São Tomé,São Tomé and Príncipe,False
2019-11-18,Gambia,DR Congo,2.0,2.0,African Cup of Nations qualification,Bakau,Gambia,False
2019-11-18,Cape Verde,Mozambique,2.0,2.0,African Cup of Nations qualification,Praia,Cape Verde,False
2019-11-18,Comoros,Egypt,0.0,0.0,African Cup of Nations qualification,Moroni,Comoros,False
2019-11-18,Kenya,Togo,1.0,1.0,African Cup of Nations qualification,Kasarani,Kenya,False
2019-11-18,Botswana,Algeria,0.0,1.0,African Cup of Nations qualification,Gaborone,Botswana,False
2019-11-18,Niger,Madagascar,2.0,6.0,African Cup of Nations qualification,Niamey,Niger,False
2019-11-18,Republic of Ireland,Denmark,1.0,1.0,UEFA Euro qualification,Dublin,Republic of Ireland,False
2019-11-18,Gibraltar,Switzerland,1.0,6.0,UEFA Euro qualification,Gibraltar,Gibraltar,False
2019-11-18,Malta,Norway,1.0,2.0,UEFA Euro qualification,Attard,Malta,False
2019-11-18,Spain,Romania,5.0,0.0,UEFA Euro qualification,Madrid,Spain,False
2019-11-18,Sweden,Faroe Islands,3.0,0.0,UEFA Euro qualification,Stockholm,Sweden,False
2019-11-18,Italy,Armenia,9.0,1.0,UEFA Euro qualification,Palermo,Italy,False
2019-11-18,Liechtenstein,Bosnia and Herzegovina,0.0,3.0,UEFA Euro qualification,Vaduz,Liechtenstein,False
2019-11-18,Greece,Finland,2.0,1.0,UEFA Euro qualification,Athens,Greece,False
2019-11-18,Jamaica,Guyana,1.0,1.0,CONCACAF Nations League,Montego Bay,Jamaica,False
2019-11-18,Aruba,Antigua and Barbuda,2.0,3.0,CONCACAF Nations League,Willemstad,Curaçao,True
2019-11-18,Nicaragua,Suriname,1.0,2.0,CONCACAF Nations League,Managua,Nicaragua,False
2019-11-18,Dominica,Saint Vincent and the Grenadines,1.0,0.0,CONCACAF Nations League,Roseau,Dominica,False
2019-11-18,Argentina,Uruguay,2.0,2.0,Friendly,Tel Aviv,Israel,True
2019-11-19,Burundi,Morocco,0.0,3.0,African Cup of Nations qualification,Bujumbura,Burundi,False
2019-11-19,Mauritania,Central African Republic,2.0,0.0,African Cup of Nations qualification,Nouakchott,Mauritania,False
2019-11-19,Zambia,Zimbabwe,1.0,2.0,African Cup of Nations qualification,Lusaka,Zambia,False
2019-11-19,Equatorial Guinea,Tunisia,0.0,1.0,African Cup of Nations qualification,Malabo,Equatorial Guinea,False
2019-11-19,Libya,Tanzania,2.0,1.0,African Cup of Nations qualification,Monastir,Tunisia,True
2019-11-19,Ethiopia,Ivory Coast,2.0,1.0,African Cup of Nations qualification,Ethiopia,Ethiopia,False
2019-11-19,Germany,Northern Ireland,6.0,1.0,UEFA Euro qualification,Frankfurt,Germany,False
2019-11-19,Netherlands,Estonia,5.0,0.0,UEFA Euro qualification,Amsterdam,Netherlands,False
2019-11-19,Wales,Hungary,2.0,0.0,UEFA Euro qualification,Cardiff,Wales,False
2019-11-19,Slovakia,Azerbaijan,2.0,0.0,UEFA Euro qualification,Trnava,Slovakia,False
2019-11-19,North Macedonia,Israel,1.0,0.0,UEFA Euro qualification,Skopje,North Macedonia,False
2019-11-19,Japan,Venezuela,1.0,4.0,Kirin Challenge Cup,Suita,Japan,False
2019-11-19,Poland,Slovenia,3.0,2.0,UEFA Euro qualification,Warsaw,Poland,False
2019-11-19,Latvia,Austria,1.0,0.0,UEFA Euro qualification,Riga,Latvia,False
2019-11-19,Scotland,Kazakhstan,3.0,1.0,UEFA Euro qualification,Glasgow,Scotland,False
2019-11-19,Belgium,Cyprus,6.0,1.0,UEFA Euro qualification,Brussels,Belgium,False
2019-11-19,San Marino,Russia,0.0,5.0,UEFA Euro qualification,Serravalle,San Marino,False
2019-11-19,Cuba,United States,0.0,4.0,CONCACAF Nations League,George Town,Cayman Islands,True
2019-11-19,Mexico,Bermuda,2.0,1.0,CONCACAF Nations League,Mexico City,Mexico,False
2019-11-19,El Salvador,Dominican Republic,2.0,0.0,CONCACAF Nations League,San Salvador,El Salvador,False
2019-11-19,Saint Lucia,Montserrat,0.0,1.0,CONCACAF Nations League,Gros Islet,Saint Lucia,False
2019-11-19,Barbados,Cayman Islands,3.0,0.0,CONCACAF Nations League,Bridgetown,Barbados,False
2019-11-19,United States Virgin Islands,Saint Martin,1.0,2.0,CONCACAF Nations League,Upper Bethlehem,United States Virgin Islands,False
2019-11-19,Puerto Rico,Anguilla,3.0,0.0,CONCACAF Nations League,Bayamón,Puerto Rico,False
2019-11-19,Brazil,South Korea,3.0,0.0,Friendly,Abu Dhabi,United Arab Emirates,True
2019-11-19,Croatia,Georgia,2.0,1.0,Friendly,Pula,Croatia,False
2019-11-19,Ecuador,Colombia,0.0,1.0,Friendly,Harrison,United States,True
2019-11-19,Montenegro,Belarus,2.0,0.0,Friendly,Podgorica,Montenegro,False
2019-11-19,Saudi Arabia,Paraguay,0.0,0.0,Friendly,Riyadh,Saudi Arabia,False
2019-11-19,Maldives,Guam,3.0,1.0,FIFA World Cup qualification,Malé,Maldives,False
2019-11-19,Syria,Philippines,1.0,0.0,FIFA World Cup qualification,Dubai,United Arab Emirates,True
2019-11-19,Nepal,Kuwait,0.0,1.0,FIFA World Cup qualification,Thimphu,Bhutan,True
2019-11-19,Jordan,Taiwan,5.0,0.0,FIFA World Cup qualification,Amman,Jordan,False
2019-11-19,Iraq,Bahrain,0.0,0.0,FIFA World Cup qualification,Amman,Jordan,True
2019-11-19,Hong Kong,Cambodia,2.0,0.0,FIFA World Cup qualification,Hong Kong,Hong Kong,False
2019-11-19,Uzbekistan,Palestine,2.0,0.0,FIFA World Cup qualification,Tashkent,Uzbekistan,False
2019-11-19,Yemen,Singapore,1.0,2.0,FIFA World Cup qualification,Muharraq,Bahrain,True
2019-11-19,Afghanistan,Qatar,0.0,1.0,FIFA World Cup qualification,Dushanbe,Tajikistan,True
2019-11-19,Oman,India,1.0,0.0,FIFA World Cup qualification,Muscat,Oman,False
2019-11-19,Myanmar,Mongolia,1.0,0.0,FIFA World Cup qualification,Mandalay,Myanmar,False
2019-11-19,Kyrgyzstan,Tajikistan,1.0,1.0,FIFA World Cup qualification,Bishkek,Kyrgyzstan,False
2019-11-19,Vietnam,Thailand,0.0,0.0,FIFA World Cup qualification,Hanoi,Vietnam,False
2019-11-19,Malaysia,Indonesia,2.0,0.0,FIFA World Cup qualification,Kuala Lumpur,Malaysia,False
2019-11-19,Turkmenistan,Sri Lanka,2.0,0.0,FIFA World Cup qualification,Ashgabat,Turkmenistan,False
2019-11-19,Lebanon,North Korea,0.0,0.0,FIFA World Cup qualification,Beirut,Lebanon,False
2019-11-21,Guatemala,Antigua and Barbuda,8.0,0.0,Friendly,Guatemala City,Guatemala,False
2019-11-26,Qatar,Iraq,1.0,2.0,Gulf Cup,Doha,Qatar,False
2019-11-26,United Arab Emirates,Yemen,3.0,0.0,Gulf Cup,Doha,Qatar,True
2019-11-27,Oman,Bahrain,0.0,0.0,Gulf Cup,Doha,Qatar,True
2019-11-27,Saudi Arabia,Kuwait,1.0,3.0,Gulf Cup,Doha,Qatar,True
2019-11-29,United Arab Emirates,Iraq,0.0,2.0,Gulf Cup,Doha,Qatar,True
2019-11-29,Qatar,Yemen,6.0,0.0,Gulf Cup,Doha,Qatar,False
2019-11-30,Kuwait,Oman,1.0,2.0,Gulf Cup,Doha,Qatar,True
2019-11-30,Bahrain,Saudi Arabia,0.0,2.0,Gulf Cup,Doha,Qatar,True
2019-12-02,Qatar,United Arab Emirates,4.0,2.0,Gulf Cup,Doha,Qatar,False
2019-12-02,Yemen,Iraq,0.0,0.0,Gulf Cup,Doha,Qatar,True
2019-12-02,Kuwait,Bahrain,2.0,4.0,Gulf Cup,Doha,Qatar,True
2019-12-02,Oman,Saudi Arabia,1.0,3.0,Gulf Cup,Doha,Qatar,True
2019-12-05,Iraq,Bahrain,2.0,2.0,Gulf Cup,Doha,Qatar,True
2019-12-05,Qatar,Saudi Arabia,0.0,1.0,Gulf Cup,Al Wakrah,Qatar,False
2019-12-08,Bahrain,Saudi Arabia,1.0,0.0,Gulf Cup,Doha,Qatar,True
2019-12-08,Luhansk PR,South Ossetia,4.0,3.0,Friendly,Luhansk,Ukraine,False
2019-12-10,China PR,Japan,1.0,2.0,EAFF Championship,Busan,South Korea,True
2019-12-11,South Korea,Hong Kong,2.0,0.0,EAFF Championship,Busan,South Korea,False
2019-12-14,Japan,Hong Kong,5.0,0.0,EAFF Championship,Busan,South Korea,True
2019-12-15,South Korea,China PR,1.0,0.0,EAFF Championship,Busan,South Korea,False
2019-12-18,Hong Kong,China PR,0.0,2.0,EAFF Championship,Busan,South Korea,True
2019-12-18,South Korea,Japan,1.0,0.0,EAFF Championship,Busan,South Korea,False
2019-12-29,Chagos Islands,Panjab,0.0,6.0,Friendly,Horsham,England,True
2020-01-07,Barbados,Canada,1.0,4.0,Friendly,Irvine,United States,True
2020-01-09,Moldova,Sweden,0.0,1.0,Friendly,Doha,Qatar,True
2020-01-10,Barbados,Canada,1.0,4.0,Friendly,Irvine,United States,True
2020-01-12,Kosovo,Sweden,0.0,1.0,Friendly,Doha,Qatar,True
2020-01-15,Canada,Iceland,0.0,1.0,Friendly,Irvine,United States,True
2020-01-19,El Salvador,Iceland,0.0,1.0,Friendly,Carson,United States,True
2020-02-01,United States,Costa Rica,1.0,0.0,Friendly,Carson,United States,False
2020-09-03,Germany,Spain,1.0,1.0,UEFA Nations League,Stuttgart,Germany,False
2020-09-03,Ukraine,Switzerland,2.0,1.0,UEFA Nations League,Lviv,Ukraine,False
2020-09-03,Russia,Serbia,3.0,1.0,UEFA Nations League,Moscow,Russia,False
2020-09-03,Turkey,Hungary,0.0,1.0,UEFA Nations League,Sivas,Turkey,False
2020-09-03,Bulgaria,Republic of Ireland,1.0,1.0,UEFA Nations League,Sofia,Bulgaria,False
2020-09-03,Finland,Wales,0.0,1.0,UEFA Nations League,Helsinki,Finland,False
2020-09-03,Moldova,Kosovo,1.0,1.0,UEFA Nations League,Parma,Italy,True
2020-09-03,Slovenia,Greece,0.0,0.0,UEFA Nations League,Ljubljana,Slovenia,False
2020-09-03,Latvia,Andorra,0.0,0.0,UEFA Nations League,Riga,Latvia,False
2020-09-03,Faroe Islands,Malta,3.0,2.0,UEFA Nations League,Tórshavn,Faroe Islands,False
2020-09-04,Italy,Bosnia and Herzegovina,1.0,1.0,UEFA Nations League,Florence,Italy,False
2020-09-04,Netherlands,Poland,1.0,0.0,UEFA Nations League,Amsterdam,Netherlands,False
2020-09-04,Norway,Austria,1.0,2.0,UEFA Nations League,Oslo,Norway,False
2020-09-04,Romania,Northern Ireland,1.0,1.0,UEFA Nations League,Bucharest,Romania,False
2020-09-04,Scotland,Israel,1.0,1.0,UEFA Nations League,Glasgow,Scotland,False
2020-09-04,Slovakia,Czech Republic,1.0,3.0,UEFA Nations League,Bratislava,Slovakia,False
2020-09-04,Lithuania,Kazakhstan,0.0,2.0,UEFA Nations League,Vilnius,Lithuania,False
2020-09-04,Belarus,Albania,0.0,2.0,UEFA Nations League,Minsk,Belarus,False
2020-09-05,Iceland,England,0.0,1.0,UEFA Nations League,Reykjavík,Iceland,False
2020-09-05,Denmark,Belgium,0.0,2.0,UEFA Nations League,Copenhagen,Denmark,False
2020-09-05,Portugal,Croatia,4.0,1.0,UEFA Nations League,Porto,Portugal,False
2020-09-05,Sweden,France,0.0,1.0,UEFA Nations League,Stockholm,Sweden,False
2020-09-05,Cyprus,Montenegro,0.0,2.0,UEFA Nations League,Nicosia,Cyprus,False
2020-09-05,Azerbaijan,Luxembourg,1.0,2.0,UEFA Nations League,Baku,Azerbaijan,False
2020-09-05,North Macedonia,Armenia,2.0,1.0,UEFA Nations League,Skopje,North Macedonia,False
2020-09-05,Estonia,Georgia,0.0,1.0,UEFA Nations League,Tallinn,Estonia,False
2020-09-05,Gibraltar,San Marino,1.0,0.0,UEFA Nations League,Gibraltar,Gibraltar,False
2020-09-06,Spain,Ukraine,4.0,0.0,UEFA Nations League,Madrid,Spain,False
2020-09-06,Switzerland,Germany,1.0,1.0,UEFA Nations League,Basel,Switzerland,False
2020-09-06,Hungary,Russia,2.0,3.0,UEFA Nations League,Budapest,Hungary,False
2020-09-06,Serbia,Turkey,0.0,0.0,UEFA Nations League,Belgrade,Serbia,False
2020-09-06,Wales,Bulgaria,1.0,0.0,UEFA Nations League,Cardiff,Wales,False
2020-09-06,Republic of Ireland,Finland,0.0,1.0,UEFA Nations League,Dublin,Republic of Ireland,False
2020-09-06,Slovenia,Moldova,1.0,0.0,UEFA Nations League,Ljubljana,Slovenia,False
2020-09-06,Kosovo,Greece,1.0,2.0,UEFA Nations League,Pristina,Kosovo,False
2020-09-06,Andorra,Faroe Islands,0.0,1.0,UEFA Nations League,Andorra la Vella,Andorra,False
2020-09-06,Malta,Latvia,1.0,1.0,UEFA Nations League,Attard,Malta,False
2020-09-07,Bosnia and Herzegovina,Poland,1.0,2.0,UEFA Nations League,Zenica,Bosnia and Herzegovina,False
2020-09-07,Netherlands,Italy,0.0,1.0,UEFA Nations League,Amsterdam,Netherlands,False
2020-09-07,Northern Ireland,Norway,1.0,5.0,UEFA Nations League,Belfast,Northern Ireland,False
2020-09-07,Austria,Romania,2.0,3.0,UEFA Nations League,Klagenfurt,Austria,False
2020-09-07,Czech Republic,Scotland,1.0,2.0,UEFA Nations League,Olomouc,Czech Republic,False
2020-09-07,Israel,Slovakia,1.0,1.0,UEFA Nations League,Netanya,Israel,False
2020-09-07,Kazakhstan,Belarus,1.0,2.0,UEFA Nations League,Almaty,Kazakhstan,False
2020-09-07,Albania,Lithuania,0.0,1.0,UEFA Nations League,Tirana,Albania,False
2020-09-08,Belgium,Iceland,5.0,1.0,UEFA Nations League,Brussels,Belgium,False
2020-09-08,Denmark,England,0.0,0.0,UEFA Nations League,Copenhagen,Denmark,False
2020-09-08,France,Croatia,4.0,2.0,UEFA Nations League,Paris,France,False
2020-09-08,Sweden,Portugal,0.0,2.0,UEFA Nations League,Stockholm,Sweden,False
2020-09-08,Luxembourg,Montenegro,0.0,1.0,UEFA Nations League,Luxembourg,Luxembourg,False
2020-09-08,Cyprus,Azerbaijan,0.0,1.0,UEFA Nations League,Nicosia,Cyprus,False
2020-09-08,Armenia,Estonia,2.0,0.0,UEFA Nations League,Yerevan,Armenia,False
2020-09-08,Georgia,North Macedonia,1.0,1.0,UEFA Nations League,Tbilisi,Georgia,False
2020-09-08,San Marino,Liechtenstein,0.0,2.0,UEFA Nations League,Rimini,Italy,True
2020-10-06,Nicaragua,Guatemala,0.0,0.0,Friendly,Managua,Nicaragua,False
2020-10-07,Andorra,Cape Verde,1.0,2.0,Friendly,Andorra la Vella,Andorra,False
2020-10-07,Austria,Greece,2.0,1.0,Friendly,Klagenfurt,Austria,False
2020-10-07,Cyprus,Czech Republic,1.0,2.0,Friendly,Larnaca,Cyprus,False
2020-10-07,Denmark,Faroe Islands,4.0,0.0,Friendly,Herning,Denmark,False
2020-10-07,Estonia,Lithuania,1.0,3.0,Friendly,Tallinn,Estonia,False
2020-10-07,France,Ukraine,7.0,1.0,Friendly,Paris,France,False
2020-10-07,Germany,Turkey,3.0,3.0,Friendly,Cologne,Germany,False
2020-10-07,Italy,Moldova,6.0,0.0,Friendly,Florence,Italy,False
2020-10-07,Luxembourg,Liechtenstein,1.0,2.0,Friendly,Luxembourg,Luxembourg,False
2020-10-07,Malta,Gibraltar,2.0,0.0,Friendly,Ta' Qali,Malta,False
2020-10-07,Montenegro,Latvia,1.0,1.0,Friendly,Podgorica,Montenegro,False
2020-10-07,Netherlands,Mexico,0.0,1.0,Friendly,Amsterdam,Netherlands,False
2020-10-07,Poland,Finland,5.0,1.0,Friendly,Gdańsk,Poland,False
2020-10-07,Portugal,Spain,0.0,0.0,Friendly,Lisbon,Portugal,False
2020-10-07,Slovenia,San Marino,4.0,0.0,Friendly,Ljubljana,Slovenia,False
2020-10-07,Switzerland,Croatia,1.0,2.0,Friendly,St. Gallen,Switzerland,False
2020-10-07,Zambia,Malawi,1.0,0.0,Friendly,Lusaka,Zambia,False
2020-10-08,Belgium,Ivory Coast,1.0,1.0,Friendly,Brussels,Belgium,False
2020-10-08,England,Wales,3.0,0.0,Friendly,London,England,False
2020-10-08,Russia,Sweden,1.0,2.0,Friendly,Moscow,Russia,False
2020-10-08,South Africa,Namibia,1.0,1.0,Friendly,Rustenburg,South Africa,False
2020-10-08,Uzbekistan,Iran,1.0,2.0,Friendly,Tashkent,Uzbekistan,False
2020-10-08,Paraguay,Peru,2.0,2.0,FIFA World Cup qualification,Asunción,Paraguay,False
2020-10-08,Uruguay,Chile,2.0,1.0,FIFA World Cup qualification,Montevideo,Uruguay,False
2020-10-08,Argentina,Ecuador,1.0,0.0,FIFA World Cup qualification,Buenos Aires,Argentina,False
2020-10-08,Iceland,Romania,2.0,1.0,UEFA Euro qualification,Reykjavík,Iceland,False
2020-10-08,Bulgaria,Hungary,1.0,3.0,UEFA Euro qualification,Sofia,Bulgaria,False
2020-10-08,Bosnia and Herzegovina,Northern Ireland,1.0,1.0,UEFA Euro qualification,Sarajevo,Bosnia and Herzegovina,False
2020-10-08,Slovakia,Republic of Ireland,0.0,0.0,UEFA Euro qualification,Bratislava,Slovakia,False
2020-10-08,Scotland,Israel,0.0,0.0,UEFA Euro qualification,Glasgow,Scotland,False
2020-10-08,Norway,Serbia,1.0,2.0,UEFA Euro qualification,Oslo,Norway,False
2020-10-08,Georgia,Belarus,1.0,0.0,UEFA Euro qualification,Tbilisi,Georgia,False
2020-10-08,North Macedonia,Kosovo,2.0,1.0,UEFA Euro qualification,Skopje,North Macedonia,False
2020-10-09,Burkina Faso,DR Congo,3.0,0.0,Friendly,Mohammedia,Morocco,True
2020-10-09,Congo,Gambia,0.0,1.0,Friendly,Parchal,Portugal,True
2020-10-09,Japan,Cameroon,0.0,0.0,Friendly,Utrecht,Netherlands,True
2020-10-09,Kenya,Zambia,2.0,1.0,Friendly,Nairobi,Kenya,False
2020-10-09,Mali,Ghana,3.0,0.0,Friendly,Antalya,Turkey,True
2020-10-09,Mauritania,Sierra Leone,2.0,1.0,Friendly,Nouakchott,Mauritania,False
2020-10-09,Morocco,Senegal,3.0,1.0,Friendly,Rabat,Morocco,False
2020-10-09,Nigeria,Algeria,0.0,1.0,Friendly,Klagenfurt,Austria,True
2020-10-09,Tunisia,Sudan,3.0,0.0,Friendly,Radès,Tunisia,False
2020-10-09,Colombia,Venezuela,3.0,0.0,FIFA World Cup qualification,Barranquilla,Colombia,False
2020-10-09,Brazil,Bolivia,5.0,0.0,FIFA World Cup qualification,São Paulo,Brazil,False
2020-10-10,Spain,Switzerland,1.0,0.0,UEFA Nations League,Madrid,Spain,False
2020-10-10,Ukraine,Germany,1.0,2.0,UEFA Nations League,Kyiv,Ukraine,False
2020-10-10,Luxembourg,Cyprus,2.0,0.0,UEFA Nations League,Luxembourg,Luxembourg,False
2020-10-10,Montenegro,Azerbaijan,2.0,0.0,UEFA Nations League,Podgorica,Montenegro,False
2020-10-10,Faroe Islands,Latvia,1.0,1.0,UEFA Nations League,Tórshavn,Faroe Islands,False
2020-10-10,Andorra,Malta,0.0,0.0,UEFA Nations League,Andorra la Vella,Andorra,False
2020-10-10,Liechtenstein,Gibraltar,0.0,1.0,UEFA Nations League,Vaduz,Liechtenstein,False
2020-10-10,Cape Verde,Guinea,1.0,2.0,Friendly,Faro-Loulé,Portugal,True
2020-10-10,Costa Rica,Panama,0.0,1.0,Friendly,San José,Costa Rica,False
2020-10-10,Honduras,Nicaragua,1.0,1.0,Friendly,Comayagua,Honduras,False
2020-10-10,Niger,Chad,2.0,0.0,Friendly,Niamey,Niger,False
2020-10-11,Bosnia and Herzegovina,Netherlands,0.0,0.0,UEFA Nations League,Zenica,Bosnia and Herzegovina,False
2020-10-11,Poland,Italy,0.0,0.0,UEFA Nations League,Gdańsk,Poland,False
2020-10-11,England,Belgium,2.0,1.0,UEFA Nations League,London,England,False
2020-10-11,Iceland,Denmark,0.0,3.0,UEFA Nations League,Reykjavík,Iceland,False
2020-10-11,Croatia,Sweden,2.0,1.0,UEFA Nations League,Zagreb,Croatia,False
2020-10-11,France,Portugal,0.0,0.0,UEFA Nations League,Paris,France,False
2020-10-11,Norway,Romania,4.0,0.0,UEFA Nations League,Oslo,Norway,False
2020-10-11,Northern Ireland,Austria,0.0,1.0,UEFA Nations League,Belfast,Northern Ireland,False
2020-10-11,Scotland,Slovakia,1.0,0.0,UEFA Nations League,Glasgow,Scotland,False
2020-10-11,Israel,Czech Republic,1.0,2.0,UEFA Nations League,Haifa,Israel,False
2020-10-11,Serbia,Hungary,0.0,1.0,UEFA Nations League,Belgrade,Serbia,False
2020-10-11,Russia,Turkey,1.0,1.0,UEFA Nations League,Moscow,Russia,False
2020-10-11,Republic of Ireland,Wales,0.0,0.0,UEFA Nations League,Dublin,Republic of Ireland,False
2020-10-11,Finland,Bulgaria,2.0,0.0,UEFA Nations League,Helsinki,Finland,False
2020-10-11,Armenia,Georgia,2.0,2.0,UEFA Nations League,Tychy,Poland,True
2020-10-11,Estonia,North Macedonia,3.0,3.0,UEFA Nations League,Tallinn,Estonia,False
2020-10-11,Kosovo,Slovenia,0.0,1.0,UEFA Nations League,Pristina,Kosovo,False
2020-10-11,Greece,Moldova,2.0,0.0,UEFA Nations League,Athens,Greece,False
2020-10-11,Kazakhstan,Albania,0.0,0.0,UEFA Nations League,Almaty,Kazakhstan,False
2020-10-11,Lithuania,Belarus,2.0,2.0,UEFA Nations League,Vilnius,Lithuania,False
2020-10-11,Gabon,Benin,0.0,2.0,Friendly,Lisbon,Portugal,True
2020-10-11,Malawi,Zimbabwe,0.0,0.0,Friendly,Blantyre,Malawi,False
2020-10-11,South Africa,Zambia,1.0,2.0,Friendly,Rustenburg,South Africa,False
2020-10-11,Tanzania,Burundi,0.0,1.0,Friendly,Dar es Salaam,Tanzania,False
2020-10-12,Burkina Faso,Madagascar,2.0,1.0,Friendly,El Jadida,Morocco,True
2020-10-12,Ghana,Qatar,5.0,1.0,Friendly,Aksu,Turkey,True
2020-10-12,Togo,Sudan,1.0,1.0,Friendly,Tunis,Tunisia,True
2020-10-12,United Arab Emirates,Uzbekistan,1.0,2.0,Friendly,Dubai,United Arab Emirates,False
2020-10-13,Cameroon,South Sudan,0.0,0.0,Friendly,Yaoundé,Cameroon,False
2020-10-13,Germany,Switzerland,3.0,3.0,UEFA Nations League,Cologne,Germany,False
2020-10-13,Ukraine,Spain,1.0,0.0,UEFA Nations League,Kyiv,Ukraine,False
2020-10-13,Azerbaijan,Cyprus,0.0,0.0,UEFA Nations League,Elbasan,Albania,True
2020-10-13,Montenegro,Luxembourg,1.0,2.0,UEFA Nations League,Podgorica,Montenegro,False
2020-10-13,Latvia,Malta,0.0,1.0,UEFA Nations League,Riga,Latvia,False
2020-10-13,Faroe Islands,Andorra,2.0,0.0,UEFA Nations League,Tórshavn,Faroe Islands,False
2020-10-13,Liechtenstein,San Marino,0.0,0.0,UEFA Nations League,Vaduz,Liechtenstein,False
2020-10-13,Costa Rica,Panama,0.0,1.0,Friendly,San José,Costa Rica,False
2020-10-13,Japan,Ivory Coast,1.0,0.0,Friendly,Utrecht,Netherlands,True
2020-10-13,Mexico,Algeria,2.0,2.0,Friendly,The Hague,Netherlands,True
2020-10-13,Morocco,DR Congo,1.0,1.0,Friendly,Rabat,Morocco,False
2020-10-13,Mozambique,Angola,0.0,3.0,Friendly,Rio Maior,Portugal,True
2020-10-13,Niger,Sierra Leone,1.0,0.0,Friendly,Niamey,Niger,False
2020-10-13,Nigeria,Tunisia,1.0,1.0,Friendly,Sankt Veit an der Glan,Austria,True
2020-10-13,Bolivia,Argentina,1.0,2.0,FIFA World Cup qualification,La Paz,Bolivia,False
2020-10-13,Ecuador,Uruguay,4.0,2.0,FIFA World Cup qualification,Quito,Ecuador,False
2020-10-13,Venezuela,Paraguay,0.0,1.0,FIFA World Cup qualification,Mérida,Venezuela,False
2020-10-13,Peru,Brazil,2.0,4.0,FIFA World Cup qualification,Lima,Peru,False
2020-10-13,Chile,Colombia,2.0,2.0,FIFA World Cup qualification,Santiago,Chile,False
2020-10-14,Italy,Netherlands,1.0,1.0,UEFA Nations League,Bergamo,Italy,False
2020-10-14,Poland,Bosnia and Herzegovina,3.0,0.0,UEFA Nations League,Wrocław,Poland,False
2020-10-14,Iceland,Belgium,1.0,2.0,UEFA Nations League,Reykjavík,Iceland,False
2020-10-14,England,Denmark,0.0,1.0,UEFA Nations League,London,England,False
2020-10-14,Portugal,Sweden,3.0,0.0,UEFA Nations League,Lisbon,Portugal,False
2020-10-14,Croatia,France,1.0,2.0,UEFA Nations League,Zagreb,Croatia,False
2020-10-14,Norway,Northern Ireland,1.0,0.0,UEFA Nations League,Oslo,Norway,False
2020-10-14,Romania,Austria,0.0,1.0,UEFA Nations League,Ploiești,Romania,False
2020-10-14,Scotland,Czech Republic,1.0,0.0,UEFA Nations League,Glasgow,Scotland,False
2020-10-14,Slovakia,Israel,2.0,3.0,UEFA Nations League,Trnava,Slovakia,False
2020-10-14,Russia,Hungary,0.0,0.0,UEFA Nations League,Moscow,Russia,False
2020-10-14,Turkey,Serbia,2.0,2.0,UEFA Nations League,Istanbul,Turkey,False
2020-10-14,Finland,Republic of Ireland,1.0,0.0,UEFA Nations League,Helsinki,Finland,False
2020-10-14,Bulgaria,Wales,0.0,1.0,UEFA Nations League,Sofia,Bulgaria,False
2020-10-14,North Macedonia,Georgia,1.0,1.0,UEFA Nations League,Skopje,North Macedonia,False
2020-10-14,Estonia,Armenia,1.0,1.0,UEFA Nations League,Tallinn,Estonia,False
2020-10-14,Greece,Kosovo,0.0,0.0,UEFA Nations League,Athens,Greece,False
2020-10-14,Moldova,Slovenia,0.0,4.0,UEFA Nations League,Chișinău,Moldova,False
2020-10-14,Lithuania,Albania,0.0,0.0,UEFA Nations League,Vilnius,Lithuania,False
2020-10-14,Belarus,Kazakhstan,2.0,0.0,UEFA Nations League,Minsk,Belarus,False
2020-11-06,Ethiopia,Sudan,2.0,2.0,Friendly,Addis Ababa,Ethiopia,False
2020-11-07,Bahrain,Tajikistan,1.0,0.0,Friendly,Dubai,United Arab Emirates,True
2020-11-11,Albania,Kosovo,2.0,1.0,Friendly,Elbasan,Albania,False
2020-11-11,Belgium,Switzerland,2.0,1.0,Friendly,Leuven,Belgium,False
2020-11-11,Bulgaria,Gibraltar,3.0,0.0,Friendly,Sofia,Bulgaria,False
2020-11-11,Denmark,Sweden,2.0,0.0,Friendly,Brondbyvester,Denmark,False
2020-11-11,France,Finland,0.0,2.0,Friendly,Paris,France,False
2020-11-11,Germany,Czech Republic,1.0,0.0,Friendly,Leipzig,Germany,False
2020-11-11,Greece,Cyprus,2.0,1.0,Friendly,Athens,Greece,False
2020-11-11,Italy,Estonia,4.0,0.0,Friendly,Florence,Italy,False
2020-11-11,Lithuania,Faroe Islands,2.0,1.0,Friendly,Vilnius,Lithuania,False
2020-11-11,Luxembourg,Austria,0.0,3.0,Friendly,Luxembourg,Luxembourg,False
2020-11-11,Malta,Liechtenstein,3.0,0.0,Friendly,Ta' Qali,Malta,False
2020-11-11,Montenegro,Kazakhstan,0.0,0.0,Friendly,Podgorica,Montenegro,False
2020-11-11,Netherlands,Spain,1.0,1.0,Friendly,Amsterdam,Netherlands,False
2020-11-11,Poland,Ukraine,2.0,0.0,Friendly,Chorzów,Poland,False
2020-11-11,Portugal,Andorra,7.0,0.0,Friendly,Lisbon,Portugal,False
2020-11-11,Romania,Belarus,5.0,3.0,Friendly,Ploiești,Romania,False
2020-11-11,San Marino,Latvia,0.0,3.0,Friendly,Serravalle,San Marino,False
2020-11-11,Slovenia,Azerbaijan,0.0,0.0,Friendly,Ljubljana,Slovenia,False
2020-11-11,Turkey,Croatia,3.0,3.0,Friendly,Istanbul,Turkey,False
2020-11-11,Guinea,Chad,1.0,0.0,African Cup of Nations qualification,Conakry,Guinea,False
2020-11-11,Mauritania,Burundi,1.0,1.0,African Cup of Nations qualification,Nouakchott,Mauritania,False
2020-11-11,Kenya,Comoros,1.0,1.0,African Cup of Nations qualification,Nairobi,Kenya,False
2020-11-11,Senegal,Guinea-Bissau,2.0,0.0,African Cup of Nations qualification,Thiès,Senegal,False
2020-11-11,Libya,Equatorial Guinea,2.0,3.0,African Cup of Nations qualification,Radès,Tunisia,True
2020-11-12,Hungary,Iceland,2.0,1.0,UEFA Euro qualification,Budapest,Hungary,False
2020-11-12,Northern Ireland,Slovakia,1.0,2.0,UEFA Euro qualification,Belfast,Northern Ireland,False
2020-11-12,Serbia,Scotland,1.0,1.0,UEFA Euro qualification,Belgrade,Serbia,False
2020-11-12,Georgia,North Macedonia,0.0,1.0,UEFA Euro qualification,Tbilisi,Georgia,False
2020-11-12,Bosnia and Herzegovina,Iran,0.0,2.0,Friendly,Sarajevo,Bosnia and Herzegovina,False
2020-11-12,England,Republic of Ireland,3.0,0.0,Friendly,London,England,False
2020-11-12,Jordan,Iraq,0.0,0.0,Friendly,Dubai,United Arab Emirates,True
2020-11-12,Lebanon,Bahrain,1.0,3.0,Friendly,Dubai,United Arab Emirates,True
2020-11-12,Moldova,Russia,0.0,0.0,Friendly,Chișinău,Moldova,False
2020-11-12,United Arab Emirates,Tajikistan,3.0,2.0,Friendly,Dubai,United Arab Emirates,False
2020-11-12,Uzbekistan,Syria,0.0,1.0,Friendly,Sharjah,United Arab Emirates,True
2020-11-12,Wales,United States,0.0,0.0,Friendly,Cardiff,Wales,False
2020-11-12,Bolivia,Ecuador,2.0,3.0,FIFA World Cup qualification,La Paz,Bolivia,False
2020-11-12,Argentina,Paraguay,1.0,1.0,FIFA World Cup qualification,Buenos Aires,Argentina,False
2020-11-12,Burkina Faso,Malawi,3.0,1.0,African Cup of Nations qualification,Ouagadougou,Burkina Faso,False
2020-11-12,Uganda,South Sudan,1.0,0.0,African Cup of Nations qualification,Kampala,Uganda,False
2020-11-12,Ghana,Sudan,2.0,0.0,African Cup of Nations qualification,Cape Coast,Ghana,False
2020-11-12,Gabon,Gambia,2.0,1.0,African Cup of Nations qualification,Franceville,Gabon,False
2020-11-12,Cape Verde,Rwanda,0.0,0.0,African Cup of Nations qualification,Praia,Cape Verde,False
2020-11-12,Cameroon,Mozambique,4.0,1.0,African Cup of Nations qualification,Douala,Cameroon,False
2020-11-12,Zambia,Botswana,2.0,1.0,African Cup of Nations qualification,Lusaka,Zambia,False
2020-11-12,Algeria,Zimbabwe,3.0,1.0,African Cup of Nations qualification,Algiers,Algeria,False
2020-11-12,Congo,Eswatini,2.0,0.0,African Cup of Nations qualification,Brazzaville,Congo,False
2020-11-12,Ivory Coast,Madagascar,2.0,1.0,African Cup of Nations qualification,Ebimpé,Ivory Coast,False
2020-11-13,Bangladesh,Nepal,2.0,0.0,Friendly,Dhaka,Bangladesh,False
2020-11-13,Costa Rica,Qatar,1.0,1.0,Friendly,Maria Enzersdorf,Austria,True
2020-11-13,Japan,Panama,1.0,0.0,Friendly,Graz,Austria,True
2020-11-13,Colombia,Uruguay,0.0,3.0,FIFA World Cup qualification,Barranquilla,Colombia,False
2020-11-13,Chile,Peru,2.0,0.0,FIFA World Cup qualification,Santiago,Chile,False
2020-11-13,Brazil,Venezuela,1.0,0.0,FIFA World Cup qualification,São Paulo,Brazil,False
2020-11-13,Mali,Namibia,1.0,0.0,African Cup of Nations qualification,Bamako,Mali,False
2020-11-13,South Africa,São Tomé and Príncipe,2.0,0.0,African Cup of Nations qualification,Durban,South Africa,False
2020-11-13,Morocco,Central African Republic,4.0,1.0,African Cup of Nations qualification,Casablanca,Morocco,False
2020-11-13,Tunisia,Tanzania,1.0,0.0,African Cup of Nations qualification,Radès,Tunisia,False
2020-11-13,Niger,Ethiopia,1.0,0.0,African Cup of Nations qualification,Niamey,Niger,False
2020-11-13,Nigeria,Sierra Leone,4.0,4.0,African Cup of Nations qualification,Benin City,Nigeria,False
2020-11-14,Portugal,France,0.0,1.0,UEFA Nations League,Lisbon,Portugal,False
2020-11-14,Sweden,Croatia,2.0,1.0,UEFA Nations League,Stockholm,Sweden,False
2020-11-14,Germany,Ukraine,3.0,1.0,UEFA Nations League,Leipzig,Germany,False
2020-11-14,Switzerland,Spain,1.0,1.0,UEFA Nations League,Basel,Switzerland,False
2020-11-14,Azerbaijan,Montenegro,0.0,0.0,UEFA Nations League,Zaprešić,Croatia,True
2020-11-14,Cyprus,Luxembourg,2.0,1.0,UEFA Nations League,Nicosia,Cyprus,False
2020-11-14,Malta,Andorra,3.0,1.0,UEFA Nations League,Ta' Qali,Malta,False
2020-11-14,Latvia,Faroe Islands,1.0,1.0,UEFA Nations League,Riga,Latvia,False
2020-11-14,San Marino,Gibraltar,0.0,0.0,UEFA Nations League,Serravalle,San Marino,False
2020-11-14,Mexico,South Korea,3.0,2.0,Friendly,Wiener Neustadt,Austria,True
2020-11-14,Saudi Arabia,Jamaica,3.0,0.0,Friendly,Riyadh,Saudi Arabia,False
2020-11-14,DR Congo,Angola,0.0,0.0,African Cup of Nations qualification,Kinshasa,DR Congo,False
2020-11-14,Egypt,Togo,1.0,0.0,African Cup of Nations qualification,Cairo,Egypt,False
2020-11-14,Benin,Lesotho,1.0,0.0,African Cup of Nations qualification,Porto-Novo,Benin,False
2020-11-15,Netherlands,Bosnia and Herzegovina,3.0,1.0,UEFA Nations League,Amsterdam,Netherlands,False
2020-11-15,Italy,Poland,2.0,0.0,UEFA Nations League,Reggio Emilia,Italy,False
2020-11-15,Belgium,England,2.0,0.0,UEFA Nations League,Leuven,Belgium,False
2020-11-15,Denmark,Iceland,2.0,1.0,UEFA Nations League,Copenhagen,Denmark,False
2020-11-15,Austria,Northern Ireland,2.0,1.0,UEFA Nations League,Vienna,Austria,False
2020-11-15,Romania,Norway,3.0,0.0,UEFA Nations League,Bucharest,Romania,False
2020-11-15,Slovakia,Scotland,1.0,0.0,UEFA Nations League,Trnava,Slovakia,False
2020-11-15,Czech Republic,Israel,1.0,0.0,UEFA Nations League,Plzeň,Czech Republic,False
2020-11-15,Turkey,Russia,3.0,2.0,UEFA Nations League,Istanbul,Turkey,False
2020-11-15,Hungary,Serbia,1.0,1.0,UEFA Nations League,Budapest,Hungary,False
2020-11-15,Wales,Republic of Ireland,1.0,0.0,UEFA Nations League,Cardiff,Wales,False
2020-11-15,Bulgaria,Finland,1.0,2.0,UEFA Nations League,Sofia,Bulgaria,False
2020-11-15,North Macedonia,Estonia,2.0,1.0,UEFA Nations League,Skopje,North Macedonia,False
2020-11-15,Georgia,Armenia,1.0,2.0,UEFA Nations League,Tbilisi,Georgia,False
2020-11-15,Slovenia,Kosovo,2.0,1.0,UEFA Nations League,Ljubljana,Slovenia,False
2020-11-15,Moldova,Greece,0.0,2.0,UEFA Nations League,Chișinău,Moldova,False
2020-11-15,Albania,Kazakhstan,3.0,1.0,UEFA Nations League,Tirana,Albania,False
2020-11-15,Belarus,Lithuania,2.0,0.0,UEFA Nations League,Minsk,Belarus,False
2020-11-15,Guatemala,Honduras,2.0,1.0,Friendly,Guatemala City,Guatemala,False
2020-11-15,Chad,Guinea,1.0,1.0,African Cup of Nations qualification,N'Djamena,Chad,False
2020-11-15,Burundi,Mauritania,3.0,1.0,African Cup of Nations qualification,Bujumbura,Burundi,False
2020-11-15,Comoros,Kenya,2.0,1.0,African Cup of Nations qualification,Moroni,Comoros,False
2020-11-15,Guinea-Bissau,Senegal,0.0,1.0,African Cup of Nations qualification,Bissau,Guinea-Bissau,False
2020-11-15,Equatorial Guinea,Libya,1.0,0.0,African Cup of Nations qualification,Malabo,Equatorial Guinea,False
2020-11-16,Jordan,Syria,1.0,0.0,Friendly,Sharjah,United Arab Emirates,True
2020-11-16,United Arab Emirates,Bahrain,1.0,3.0,Friendly,Dubai,United Arab Emirates,False
2020-11-16,United States,Panama,6.0,2.0,Friendly,Wiener Neustadt,Austria,True
2020-11-16,Basque Country,Costa Rica,2.0,1.0,Friendly,Eibar,Spain,False
2020-11-16,Malawi,Burkina Faso,0.0,0.0,African Cup of Nations qualification,Blantyre,Malawi,False
2020-11-16,South Sudan,Uganda,1.0,0.0,African Cup of Nations qualification,Nairobi,Kenya,True
2020-11-16,South Africa,São Tomé and Príncipe,4.0,2.0,African Cup of Nations qualification,Port Elizabeth,South Africa,False
2020-11-16,Gambia,Gabon,2.0,1.0,African Cup of Nations qualification,Bakau,Gambia,False
2020-11-16,Mozambique,Cameroon,0.0,2.0,African Cup of Nations qualification,Maputo,Mozambique,False
2020-11-16,Zimbabwe,Algeria,2.0,2.0,African Cup of Nations qualification,Harare,Zimbabwe,False
2020-11-16,Botswana,Zambia,1.0,0.0,African Cup of Nations qualification,Francistown,Botswana,False
2020-11-16,Eswatini,Congo,0.0,0.0,African Cup of Nations qualification,Manzini,Eswatini,False
2020-11-17,Croatia,Portugal,2.0,3.0,UEFA Nations League,Split,Croatia,False
2020-11-17,France,Sweden,4.0,2.0,UEFA Nations League,Paris,France,False
2020-11-17,Spain,Germany,6.0,0.0,UEFA Nations League,Seville,Spain,False
2020-11-17,Switzerland,Ukraine,3.0,0.0,UEFA Nations League,Lucerne,Switzerland,False
2020-11-17,Luxembourg,Azerbaijan,0.0,0.0,UEFA Nations League,Luxembourg,Luxembourg,False
2020-11-17,Montenegro,Cyprus,4.0,0.0,UEFA Nations League,Podgorica,Montenegro,False
2020-11-17,Andorra,Latvia,0.0,5.0,UEFA Nations League,Andorra la Vella,Andorra,False
2020-11-17,Malta,Faroe Islands,1.0,1.0,UEFA Nations League,Ta' Qali,Malta,False
2020-11-17,Gibraltar,Liechtenstein,1.0,1.0,UEFA Nations League,Gibraltar,Gibraltar,False
2020-11-17,Bangladesh,Nepal,0.0,0.0,Friendly,Dhaka,Bangladesh,False
2020-11-17,Japan,Mexico,0.0,2.0,Friendly,Graz,Austria,True
2020-11-17,South Korea,Qatar,2.0,1.0,Friendly,Maria Enzersdorf,Austria,True
2020-11-17,Saudi Arabia,Jamaica,1.0,2.0,Friendly,Riyadh,Saudi Arabia,False
2020-11-17,Uzbekistan,Iraq,1.0,2.0,Friendly,Dubai,United Arab Emirates,True
2020-11-17,Ecuador,Colombia,6.0,1.0,FIFA World Cup qualification,Quito,Ecuador,False
2020-11-17,Venezuela,Chile,2.0,1.0,FIFA World Cup qualification,Caracas,Venezuela,False
2020-11-17,Peru,Argentina,0.0,2.0,FIFA World Cup qualification,Lima,Peru,False
2020-11-17,Paraguay,Bolivia,2.0,2.0,FIFA World Cup qualification,Asunción,Paraguay,False
2020-11-17,Uruguay,Brazil,0.0,2.0,FIFA World Cup qualification,Montevideo,Uruguay,False
2020-11-17,Namibia,Mali,1.0,2.0,African Cup of Nations qualification,Windhoek,Namibia,False
2020-11-17,Sudan,Ghana,1.0,0.0,African Cup of Nations qualification,Omdurman,Sudan,False
2020-11-17,Angola,DR Congo,0.0,1.0,African Cup of Nations qualification,Luanda,Angola,False
2020-11-17,Central African Republic,Morocco,0.0,2.0,African Cup of Nations qualification,Douala,Cameroon,True
2020-11-17,Rwanda,Cape Verde,0.0,0.0,African Cup of Nations qualification,Kigali,Rwanda,False
2020-11-17,Togo,Egypt,1.0,3.0,African Cup of Nations qualification,Lomé,Togo,False
2020-11-17,Tanzania,Tunisia,1.0,1.0,African Cup of Nations qualification,Dar es Salaam,Tanzania,False
2020-11-17,Ethiopia,Niger,3.0,0.0,African Cup of Nations qualification,Addis Ababa,Ethiopia,False
2020-11-17,Madagascar,Ivory Coast,1.0,1.0,African Cup of Nations qualification,Toamasina,Madagascar,False
2020-11-17,Sierra Leone,Nigeria,0.0,0.0,African Cup of Nations qualification,Freetown,Sierra Leone,False
2020-11-17,Lesotho,Benin,0.0,0.0,African Cup of Nations qualification,Maseru,Lesotho,False
2020-11-18,Bosnia and Herzegovina,Italy,0.0,2.0,UEFA Nations League,Sarajevo,Bosnia and Herzegovina,False
2020-11-18,Poland,Netherlands,1.0,2.0,UEFA Nations League,Chorzów,Poland,False
2020-11-18,England,Iceland,4.0,0.0,UEFA Nations League,London,England,False
2020-11-18,Belgium,Denmark,4.0,2.0,UEFA Nations League,Leuven,Belgium,False
2020-11-18,Northern Ireland,Romania,1.0,1.0,UEFA Nations League,Belfast,Northern Ireland,False
2020-11-18,Austria,Norway,1.0,1.0,UEFA Nations League,Vienna,Austria,False
2020-11-18,Czech Republic,Slovakia,2.0,0.0,UEFA Nations League,Plzeň,Czech Republic,False
2020-11-18,Israel,Scotland,1.0,0.0,UEFA Nations League,Netanya,Israel,False
2020-11-18,Hungary,Turkey,2.0,0.0,UEFA Nations League,Budapest,Hungary,False
2020-11-18,Serbia,Russia,5.0,0.0,UEFA Nations League,Belgrade,Serbia,False
2020-11-18,Republic of Ireland,Bulgaria,0.0,0.0,UEFA Nations League,Dublin,Republic of Ireland,False
2020-11-18,Wales,Finland,3.0,1.0,UEFA Nations League,Cardiff,Wales,False
2020-11-18,Armenia,North Macedonia,1.0,0.0,UEFA Nations League,Nicosia,Cyprus,True
2020-11-18,Georgia,Estonia,0.0,0.0,UEFA Nations League,Tbilisi,Georgia,False
2020-11-18,Kosovo,Moldova,1.0,0.0,UEFA Nations League,Pristina,Kosovo,False
2020-11-18,Greece,Slovenia,0.0,0.0,UEFA Nations League,Athens,Greece,False
2020-11-18,Albania,Belarus,3.0,2.0,UEFA Nations League,Tirana,Albania,False
2020-11-18,Kazakhstan,Lithuania,1.0,2.0,UEFA Nations League,Almaty,Kazakhstan,False
2020-12-04,Qatar,Bangladesh,5.0,0.0,FIFA World Cup qualification,Doha,Qatar,False
2020-12-09,United States,El Salvador,6.0,0.0,Friendly,Fort Lauderdale,United States,False
2021-01-12,United Arab Emirates,Iraq,0.0,0.0,Friendly,Dubai,United Arab Emirates,False
2021-01-18,Kuwait,Palestine,0.0,1.0,Friendly,Kuwait City,Kuwait,False
2021-01-19,Dominican Republic,Puerto Rico,0.0,1.0,Friendly,Santo Domingo,Dominican Republic,False
2021-01-22,Guatemala,Puerto Rico,1.0,0.0,Friendly,Guatemala City,Guatemala,False
2021-01-25,Dominican Republic,Serbia,0.0,0.0,Friendly,Santo Domingo,Dominican Republic,False
2021-01-27,Iraq,Kuwait,2.0,1.0,Friendly,Basra,Iraq,False
2021-01-28,Panama,Serbia,0.0,0.0,Friendly,Panama City,Panama,False
2021-01-31,United States,Trinidad and Tobago,7.0,0.0,Friendly,Orlando,United States,False
2021-02-01,Jordan,Tajikistan,2.0,0.0,Friendly,Dubai,United Arab Emirates,True
2021-02-05,Jordan,Tajikistan,0.0,1.0,Friendly,Dubai,United Arab Emirates,True
2021-02-15,Jordan,Uzbekistan,0.0,2.0,Friendly,Dubai,United Arab Emirates,True
2021-02-24,Guatemala,Nicaragua,1.0,0.0,Friendly,Guatemala City,Guatemala,False
2021-03-13,Kenya,South Sudan,1.0,0.0,Friendly,Nairobi,Kenya,False
2021-03-15,Kenya,Tanzania,2.0,1.0,Friendly,Nairobi,Kenya,False
2021-03-17,Ethiopia,Malawi,4.0,0.0,Friendly,Bahir Dar,Ethiopia,False
2021-03-20,Oman,Jordan,0.0,0.0,Friendly,Dubai,United Arab Emirates,True
2021-03-24,Belarus,Honduras,1.0,1.0,Friendly,Zhodzina,Belarus,False
2021-03-24,Jordan,Lebanon,1.0,0.0,Friendly,Dubai,United Arab Emirates,True
2021-03-24,Kosovo,Lithuania,4.0,0.0,Friendly,Pristina,Kosovo,False
2021-03-24,Qatar,Luxembourg,1.0,0.0,Friendly,Debrecen,Hungary,True
2021-03-24,Antigua and Barbuda,Montserrat,2.0,2.0,FIFA World Cup qualification,Willemstad,Curaçao,True
2021-03-24,Suriname,Cayman Islands,3.0,0.0,FIFA World Cup qualification,Paramaribo,Suriname,False
2021-03-24,Guatemala,Cuba,1.0,0.0,FIFA World Cup qualification,Guatemala City,Guatemala,False
2021-03-24,Dominican Republic,Dominica,1.0,0.0,FIFA World Cup qualification,Santo Domingo,Dominican Republic,False
2021-03-24,Saint Kitts and Nevis,Puerto Rico,1.0,0.0,FIFA World Cup qualification,San Cristóbal,Dominican Republic,True
2021-03-24,Portugal,Azerbaijan,1.0,0.0,FIFA World Cup qualification,Turin,Italy,True
2021-03-24,Serbia,Republic of Ireland,3.0,2.0,FIFA World Cup qualification,Belgrade,Serbia,False
2021-03-24,France,Ukraine,1.0,1.0,FIFA World Cup qualification,Paris,France,False
2021-03-24,Finland,Bosnia and Herzegovina,2.0,2.0,FIFA World Cup qualification,Helsinki,Finland,False
2021-03-24,Belgium,Wales,3.0,1.0,FIFA World Cup qualification,Leuven,Belgium,False
2021-03-24,Estonia,Czech Republic,2.0,6.0,FIFA World Cup qualification,Lublin,Poland,True
2021-03-24,Turkey,Netherlands,4.0,2.0,FIFA World Cup qualification,Istanbul,Turkey,False
2021-03-24,Gibraltar,Norway,0.0,3.0,FIFA World Cup qualification,Gibraltar,Gibraltar,False
2021-03-24,Latvia,Montenegro,1.0,2.0,FIFA World Cup qualification,Riga,Latvia,False
2021-03-24,Malta,Russia,1.0,3.0,FIFA World Cup qualification,Ta' Qali,Malta,False
2021-03-24,Slovenia,Croatia,1.0,0.0,FIFA World Cup qualification,Ljubljana,Slovenia,False
2021-03-24,Cyprus,Slovakia,0.0,0.0,FIFA World Cup qualification,Nicosia,Cyprus,False
2021-03-24,Chad,Namibia,0.0,3.0,African Cup of Nations qualification,N'Djamena,Chad,False
2021-03-24,Guinea,Mali,1.0,0.0,African Cup of Nations qualification,Clermont-Ferrand,France,True
2021-03-24,South Sudan,Malawi,0.0,1.0,African Cup of Nations qualification,Omdurman,Sudan,True
2021-03-24,Uganda,Burkina Faso,0.0,0.0,African Cup of Nations qualification,Kampala,Uganda,False
2021-03-24,São Tomé and Príncipe,Sudan,0.0,2.0,African Cup of Nations qualification,São Tomé,São Tomé and Príncipe,False
2021-03-24,Rwanda,Mozambique,1.0,0.0,African Cup of Nations qualification,Kigali,Rwanda,False
2021-03-24,Ethiopia,Madagascar,4.0,0.0,African Cup of Nations qualification,Bahir Dar,Ethiopia,False
2021-03-25,Bahrain,Syria,3.0,1.0,Friendly,Isa Town,Bahrain,False
2021-03-25,India,Oman,1.0,1.0,Friendly,Dubai,United Arab Emirates,True
2021-03-25,Japan,South Korea,3.0,0.0,Friendly,Yokohama,Japan,False
2021-03-25,Saudi Arabia,Kuwait,1.0,0.0,Friendly,Riyadh,Saudi Arabia,False
2021-03-25,United States,Jamaica,4.0,1.0,Friendly,Wiener Neustadt,Austria,True
2021-03-25,El Salvador,Grenada,2.0,0.0,FIFA World Cup qualification,San Salvador,El Salvador,False
2021-03-25,Canada,Bermuda,5.0,1.0,FIFA World Cup qualification,Orlando,United States,True
2021-03-25,Curaçao,Saint Vincent and the Grenadines,5.0,0.0,FIFA World Cup qualification,Willemstad,Curaçao,False
2021-03-25,Panama,Barbados,1.0,0.0,FIFA World Cup qualification,Santo Domingo,Dominican Republic,True
2021-03-25,Haiti,Belize,2.0,0.0,FIFA World Cup qualification,Port-au-Prince,Haiti,False
2021-03-25,Trinidad and Tobago,Guyana,3.0,0.0,FIFA World Cup qualification,San Cristóbal,Dominican Republic,True
2021-03-25,Spain,Greece,1.0,1.0,FIFA World Cup qualification,Granada,Spain,False
2021-03-25,Sweden,Georgia,1.0,0.0,FIFA World Cup qualification,Stockholm,Sweden,False
2021-03-25,Bulgaria,Switzerland,1.0,3.0,FIFA World Cup qualification,Sofia,Bulgaria,False
2021-03-25,Italy,Northern Ireland,2.0,0.0,FIFA World Cup qualification,Parma,Italy,False
2021-03-25,Israel,Denmark,0.0,2.0,FIFA World Cup qualification,Tel Aviv,Israel,False
2021-03-25,Scotland,Austria,2.0,2.0,FIFA World Cup qualification,Glasgow,Scotland,False
2021-03-25,Moldova,Faroe Islands,1.0,1.0,FIFA World Cup qualification,Chișinău,Moldova,False
2021-03-25,England,San Marino,5.0,0.0,FIFA World Cup qualification,London,England,False
2021-03-25,Andorra,Albania,0.0,1.0,FIFA World Cup qualification,Andorra la Vella,Andorra,False
2021-03-25,Hungary,Poland,3.0,3.0,FIFA World Cup qualification,Budapest,Hungary,False
2021-03-25,Germany,Iceland,3.0,0.0,FIFA World Cup qualification,Duisburg,Germany,False
2021-03-25,Liechtenstein,Armenia,0.0,1.0,FIFA World Cup qualification,Vaduz,Liechtenstein,False
2021-03-25,Romania,North Macedonia,3.0,2.0,FIFA World Cup qualification,Bucharest,Romania,False
2021-03-25,South Africa,Ghana,1.0,1.0,African Cup of Nations qualification,Johannesburg,South Africa,False
2021-03-25,Gambia,Angola,1.0,0.0,African Cup of Nations qualification,Bakau,Gambia,False
2021-03-25,Gabon,DR Congo,3.0,0.0,African Cup of Nations qualification,Franceville,Gabon,False
2021-03-25,Comoros,Togo,0.0,0.0,African Cup of Nations qualification,Moroni,Comoros,False
2021-03-25,Kenya,Egypt,1.0,1.0,African Cup of Nations qualification,Nairobi,Kenya,False
2021-03-25,Botswana,Zimbabwe,0.0,1.0,African Cup of Nations qualification,Francistown,Botswana,False
2021-03-25,Zambia,Algeria,3.0,3.0,African Cup of Nations qualification,Lusaka,Zambia,False
2021-03-25,Equatorial Guinea,Tanzania,1.0,0.0,African Cup of Nations qualification,Malabo,Equatorial Guinea,False
2021-03-25,Libya,Tunisia,2.0,5.0,African Cup of Nations qualification,Benina,Libya,False
2021-03-25,Tajikistan,Mongolia,3.0,0.0,FIFA World Cup qualification,Dushanbe,Tajikistan,False
2021-03-26,Chile,Bolivia,2.0,1.0,Friendly,Rancagua,Chile,False
2021-03-26,Burundi,Central African Republic,2.0,2.0,African Cup of Nations qualification,Bujumbura,Burundi,False
2021-03-26,Mauritania,Morocco,0.0,0.0,African Cup of Nations qualification,Nouakchott,Mauritania,False
2021-03-26,Cape Verde,Cameroon,3.0,1.0,African Cup of Nations qualification,Praia,Cape Verde,False
2021-03-26,Eswatini,Guinea-Bissau,1.0,3.0,African Cup of Nations qualification,Manzini,Eswatini,False
2021-03-26,Congo,Senegal,0.0,0.0,African Cup of Nations qualification,Brazzaville,Congo,False
2021-03-26,Niger,Ivory Coast,0.0,3.0,African Cup of Nations qualification,Lomé,Togo,True
2021-03-27,Bosnia and Herzegovina,Costa Rica,0.0,0.0,Friendly,Zenica,Bosnia and Herzegovina,False
2021-03-27,Nepal,Bangladesh,0.0,0.0,Friendly,Kathmandu,Nepal,False
2021-03-27,Qatar,Azerbaijan,2.0,1.0,Friendly,Debrecen,Hungary,True
2021-03-27,Wales,Mexico,1.0,0.0,Friendly,Cardiff,Wales,False
2021-03-27,United States Virgin Islands,Antigua and Barbuda,0.0,3.0,FIFA World Cup qualification,Saint Croix,United States Virgin Islands,False
2021-03-27,Aruba,Suriname,0.0,6.0,FIFA World Cup qualification,Bradenton,United States,True
2021-03-27,British Virgin Islands,Guatemala,0.0,3.0,FIFA World Cup qualification,Willemstad,Curaçao,True
2021-03-27,Anguilla,Dominican Republic,0.0,6.0,FIFA World Cup qualification,Fort Lauderdale,United States,True
2021-03-27,Turks and Caicos Islands,Nicaragua,0.0,7.0,FIFA World Cup qualification,San Cristóbal,Dominican Republic,True
2021-03-27,Bahamas,Saint Kitts and Nevis,0.0,4.0,FIFA World Cup qualification,Nassau,Bahamas,False
2021-03-27,Republic of Ireland,Luxembourg,0.0,1.0,FIFA World Cup qualification,Dublin,Republic of Ireland,False
2021-03-27,Serbia,Portugal,2.0,2.0,FIFA World Cup qualification,Belgrade,Serbia,False
2021-03-27,Belarus,Estonia,4.0,2.0,FIFA World Cup qualification,Minsk,Belarus,False
2021-03-27,Czech Republic,Belgium,1.0,1.0,FIFA World Cup qualification,Prague,Czech Republic,False
2021-03-27,Montenegro,Gibraltar,4.0,1.0,FIFA World Cup qualification,Podgorica,Montenegro,False
2021-03-27,Netherlands,Latvia,2.0,0.0,FIFA World Cup qualification,Amsterdam,Netherlands,False
2021-03-27,Norway,Turkey,0.0,3.0,FIFA World Cup qualification,Málaga,Spain,True
2021-03-27,Russia,Slovenia,2.0,1.0,FIFA World Cup qualification,Sochi,Russia,False
2021-03-27,Croatia,Cyprus,1.0,0.0,FIFA World Cup qualification,Rijeka,Croatia,False
2021-03-27,Slovakia,Malta,2.0,2.0,FIFA World Cup qualification,Trnava,Slovakia,False
2021-03-27,Lesotho,Sierra Leone,0.0,0.0,African Cup of Nations qualification,Maseru,Lesotho,False
2021-03-27,Benin,Nigeria,0.0,1.0,African Cup of Nations qualification,Porto-Novo,Benin,False
2021-03-28,Greece,Honduras,2.0,1.0,Friendly,Thessaloniki,Greece,False
2021-03-28,Northern Ireland,United States,1.0,2.0,Friendly,Belfast,Northern Ireland,False
2021-03-28,Montserrat,El Salvador,1.0,1.0,FIFA World Cup qualification,Willemstad,Curaçao,True
2021-03-28,Cuba,Curaçao,1.0,2.0,FIFA World Cup qualification,Guatemala City,Guatemala,True
2021-03-28,Dominica,Panama,1.0,2.0,FIFA World Cup qualification,Santo Domingo,Dominican Republic,True
2021-03-28,Puerto Rico,Trinidad and Tobago,1.0,1.0,FIFA World Cup qualification,Mayagüez,Puerto Rico,False
2021-03-28,Georgia,Spain,1.0,2.0,FIFA World Cup qualification,Tbilisi,Georgia,False
2021-03-28,Kosovo,Sweden,0.0,3.0,FIFA World Cup qualification,Pristina,Kosovo,False
2021-03-28,Switzerland,Lithuania,1.0,0.0,FIFA World Cup qualification,St. Gallen,Switzerland,False
2021-03-28,Bulgaria,Italy,0.0,2.0,FIFA World Cup qualification,Sofia,Bulgaria,False
2021-03-28,Kazakhstan,France,0.0,2.0,FIFA World Cup qualification,Nur-Sultan,Kazakhstan,False
2021-03-28,Ukraine,Finland,1.0,1.0,FIFA World Cup qualification,Kyiv,Ukraine,False
2021-03-28,Denmark,Moldova,8.0,0.0,FIFA World Cup qualification,Herning,Denmark,False
2021-03-28,Austria,Faroe Islands,3.0,1.0,FIFA World Cup qualification,Vienna,Austria,False
2021-03-28,Israel,Scotland,1.0,1.0,FIFA World Cup qualification,Tel Aviv,Israel,False
2021-03-28,Albania,England,0.0,2.0,FIFA World Cup qualification,Tirana,Albania,False
2021-03-28,Poland,Andorra,3.0,0.0,FIFA World Cup qualification,Warsaw,Poland,False
2021-03-28,San Marino,Hungary,0.0,3.0,FIFA World Cup qualification,Serravalle,San Marino,False
2021-03-28,Armenia,Iceland,2.0,0.0,FIFA World Cup qualification,Yerevan,Armenia,False
2021-03-28,North Macedonia,Liechtenstein,5.0,0.0,FIFA World Cup qualification,Skopje,North Macedonia,False
2021-03-28,Romania,Germany,0.0,1.0,FIFA World Cup qualification,Bucharest,Romania,False
2021-03-28,Namibia,Guinea,2.0,1.0,African Cup of Nations qualification,Windhoek,Namibia,False
2021-03-28,Mali,Chad,3.0,0.0,African Cup of Nations qualification,Bamako,Mali,False
2021-03-28,Ghana,São Tomé and Príncipe,3.0,1.0,African Cup of Nations qualification,Cape Coast,Ghana,False
2021-03-28,Sudan,South Africa,2.0,0.0,African Cup of Nations qualification,Omdurman,Sudan,False
2021-03-28,Tunisia,Equatorial Guinea,2.0,1.0,African Cup of Nations qualification,Radès,Tunisia,False
2021-03-28,Tanzania,Libya,1.0,0.0,African Cup of Nations qualification,Dar es Salaam,Tanzania,False
2021-03-29,Ecuador,Bolivia,2.0,1.0,Friendly,Guayaquil,Ecuador,False
2021-03-29,Kuwait,Lebanon,1.0,1.0,Friendly,Dubai,United Arab Emirates,True
2021-03-29,Nepal,Bangladesh,2.0,1.0,Friendly,Kathmandu,Nepal,False
2021-03-29,Uzbekistan,Iraq,0.0,1.0,Friendly,Tashkent,Uzbekistan,False
2021-03-29,Cayman Islands,Canada,0.0,11.0,FIFA World Cup qualification,Bradenton,United States,True
2021-03-29,Burkina Faso,South Sudan,1.0,0.0,African Cup of Nations qualification,Ouagadougou,Burkina Faso,False
2021-03-29,Malawi,Uganda,1.0,0.0,African Cup of Nations qualification,Lilongwe,Malawi,False
2021-03-29,Angola,Gabon,2.0,0.0,African Cup of Nations qualification,Luanda,Angola,False
2021-03-29,DR Congo,Gambia,1.0,0.0,African Cup of Nations qualification,Kinshasa,DR Congo,False
2021-03-29,Togo,Kenya,1.0,2.0,African Cup of Nations qualification,Lomé,Togo,False
2021-03-29,Egypt,Comoros,4.0,0.0,African Cup of Nations qualification,Cairo,Egypt,False
2021-03-29,Algeria,Botswana,5.0,0.0,African Cup of Nations qualification,Algiers,Algeria,False
2021-03-29,Zimbabwe,Zambia,0.0,2.0,African Cup of Nations qualification,Harare,Zimbabwe,False
2021-03-29,United Arab Emirates,India,6.0,0.0,Friendly,Dubai,United Arab Emirates,False
2021-03-30,Bahrain,Jordan,1.0,2.0,Friendly,Riffa,Bahrain,False
2021-03-30,Costa Rica,Mexico,0.0,1.0,Friendly,Wiener Neustadt,Austria,True
2021-03-30,Iran,Syria,3.0,0.0,Friendly,Tehran,Iran,False
2021-03-30,Republic of Ireland,Qatar,1.0,1.0,Friendly,Debrecen,Hungary,True
2021-03-30,Grenada,United States Virgin Islands,1.0,0.0,FIFA World Cup qualification,St. George's,Grenada,False
2021-03-30,Bermuda,Aruba,5.0,0.0,FIFA World Cup qualification,Bradenton,United States,True
2021-03-30,Saint Vincent and the Grenadines,British Virgin Islands,3.0,0.0,FIFA World Cup qualification,Willemstad,Curaçao,True
2021-03-30,Barbados,Anguilla,1.0,0.0,FIFA World Cup qualification,Santo Domingo,Dominican Republic,True
2021-03-30,Belize,Turks and Caicos Islands,5.0,0.0,FIFA World Cup qualification,San Cristóbal,Dominican Republic,True
2021-03-30,Guyana,Bahamas,4.0,0.0,FIFA World Cup qualification,Santo Domingo,Dominican Republic,True
2021-03-30,Azerbaijan,Serbia,1.0,2.0,FIFA World Cup qualification,Baku,Azerbaijan,False
2021-03-30,Luxembourg,Portugal,1.0,3.0,FIFA World Cup qualification,Luxembourg,Luxembourg,False
2021-03-30,Wales,Czech Republic,1.0,0.0,FIFA World Cup qualification,Cardiff,Wales,False
2021-03-30,Belgium,Belarus,8.0,0.0,FIFA World Cup qualification,Leuven,Belgium,False
2021-03-30,Gibraltar,Netherlands,0.0,7.0,FIFA World Cup qualification,Gibraltar,Gibraltar,False
2021-03-30,Montenegro,Norway,0.0,1.0,FIFA World Cup qualification,Podgorica,Montenegro,False
2021-03-30,Turkey,Latvia,3.0,3.0,FIFA World Cup qualification,Istanbul,Turkey,False
2021-03-30,Cyprus,Slovenia,1.0,0.0,FIFA World Cup qualification,Nicosia,Cyprus,False
2021-03-30,Croatia,Malta,3.0,0.0,FIFA World Cup qualification,Rijeka,Croatia,False
2021-03-30,Slovakia,Russia,2.0,1.0,FIFA World Cup qualification,Trnava,Slovakia,False
2021-03-30,Saudi Arabia,Palestine,5.0,0.0,FIFA World Cup qualification,Riyadh,Saudi Arabia,False
2021-03-30,Japan,Mongolia,14.0,0.0,FIFA World Cup qualification,Chiba,Japan,False
2021-03-30,Central African Republic,Mauritania,0.0,1.0,African Cup of Nations qualification,Bangui,Central African Republic,False
2021-03-30,Morocco,Burundi,1.0,0.0,African Cup of Nations qualification,Rabat,Morocco,False
2021-03-30,Cameroon,Rwanda,0.0,0.0,African Cup of Nations qualification,Douala,Cameroon,False
2021-03-30,Mozambique,Cape Verde,0.0,1.0,African Cup of Nations qualification,Maputo,Mozambique,False
2021-03-30,Guinea-Bissau,Congo,3.0,0.0,African Cup of Nations qualification,Bissau,Guinea-Bissau,False
2021-03-30,Senegal,Eswatini,1.0,1.0,African Cup of Nations qualification,Thiès,Senegal,False
2021-03-30,Ivory Coast,Ethiopia,3.0,1.0,African Cup of Nations qualification,Abidjan,Ivory Coast,False
2021-03-30,Madagascar,Niger,0.0,0.0,African Cup of Nations qualification,Toamasina,Madagascar,False
2021-03-30,Nigeria,Lesotho,3.0,0.0,African Cup of Nations qualification,Lagos,Nigeria,False
2021-03-31,Sweden,Estonia,1.0,0.0,Friendly,Stockholm,Sweden,False
2021-03-31,Switzerland,Finland,3.0,2.0,Friendly,St. Gallen,Switzerland,False
2021-03-31,Spain,Kosovo,3.0,1.0,FIFA World Cup qualification,Seville,Spain,False
2021-03-31,Greece,Georgia,1.0,1.0,FIFA World Cup qualification,Thessaloniki,Greece,False
2021-03-31,Northern Ireland,Bulgaria,0.0,0.0,FIFA World Cup qualification,Belfast,Northern Ireland,False
2021-03-31,Lithuania,Italy,0.0,2.0,FIFA World Cup qualification,Vilnius,Lithuania,False
2021-03-31,Bosnia and Herzegovina,France,0.0,1.0,FIFA World Cup qualification,Sarajevo,Bosnia and Herzegovina,False
2021-03-31,Ukraine,Kazakhstan,1.0,1.0,FIFA World Cup qualification,Kyiv,Ukraine,False
2021-03-31,Scotland,Faroe Islands,4.0,0.0,FIFA World Cup qualification,Glasgow,Scotland,False
2021-03-31,Austria,Denmark,0.0,4.0,FIFA World Cup qualification,Vienna,Austria,False
2021-03-31,Moldova,Israel,1.0,4.0,FIFA World Cup qualification,Chișinău,Moldova,False
2021-03-31,England,Poland,2.0,1.0,FIFA World Cup qualification,London,England,False
2021-03-31,Andorra,Hungary,1.0,4.0,FIFA World Cup qualification,Andorra la Vella,Andorra,False
2021-03-31,San Marino,Albania,0.0,2.0,FIFA World Cup qualification,Serravalle,San Marino,False
2021-03-31,Armenia,Romania,3.0,2.0,FIFA World Cup qualification,Yerevan,Armenia,False
2021-03-31,Germany,North Macedonia,1.0,2.0,FIFA World Cup qualification,Duisburg,Germany,False
2021-03-31,Liechtenstein,Iceland,1.0,4.0,FIFA World Cup qualification,Vaduz,Liechtenstein,False
2021-05-23,Ukraine,Bahrain,1.0,1.0,Friendly,Kharkiv,Ukraine,False
2021-05-24,Iraq,Tajikistan,0.0,0.0,Friendly,Basra,Iraq,False
2021-05-24,United Arab Emirates,Jordan,5.0,1.0,Friendly,Dubai,United Arab Emirates,False
2021-05-25,Indonesia,Afghanistan,2.0,3.0,Friendly,Dubai,United Arab Emirates,True
2021-05-25,Oman,Thailand,1.0,0.0,Friendly,Dubai,United Arab Emirates,True
2021-05-27,Turkey,Azerbaijan,2.0,1.0,Friendly,Alanya,Turkey,False
2021-05-28,Bahrain,Malaysia,2.0,0.0,Friendly,Riffa,Bahrain,False
2021-05-28,Italy,San Marino,7.0,0.0,Friendly,Cagliari,Italy,False
2021-05-28,Japan,Myanmar,10.0,0.0,FIFA World Cup qualification,Chiba,Japan,False
2021-05-29,Indonesia,Oman,1.0,3.0,Friendly,Dubai,United Arab Emirates,True
2021-05-29,Iraq,Nepal,6.0,2.0,Friendly,Basra,Iraq,False
2021-05-29,Mexico,Iceland,2.0,1.0,Friendly,Arlington,United States,True
2021-05-29,Singapore,Afghanistan,1.0,1.0,Friendly,Dubai,United Arab Emirates,True
2021-05-29,Sweden,Finland,2.0,0.0,Friendly,Stockholm,Sweden,False
2021-05-29,Thailand,Tajikistan,2.0,2.0,Friendly,Sharjah,United Arab Emirates,True
2021-05-30,Malta,Northern Ireland,0.0,3.0,Friendly,Klagenfurt,Austria,True
2021-05-30,Switzerland,United States,2.0,1.0,Friendly,St. Gallen,Switzerland,False
2021-05-30,China PR,Guam,7.0,0.0,FIFA World Cup qualification,Suzhou,China PR,False
2021-05-31,Jordan,Vietnam,1.0,1.0,Friendly,Sharjah,United Arab Emirates,True
2021-05-31,Turkey,Guinea,0.0,0.0,Friendly,Antalya,Turkey,False
2021-06-01,Croatia,Armenia,1.0,1.0,Friendly,Velika Gorica,Croatia,False
2021-06-01,Kosovo,San Marino,4.0,1.0,Friendly,Pristina,Kosovo,False
2021-06-01,North Macedonia,Slovenia,1.0,1.0,Friendly,Skopje,North Macedonia,False
2021-06-01,Poland,Russia,1.0,1.0,Friendly,Wrocław,Poland,False
2021-06-01,Slovakia,Bulgaria,1.0,1.0,Friendly,Ried im Innkreis,Austria,True
2021-06-01,Lithuania,Estonia,0.0,1.0,Baltic Cup,Vilnius,Lithuania,False
2021-06-02,Belarus,Azerbaijan,1.0,2.0,Friendly,Minsk,Belarus,False
2021-06-02,Bosnia and Herzegovina,Montenegro,0.0,0.0,Friendly,Sarajevo,Bosnia and Herzegovina,False
2021-06-02,England,Austria,1.0,0.0,Friendly,London,England,False
2021-06-02,France,Wales,3.0,0.0,Friendly,Nice,France,False
2021-06-02,Germany,Denmark,1.0,1.0,Friendly,Innsbruck,Austria,True
2021-06-02,Mozambique,Lesotho,5.0,0.0,Friendly,Maputo,Mozambique,False
2021-06-02,Netherlands,Scotland,2.0,2.0,Friendly,São João da Venda,Portugal,True
2021-06-02,Norway,Luxembourg,1.0,0.0,Friendly,Málaga,Spain,True
2021-06-02,Romania,Georgia,1.0,2.0,Friendly,Ploiești,Romania,False
2021-06-02,Montserrat,United States Virgin Islands,4.0,0.0,FIFA World Cup qualification,San Cristóbal,Dominican Republic,True
2021-06-02,Cayman Islands,Aruba,1.0,3.0,FIFA World Cup qualification,Bradenton,United States,True
2021-06-02,Cuba,British Virgin Islands,5.0,0.0,FIFA World Cup qualification,Guatemala City,Guatemala,True
2021-06-02,Dominica,Anguilla,3.0,0.0,FIFA World Cup qualification,Santo Domingo,Dominican Republic,True
2021-06-02,Puerto Rico,Bahamas,7.0,0.0,FIFA World Cup qualification,Mayagüez,Puerto Rico,False
2021-06-03,Algeria,Mauritania,4.0,1.0,Friendly,Blida,Algeria,False
2021-06-03,Andorra,Republic of Ireland,1.0,4.0,Friendly,Andorra la Vella,Andorra,False
2021-06-03,Belgium,Greece,1.0,1.0,Friendly,Brussels,Belgium,False
2021-06-03,Switzerland,Liechtenstein,7.0,0.0,Friendly,St. Gallen,Switzerland,False
2021-06-03,Turkey,Moldova,2.0,0.0,Friendly,Paderborn,Germany,True
2021-06-03,Ukraine,Northern Ireland,1.0,0.0,Friendly,Dnipro,Ukraine,False
2021-06-03,Mexico,Costa Rica,0.0,0.0,CONCACAF Nations League,Denver,United States,True
2021-06-03,United States,Honduras,1.0,0.0,CONCACAF Nations League,Denver,United States,False
2021-06-03,Nepal,Taiwan,2.0,0.0,FIFA World Cup qualification,Kuwait City,Kuwait,True
2021-06-03,Iran,Hong Kong,3.0,1.0,FIFA World Cup qualification,Arad,Iran,False
2021-06-03,Bahrain,Cambodia,8.0,0.0,FIFA World Cup qualification,Riffa,Bahrain,False
2021-06-03,Palestine,Singapore,4.0,0.0,FIFA World Cup qualification,Riyadh,Saudi Arabia,True
2021-06-03,Bangladesh,Afghanistan,1.0,1.0,FIFA World Cup qualification,Doha,Qatar,True
2021-06-03,United Arab Emirates,Malaysia,4.0,0.0,FIFA World Cup qualification,Dubai,United Arab Emirates,False
2021-06-03,Thailand,Indonesia,2.0,2.0,FIFA World Cup qualification,Dubai,United Arab Emirates,True
2021-06-03,Bolivia,Venezuela,3.0,1.0,FIFA World Cup qualification,La Paz,Bolivia,False
2021-06-03,Uruguay,Paraguay,0.0,0.0,FIFA World Cup qualification,Montevideo,Uruguay,False
2021-06-03,Argentina,Chile,1.0,1.0,FIFA World Cup qualification,Santiago del Estero,Argentina,False
2021-06-03,Peru,Colombia,0.0,3.0,FIFA World Cup qualification,Lima,Peru,False
2021-06-03,Kuwait,Australia,0.0,3.0,FIFA World Cup qualification,Kuwait City,Kuwait,False
2021-06-03,Qatar,India,1.0,0.0,FIFA World Cup qualification,Doha,Qatar,False
2021-06-04,Faroe Islands,Iceland,0.0,1.0,Friendly,Tórshavn,Faroe Islands,False
2021-06-04,Finland,Estonia,0.0,1.0,Friendly,Helsinki,Finland,False
2021-06-04,Hungary,Cyprus,1.0,0.0,Friendly,Budapest,Hungary,False
2021-06-04,Italy,Czech Republic,4.0,0.0,Friendly,Bologna,Italy,False
2021-06-04,Kosovo,Malta,2.0,1.0,Friendly,Klagenfurt,Austria,True
2021-06-04,Nigeria,Cameroon,0.0,1.0,Friendly,Wiener Neustadt,Austria,True
2021-06-04,North Macedonia,Kazakhstan,4.0,0.0,Friendly,Skopje,North Macedonia,False
2021-06-04,Rwanda,Central African Republic,2.0,0.0,Friendly,Kigali,Rwanda,False
2021-06-04,Slovenia,Gibraltar,6.0,0.0,Friendly,Koper,Slovenia,False
2021-06-04,Spain,Portugal,0.0,0.0,Friendly,Madrid,Spain,False
2021-06-04,Latvia,Lithuania,3.0,1.0,Baltic Cup,Riga,Latvia,False
2021-06-04,Maldives,Syria,0.0,4.0,FIFA World Cup qualification,Sharjah,United Arab Emirates,True
2021-06-04,Antigua and Barbuda,Grenada,1.0,0.0,FIFA World Cup qualification,North Sound,Antigua and Barbuda,False
2021-06-04,Suriname,Bermuda,6.0,0.0,FIFA World Cup qualification,Paramaribo,Suriname,False
2021-06-04,Guatemala,Saint Vincent and the Grenadines,10.0,0.0,FIFA World Cup qualification,Guatemala City,Guatemala,False
2021-06-04,Dominican Republic,Barbados,1.0,1.0,FIFA World Cup qualification,Santo Domingo,Dominican Republic,False
2021-06-04,Nicaragua,Belize,3.0,0.0,FIFA World Cup qualification,Managua,Nicaragua,False
2021-06-04,Saint Kitts and Nevis,Guyana,3.0,0.0,FIFA World Cup qualification,Basseterre,Saint Kitts and Nevis,False
2021-06-04,Brazil,Ecuador,2.0,0.0,FIFA World Cup qualification,Porto Alegre,Brazil,False
2021-06-05,Guinea,Togo,0.0,2.0,Friendly,Antalya,Turkey,True
2021-06-05,Ivory Coast,Burkina Faso,2.0,1.0,Friendly,Abidjan,Ivory Coast,False
2021-06-05,Montenegro,Israel,1.0,3.0,Friendly,Podgorica,Montenegro,False
2021-06-05,Niger,Gambia,0.0,2.0,Friendly,Antalya,Turkey,True
2021-06-05,Russia,Bulgaria,1.0,0.0,Friendly,Moscow,Russia,False
2021-06-05,Senegal,Zambia,3.0,1.0,Friendly,Thiès,Senegal,False
2021-06-05,Sweden,Armenia,3.0,1.0,Friendly,Stockholm,Sweden,False
2021-06-05,Tunisia,DR Congo,1.0,0.0,Friendly,Radès,Tunisia,False
2021-06-05,Wales,Albania,0.0,0.0,Friendly,Cardiff,Wales,False
2021-06-05,Saudi Arabia,Yemen,3.0,0.0,FIFA World Cup qualification,Riyadh,Saudi Arabia,False
2021-06-05,Lebanon,Sri Lanka,3.0,2.0,FIFA World Cup qualification,Goyang,South Korea,True
2021-06-05,South Korea,Turkmenistan,5.0,0.0,FIFA World Cup qualification,Goyang,South Korea,False
2021-06-05,United States Virgin Islands,El Salvador,0.0,7.0,FIFA World Cup qualification,Saint Croix,United States Virgin Islands,False
2021-06-05,Aruba,Canada,0.0,7.0,FIFA World Cup qualification,Bradenton,United States,True
2021-06-05,British Virgin Islands,Curaçao,0.0,8.0,FIFA World Cup qualification,Guatemala City,Guatemala,True
2021-06-05,Panama,Anguilla,13.0,0.0,FIFA World Cup qualification,Panama City,Panama,False
2021-06-05,Turks and Caicos Islands,Haiti,0.0,10.0,FIFA World Cup qualification,Providenciales,Turks and Caicos Islands,False
2021-06-05,Bahamas,Trinidad and Tobago,0.0,0.0,FIFA World Cup qualification,Nassau,Bahamas,False
2021-06-06,Algeria,Mali,1.0,0.0,Friendly,Blida,Algeria,False
2021-06-06,Austria,Slovakia,0.0,0.0,Friendly,Vienna,Austria,False
2021-06-06,Belgium,Croatia,1.0,0.0,Friendly,Brussels,Belgium,False
2021-06-06,Denmark,Bosnia and Herzegovina,2.0,0.0,Friendly,Brondbyvester,Denmark,False
2021-06-06,England,Romania,1.0,0.0,Friendly,London,England,False
2021-06-06,Luxembourg,Scotland,0.0,1.0,Friendly,Luxembourg,Luxembourg,False
2021-06-06,Moldova,Azerbaijan,1.0,0.0,Friendly,Chișinău,Moldova,False
2021-06-06,Netherlands,Georgia,3.0,0.0,Friendly,Enschede,Netherlands,False
2021-06-06,Norway,Greece,1.0,2.0,Friendly,Málaga,Spain,True
2021-06-06,Honduras,Costa Rica,2.0,2.0,CONCACAF Nations League,Denver,United States,True
2021-06-06,United States,Mexico,3.0,2.0,CONCACAF Nations League,Denver,United States,False
2021-06-07,Andorra,Gibraltar,0.0,0.0,Friendly,Andorra la Vella,Andorra,False
2021-06-07,Faroe Islands,Liechtenstein,5.0,1.0,Friendly,Tórshavn,Faroe Islands,False
2021-06-07,Germany,Latvia,7.0,1.0,Friendly,Düsseldorf,Germany,False
2021-06-07,Rwanda,Central African Republic,5.0,0.0,Friendly,Kigali,Rwanda,False
2021-06-07,Serbia,Jamaica,1.0,1.0,Friendly,Miki,Japan,True
2021-06-07,Ukraine,Cyprus,4.0,0.0,Friendly,Kharkiv,Ukraine,False
2021-06-07,Guam,Syria,0.0,3.0,FIFA World Cup qualification,Sharjah,United Arab Emirates,True
2021-06-07,China PR,Philippines,2.0,0.0,FIFA World Cup qualification,Sharjah,United Arab Emirates,True
2021-06-07,Nepal,Jordan,0.0,3.0,FIFA World Cup qualification,Kuwait City,Kuwait,True
2021-06-07,Australia,Taiwan,5.0,1.0,FIFA World Cup qualification,Kuwait City,Kuwait,True
2021-06-07,Iraq,Cambodia,4.0,1.0,FIFA World Cup qualification,Arad,Iran,True
2021-06-07,Uzbekistan,Singapore,5.0,0.0,FIFA World Cup qualification,Riyadh,Saudi Arabia,True
2021-06-07,Bangladesh,India,0.0,2.0,FIFA World Cup qualification,Doha,Qatar,True
2021-06-07,Kyrgyzstan,Mongolia,0.0,1.0,FIFA World Cup qualification,Osaka,Japan,True
2021-06-07,Japan,Tajikistan,4.0,1.0,FIFA World Cup qualification,Suita,Japan,False
2021-06-07,United Arab Emirates,Thailand,3.0,1.0,FIFA World Cup qualification,Dubai,United Arab Emirates,False
2021-06-07,Vietnam,Indonesia,4.0,0.0,FIFA World Cup qualification,Dubai,United Arab Emirates,True
2021-06-07,Bahrain,Iran,0.0,3.0,FIFA World Cup qualification,Riffa,Bahrain,False
2021-06-07,Qatar,Oman,1.0,0.0,FIFA World Cup qualification,Doha,Qatar,False
2021-06-08,Benin,Zambia,2.0,2.0,Friendly,Cotonou,Benin,False
2021-06-08,Cameroon,Nigeria,0.0,0.0,Friendly,Wiener Neustadt,Austria,True
2021-06-08,Czech Republic,Albania,3.0,1.0,Friendly,Prague,Czech Republic,False
2021-06-08,France,Bulgaria,3.0,0.0,Friendly,Paris,France,False
2021-06-08,Gambia,Togo,1.0,0.0,Friendly,Antalya,Turkey,True
2021-06-08,Hungary,Republic of Ireland,0.0,0.0,Friendly,Budapest,Hungary,False
2021-06-08,Kosovo,Guinea,1.0,2.0,Friendly,Antalya,Turkey,True
2021-06-08,Morocco,Ghana,1.0,0.0,Friendly,Rabat,Morocco,False
2021-06-08,Mozambique,Eswatini,1.0,1.0,Friendly,Maputo,Mozambique,False
2021-06-08,Poland,Iceland,2.0,2.0,Friendly,Poznań,Poland,False
2021-06-08,Senegal,Cape Verde,2.0,0.0,Friendly,Thiès,Senegal,False
2021-06-08,Spain,Lithuania,4.0,0.0,Friendly,Leganés,Spain,False
2021-06-08,Grenada,Montserrat,1.0,2.0,FIFA World Cup qualification,St. George's,Grenada,False
2021-06-08,El Salvador,Antigua and Barbuda,3.0,0.0,FIFA World Cup qualification,San Salvador,El Salvador,False
2021-06-08,Canada,Suriname,4.0,0.0,FIFA World Cup qualification,Bridgeview,United States,True
2021-06-08,Bermuda,Cayman Islands,1.0,1.0,FIFA World Cup qualification,Bradenton,United States,True
2021-06-08,Saint Vincent and the Grenadines,Cuba,0.0,1.0,FIFA World Cup qualification,St. George's,Grenada,True
2021-06-08,Curaçao,Guatemala,0.0,0.0,FIFA World Cup qualification,Willemstad,Curaçao,False
2021-06-08,Barbados,Dominica,1.0,1.0,FIFA World Cup qualification,Santo Domingo,Dominican Republic,True
2021-06-08,Panama,Dominican Republic,3.0,0.0,FIFA World Cup qualification,Panama City,Panama,False
2021-06-08,Haiti,Nicaragua,1.0,0.0,FIFA World Cup qualification,Port-au-Prince,Haiti,False
2021-06-08,Guyana,Puerto Rico,0.0,2.0,FIFA World Cup qualification,Basseterre,Saint Kitts and Nevis,True
2021-06-08,Trinidad and Tobago,Saint Kitts and Nevis,2.0,0.0,FIFA World Cup qualification,Santo Domingo,Dominican Republic,True
2021-06-08,Ecuador,Peru,1.0,2.0,FIFA World Cup qualification,Quito,Ecuador,False
2021-06-08,Colombia,Argentina,2.0,2.0,FIFA World Cup qualification,Barranquilla,Colombia,False
2021-06-08,Venezuela,Uruguay,0.0,0.0,FIFA World Cup qualification,Caracas,Venezuela,False
2021-06-08,Paraguay,Brazil,0.0,2.0,FIFA World Cup qualification,Asunción,Paraguay,False
2021-06-08,Chile,Bolivia,1.0,1.0,FIFA World Cup qualification,Santiago,Chile,False
2021-06-09,Turkmenistan,Lebanon,3.0,2.0,FIFA World Cup qualification,Goyang,South Korea,True
2021-06-09,Niger,Congo,0.0,1.0,Friendly,Antalya,Turkey,True
2021-06-09,Portugal,Israel,4.0,0.0,Friendly,Lisbon,Portugal,False
2021-06-09,United States,Costa Rica,4.0,0.0,Friendly,Sandy,United States,False
2021-06-09,South Korea,Sri Lanka,5.0,0.0,FIFA World Cup qualification,Goyang,South Korea,False
2021-06-10,Estonia,Latvia,2.0,1.0,Baltic Cup,Tallinn,Estonia,False
2021-06-10,South Africa,Uganda,3.0,2.0,Friendly,Johannesburg,South Africa,False
2021-06-11,Philippines,Guam,3.0,0.0,FIFA World Cup qualification,Sharjah,United Arab Emirates,True
2021-06-11,China PR,Maldives,5.0,0.0,FIFA World Cup qualification,Sharjah,United Arab Emirates,True
2021-06-11,Nepal,Australia,0.0,3.0,FIFA World Cup qualification,Kuwait City,Kuwait,True
2021-06-11,Kuwait,Jordan,0.0,0.0,FIFA World Cup qualification,Kuwait City,Kuwait,False
2021-06-11,Cambodia,Iran,0.0,10.0,FIFA World Cup qualification,Isa Town,Bahrain,True
2021-06-11,Hong Kong,Iraq,0.0,1.0,FIFA World Cup qualification,Arad,Iran,True
2021-06-11,Yemen,Uzbekistan,0.0,1.0,FIFA World Cup qualification,Riyadh,Saudi Arabia,True
2021-06-11,Afghanistan,Oman,1.0,2.0,FIFA World Cup qualification,Doha,Qatar,True
2021-06-11,Myanmar,Kyrgyzstan,1.0,8.0,FIFA World Cup qualification,Osaka,Japan,True
2021-06-11,Malaysia,Vietnam,1.0,2.0,FIFA World Cup qualification,Dubai,United Arab Emirates,True
2021-06-11,Japan,Serbia,1.0,0.0,Kirin Challenge Cup,Kobe,Japan,False
2021-06-11,DR Congo,Mali,1.0,1.0,Friendly,Radès,Tunisia,True
2021-06-11,Guinea,Niger,2.0,1.0,Friendly,Antalya,Turkey,True
2021-06-11,Kosovo,Gambia,1.0,0.0,Friendly,Antalya,Turkey,True
2021-06-11,Mauritania,Liberia,1.0,0.0,Friendly,Tunis,Tunisia,True
2021-06-11,Tunisia,Algeria,0.0,2.0,Friendly,Radès,Tunisia,False
2021-06-11,Italy,Turkey,3.0,0.0,UEFA Euro,Rome,Italy,False
2021-06-11,Saudi Arabia,Singapore,3.0,0.0,FIFA World Cup qualification,Riyadh,Saudi Arabia,False
2021-06-11,United Arab Emirates,Indonesia,5.0,0.0,FIFA World Cup qualification,Dubai,United Arab Emirates,False
2021-06-12,Haiti,Canada,0.0,1.0,FIFA World Cup qualification,Port-au-Prince,Haiti,False
2021-06-12,Panama,Curaçao,2.0,1.0,FIFA World Cup qualification,Panama City,Panama,False
2021-06-12,Saint Kitts and Nevis,El Salvador,0.0,4.0,FIFA World Cup qualification,Basseterre,Saint Kitts and Nevis,False
2021-06-12,Ghana,Ivory Coast,0.0,0.0,Friendly,Cape Coast,Ghana,False
2021-06-12,Mexico,Honduras,0.0,0.0,Friendly,Atlanta,United States,True
2021-06-12,Morocco,Burkina Faso,1.0,0.0,Friendly,Rabat,Morocco,False
2021-06-12,Wales,Switzerland,1.0,1.0,UEFA Euro,Cardiff,Wales,False
2021-06-12,Denmark,Finland,0.0,1.0,UEFA Euro,Copenhagen,Denmark,False
2021-06-12,Russia,Belgium,0.0,3.0,UEFA Euro,Saint Petersburg,Russia,False
2021-06-13,South Korea,Lebanon,2.0,1.0,FIFA World Cup qualification,Goyang,South Korea,False
2021-06-13,Sudan,Zambia,0.0,1.0,Friendly,Omdurman,Sudan,False
2021-06-13,Tanzania,Malawi,2.0,0.0,Friendly,Dar es Salaam,Tanzania,False
2021-06-13,Austria,North Macedonia,3.0,1.0,UEFA Euro,Bucharest,Romania,True
2021-06-13,Netherlands,Ukraine,3.0,2.0,UEFA Euro,Amsterdam,Netherlands,False
2021-06-13,England,Croatia,1.0,0.0,UEFA Euro,London,England,False
2021-06-13,Brazil,Venezuela,3.0,0.0,Copa América,Brasília,Brazil,False
2021-06-13,Colombia,Ecuador,1.0,0.0,Copa América,Cuiabá,Brazil,True
2021-06-14,Libya,Liberia,0.0,1.0,Friendly,Tunis,Tunisia,True
2021-06-14,Scotland,Czech Republic,0.0,2.0,UEFA Euro,Glasgow,Scotland,False
2021-06-14,Poland,Slovakia,1.0,2.0,UEFA Euro,Saint Petersburg,Russia,True
2021-06-14,Spain,Sweden,0.0,0.0,UEFA Euro,Seville,Spain,False
2021-06-14,Argentina,Chile,1.0,1.0,Copa América,Rio de Janeiro,Brazil,True
2021-06-14,Paraguay,Bolivia,3.0,1.0,Copa América,Goiânia,Brazil,True
2021-06-15,Philippines,Maldives,1.0,1.0,FIFA World Cup qualification,Suzhou,China PR,True
2021-06-15,China PR,Syria,3.0,1.0,FIFA World Cup qualification,Suzhou,China PR,False
2021-06-15,Australia,Jordan,1.0,0.0,FIFA World Cup qualification,Kuwait City,Kuwait,True
2021-06-15,Bahrain,Hong Kong,4.0,0.0,FIFA World Cup qualification,Riffa,Bahrain,False
2021-06-15,Iran,Iraq,1.0,0.0,FIFA World Cup qualification,Arad,Iran,False
2021-06-15,Palestine,Yemen,3.0,0.0,FIFA World Cup qualification,Riyadh,Saudi Arabia,True
2021-06-15,Saudi Arabia,Uzbekistan,3.0,0.0,FIFA World Cup qualification,Riyadh,Saudi Arabia,False
2021-06-15,Bangladesh,Oman,0.0,3.0,FIFA World Cup qualification,Doha,Qatar,True
2021-06-15,India,Afghanistan,1.0,1.0,FIFA World Cup qualification,Doha,Qatar,True
2021-06-15,Tajikistan,Myanmar,4.0,0.0,FIFA World Cup qualification,Osaka,Japan,True
2021-06-15,Japan,Kyrgyzstan,5.0,1.0,FIFA World Cup qualification,Suita,Japan,False
2021-06-15,Thailand,Malaysia,0.0,1.0,FIFA World Cup qualification,Dubai,United Arab Emirates,True
2021-06-15,United Arab Emirates,Vietnam,3.0,2.0,FIFA World Cup qualification,Dubai,United Arab Emirates,False
2021-06-15,Canada,Haiti,3.0,0.0,FIFA World Cup qualification,Bridgeview,United States,True
2021-06-15,Curaçao,Panama,0.0,0.0,FIFA World Cup qualification,Willemstad,Curaçao,False
2021-06-15,El Salvador,Saint Kitts and Nevis,2.0,0.0,FIFA World Cup qualification,San Salvador,El Salvador,False
2021-06-15,Tunisia,Mali,1.0,0.0,Friendly,Radès,Tunisia,False
2021-06-15,Djibouti,Somalia,1.0,0.0,Friendly,Djibouti,Djibouti,False
2021-06-15,Hungary,Portugal,0.0,3.0,UEFA Euro,Budapest,Hungary,False
2021-06-15,Germany,France,0.0,1.0,UEFA Euro,Munich,Germany,False
2021-06-15,Kuwait,Taiwan,2.0,1.0,FIFA World Cup qualification,Kuwait City,Kuwait,False
2021-06-15,Sierra Leone,Benin,1.0,0.0,African Cup of Nations qualification,Conakry,Guinea,True
2021-06-16,Turkey,Wales,0.0,2.0,UEFA Euro,Baku,Azerbaijan,True
2021-06-16,Italy,Switzerland,3.0,0.0,UEFA Euro,Rome,Italy,False
2021-06-16,Russia,Finland,1.0,0.0,UEFA Euro,Saint Petersburg,Russia,False
2021-06-17,Denmark,Belgium,1.0,2.0,UEFA Euro,Copenhagen,Denmark,False
2021-06-17,Ukraine,North Macedonia,2.0,1.0,UEFA Euro,Bucharest,Romania,True
2021-06-17,Netherlands,Austria,2.0,0.0,UEFA Euro,Amsterdam,Netherlands,False
2021-06-17,Colombia,Venezuela,0.0,0.0,Copa América,Goiânia,Brazil,True
2021-06-17,Brazil,Peru,4.0,0.0,Copa América,Rio de Janeiro,Brazil,False
2021-06-17,Algeria,Liberia,5.0,1.0,Friendly,Oran,Algeria,False
2021-06-18,Croatia,Czech Republic,1.0,1.0,UEFA Euro,Glasgow,Scotland,True
2021-06-18,England,Scotland,0.0,0.0,UEFA Euro,London,England,False
2021-06-18,Sweden,Slovakia,1.0,0.0,UEFA Euro,Saint Petersburg,Russia,True
2021-06-18,Chile,Bolivia,1.0,0.0,Copa América,Cuiabá,Brazil,True
2021-06-18,Argentina,Uruguay,1.0,0.0,Copa América,Brasília,Brazil,True
2021-06-19,Spain,Poland,1.0,1.0,UEFA Euro,Seville,Spain,False
2021-06-19,Hungary,France,1.0,1.0,UEFA Euro,Budapest,Hungary,False
2021-06-19,Germany,Portugal,4.0,2.0,UEFA Euro,Munich,Germany,False
2021-06-19,Libya,Sudan,0.0,1.0,Arab Cup qualification,Doha,Qatar,True
2021-06-20,Italy,Wales,1.0,0.0,UEFA Euro,Rome,Italy,False
2021-06-20,Switzerland,Turkey,3.0,1.0,UEFA Euro,Baku,Azerbaijan,True
2021-06-20,Venezuela,Ecuador,2.0,2.0,Copa América,Rio de Janeiro,Brazil,True
2021-06-20,Colombia,Peru,1.0,2.0,Copa América,Goiânia,Brazil,True
2021-06-20,Oman,Somalia,2.0,1.0,Arab Cup qualification,Doha,Qatar,True
2021-06-21,Denmark,Russia,4.0,1.0,UEFA Euro,Copenhagen,Denmark,False
2021-06-21,Finland,Belgium,0.0,2.0,UEFA Euro,Saint Petersburg,Russia,True
2021-06-21,Netherlands,North Macedonia,3.0,0.0,UEFA Euro,Amsterdam,Netherlands,False
2021-06-21,Ukraine,Austria,0.0,1.0,UEFA Euro,Bucharest,Romania,True
2021-06-21,Uruguay,Chile,1.0,1.0,Copa América,Cuiabá,Brazil,True
2021-06-21,Argentina,Paraguay,1.0,0.0,Copa América,Brasília,Brazil,True
2021-06-22,Scotland,Croatia,1.0,3.0,UEFA Euro,Glasgow,Scotland,False
2021-06-22,England,Czech Republic,1.0,0.0,UEFA Euro,London,England,False
2021-06-22,Mauritania,Yemen,2.0,0.0,Arab Cup qualification,Doha,Qatar,True
2021-06-23,Spain,Slovakia,5.0,0.0,UEFA Euro,Seville,Spain,False
2021-06-23,Sweden,Poland,3.0,2.0,UEFA Euro,Saint Petersburg,Russia,True
2021-06-23,Germany,Hungary,2.0,2.0,UEFA Euro,Munich,Germany,False
2021-06-23,Portugal,France,2.0,2.0,UEFA Euro,Budapest,Hungary,True
2021-06-23,Ecuador,Peru,2.0,2.0,Copa América,Goiânia,Brazil,True
2021-06-23,Brazil,Colombia,2.0,1.0,Copa América,Rio de Janeiro,Brazil,False
2021-06-23,Lebanon,Djibouti,1.0,0.0,Arab Cup qualification,Doha,Qatar,True
2021-06-24,Bolivia,Uruguay,0.0,2.0,Copa América,Cuiabá,Brazil,True
2021-06-24,Chile,Paraguay,0.0,2.0,Copa América,Brasília,Brazil,True
2021-06-24,Palestine,Comoros,5.0,1.0,Arab Cup qualification,Doha,Qatar,True
2021-06-25,Bahrain,Kuwait,2.0,0.0,Arab Cup qualification,Doha,Qatar,True
2021-06-26,Italy,Austria,2.0,1.0,UEFA Euro,London,England,True
2021-06-26,Wales,Denmark,0.0,4.0,UEFA Euro,Amsterdam,Netherlands,True
2021-06-27,Netherlands,Czech Republic,0.0,2.0,UEFA Euro,Budapest,Hungary,True
2021-06-27,Belgium,Portugal,1.0,0.0,UEFA Euro,Seville,Spain,True
2021-06-27,Brazil,Ecuador,1.0,1.0,Copa América,Goiânia,Brazil,False
2021-06-27,Venezuela,Peru,0.0,1.0,Copa América,Brasília,Brazil,True
2021-06-27,El Salvador,Guatemala,0.0,0.0,Friendly,Los Angeles,United States,True
2021-06-28,Croatia,Spain,3.0,5.0,UEFA Euro,Copenhagen,Denmark,True
2021-06-28,France,Switzerland,3.0,3.0,UEFA Euro,Bucharest,Romania,True
2021-06-28,Argentina,Bolivia,4.0,1.0,Copa América,Cuiabá,Brazil,True
2021-06-28,Uruguay,Paraguay,1.0,0.0,Copa América,Rio de Janeiro,Brazil,True
2021-06-29,England,Germany,2.0,0.0,UEFA Euro,London,England,False
2021-06-29,Sweden,Ukraine,1.0,2.0,UEFA Euro,Glasgow,Scotland,True
2021-06-30,Mexico,Panama,3.0,0.0,Friendly,Nashville,United States,True
2021-07-02,Switzerland,Spain,1.0,1.0,UEFA Euro,Saint Petersburg,Russia,True
2021-07-02,Belgium,Italy,1.0,2.0,UEFA Euro,Munich,Germany,True
2021-07-02,Peru,Paraguay,3.0,3.0,Copa América,Goiânia,Brazil,True
2021-07-02,Brazil,Chile,1.0,0.0,Copa América,Rio de Janeiro,Brazil,False
2021-07-02,Haiti,Saint Vincent and the Grenadines,6.0,1.0,Gold Cup qualification,Fort Lauderdale,United States,True
2021-07-02,Trinidad and Tobago,Montserrat,6.0,1.0,Gold Cup qualification,Fort Lauderdale,United States,True
2021-07-02,Bermuda,Barbados,8.0,1.0,Gold Cup qualification,Fort Lauderdale,United States,True
2021-07-03,Czech Republic,Denmark,1.0,2.0,UEFA Euro,Baku,Azerbaijan,True
2021-07-03,Ukraine,England,0.0,4.0,UEFA Euro,Rome,Italy,True
2021-07-03,Mexico,Nigeria,4.0,0.0,Friendly,Nashville,United States,True
2021-07-03,Uruguay,Colombia,0.0,0.0,Copa América,Brasília,Brazil,True
2021-07-03,Argentina,Ecuador,3.0,0.0,Copa América,Goiânia,Brazil,True
2021-07-03,Guatemala,Guyana,4.0,0.0,Gold Cup qualification,Fort Lauderdale,United States,True
2021-07-03,Cuba,French Guiana,0.0,3.0,Gold Cup qualification,Fort Lauderdale,United States,True
2021-07-03,Guadeloupe,Bahamas,2.0,0.0,Gold Cup qualification,Fort Lauderdale,United States,True
2021-07-04,Qatar,El Salvador,1.0,0.0,Friendly,Pula,Croatia,True
2021-07-05,Brazil,Peru,1.0,0.0,Copa América,Rio de Janeiro,Brazil,False
2021-07-06,Argentina,Colombia,1.0,1.0,Copa América,Brasília,Brazil,True
2021-07-06,Italy,Spain,1.0,1.0,UEFA Euro,London,England,True
2021-07-06,Haiti,Bermuda,4.0,1.0,Gold Cup qualification,Fort Lauderdale,United States,True
2021-07-06,Guatemala,Guadeloupe,1.0,1.0,Gold Cup qualification,Fort Lauderdale,United States,True
2021-07-06,Trinidad and Tobago,French Guiana,1.0,1.0,Gold Cup qualification,Fort Lauderdale,United States,True
2021-07-06,Eswatini,Lesotho,3.0,1.0,COSAFA Cup,Port Elizabeth,South Africa,True
2021-07-06,South Africa,Botswana,1.0,0.0,COSAFA Cup,Port Elizabeth,South Africa,False
2021-07-07,England,Denmark,2.0,1.0,UEFA Euro,London,England,False
2021-07-07,Mozambique,Zimbabwe,0.0,0.0,COSAFA Cup,Port Elizabeth,South Africa,True
2021-07-07,Senegal,Namibia,1.0,2.0,COSAFA Cup,Port Elizabeth,South Africa,True
2021-07-08,Zambia,Lesotho,1.0,2.0,COSAFA Cup,Port Elizabeth,South Africa,True
2021-07-08,South Africa,Eswatini,1.0,0.0,COSAFA Cup,Port Elizabeth,South Africa,False
2021-07-09,Peru,Colombia,2.0,3.0,Copa América,Brasília,Brazil,True
2021-07-09,Malawi,Zimbabwe,2.0,2.0,COSAFA Cup,Port Elizabeth,South Africa,True
2021-07-09,Senegal,Mozambique,1.0,0.0,COSAFA Cup,Port Elizabeth,South Africa,True
2021-07-10,Brazil,Argentina,0.0,1.0,Copa América,Rio de Janeiro,Brazil,False
2021-07-10,Lesotho,Botswana,0.0,4.0,COSAFA Cup,Port Elizabeth,South Africa,True
2021-07-10,Zambia,Eswatini,0.0,1.0,COSAFA Cup,Port Elizabeth,South Africa,True
2021-07-10,Mexico,Trinidad and Tobago,0.0,0.0,Gold Cup,Arlington,United States,True
2021-07-11,England,Italy,1.0,1.0,UEFA Euro,London,England,False
2021-07-11,Namibia,Zimbabwe,2.0,0.0,COSAFA Cup,Port Elizabeth,South Africa,True
2021-07-11,Mozambique,Malawi,2.0,0.0,COSAFA Cup,Port Elizabeth,South Africa,True
2021-07-11,El Salvador,Guatemala,2.0,0.0,Gold Cup,Frisco,United States,True
2021-07-11,Canada,Martinique,4.0,1.0,Gold Cup,Kansas City,United States,True
2021-07-11,United States,Haiti,1.0,0.0,Gold Cup,Kansas City,United States,False
2021-07-12,Jamaica,Suriname,2.0,0.0,Gold Cup,Orlando,United States,True
2021-07-12,Costa Rica,Guadeloupe,3.0,1.0,Gold Cup,Orlando,United States,True
2021-07-13,Botswana,Zambia,1.0,2.0,COSAFA Cup,Port Elizabeth,South Africa,True
2021-07-13,South Africa,Lesotho,4.0,0.0,COSAFA Cup,Port Elizabeth,South Africa,False
2021-07-13,Senegal,Zimbabwe,2.0,1.0,COSAFA Cup,Port Elizabeth,South Africa,True
2021-07-13,Malawi,Namibia,1.0,1.0,COSAFA Cup,Port Elizabeth,South Africa,True
2021-07-13,Qatar,Panama,3.0,3.0,Gold Cup,Houston,United States,True
2021-07-13,Honduras,Grenada,4.0,0.0,Gold Cup,Houston,United States,True
2021-07-14,South Africa,Zambia,0.0,0.0,COSAFA Cup,Port Elizabeth,South Africa,False
2021-07-14,Eswatini,Botswana,1.0,1.0,COSAFA Cup,Port Elizabeth,South Africa,True
2021-07-14,Mozambique,Namibia,1.0,0.0,COSAFA Cup,Port Elizabeth,South Africa,True
2021-07-14,Senegal,Malawi,2.0,1.0,COSAFA Cup,Port Elizabeth,South Africa,True
2021-07-14,Trinidad and Tobago,El Salvador,0.0,2.0,Gold Cup,Frisco,United States,True
2021-07-14,Guatemala,Mexico,0.0,3.0,Gold Cup,Dallas,United States,True
2021-07-15,Haiti,Canada,1.0,4.0,Gold Cup,Kansas City,United States,True
2021-07-15,United States,Martinique,6.0,1.0,Gold Cup,Kansas City,United States,False
2021-07-16,Senegal,Eswatini,2.0,2.0,COSAFA Cup,Port Elizabeth,South Africa,True
2021-07-16,South Africa,Mozambique,3.0,0.0,COSAFA Cup,Port Elizabeth,South Africa,False
2021-07-16,Guadeloupe,Jamaica,1.0,2.0,Gold Cup,Orlando,United States,True
2021-07-16,Suriname,Costa Rica,1.0,2.0,Gold Cup,Orlando,United States,True
2021-07-17,Grenada,Qatar,0.0,4.0,Gold Cup,Houston,United States,True
2021-07-17,Panama,Honduras,2.0,3.0,Gold Cup,Houston,United States,True
2021-07-18,Eswatini,Mozambique,1.0,1.0,COSAFA Cup,Port Elizabeth,South Africa,True
2021-07-18,South Africa,Senegal,0.0,0.0,COSAFA Cup,Port Elizabeth,South Africa,False
2021-07-18,Guatemala,Trinidad and Tobago,1.0,1.0,Gold Cup,Frisco,United States,True
2021-07-18,Mexico,El Salvador,1.0,0.0,Gold Cup,Dallas,United States,True
2021-07-18,Martinique,Haiti,1.0,2.0,Gold Cup,Frisco,United States,True
2021-07-18,United States,Canada,1.0,0.0,Gold Cup,Kansas City,United States,False
2021-07-20,Suriname,Guadeloupe,2.0,1.0,Gold Cup,Houston,United States,True
2021-07-20,Costa Rica,Jamaica,1.0,0.0,Gold Cup,Orlando,United States,True
2021-07-20,Panama,Grenada,3.0,1.0,Gold Cup,Orlando,United States,True
2021-07-20,Honduras,Qatar,0.0,2.0,Gold Cup,Houston,United States,True
2021-07-24,Mexico,Honduras,3.0,0.0,Gold Cup,Glendale,United States,True
2021-07-24,Qatar,El Salvador,3.0,2.0,Gold Cup,Glendale,United States,True
2021-07-25,Costa Rica,Canada,0.0,2.0,Gold Cup,Arlington,United States,True
2021-07-25,United States,Jamaica,1.0,0.0,Gold Cup,Arlington,United States,False
2021-07-29,Mexico,Canada,2.0,1.0,Gold Cup,Houston,United States,True
2021-07-29,United States,Qatar,1.0,0.0,Gold Cup,Austin,United States,False
2021-08-01,United States,Mexico,1.0,0.0,Gold Cup,Las Vegas,United States,False
2021-08-21,El Salvador,Costa Rica,0.0,0.0,Friendly,Carson,United States,True
2021-08-22,Niger,Sudan,2.0,1.0,Friendly,Dubai,United Arab Emirates,True
2021-08-26,Sudan,Niger,3.0,0.0,Friendly,Dubai,United Arab Emirates,True
2021-08-26,Ethiopia,Sierra Leone,0.0,0.0,Friendly,Addis Ababa,Ethiopia,False
2021-08-29,Ethiopia,Uganda,2.0,1.0,Friendly,Addis Ababa,Ethiopia,False
2021-09-01,Bahrain,Haiti,6.0,1.0,Friendly,Riffa,Bahrain,False
2021-09-01,Comoros,Seychelles,7.0,1.0,Friendly,Moroni,Comoros,False
2021-09-01,Finland,Wales,0.0,0.0,Friendly,Helsinki,Finland,False
2021-09-01,Qatar,Serbia,0.0,4.0,Friendly,Debrecen,Hungary,True
2021-09-01,Switzerland,Greece,2.0,1.0,Friendly,Basel,Switzerland,False
2021-09-01,Central African Republic,Cape Verde,1.0,1.0,FIFA World Cup qualification,Douala,Cameroon,True
2021-09-01,Mali,Rwanda,1.0,0.0,FIFA World Cup qualification,Agadir,Morocco,True
2021-09-01,Egypt,Angola,1.0,0.0,FIFA World Cup qualification,Cairo,Egypt,False
2021-09-01,Libya,Gabon,2.0,1.0,FIFA World Cup qualification,Benina,Libya,False
2021-09-01,Senegal,Togo,2.0,0.0,FIFA World Cup qualification,Thiès,Senegal,False
2021-09-01,Guinea-Bissau,Guinea,1.0,1.0,FIFA World Cup qualification,Nouakchott,Mauritania,True
2021-09-01,Portugal,Republic of Ireland,2.0,1.0,FIFA World Cup qualification,Faro-Loulé,Portugal,False
2021-09-01,Luxembourg,Azerbaijan,2.0,1.0,FIFA World Cup qualification,Luxembourg,Luxembourg,False
2021-09-01,Kazakhstan,Ukraine,2.0,2.0,FIFA World Cup qualification,Nur-Sultan,Kazakhstan,False
2021-09-01,France,Bosnia and Herzegovina,1.0,1.0,FIFA World Cup qualification,Strasbourg,France,False
2021-09-01,Faroe Islands,Israel,0.0,4.0,FIFA World Cup qualification,Tórshavn,Faroe Islands,False
2021-09-01,Denmark,Scotland,2.0,0.0,FIFA World Cup qualification,Copenhagen,Denmark,False
2021-09-01,Moldova,Austria,0.0,2.0,FIFA World Cup qualification,Chișinău,Moldova,False
2021-09-01,Norway,Netherlands,1.0,1.0,FIFA World Cup qualification,Oslo,Norway,False
2021-09-01,Latvia,Gibraltar,3.0,1.0,FIFA World Cup qualification,Riga,Latvia,False
2021-09-01,Turkey,Montenegro,2.0,2.0,FIFA World Cup qualification,Istanbul,Turkey,False
2021-09-01,Malta,Cyprus,3.0,0.0,FIFA World Cup qualification,Ta' Qali,Malta,False
2021-09-01,Slovenia,Slovakia,1.0,1.0,FIFA World Cup qualification,Ljubljana,Slovenia,False
2021-09-01,Russia,Croatia,0.0,0.0,FIFA World Cup qualification,Moscow,Russia,False
2021-09-02,Kyrgyzstan,Palestine,1.0,0.0,Three Nations Cup,Bishkek,Kyrgyzstan,False
2021-09-02,Nepal,India,1.0,1.0,Friendly,Kathmandu,Nepal,False
2021-09-02,Niger,Burkina Faso,0.0,2.0,FIFA World Cup qualification,Marrakech,Morocco,True
2021-09-02,Algeria,Djibouti,8.0,0.0,FIFA World Cup qualification,Blida,Algeria,False
2021-09-02,Kenya,Uganda,0.0,0.0,FIFA World Cup qualification,Nairobi,Kenya,False
2021-09-02,Namibia,Congo,1.0,1.0,FIFA World Cup qualification,Johannesburg,South Africa,True
2021-09-02,Morocco,Sudan,2.0,0.0,FIFA World Cup qualification,Rabat,Morocco,False
2021-09-02,DR Congo,Tanzania,1.0,1.0,FIFA World Cup qualification,Lubumbashi,DR Congo,False
2021-09-02,Madagascar,Benin,0.0,1.0,FIFA World Cup qualification,Antananarivo,Madagascar,False
2021-09-02,South Korea,Iraq,0.0,0.0,FIFA World Cup qualification,Seoul,South Korea,False
2021-09-02,Iran,Syria,1.0,0.0,FIFA World Cup qualification,Tehran,Iran,False
2021-09-02,United Arab Emirates,Lebanon,0.0,0.0,FIFA World Cup qualification,Dubai,United Arab Emirates,False
2021-09-02,Japan,Oman,0.0,1.0,FIFA World Cup qualification,Suita,Japan,False
2021-09-02,Australia,China PR,3.0,0.0,FIFA World Cup qualification,Doha,Qatar,True
2021-09-02,Saudi Arabia,Vietnam,3.0,1.0,FIFA World Cup qualification,Riyadh,Saudi Arabia,False
2021-09-02,Georgia,Kosovo,0.0,1.0,FIFA World Cup qualification,Batumi,Georgia,False
2021-09-02,Sweden,Spain,2.0,1.0,FIFA World Cup qualification,Stockholm,Sweden,False
2021-09-02,Italy,Bulgaria,1.0,1.0,FIFA World Cup qualification,Florence,Italy,False
2021-09-02,Lithuania,Northern Ireland,1.0,4.0,FIFA World Cup qualification,Vilnius,Lithuania,False
2021-09-02,Czech Republic,Belarus,1.0,0.0,FIFA World Cup qualification,Ostrava,Czech Republic,False
2021-09-02,Estonia,Belgium,2.0,5.0,FIFA World Cup qualification,Tallinn,Estonia,False
2021-09-02,Andorra,San Marino,2.0,0.0,FIFA World Cup qualification,Andorra la Vella,Andorra,False
2021-09-02,Hungary,England,0.0,4.0,FIFA World Cup qualification,Budapest,Hungary,False
2021-09-02,Poland,Albania,4.0,1.0,FIFA World Cup qualification,Warsaw,Poland,False
2021-09-02,Iceland,Romania,0.0,2.0,FIFA World Cup qualification,Reykjavík,Iceland,False
2021-09-02,Liechtenstein,Germany,0.0,2.0,FIFA World Cup qualification,St. Gallen,Switzerland,True
2021-09-02,North Macedonia,Armenia,0.0,0.0,FIFA World Cup qualification,Skopje,North Macedonia,False
2021-09-02,Bolivia,Colombia,1.0,1.0,FIFA World Cup qualification,La Paz,Bolivia,False
2021-09-02,Ecuador,Paraguay,2.0,0.0,FIFA World Cup qualification,Quito,Ecuador,False
2021-09-02,Peru,Uruguay,1.0,1.0,FIFA World Cup qualification,Lima,Peru,False
2021-09-02,Venezuela,Argentina,1.0,3.0,FIFA World Cup qualification,Caracas,Venezuela,False
2021-09-02,Chile,Brazil,0.0,1.0,FIFA World Cup qualification,Santiago,Chile,False
2021-09-02,Canada,Honduras,1.0,1.0,FIFA World Cup qualification,Toronto,Canada,False
2021-09-02,El Salvador,United States,0.0,0.0,FIFA World Cup qualification,San Salvador,El Salvador,False
2021-09-02,Panama,Costa Rica,0.0,0.0,FIFA World Cup qualification,Panama City,Panama,False
2021-09-02,Mexico,Jamaica,2.0,1.0,FIFA World Cup qualification,Mexico City,Mexico,False
2021-09-03,Mauritania,Zambia,1.0,2.0,FIFA World Cup qualification,Nouakchott,Mauritania,False
2021-09-03,Tunisia,Equatorial Guinea,3.0,0.0,FIFA World Cup qualification,Radès,Tunisia,False
2021-09-03,Nigeria,Liberia,2.0,0.0,FIFA World Cup qualification,Lagos,Nigeria,False
2021-09-03,Mozambique,Ivory Coast,0.0,0.0,FIFA World Cup qualification,Maputo,Mozambique,False
2021-09-03,Cameroon,Malawi,2.0,0.0,FIFA World Cup qualification,Yaoundé,Cameroon,False
2021-09-03,Zimbabwe,South Africa,0.0,0.0,FIFA World Cup qualification,Harare,Zimbabwe,False
2021-09-03,Ghana,Ethiopia,1.0,0.0,FIFA World Cup qualification,Cape Coast,Ghana,False
2021-09-04,Bosnia and Herzegovina,Kuwait,1.0,0.0,Friendly,Zenica,Bosnia and Herzegovina,False
2021-09-04,Burundi,Seychelles,8.0,1.0,Friendly,Moroni,Comoros,True
2021-09-04,Haiti,Jordan,2.0,0.0,Friendly,Riffa,Bahrain,True
2021-09-04,Qatar,Portugal,1.0,3.0,Friendly,Debrecen,Hungary,True
2021-09-04,Republic of Ireland,Azerbaijan,1.0,1.0,FIFA World Cup qualification,Dublin,Republic of Ireland,False
2021-09-04,Serbia,Luxembourg,4.0,1.0,FIFA World Cup qualification,Belgrade,Serbia,False
2021-09-04,Finland,Kazakhstan,1.0,0.0,FIFA World Cup qualification,Helsinki,Finland,False
2021-09-04,Ukraine,France,1.0,1.0,FIFA World Cup qualification,Kyiv,Ukraine,False
2021-09-04,Faroe Islands,Denmark,0.0,1.0,FIFA World Cup qualification,Tórshavn,Faroe Islands,False
2021-09-04,Scotland,Moldova,1.0,0.0,FIFA World Cup qualification,Glasgow,Scotland,False
2021-09-04,Israel,Austria,5.0,2.0,FIFA World Cup qualification,Haifa,Israel,False
2021-09-04,Latvia,Norway,0.0,2.0,FIFA World Cup qualification,Riga,Latvia,False
2021-09-04,Gibraltar,Turkey,0.0,3.0,FIFA World Cup qualification,Gibraltar,Gibraltar,False
2021-09-04,Netherlands,Montenegro,4.0,0.0,FIFA World Cup qualification,Eindhoven,Netherlands,False
2021-09-04,Slovenia,Malta,1.0,0.0,FIFA World Cup qualification,Ljubljana,Slovenia,False
2021-09-04,Cyprus,Russia,0.0,2.0,FIFA World Cup qualification,Nicosia,Cyprus,False
2021-09-04,Slovakia,Croatia,0.0,1.0,FIFA World Cup qualification,Bratislava,Slovakia,False
2021-09-05,Bangladesh,Palestine,0.0,2.0,Three Nations Cup,Bishkek,Kyrgyzstan,True
2021-09-05,Estonia,Northern Ireland,0.0,1.0,Friendly,Tallinn,Estonia,False
2021-09-05,Nepal,India,1.0,2.0,Friendly,Kathmandu,Nepal,False
2021-09-05,Sweden,Uzbekistan,2.0,1.0,Friendly,Stockholm,Sweden,False
2021-09-05,Rwanda,Kenya,1.0,1.0,FIFA World Cup qualification,Kigali,Rwanda,False
2021-09-05,Gabon,Egypt,1.0,1.0,FIFA World Cup qualification,Franceville,Gabon,False
2021-09-05,Togo,Namibia,0.0,1.0,FIFA World Cup qualification,Lomé,Togo,False
2021-09-05,Kosovo,Greece,1.0,1.0,FIFA World Cup qualification,Pristina,Kosovo,False
2021-09-05,Spain,Georgia,4.0,0.0,FIFA World Cup qualification,Badajoz,Spain,False
2021-09-05,Bulgaria,Lithuania,1.0,0.0,FIFA World Cup qualification,Sofia,Bulgaria,False
2021-09-05,Switzerland,Italy,0.0,0.0,FIFA World Cup qualification,Basel,Switzerland,False
2021-09-05,Belarus,Wales,2.0,3.0,FIFA World Cup qualification,Kazan,Russia,True
2021-09-05,Belgium,Czech Republic,3.0,0.0,FIFA World Cup qualification,Brussels,Belgium,False
2021-09-05,England,Andorra,4.0,0.0,FIFA World Cup qualification,London,England,False
2021-09-05,Albania,Hungary,1.0,0.0,FIFA World Cup qualification,Elbasan,Albania,False
2021-09-05,San Marino,Poland,1.0,7.0,FIFA World Cup qualification,Serravalle,San Marino,False
2021-09-05,Iceland,North Macedonia,2.0,2.0,FIFA World Cup qualification,Reykjavík,Iceland,False
2021-09-05,Germany,Armenia,6.0,0.0,FIFA World Cup qualification,Stuttgart,Germany,False
2021-09-05,Romania,Liechtenstein,2.0,0.0,FIFA World Cup qualification,Bucharest,Romania,False
2021-09-05,Ecuador,Chile,0.0,0.0,FIFA World Cup qualification,Quito,Ecuador,False
2021-09-05,Paraguay,Colombia,1.0,1.0,FIFA World Cup qualification,Asunción,Paraguay,False
2021-09-05,Uruguay,Bolivia,4.0,2.0,FIFA World Cup qualification,Montevideo,Uruguay,False
2021-09-05,Peru,Venezuela,1.0,0.0,FIFA World Cup qualification,Lima,Peru,False
2021-09-05,Costa Rica,Mexico,0.0,1.0,FIFA World Cup qualification,San José,Costa Rica,False
2021-09-05,El Salvador,Honduras,0.0,0.0,FIFA World Cup qualification,San Salvador,El Salvador,False
2021-09-05,Jamaica,Panama,0.0,3.0,FIFA World Cup qualification,Kingston,Jamaica,False
2021-09-05,United States,Canada,1.0,1.0,FIFA World Cup qualification,Nashville,United States,False
2021-09-06,Djibouti,Niger,2.0,4.0,FIFA World Cup qualification,Rabat,Morocco,True
2021-09-06,Liberia,Central African Republic,1.0,0.0,FIFA World Cup qualification,Douala,Cameroon,True
2021-09-06,Ivory Coast,Cameroon,2.0,1.0,FIFA World Cup qualification,Abidjan,Ivory Coast,False
2021-09-06,Uganda,Mali,0.0,0.0,FIFA World Cup qualification,Entebbe,Uganda,False
2021-09-06,South Africa,Ghana,1.0,0.0,FIFA World Cup qualification,Johannesburg,South Africa,False
2021-09-06,Benin,DR Congo,1.0,1.0,FIFA World Cup qualification,Cotonou,Benin,False
2021-09-07,Kyrgyzstan,Bangladesh,4.0,1.0,Three Nations Cup,Bishkek,Kyrgyzstan,False
2021-09-07,Bahrain,Jordan,1.0,2.0,Friendly,Riffa,Bahrain,False
2021-09-07,Comoros,Burundi,1.0,0.0,Friendly,Moroni,Comoros,False
2021-09-07,Luxembourg,Qatar,1.0,1.0,Friendly,Luxembourg,Luxembourg,False
2021-09-07,Burkina Faso,Algeria,1.0,1.0,FIFA World Cup qualification,Marrakech,Morocco,True
2021-09-07,Zambia,Tunisia,0.0,2.0,FIFA World Cup qualification,Ndola,Zambia,False
2021-09-07,Equatorial Guinea,Mauritania,1.0,0.0,FIFA World Cup qualification,Malabo,Equatorial Guinea,False
2021-09-07,Cape Verde,Nigeria,1.0,2.0,FIFA World Cup qualification,Mindelo,Cape Verde,False
2021-09-07,Malawi,Mozambique,1.0,0.0,FIFA World Cup qualification,Johannesburg,South Africa,True
2021-09-07,Angola,Libya,0.0,1.0,FIFA World Cup qualification,Luanda,Angola,False
2021-09-07,Ethiopia,Zimbabwe,1.0,0.0,FIFA World Cup qualification,Bahir Dar,Ethiopia,False
2021-09-07,Congo,Senegal,1.0,3.0,FIFA World Cup qualification,Brazzaville,Congo,False
2021-09-07,Sudan,Guinea-Bissau,2.0,4.0,FIFA World Cup qualification,Omdurman,Sudan,False
2021-09-07,Tanzania,Madagascar,3.0,2.0,FIFA World Cup qualification,Dar es Salaam,Tanzania,False
2021-09-07,Syria,United Arab Emirates,1.0,1.0,FIFA World Cup qualification,Amman,Jordan,True
2021-09-07,South Korea,Lebanon,1.0,0.0,FIFA World Cup qualification,Suwon,South Korea,False
2021-09-07,Iraq,Iran,0.0,3.0,FIFA World Cup qualification,Doha,Qatar,True
2021-09-07,China PR,Japan,0.0,1.0,FIFA World Cup qualification,Doha,Qatar,True
2021-09-07,Vietnam,Australia,0.0,1.0,FIFA World Cup qualification,Hanoi,Vietnam,False
2021-09-07,Oman,Saudi Arabia,0.0,1.0,FIFA World Cup qualification,Muscat,Oman,False
2021-09-07,Republic of Ireland,Serbia,1.0,1.0,FIFA World Cup qualification,Dublin,Republic of Ireland,False
2021-09-07,Azerbaijan,Portugal,0.0,3.0,FIFA World Cup qualification,Baku,Azerbaijan,False
2021-09-07,Bosnia and Herzegovina,Kazakhstan,2.0,2.0,FIFA World Cup qualification,Zenica,Bosnia and Herzegovina,False
2021-09-07,France,Finland,2.0,0.0,FIFA World Cup qualification,Lyon,France,False
2021-09-07,Faroe Islands,Moldova,2.0,1.0,FIFA World Cup qualification,Tórshavn,Faroe Islands,False
2021-09-07,Austria,Scotland,0.0,1.0,FIFA World Cup qualification,Vienna,Austria,False
2021-09-07,Denmark,Israel,5.0,0.0,FIFA World Cup qualification,Copenhagen,Denmark,False
2021-09-07,Montenegro,Latvia,0.0,0.0,FIFA World Cup qualification,Podgorica,Montenegro,False
2021-09-07,Netherlands,Turkey,6.0,1.0,FIFA World Cup qualification,Amsterdam,Netherlands,False
2021-09-07,Norway,Gibraltar,5.0,1.0,FIFA World Cup qualification,Oslo,Norway,False
2021-09-07,Croatia,Slovenia,3.0,0.0,FIFA World Cup qualification,Split,Croatia,False
2021-09-07,Slovakia,Cyprus,2.0,0.0,FIFA World Cup qualification,Bratislava,Slovakia,False
2021-09-07,Russia,Malta,2.0,0.0,FIFA World Cup qualification,Moscow,Russia,False
2021-09-08,Bulgaria,Georgia,4.0,1.0,Friendly,Sofia,Bulgaria,False
2021-09-08,Czech Republic,Ukraine,1.0,1.0,Friendly,Plzeň,Czech Republic,False
2021-09-08,Guatemala,Nicaragua,2.0,2.0,Friendly,Antigua Guatemala City,Guatemala,False
2021-09-08,Kosovo,Spain,0.0,2.0,FIFA World Cup qualification,Pristina,Kosovo,False
2021-09-08,Greece,Sweden,2.0,1.0,FIFA World Cup qualification,Athens,Greece,False
2021-09-08,Northern Ireland,Switzerland,0.0,0.0,FIFA World Cup qualification,Belfast,Northern Ireland,False
2021-09-08,Italy,Lithuania,5.0,0.0,FIFA World Cup qualification,Reggio Emilia,Italy,False
2021-09-08,Wales,Estonia,0.0,0.0,FIFA World Cup qualification,Cardiff,Wales,False
2021-09-08,Belarus,Belgium,0.0,1.0,FIFA World Cup qualification,Kazan,Russia,True
2021-09-08,Albania,San Marino,5.0,0.0,FIFA World Cup qualification,Elbasan,Albania,False
2021-09-08,Hungary,Andorra,2.0,1.0,FIFA World Cup qualification,Budapest,Hungary,False
2021-09-08,Poland,England,1.0,1.0,FIFA World Cup qualification,Warsaw,Poland,False
2021-09-08,Iceland,Germany,0.0,4.0,FIFA World Cup qualification,Reykjavík,Iceland,False
2021-09-08,Armenia,Liechtenstein,1.0,1.0,FIFA World Cup qualification,Yerevan,Armenia,False
2021-09-08,North Macedonia,Romania,0.0,0.0,FIFA World Cup qualification,Skopje,North Macedonia,False
2021-09-08,Costa Rica,Jamaica,1.0,1.0,FIFA World Cup qualification,San José,Costa Rica,False
2021-09-08,Panama,Mexico,1.0,1.0,FIFA World Cup qualification,Panama City,Panama,False
2021-09-08,Canada,El Salvador,3.0,0.0,FIFA World Cup qualification,Toronto,Canada,False
2021-09-08,Honduras,United States,1.0,4.0,FIFA World Cup qualification,San Pedro Sula,Honduras,False
2021-09-09,Colombia,Chile,3.0,1.0,FIFA World Cup qualification,Barranquilla,Colombia,False
2021-09-09,Paraguay,Venezuela,2.0,1.0,FIFA World Cup qualification,Asunción,Paraguay,False
2021-09-09,Uruguay,Ecuador,1.0,0.0,FIFA World Cup qualification,Montevideo,Uruguay,False
2021-09-09,Argentina,Bolivia,3.0,0.0,FIFA World Cup qualification,Buenos Aires,Argentina,False
2021-09-09,Brazil,Peru,2.0,0.0,FIFA World Cup qualification,Recife,Brazil,False
2021-09-24,El Salvador,Guatemala,0.0,2.0,Friendly,"Washington, D.C.",United States,True
2021-09-30,Egypt,Liberia,2.0,0.0,Friendly,Alexandria,Egypt,False
2021-10-01,Sri Lanka,Bangladesh,0.0,1.0,SAFF Cup,Malé,Maldives,True
2021-10-01,Maldives,Nepal,0.0,1.0,SAFF Cup,Malé,Maldives,False
2021-10-04,Bangladesh,India,1.0,1.0,SAFF Cup,Malé,Maldives,True
2021-10-04,Sri Lanka,Nepal,2.0,3.0,SAFF Cup,Malé,Maldives,True
2021-10-06,Sudan,Guinea,1.0,1.0,FIFA World Cup qualification,Marrakech,Morocco,True
2021-10-06,Morocco,Guinea-Bissau,5.0,0.0,FIFA World Cup qualification,Rabat,Morocco,False
2021-10-06,Bahrain,Curaçao,4.0,0.0,Friendly,Riffa,Bahrain,False
2021-10-06,Jordan,Malaysia,4.0,0.0,Friendly,Amman,Jordan,False
2021-10-06,Sierra Leone,South Sudan,1.0,1.0,Friendly,El Jadida,Morocco,True
2021-10-06,Italy,Spain,1.0,2.0,UEFA Nations League,Milan,Italy,False
2021-10-07,Iraq,Lebanon,0.0,0.0,FIFA World Cup qualification,Doha,Qatar,True
2021-10-07,South Korea,Syria,2.0,1.0,FIFA World Cup qualification,Ansan,South Korea,False
2021-10-07,United Arab Emirates,Iran,0.0,1.0,FIFA World Cup qualification,Dubai,United Arab Emirates,False
2021-10-07,Saudi Arabia,Japan,1.0,0.0,FIFA World Cup qualification,Jeddah,Saudi Arabia,False
2021-10-07,China PR,Vietnam,3.0,2.0,FIFA World Cup qualification,Sharjah,United Arab Emirates,True
2021-10-07,Australia,Oman,3.0,1.0,FIFA World Cup qualification,Doha,Qatar,True
2021-10-07,Honduras,Costa Rica,0.0,0.0,FIFA World Cup qualification,San Pedro Sula,Honduras,False
2021-10-07,United States,Jamaica,2.0,0.0,FIFA World Cup qualification,Austin,United States,False
2021-10-07,El Salvador,Panama,1.0,0.0,FIFA World Cup qualification,San Salvador,El Salvador,False
2021-10-07,Mexico,Canada,1.0,1.0,FIFA World Cup qualification,Mexico City,Mexico,False
2021-10-07,Equatorial Guinea,Zambia,2.0,0.0,FIFA World Cup qualification,Malabo,Equatorial Guinea,False
2021-10-07,Tunisia,Mauritania,3.0,0.0,FIFA World Cup qualification,Radès,Tunisia,False
2021-10-07,Liberia,Cape Verde,1.0,2.0,FIFA World Cup qualification,Accra,Ghana,True
2021-10-07,Nigeria,Central African Republic,0.0,1.0,FIFA World Cup qualification,Lagos,Nigeria,False
2021-10-07,Rwanda,Uganda,0.0,1.0,FIFA World Cup qualification,Kigali,Rwanda,False
2021-10-07,Mali,Kenya,5.0,0.0,FIFA World Cup qualification,Agadir,Morocco,True
2021-10-07,DR Congo,Madagascar,2.0,0.0,FIFA World Cup qualification,Kinshasa,DR Congo,False
2021-10-07,Tanzania,Benin,0.0,1.0,FIFA World Cup qualification,Dar es Salaam,Tanzania,False
2021-10-07,Ecuador,Bolivia,3.0,0.0,FIFA World Cup qualification,Guayaquil,Ecuador,False
2021-10-07,Venezuela,Brazil,1.0,3.0,FIFA World Cup qualification,Caracas,Venezuela,False
2021-10-07,Paraguay,Argentina,0.0,0.0,FIFA World Cup qualification,Asunción,Paraguay,False
2021-10-07,Peru,Chile,2.0,0.0,FIFA World Cup qualification,Lima,Peru,False
2021-10-07,Uruguay,Colombia,0.0,0.0,FIFA World Cup qualification,Montevideo,Uruguay,False
2021-10-07,Indonesia,Taiwan,2.0,1.0,AFC Asian Cup qualification,Buriram,Thailand,True
2021-10-07,India,Sri Lanka,0.0,0.0,SAFF Cup,Malé,Maldives,True
2021-10-07,Maldives,Bangladesh,2.0,0.0,SAFF Cup,Malé,Maldives,False
2021-10-07,Belgium,France,2.0,3.0,UEFA Nations League,Turin,Italy,True
2021-10-08,Czech Republic,Wales,2.0,2.0,FIFA World Cup qualification,Prague,Czech Republic,False
2021-10-08,Estonia,Belarus,2.0,0.0,FIFA World Cup qualification,Tallinn,Estonia,False
2021-10-08,Gibraltar,Montenegro,0.0,3.0,FIFA World Cup qualification,Gibraltar,Gibraltar,False
2021-10-08,Latvia,Netherlands,0.0,1.0,FIFA World Cup qualification,Riga,Latvia,False
2021-10-08,Turkey,Norway,1.0,1.0,FIFA World Cup qualification,Istanbul,Turkey,False
2021-10-08,Malta,Slovenia,0.0,4.0,FIFA World Cup qualification,Ta' Qali,Malta,False
2021-10-08,Cyprus,Croatia,0.0,3.0,FIFA World Cup qualification,Larnaca,Cyprus,False
2021-10-08,Russia,Slovakia,1.0,0.0,FIFA World Cup qualification,Kazan,Russia,False
2021-10-08,Iceland,Armenia,1.0,1.0,FIFA World Cup qualification,Reykjavík,Iceland,False
2021-10-08,Germany,Romania,2.0,1.0,FIFA World Cup qualification,Hamburg,Germany,False
2021-10-08,Liechtenstein,North Macedonia,0.0,4.0,FIFA World Cup qualification,Vaduz,Liechtenstein,False
2021-10-08,Algeria,Niger,6.0,1.0,FIFA World Cup qualification,Algiers,Algeria,False
2021-10-08,Djibouti,Burkina Faso,0.0,4.0,FIFA World Cup qualification,Marrakech,Morocco,True
2021-10-08,Malawi,Ivory Coast,0.0,3.0,FIFA World Cup qualification,Johannesburg,South Africa,True
2021-10-08,Cameroon,Mozambique,3.0,1.0,FIFA World Cup qualification,Douala,Cameroon,False
2021-10-08,Angola,Gabon,3.0,1.0,FIFA World Cup qualification,Luanda,Angola,False
2021-10-08,Egypt,Libya,1.0,0.0,FIFA World Cup qualification,Alexandria,Egypt,False
2021-10-09,Azerbaijan,Republic of Ireland,0.0,3.0,FIFA World Cup qualification,Baku,Azerbaijan,False
2021-10-09,Luxembourg,Serbia,0.0,1.0,FIFA World Cup qualification,Luxembourg,Luxembourg,False
2021-10-09,Sweden,Kosovo,3.0,0.0,FIFA World Cup qualification,Stockholm,Sweden,False
2021-10-09,Georgia,Greece,0.0,2.0,FIFA World Cup qualification,Batumi,Georgia,False
2021-10-09,Lithuania,Bulgaria,3.0,1.0,FIFA World Cup qualification,Vilnius,Lithuania,False
2021-10-09,Switzerland,Northern Ireland,2.0,0.0,FIFA World Cup qualification,Geneva,Switzerland,False
2021-10-09,Finland,Ukraine,1.0,2.0,FIFA World Cup qualification,Helsinki,Finland,False
2021-10-09,Kazakhstan,Bosnia and Herzegovina,0.0,2.0,FIFA World Cup qualification,Nur-Sultan,Kazakhstan,False
2021-10-09,Scotland,Israel,3.0,2.0,FIFA World Cup qualification,Glasgow,Scotland,False
2021-10-09,Faroe Islands,Austria,0.0,2.0,FIFA World Cup qualification,Tórshavn,Faroe Islands,False
2021-10-09,Moldova,Denmark,0.0,4.0,FIFA World Cup qualification,Chișinău,Moldova,False
2021-10-09,Andorra,England,0.0,5.0,FIFA World Cup qualification,Andorra la Vella,Andorra,False
2021-10-09,Hungary,Albania,0.0,1.0,FIFA World Cup qualification,Budapest,Hungary,False
2021-10-09,Poland,San Marino,5.0,0.0,FIFA World Cup qualification,Warsaw,Poland,False
2021-10-09,Ethiopia,South Africa,1.0,3.0,FIFA World Cup qualification,Bahir Dar,Ethiopia,False
2021-10-09,Ghana,Zimbabwe,3.0,1.0,FIFA World Cup qualification,Cape Coast,Ghana,False
2021-10-09,Togo,Congo,1.0,1.0,FIFA World Cup qualification,Lomé,Togo,False
2021-10-09,Senegal,Namibia,4.0,1.0,FIFA World Cup qualification,Thiès,Senegal,False
2021-10-09,Guinea,Sudan,2.0,2.0,FIFA World Cup qualification,Agadir,Morocco,True
2021-10-09,Curaçao,New Zealand,1.0,2.0,Friendly,Riffa,Bahrain,True
2021-10-09,Gambia,Sierra Leone,1.0,2.0,Friendly,El Jadida,Morocco,True
2021-10-09,Portugal,Qatar,3.0,0.0,Friendly,Faro-Loulé,Portugal,False
2021-10-09,Uzbekistan,Malaysia,5.0,1.0,Friendly,Amman,Jordan,True
2021-10-09,Guam,Cambodia,0.0,1.0,AFC Asian Cup qualification,Isa Town,Bahrain,True
2021-10-09,Morocco,Guinea-Bissau,3.0,0.0,FIFA World Cup qualification,Casablanca,Morocco,False
2021-10-10,Costa Rica,El Salvador,2.0,1.0,FIFA World Cup qualification,San José,Costa Rica,False
2021-10-10,Jamaica,Canada,0.0,0.0,FIFA World Cup qualification,Kingston,Jamaica,False
2021-10-10,Panama,United States,1.0,0.0,FIFA World Cup qualification,Panama City,Panama,False
2021-10-10,Mexico,Honduras,3.0,0.0,FIFA World Cup qualification,Mexico City,Mexico,False
2021-10-10,Zambia,Equatorial Guinea,1.0,1.0,FIFA World Cup qualification,Lusaka,Zambia,False
2021-10-10,Mauritania,Tunisia,0.0,0.0,FIFA World Cup qualification,Nouakchott,Mauritania,False
2021-10-10,Central African Republic,Nigeria,0.0,2.0,FIFA World Cup qualification,Limbé,Cameroon,True
2021-10-10,Cape Verde,Liberia,1.0,0.0,FIFA World Cup qualification,Mindelo,Cape Verde,False
2021-10-10,Kenya,Mali,0.0,1.0,FIFA World Cup qualification,Nairobi,Kenya,False
2021-10-10,Uganda,Rwanda,1.0,0.0,FIFA World Cup qualification,Entebbe,Uganda,False
2021-10-10,Benin,Tanzania,0.0,1.0,FIFA World Cup qualification,Cotonou,Benin,False
2021-10-10,Madagascar,DR Congo,1.0,0.0,FIFA World Cup qualification,Antananarivo,Madagascar,False
2021-10-10,Bolivia,Peru,1.0,0.0,FIFA World Cup qualification,La Paz,Bolivia,False
2021-10-10,Colombia,Brazil,0.0,0.0,FIFA World Cup qualification,Barranquilla,Colombia,False
2021-10-10,Venezuela,Ecuador,2.0,1.0,FIFA World Cup qualification,Caracas,Venezuela,False
2021-10-10,Argentina,Uruguay,3.0,0.0,FIFA World Cup qualification,Buenos Aires,Argentina,False
2021-10-10,Chile,Paraguay,2.0,0.0,FIFA World Cup qualification,Santiago,Chile,False
2021-10-10,Maldives,Sri Lanka,1.0,0.0,SAFF Cup,Malé,Maldives,False
2021-10-10,Nepal,India,0.0,1.0,SAFF Cup,Malé,Maldives,True
2021-10-10,Italy,Belgium,2.0,1.0,UEFA Nations League,Turin,Italy,False
2021-10-10,Spain,France,1.0,2.0,UEFA Nations League,Milan,Italy,True
2021-10-11,Belarus,Czech Republic,0.0,2.0,FIFA World Cup qualification,Kazan,Russia,True
2021-10-11,Estonia,Wales,0.0,1.0,FIFA World Cup qualification,Tallinn,Estonia,False
2021-10-11,Netherlands,Gibraltar,6.0,0.0,FIFA World Cup qualification,Rotterdam,Netherlands,False
2021-10-11,Norway,Montenegro,2.0,0.0,FIFA World Cup qualification,Oslo,Norway,False
2021-10-11,Latvia,Turkey,1.0,2.0,FIFA World Cup qualification,Riga,Latvia,False
2021-10-11,Cyprus,Malta,2.0,2.0,FIFA World Cup qualification,Larnaca,Cyprus,False
2021-10-11,Croatia,Slovakia,2.0,2.0,FIFA World Cup qualification,Osijek,Croatia,False
2021-10-11,Slovenia,Russia,1.0,2.0,FIFA World Cup qualification,Maribor,Slovenia,False
2021-10-11,Iceland,Liechtenstein,4.0,0.0,FIFA World Cup qualification,Reykjavík,Iceland,False
2021-10-11,North Macedonia,Germany,0.0,4.0,FIFA World Cup qualification,Skopje,North Macedonia,False
2021-10-11,Romania,Armenia,1.0,0.0,FIFA World Cup qualification,Bucharest,Romania,False
2021-10-11,Burkina Faso,Djibouti,2.0,0.0,FIFA World Cup qualification,Marrakech,Morocco,True
2021-10-11,Mozambique,Cameroon,0.0,1.0,FIFA World Cup qualification,Tangier,Morocco,True
2021-10-11,Ivory Coast,Malawi,2.0,1.0,FIFA World Cup qualification,Cotonou,Benin,True
2021-10-11,Gabon,Angola,2.0,0.0,FIFA World Cup qualification,Franceville,Gabon,False
2021-10-11,Libya,Egypt,0.0,3.0,FIFA World Cup qualification,Benina,Libya,False
2021-10-11,Taiwan,Indonesia,0.0,3.0,AFC Asian Cup qualification,Buriram,Thailand,True
2021-10-12,Iran,South Korea,1.0,1.0,FIFA World Cup qualification,Tehran,Iran,False
2021-10-12,Syria,Lebanon,2.0,3.0,FIFA World Cup qualification,Amman,Jordan,True
2021-10-12,United Arab Emirates,Iraq,2.0,2.0,FIFA World Cup qualification,Dubai,United Arab Emirates,False
2021-10-12,Japan,Australia,2.0,1.0,FIFA World Cup qualification,Saitama,Japan,False
2021-10-12,Oman,Vietnam,3.0,1.0,FIFA World Cup qualification,Muscat,Oman,False
2021-10-12,Saudi Arabia,China PR,3.0,2.0,FIFA World Cup qualification,Jeddah,Saudi Arabia,False
2021-10-12,Portugal,Luxembourg,5.0,0.0,FIFA World Cup qualification,Faro-Loulé,Portugal,False
2021-10-12,Serbia,Azerbaijan,3.0,1.0,FIFA World Cup qualification,Belgrade,Serbia,False
2021-10-12,Kosovo,Georgia,1.0,2.0,FIFA World Cup qualification,Pristina,Kosovo,False
2021-10-12,Sweden,Greece,2.0,0.0,FIFA World Cup qualification,Stockholm,Sweden,False
2021-10-12,Bulgaria,Northern Ireland,2.0,1.0,FIFA World Cup qualification,Sofia,Bulgaria,False
2021-10-12,Lithuania,Switzerland,0.0,4.0,FIFA World Cup qualification,Vilnius,Lithuania,False
2021-10-12,Kazakhstan,Finland,0.0,2.0,FIFA World Cup qualification,Nur-Sultan,Kazakhstan,False
2021-10-12,Ukraine,Bosnia and Herzegovina,1.0,1.0,FIFA World Cup qualification,Lviv,Ukraine,False
2021-10-12,Faroe Islands,Scotland,0.0,1.0,FIFA World Cup qualification,Tórshavn,Faroe Islands,False
2021-10-12,Denmark,Austria,1.0,0.0,FIFA World Cup qualification,Copenhagen,Denmark,False
2021-10-12,Israel,Moldova,2.0,1.0,FIFA World Cup qualification,Beer Sheva,Israel,False
2021-10-12,England,Hungary,1.0,1.0,FIFA World Cup qualification,London,England,False
2021-10-12,Albania,Poland,0.0,1.0,FIFA World Cup qualification,Tirana,Albania,False
2021-10-12,San Marino,Andorra,0.0,3.0,FIFA World Cup qualification,Serravalle,San Marino,False
2021-10-12,Niger,Algeria,0.0,4.0,FIFA World Cup qualification,Niamey,Niger,False
2021-10-12,Zimbabwe,Ghana,0.0,1.0,FIFA World Cup qualification,Harare,Zimbabwe,False
2021-10-12,South Africa,Ethiopia,1.0,0.0,FIFA World Cup qualification,Johannesburg,South Africa,False
2021-10-12,Namibia,Senegal,1.0,3.0,FIFA World Cup qualification,Johannesburg,South Africa,True
2021-10-12,Congo,Togo,1.0,2.0,FIFA World Cup qualification,Brazzaville,Congo,False
2021-10-12,Bahrain,New Zealand,0.0,1.0,Friendly,Riffa,Bahrain,False
2021-10-12,Jordan,Uzbekistan,3.0,0.0,Friendly,Amman,Jordan,False
2021-10-12,Republic of Ireland,Qatar,4.0,0.0,Friendly,Dublin,Republic of Ireland,False
2021-10-12,South Sudan,Gambia,1.0,2.0,Friendly,El Jadida,Morocco,True
2021-10-12,Cambodia,Guam,2.0,1.0,AFC Asian Cup qualification,Isa Town,Bahrain,True
2021-10-12,Morocco,Guinea,4.0,1.0,FIFA World Cup qualification,Agadir,Morocco,False
2021-10-13,Honduras,Jamaica,0.0,2.0,FIFA World Cup qualification,San Pedro Sula,Honduras,False
2021-10-13,United States,Costa Rica,2.0,1.0,FIFA World Cup qualification,Columbus,United States,False
2021-10-13,Canada,Panama,4.0,1.0,FIFA World Cup qualification,Toronto,Canada,False
2021-10-13,El Salvador,Mexico,0.0,2.0,FIFA World Cup qualification,San Salvador,El Salvador,False
2021-10-13,Bangladesh,Nepal,1.0,1.0,SAFF Cup,Malé,Maldives,True
2021-10-13,Maldives,India,1.0,3.0,SAFF Cup,Malé,Maldives,False
2021-10-14,Bolivia,Paraguay,4.0,0.0,FIFA World Cup qualification,La Paz,Bolivia,False
2021-10-14,Colombia,Ecuador,0.0,0.0,FIFA World Cup qualification,Barranquilla,Colombia,False
2021-10-14,Argentina,Peru,1.0,0.0,FIFA World Cup qualification,Buenos Aires,Argentina,False
2021-10-14,Brazil,Uruguay,4.0,1.0,FIFA World Cup qualification,Manaus,Brazil,False
2021-10-14,Chile,Venezuela,3.0,0.0,FIFA World Cup qualification,Santiago,Chile,False
2021-10-16,India,Nepal,3.0,0.0,SAFF Cup,Malé,Maldives,True
2021-10-27,Mexico,Ecuador,2.0,3.0,Friendly,Charlotte,United States,True
2021-11-05,El Salvador,Bolivia,0.0,1.0,Friendly,"Washington, D.C.",United States,True
2021-11-09,Sri Lanka,Maldives,4.0,4.0,Mahinda Rajapaksa Cup,Colombo,Sri Lanka,False
2021-11-10,Kosovo,Jordan,0.0,2.0,Friendly,Pristina,Kosovo,False
2021-11-10,Nicaragua,Cuba,0.0,3.0,Friendly,Managua,Nicaragua,False
2021-11-10,Bangladesh,Seychelles,1.0,1.0,Mahinda Rajapaksa Cup,Colombo,Sri Lanka,True
2021-11-11,Czech Republic,Kuwait,7.0,0.0,Friendly,Olomouc,Czech Republic,False
2021-11-11,Kyrgyzstan,Singapore,2.0,1.0,Friendly,Sharjah,United Arab Emirates,True
2021-11-11,Serbia,Qatar,4.0,0.0,Friendly,Belgrade,Serbia,False
2021-11-11,Ukraine,Bulgaria,1.0,1.0,Friendly,Odessa,Ukraine,False
2021-11-11,Uganda,Kenya,1.0,1.0,FIFA World Cup qualification,Entebbe,Uganda,False
2021-11-11,Rwanda,Mali,0.0,3.0,FIFA World Cup qualification,Kigali,Rwanda,False
2021-11-11,Ethiopia,Ghana,1.0,1.0,FIFA World Cup qualification,Johannesburg,South Africa,True
2021-11-11,South Africa,Zimbabwe,1.0,0.0,FIFA World Cup qualification,Johannesburg,South Africa,False
2021-11-11,Congo,Namibia,1.0,1.0,FIFA World Cup qualification,Brazzaville,Congo,False
2021-11-11,Togo,Senegal,1.0,1.0,FIFA World Cup qualification,Lomé,Togo,False
2021-11-11,Tanzania,DR Congo,0.0,3.0,FIFA World Cup qualification,Dar es Salaam,Tanzania,False
2021-11-11,Benin,Madagascar,2.0,0.0,FIFA World Cup qualification,Cotonou,Benin,False
2021-11-11,Lebanon,Iran,1.0,2.0,FIFA World Cup qualification,Sidon,Lebanon,False
2021-11-11,Iraq,Syria,1.0,1.0,FIFA World Cup qualification,Al Rayyan,Qatar,True
2021-11-11,South Korea,United Arab Emirates,1.0,0.0,FIFA World Cup qualification,Goyang,South Korea,False
2021-11-11,China PR,Oman,1.0,1.0,FIFA World Cup qualification,Sharjah,United Arab Emirates,True
2021-11-11,Vietnam,Japan,0.0,1.0,FIFA World Cup qualification,Hanoi,Vietnam,False
2021-11-11,Australia,Saudi Arabia,0.0,0.0,FIFA World Cup qualification,Sydney,Australia,False
2021-11-11,Republic of Ireland,Portugal,0.0,0.0,FIFA World Cup qualification,Dublin,Republic of Ireland,False
2021-11-11,Azerbaijan,Luxembourg,1.0,3.0,FIFA World Cup qualification,Baku,Azerbaijan,False
2021-11-11,Georgia,Sweden,2.0,0.0,FIFA World Cup qualification,Batumi,Georgia,False
2021-11-11,Greece,Spain,0.0,1.0,FIFA World Cup qualification,Athens,Greece,False
2021-11-11,Russia,Cyprus,6.0,0.0,FIFA World Cup qualification,Saint Petersburg,Russia,False
2021-11-11,Malta,Croatia,1.0,7.0,FIFA World Cup qualification,Ta' Qali,Malta,False
2021-11-11,Slovakia,Slovenia,2.0,2.0,FIFA World Cup qualification,Trnava,Slovakia,False
2021-11-11,Germany,Liechtenstein,9.0,0.0,FIFA World Cup qualification,Wolfsburg,Germany,False
2021-11-11,Armenia,North Macedonia,0.0,5.0,FIFA World Cup qualification,Yerevan,Armenia,False
2021-11-11,Romania,Iceland,0.0,0.0,FIFA World Cup qualification,Bucharest,Romania,False
2021-11-11,Ecuador,Venezuela,1.0,0.0,FIFA World Cup qualification,Quito,Ecuador,False
2021-11-11,Paraguay,Chile,0.0,1.0,FIFA World Cup qualification,Asunción,Paraguay,False
2021-11-11,Peru,Bolivia,3.0,0.0,FIFA World Cup qualification,Lima,Peru,False
2021-11-11,Brazil,Colombia,1.0,0.0,FIFA World Cup qualification,São Paulo,Brazil,False
2021-11-12,Burkina Faso,Niger,1.0,1.0,FIFA World Cup qualification,Marrakech,Morocco,True
2021-11-12,Djibouti,Algeria,0.0,4.0,FIFA World Cup qualification,Cairo,Egypt,True
2021-11-12,Gabon,Libya,1.0,0.0,FIFA World Cup qualification,Franceville,Gabon,False
2021-11-12,Angola,Egypt,2.0,2.0,FIFA World Cup qualification,Luanda,Angola,False
2021-11-12,Guinea,Guinea-Bissau,0.0,0.0,FIFA World Cup qualification,Conakry,Guinea,False
2021-11-12,Morocco,Sudan,3.0,0.0,FIFA World Cup qualification,Rabat,Morocco,False
2021-11-12,Canada,Costa Rica,1.0,0.0,FIFA World Cup qualification,Edmonton,Canada,False
2021-11-12,Honduras,Panama,2.0,3.0,FIFA World Cup qualification,San Pedro Sula,Honduras,False
2021-11-12,El Salvador,Jamaica,1.0,1.0,FIFA World Cup qualification,San Salvador,El Salvador,False
2021-11-12,United States,Mexico,2.0,0.0,FIFA World Cup qualification,Cincinnati,United States,False
2021-11-12,Northern Ireland,Lithuania,1.0,0.0,FIFA World Cup qualification,Belfast,Northern Ireland,False
2021-11-12,Italy,Switzerland,1.0,1.0,FIFA World Cup qualification,Rome,Italy,False
2021-11-12,Moldova,Scotland,0.0,2.0,FIFA World Cup qualification,Chișinău,Moldova,False
2021-11-12,Denmark,Faroe Islands,3.0,1.0,FIFA World Cup qualification,Copenhagen,Denmark,False
2021-11-12,Austria,Israel,4.0,2.0,FIFA World Cup qualification,Klagenfurt,Austria,False
2021-11-12,England,Albania,5.0,0.0,FIFA World Cup qualification,London,England,False
2021-11-12,Andorra,Poland,1.0,4.0,FIFA World Cup qualification,Andorra la Vella,Andorra,False
2021-11-12,Hungary,San Marino,4.0,0.0,FIFA World Cup qualification,Budapest,Hungary,False
2021-11-12,Uruguay,Argentina,0.0,1.0,FIFA World Cup qualification,Montevideo,Uruguay,False
2021-11-13,Burundi,Myanmar,2.0,1.0,Friendly,Manavgat,Turkey,True
2021-11-13,Nicaragua,Cuba,2.0,0.0,Friendly,Managua,Nicaragua,False
2021-11-13,Sierra Leone,Comoros,0.0,2.0,Friendly,Sapanca,Turkey,True
2021-11-13,Bangladesh,Maldives,2.0,1.0,Mahinda Rajapaksa Cup,Colombo,Sri Lanka,True
2021-11-13,Sri Lanka,Seychelles,0.0,1.0,Mahinda Rajapaksa Cup,Colombo,Sri Lanka,False
2021-11-13,Zambia,Mauritania,4.0,0.0,FIFA World Cup qualification,Lusaka,Zambia,False
2021-11-13,Equatorial Guinea,Tunisia,1.0,0.0,FIFA World Cup qualification,Malabo,Equatorial Guinea,False
2021-11-13,Cape Verde,Central African Republic,2.0,1.0,FIFA World Cup qualification,Mindelo,Cape Verde,False
2021-11-13,Liberia,Nigeria,0.0,2.0,FIFA World Cup qualification,Tangier,Morocco,True
2021-11-13,Malawi,Cameroon,0.0,4.0,FIFA World Cup qualification,Johannesburg,South Africa,True
2021-11-13,Ivory Coast,Mozambique,3.0,0.0,FIFA World Cup qualification,Cotonou,Benin,True
2021-11-13,Bosnia and Herzegovina,Finland,1.0,3.0,FIFA World Cup qualification,Zenica,Bosnia and Herzegovina,False
2021-11-13,France,Kazakhstan,8.0,0.0,FIFA World Cup qualification,Paris,France,False
2021-11-13,Wales,Belarus,5.0,1.0,FIFA World Cup qualification,Cardiff,Wales,False
2021-11-13,Belgium,Estonia,3.0,1.0,FIFA World Cup qualification,Brussels,Belgium,False
2021-11-13,Norway,Latvia,0.0,0.0,FIFA World Cup qualification,Oslo,Norway,False
2021-11-13,Turkey,Gibraltar,6.0,0.0,FIFA World Cup qualification,Istanbul,Turkey,False
2021-11-13,Montenegro,Netherlands,2.0,2.0,FIFA World Cup qualification,Podgorica,Montenegro,False
2021-11-14,Azerbaijan,Qatar,2.0,2.0,Friendly,Baku,Azerbaijan,False
2021-11-14,Nicaragua,Cuba,2.0,0.0,Friendly,Managua,Nicaragua,False
2021-11-14,Mali,Uganda,1.0,0.0,FIFA World Cup qualification,Agadir,Morocco,True
2021-11-14,Zimbabwe,Ethiopia,1.0,1.0,FIFA World Cup qualification,Harare,Zimbabwe,False
2021-11-14,Ghana,South Africa,1.0,0.0,FIFA World Cup qualification,Cape Coast,Ghana,False
2021-11-14,Senegal,Congo,2.0,0.0,FIFA World Cup qualification,Thiès,Senegal,False
2021-11-14,DR Congo,Benin,2.0,0.0,FIFA World Cup qualification,Kinshasa,DR Congo,False
2021-11-14,Madagascar,Tanzania,1.0,1.0,FIFA World Cup qualification,Antananarivo,Madagascar,False
2021-11-14,Portugal,Serbia,1.0,2.0,FIFA World Cup qualification,Lisbon,Portugal,False
2021-11-14,Luxembourg,Republic of Ireland,0.0,3.0,FIFA World Cup qualification,Luxembourg,Luxembourg,False
2021-11-14,Spain,Sweden,1.0,0.0,FIFA World Cup qualification,Seville,Spain,False
2021-11-14,Greece,Kosovo,1.0,1.0,FIFA World Cup qualification,Athens,Greece,False
2021-11-14,Croatia,Russia,1.0,0.0,FIFA World Cup qualification,Split,Croatia,False
2021-11-14,Malta,Slovakia,0.0,6.0,FIFA World Cup qualification,Ta' Qali,Malta,False
2021-11-14,Slovenia,Cyprus,2.0,1.0,FIFA World Cup qualification,Ljubljana,Slovenia,False
2021-11-14,Liechtenstein,Romania,0.0,2.0,FIFA World Cup qualification,Vaduz,Liechtenstein,False
2021-11-14,North Macedonia,Iceland,3.0,1.0,FIFA World Cup qualification,Skopje,North Macedonia,False
2021-11-14,Armenia,Germany,1.0,4.0,FIFA World Cup qualification,Yerevan,Armenia,False
2021-11-15,Georgia,Uzbekistan,1.0,0.0,Friendly,Gori,Georgia,False
2021-11-15,Lithuania,Kuwait,1.0,1.0,Friendly,Vilnius,Lithuania,False
2021-11-15,Niger,Djibouti,7.0,2.0,FIFA World Cup qualification,Niamey,Niger,False
2021-11-15,Kenya,Rwanda,2.0,1.0,FIFA World Cup qualification,Nairobi,Kenya,False
2021-11-15,Namibia,Togo,0.0,1.0,FIFA World Cup qualification,Johannesburg,South Africa,True
2021-11-15,Guinea-Bissau,Sudan,0.0,0.0,FIFA World Cup qualification,Marrakech,Morocco,True
2021-11-15,Northern Ireland,Italy,0.0,0.0,FIFA World Cup qualification,Belfast,Northern Ireland,False
2021-11-15,Switzerland,Bulgaria,4.0,0.0,FIFA World Cup qualification,Lucerne,Switzerland,False
2021-11-15,Scotland,Denmark,2.0,0.0,FIFA World Cup qualification,Glasgow,Scotland,False
2021-11-15,Austria,Moldova,4.0,1.0,FIFA World Cup qualification,Klagenfurt,Austria,False
2021-11-15,Israel,Faroe Islands,3.0,2.0,FIFA World Cup qualification,Netanya,Israel,False
2021-11-15,Albania,Andorra,1.0,0.0,FIFA World Cup qualification,Tirana,Albania,False
2021-11-15,Poland,Hungary,1.0,2.0,FIFA World Cup qualification,Warsaw,Poland,False
2021-11-15,San Marino,England,0.0,10.0,FIFA World Cup qualification,Serravalle,San Marino,False
2021-11-16,Bahrain,Kyrgyzstan,4.0,2.0,Friendly,Isa Town,Bahrain,False
2021-11-16,Belarus,Jordan,1.0,0.0,Friendly,Minsk,Belarus,False
2021-11-16,Kazakhstan,Tajikistan,1.0,0.0,Friendly,Nur-Sultan,Kazakhstan,False
2021-11-16,New Zealand,Gambia,2.0,0.0,Friendly,Dubai,United Arab Emirates,True
2021-11-16,Indonesia,Afghanistan,0.0,1.0,Friendly,Antalya,Turkey,True
2021-11-16,Maldives,Seychelles,0.0,0.0,Mahinda Rajapaksa Cup,Colombo,Sri Lanka,True
2021-11-16,Sri Lanka,Bangladesh,2.0,1.0,Mahinda Rajapaksa Cup,Colombo,Sri Lanka,False
2021-11-16,Algeria,Burkina Faso,2.0,2.0,FIFA World Cup qualification,Blida,Algeria,False
2021-11-16,Mauritania,Equatorial Guinea,1.0,1.0,FIFA World Cup qualification,Nouakchott,Mauritania,False
2021-11-16,Tunisia,Zambia,3.0,1.0,FIFA World Cup qualification,Radès,Tunisia,False
2021-11-16,Liberia,Central African Republic,3.0,1.0,FIFA World Cup qualification,Tangier,Morocco,True
2021-11-16,Nigeria,Cape Verde,1.0,1.0,FIFA World Cup qualification,Lagos,Nigeria,False
2021-11-16,Mozambique,Malawi,1.0,0.0,FIFA World Cup qualification,Cotonou,Benin,True
2021-11-16,Cameroon,Ivory Coast,1.0,0.0,FIFA World Cup qualification,Douala,Cameroon,False
2021-11-16,Egypt,Gabon,2.0,1.0,FIFA World Cup qualification,Alexandria,Egypt,False
2021-11-16,Libya,Angola,1.0,1.0,FIFA World Cup qualification,Benghazi,Libya,False
2021-11-16,Morocco,Guinea,3.0,0.0,FIFA World Cup qualification,Casablanca,Morocco,False
2021-11-16,Lebanon,United Arab Emirates,0.0,1.0,FIFA World Cup qualification,Sidon,Lebanon,False
2021-11-16,Iraq,South Korea,0.0,3.0,FIFA World Cup qualification,Al Rayyan,Qatar,True
2021-11-16,Syria,Iran,0.0,3.0,FIFA World Cup qualification,Amman,Jordan,True
2021-11-16,China PR,Australia,1.0,1.0,FIFA World Cup qualification,Sharjah,United Arab Emirates,True
2021-11-16,Vietnam,Saudi Arabia,0.0,1.0,FIFA World Cup qualification,Hanoi,Vietnam,False
2021-11-16,Oman,Japan,0.0,1.0,FIFA World Cup qualification,Muscat,Oman,False
2021-11-16,Jamaica,United States,1.0,1.0,FIFA World Cup qualification,Kingston,Jamaica,False
2021-11-16,Canada,Mexico,2.0,1.0,FIFA World Cup qualification,Edmonton,Canada,False
2021-11-16,Costa Rica,Honduras,2.0,1.0,FIFA World Cup qualification,San José,Costa Rica,False
2021-11-16,Panama,El Salvador,2.0,1.0,FIFA World Cup qualification,Panama City,Panama,False
2021-11-16,Bosnia and Herzegovina,Ukraine,0.0,2.0,FIFA World Cup qualification,Zenica,Bosnia and Herzegovina,False
2021-11-16,Finland,France,0.0,2.0,FIFA World Cup qualification,Helsinki,Finland,False
2021-11-16,Wales,Belgium,1.0,1.0,FIFA World Cup qualification,Cardiff,Wales,False
2021-11-16,Czech Republic,Estonia,2.0,0.0,FIFA World Cup qualification,Prague,Czech Republic,False
2021-11-16,Gibraltar,Latvia,1.0,3.0,FIFA World Cup qualification,Gibraltar,Gibraltar,False
2021-11-16,Montenegro,Turkey,1.0,2.0,FIFA World Cup qualification,Podgorica,Montenegro,False
2021-11-16,Netherlands,Norway,2.0,0.0,FIFA World Cup qualification,Rotterdam,Netherlands,False
2021-11-16,Bolivia,Uruguay,3.0,0.0,FIFA World Cup qualification,La Paz,Bolivia,False
2021-11-16,Venezuela,Peru,1.0,2.0,FIFA World Cup qualification,Caracas,Venezuela,False
2021-11-16,Colombia,Paraguay,0.0,0.0,FIFA World Cup qualification,Barranquilla,Colombia,False
2021-11-16,Argentina,Brazil,0.0,0.0,FIFA World Cup qualification,San Juan,Argentina,False
2021-11-16,Chile,Ecuador,0.0,2.0,FIFA World Cup qualification,Santiago,Chile,False
2021-11-19,Sri Lanka,Seychelles,3.0,3.0,Mahinda Rajapaksa Cup,Colombo,Sri Lanka,False
2021-11-25,Indonesia,Myanmar,4.0,1.0,Friendly,Antalya,Turkey,True
2021-11-30,Iraq,Oman,1.0,1.0,Arab Cup,Al Wakrah,Qatar,True
2021-11-30,Qatar,Bahrain,1.0,0.0,Arab Cup,Al Khor,Qatar,False
2021-11-30,Tunisia,Mauritania,5.0,1.0,Arab Cup,Al Rayyan,Qatar,True
2021-11-30,United Arab Emirates,Syria,2.0,1.0,Arab Cup,Doha,Qatar,True
2021-12-01,Morocco,Palestine,4.0,0.0,Arab Cup,Al Wakrah,Qatar,True
2021-12-01,Saudi Arabia,Jordan,0.0,1.0,Arab Cup,Al Rayyan,Qatar,True
2021-12-01,Algeria,Sudan,4.0,0.0,Arab Cup,Al Rayyan,Qatar,True
2021-12-01,Egypt,Lebanon,1.0,0.0,Arab Cup,Doha,Qatar,True
2021-12-03,Bahrain,Iraq,0.0,0.0,Arab Cup,Doha,Qatar,True
2021-12-03,Qatar,Oman,2.0,1.0,Arab Cup,Al Rayyan,Qatar,False
2021-12-03,Mauritania,United Arab Emirates,0.0,1.0,Arab Cup,Doha,Qatar,True
2021-12-03,Syria,Tunisia,2.0,0.0,Arab Cup,Al Khor,Qatar,True
2021-12-04,El Salvador,Ecuador,1.0,1.0,Friendly,Houston,United States,True
2021-12-04,Jordan,Morocco,0.0,4.0,Arab Cup,Al Rayyan,Qatar,True
2021-12-04,Palestine,Saudi Arabia,1.0,1.0,Arab Cup,Al Rayyan,Qatar,True
2021-12-04,Lebanon,Algeria,0.0,2.0,Arab Cup,Al Wakrah,Qatar,True
2021-12-04,Sudan,Egypt,0.0,5.0,Arab Cup,Doha,Qatar,True
2021-12-05,Timor-Leste,Thailand,0.0,2.0,AFF Championship,Kallang,Singapore,True
2021-12-05,Singapore,Myanmar,3.0,0.0,AFF Championship,Kallang,Singapore,False
2021-12-06,Oman,Bahrain,3.0,0.0,Arab Cup,Al Rayyan,Qatar,True
2021-12-06,Qatar,Iraq,3.0,0.0,Arab Cup,Al Khor,Qatar,False
2021-12-06,Syria,Mauritania,1.0,2.0,Arab Cup,Al Wakrah,Qatar,True
2021-12-06,Tunisia,United Arab Emirates,1.0,0.0,Arab Cup,Doha,Qatar,True
2021-12-06,Cambodia,Malaysia,1.0,3.0,AFF Championship,Bishan,Singapore,True
2021-12-06,Laos,Vietnam,0.0,2.0,AFF Championship,Bishan,Singapore,True
2021-12-07,Jordan,Palestine,5.0,1.0,Arab Cup,Doha,Qatar,True
2021-12-07,Morocco,Saudi Arabia,1.0,0.0,Arab Cup,Doha,Qatar,True
2021-12-07,Algeria,Egypt,1.0,1.0,Arab Cup,Al Wakrah,Qatar,True
2021-12-07,Lebanon,Sudan,1.0,0.0,Arab Cup,Al Rayyan,Qatar,True
2021-12-08,Mexico,Chile,2.0,2.0,Friendly,Austin,United States,True
2021-12-08,Myanmar,Timor-Leste,2.0,0.0,AFF Championship,Kallang,Singapore,True
2021-12-08,Singapore,Philippines,2.0,1.0,AFF Championship,Kallang,Singapore,False
2021-12-09,Tanzania,Uganda,0.0,2.0,Friendly,Dar es Salaam,Tanzania,False
2021-12-09,Malaysia,Laos,4.0,0.0,AFF Championship,Bishan,Singapore,True
2021-12-09,Indonesia,Cambodia,4.0,2.0,AFF Championship,Bishan,Singapore,True
2021-12-10,Tunisia,Oman,2.0,1.0,Arab Cup,Al Rayyan,Qatar,True
2021-12-10,Qatar,United Arab Emirates,5.0,0.0,Arab Cup,Al Khor,Qatar,False
2021-12-11,Egypt,Jordan,3.0,1.0,Arab Cup,Al Wakrah,Qatar,True
2021-12-11,Morocco,Algeria,2.0,2.0,Arab Cup,Doha,Qatar,True
2021-12-11,El Salvador,Chile,0.0,1.0,Friendly,Los Angeles,United States,True
2021-12-11,Timor-Leste,Philippines,0.0,7.0,AFF Championship,Kallang,Singapore,True
2021-12-11,Thailand,Myanmar,4.0,0.0,AFF Championship,Kallang,Singapore,True
2021-12-12,Laos,Indonesia,1.0,5.0,AFF Championship,Bishan,Singapore,True
2021-12-12,Vietnam,Malaysia,3.0,0.0,AFF Championship,Bishan,Singapore,True
2021-12-14,Philippines,Thailand,1.0,2.0,AFF Championship,Kallang,Singapore,True
2021-12-14,Singapore,Timor-Leste,2.0,0.0,AFF Championship,Kallang,Singapore,False
2021-12-15,Tunisia,Egypt,1.0,0.0,Arab Cup,Doha,Qatar,True
2021-12-15,Qatar,Algeria,1.0,2.0,Arab Cup,Doha,Qatar,False
2021-12-15,Cambodia,Laos,3.0,0.0,AFF Championship,Bishan,Singapore,True
2021-12-15,Indonesia,Vietnam,0.0,0.0,AFF Championship,Bishan,Singapore,True
2021-12-18,Qatar,Egypt,0.0,0.0,Arab Cup,Doha,Qatar,False
2021-12-18,Tunisia,Algeria,0.0,2.0,Arab Cup,Al Khor,Qatar,True
2021-12-18,United States,Bosnia and Herzegovina,1.0,0.0,Friendly,Los Angeles,United States,False
2021-12-18,Singapore,Thailand,0.0,2.0,AFF Championship,Kallang,Singapore,False
2021-12-18,Myanmar,Philippines,2.0,3.0,AFF Championship,Bishan,Singapore,True
2021-12-19,Vietnam,Cambodia,4.0,0.0,AFF Championship,Bishan,Singapore,True
2021-12-19,Malaysia,Indonesia,1.0,4.0,AFF Championship,Kallang,Singapore,True
2021-12-22,Singapore,Indonesia,1.0,1.0,AFF Championship,Kallang,Singapore,False
2021-12-23,Vietnam,Thailand,0.0,2.0,AFF Championship,Kallang,Singapore,True
2021-12-25,Singapore,Indonesia,2.0,4.0,AFF Championship,Kallang,Singapore,False
2021-12-26,Thailand,Vietnam,0.0,0.0,AFF Championship,Kallang,Singapore,True
2021-12-29,Indonesia,Thailand,0.0,4.0,AFF Championship,Kallang,Singapore,True
2021-12-30,Mauritania,Burkina Faso,0.0,0.0,Friendly,Abu Dhabi,United Arab Emirates,True
2021-12-30,Sudan,Ethiopia,2.0,3.0,Friendly,Limbé,Cameroon,True
2021-12-31,Malawi,Comoros,2.0,1.0,Friendly,Jeddah,Saudi Arabia,True
2022-01-01,Thailand,Indonesia,2.0,2.0,AFF Championship,Kallang,Singapore,True
2022-01-02,Gabon,Burkina Faso,0.0,3.0,Friendly,Dubai,United Arab Emirates,True
2022-01-02,Sudan,Zimbabwe,0.0,0.0,Friendly,Yaoundé,Cameroon,True
2022-01-03,Rwanda,Guinea,3.0,0.0,Friendly,Kigali,Rwanda,False
2022-01-04,Mauritania,Gabon,1.0,1.0,Friendly,Dubai,United Arab Emirates,True
2022-01-05,Algeria,Ghana,3.0,0.0,Friendly,Al Rayyan,Qatar,True
2022-01-06,Rwanda,Guinea,0.0,2.0,Friendly,Kigali,Rwanda,False
2022-01-09,Cameroon,Burkina Faso,2.0,1.0,African Cup of Nations,Yaoundé,Cameroon,False
2022-01-09,Ethiopia,Cape Verde,0.0,1.0,African Cup of Nations,Yaoundé,Cameroon,True
2022-01-10,Senegal,Zimbabwe,1.0,0.0,African Cup of Nations,Bafoussam,Cameroon,True
2022-01-10,Guinea,Malawi,1.0,0.0,African Cup of Nations,Bafoussam,Cameroon,True
2022-01-10,Morocco,Ghana,1.0,0.0,African Cup of Nations,Yaoundé,Cameroon,True
2022-01-10,Comoros,Gabon,0.0,1.0,African Cup of Nations,Yaoundé,Cameroon,True
2022-01-11,Nigeria,Egypt,1.0,0.0,African Cup of Nations,Garoua,Cameroon,True
2022-01-11,Sudan,Guinea-Bissau,0.0,0.0,African Cup of Nations,Garoua,Cameroon,True
2022-01-11,Algeria,Sierra Leone,0.0,0.0,African Cup of Nations,Douala,Cameroon,True
2022-01-12,Iceland,Uganda,1.0,1.0,Friendly,Belek,Turkey,True
2022-01-12,Equatorial Guinea,Ivory Coast,0.0,1.0,African Cup of Nations,Douala,Cameroon,True
2022-01-12,Tunisia,Mali,0.0,1.0,African Cup of Nations,Limbé,Cameroon,True
2022-01-12,Mauritania,Gambia,0.0,1.0,African Cup of Nations,Limbé,Cameroon,True
2022-01-13,Cameroon,Ethiopia,4.0,1.0,African Cup of Nations,Yaoundé,Cameroon,False
2022-01-13,Cape Verde,Burkina Faso,0.0,1.0,African Cup of Nations,Yaoundé,Cameroon,True
2022-01-14,Senegal,Guinea,0.0,0.0,African Cup of Nations,Bafoussam,Cameroon,True
2022-01-14,Malawi,Zimbabwe,2.0,1.0,African Cup of Nations,Bafoussam,Cameroon,True
2022-01-14,Morocco,Comoros,2.0,0.0,African Cup of Nations,Yaoundé,Cameroon,True
2022-01-14,Gabon,Ghana,1.0,1.0,African Cup of Nations,Yaoundé,Cameroon,True
2022-01-15,South Korea,Iceland,5.0,1.0,Friendly,Antalya,Turkey,True
2022-01-15,Nigeria,Sudan,3.0,1.0,African Cup of Nations,Garoua,Cameroon,True
2022-01-15,Guinea-Bissau,Egypt,0.0,1.0,African Cup of Nations,Garoua,Cameroon,True
2022-01-16,Colombia,Honduras,2.0,1.0,Friendly,Fort Lauderdale,United States,True
2022-01-16,Peru,Panama,1.0,1.0,Friendly,Lima,Peru,False
2022-01-16,Ivory Coast,Sierra Leone,2.0,2.0,African Cup of Nations,Douala,Cameroon,True
2022-01-16,Algeria,Equatorial Guinea,0.0,1.0,African Cup of Nations,Douala,Cameroon,True
2022-01-16,Gambia,Mali,1.0,1.0,African Cup of Nations,Limbé,Cameroon,True
2022-01-16,Tunisia,Mauritania,4.0,0.0,African Cup of Nations,Limbé,Cameroon,True
2022-01-17,Burkina Faso,Ethiopia,1.0,1.0,African Cup of Nations,Bafoussam,Cameroon,True
2022-01-17,Cameroon,Cape Verde,1.0,1.0,African Cup of Nations,Yaoundé,Cameroon,False
2022-01-18,Moldova,Uganda,2.0,3.0,Friendly,Belek,Turkey,True
2022-01-18,Malawi,Senegal,0.0,0.0,African Cup of Nations,Bafoussam,Cameroon,True
2022-01-18,Zimbabwe,Guinea,2.0,1.0,African Cup of Nations,Yaoundé,Cameroon,True
2022-01-18,Gabon,Morocco,2.0,2.0,African Cup of Nations,Yaoundé,Cameroon,True
2022-01-18,Ghana,Comoros,2.0,3.0,African Cup of Nations,Garoua,Cameroon,True
2022-01-19,Egypt,Sudan,1.0,0.0,African Cup of Nations,Yaoundé,Cameroon,True
2022-01-19,Guinea-Bissau,Nigeria,0.0,2.0,African Cup of Nations,Garoua,Cameroon,True
2022-01-20,South Korea,Moldova,4.0,0.0,Friendly,Antalya,Turkey,True
2022-01-20,Peru,Jamaica,3.0,0.0,Friendly,Lima,Peru,False
2022-01-20,Ivory Coast,Algeria,3.0,1.0,African Cup of Nations,Douala,Cameroon,True
2022-01-20,Sierra Leone,Equatorial Guinea,0.0,1.0,African Cup of Nations,Limbé,Cameroon,True
2022-01-20,Gambia,Tunisia,1.0,0.0,African Cup of Nations,Limbé,Cameroon,True
2022-01-20,Mali,Mauritania,2.0,0.0,African Cup of Nations,Douala,Cameroon,True
2022-01-21,Bolivia,Trinidad and Tobago,5.0,0.0,Friendly,Sucre,Bolivia,False
2022-01-21,Iraq,Uganda,1.0,0.0,Friendly,Baghdad,Iraq,False
2022-01-23,Burkina Faso,Gabon,1.0,1.0,African Cup of Nations,Limbé,Cameroon,True
2022-01-23,Nigeria,Tunisia,0.0,1.0,African Cup of Nations,Garoua,Cameroon,True
2022-01-24,Cameroon,Comoros,2.0,1.0,African Cup of Nations,Yaoundé,Cameroon,False
2022-01-24,Guinea,Gambia,0.0,1.0,African Cup of Nations,Bafoussam,Cameroon,True
2022-01-25,Morocco,Malawi,2.0,1.0,African Cup of Nations,Yaoundé,Cameroon,True
2022-01-25,Senegal,Cape Verde,2.0,0.0,African Cup of Nations,Bafoussam,Cameroon,True
2022-01-26,Ivory Coast,Egypt,0.0,0.0,African Cup of Nations,Douala,Cameroon,True
2022-01-26,Mali,Equatorial Guinea,0.0,0.0,African Cup of Nations,Limbé,Cameroon,True
2022-01-27,Bahrain,Uganda,3.0,1.0,Friendly,Riffa,Bahrain,False
2022-01-27,Indonesia,Timor-Leste,4.0,1.0,Friendly,Gianyar,Indonesia,False
2022-01-27,Uzbekistan,South Sudan,3.0,0.0,Friendly,Dubai,United Arab Emirates,True
2022-01-27,Jamaica,Mexico,1.0,2.0,FIFA World Cup qualification,Kingston,Jamaica,False
2022-01-27,United States,El Salvador,1.0,0.0,FIFA World Cup qualification,Columbus,United States,False
2022-01-27,Honduras,Canada,0.0,2.0,FIFA World Cup qualification,San Pedro Sula,Honduras,False
2022-01-27,Costa Rica,Panama,1.0,0.0,FIFA World Cup qualification,San José,Costa Rica,False
2022-01-27,Lebanon,South Korea,0.0,1.0,FIFA World Cup qualification,Sidon,Lebanon,False
2022-01-27,Iran,Iraq,1.0,0.0,FIFA World Cup qualification,Tehran,Iran,False
2022-01-27,United Arab Emirates,Syria,2.0,0.0,FIFA World Cup qualification,Dubai,United Arab Emirates,False
2022-01-27,Japan,China PR,2.0,0.0,FIFA World Cup qualification,Saitama,Japan,False
2022-01-27,Australia,Vietnam,4.0,0.0,FIFA World Cup qualification,Melbourne,Australia,False
2022-01-27,Saudi Arabia,Oman,1.0,0.0,FIFA World Cup qualification,Jeddah,Saudi Arabia,False
2022-01-27,Ecuador,Brazil,1.0,1.0,FIFA World Cup qualification,Quito,Ecuador,False
2022-01-27,Paraguay,Uruguay,0.0,1.0,FIFA World Cup qualification,Asunción,Paraguay,False
2022-01-27,Chile,Argentina,1.0,2.0,FIFA World Cup qualification,Calama,Chile,False
2022-01-28,Jordan,New Zealand,3.0,1.0,Friendly,Abu Dhabi,United Arab Emirates,True
2022-01-28,Suriname,Barbados,1.0,0.0,Friendly,Paramaribo,Suriname,False
2022-01-28,Colombia,Peru,0.0,1.0,FIFA World Cup qualification,Barranquilla,Colombia,False
2022-01-28,Venezuela,Bolivia,4.0,1.0,FIFA World Cup qualification,Barinas,Venezuela,False
2022-01-29,Kuwait,Libya,2.0,0.0,Friendly,Kuwait City,Kuwait,False
2022-01-29,Nepal,Mauritius,1.0,0.0,Friendly,Kathmandu,Nepal,False
2022-01-29,Nicaragua,Belize,4.0,0.0,Friendly,Managua,Nicaragua,False
2022-01-29,Burkina Faso,Tunisia,1.0,0.0,African Cup of Nations,Garoua,Cameroon,True
2022-01-29,Cameroon,Gambia,2.0,0.0,African Cup of Nations,Douala,Cameroon,False
2022-01-30,Indonesia,Timor-Leste,3.0,0.0,Friendly,Gianyar,Indonesia,False
2022-01-30,Egypt,Morocco,2.0,1.0,African Cup of Nations,Yaoundé,Cameroon,True
2022-01-30,Senegal,Equatorial Guinea,3.0,1.0,African Cup of Nations,Yaoundé,Cameroon,True
2022-01-30,Canada,United States,2.0,0.0,FIFA World Cup qualification,Hamilton,Canada,False
2022-01-30,Mexico,Costa Rica,0.0,0.0,FIFA World Cup qualification,Mexico City,Mexico,False
2022-01-30,Panama,Jamaica,3.0,2.0,FIFA World Cup qualification,Panama City,Panama,False
2022-01-30,Honduras,El Salvador,0.0,2.0,FIFA World Cup qualification,San Pedro Sula,Honduras,False
2022-02-01,Bahrain,DR Congo,1.0,0.0,Friendly,Riffa,Bahrain,False
2022-02-01,Kuwait,Libya,0.0,2.0,Friendly,Kuwait City,Kuwait,False
2022-02-01,Nepal,Mauritius,1.0,0.0,Friendly,Kathmandu,Nepal,False
2022-02-01,Nicaragua,Belize,1.0,1.0,Friendly,Managua,Nicaragua,False
2022-02-01,Suriname,Guyana,2.0,1.0,Friendly,Paramaribo,Suriname,False
2022-02-01,Lebanon,Iraq,1.0,1.0,FIFA World Cup qualification,Sidon,Lebanon,False
2022-02-01,Iran,United Arab Emirates,1.0,0.0,FIFA World Cup qualification,Tehran,Iran,False
2022-02-01,Syria,South Korea,0.0,2.0,FIFA World Cup qualification,Dubai,United Arab Emirates,True
2022-02-01,Vietnam,China PR,3.0,1.0,FIFA World Cup qualification,Hanoi,Vietnam,False
2022-02-01,Japan,Saudi Arabia,2.0,0.0,FIFA World Cup qualification,Saitama,Japan,False
2022-02-01,Oman,Australia,2.0,2.0,FIFA World Cup qualification,Muscat,Oman,False
2022-02-01,Bolivia,Chile,2.0,3.0,FIFA World Cup qualification,La Paz,Bolivia,False
2022-02-01,Uruguay,Venezuela,4.0,1.0,FIFA World Cup qualification,Montevideo,Uruguay,False
2022-02-01,Argentina,Colombia,1.0,0.0,FIFA World Cup qualification,Córdoba,Argentina,False
2022-02-01,Peru,Ecuador,1.0,1.0,FIFA World Cup qualification,Lima,Peru,False
2022-02-01,Brazil,Paraguay,4.0,0.0,FIFA World Cup qualification,Belo Horizonte,Brazil,False
2022-02-02,Burkina Faso,Senegal,1.0,3.0,African Cup of Nations,Yaoundé,Cameroon,True
2022-02-02,United States,Honduras,3.0,0.0,FIFA World Cup qualification,Saint Paul,United States,False
2022-02-02,Jamaica,Costa Rica,0.0,1.0,FIFA World Cup qualification,Kingston,Jamaica,False
2022-02-02,El Salvador,Canada,0.0,2.0,FIFA World Cup qualification,San Salvador,El Salvador,False
2022-02-02,Mexico,Panama,1.0,0.0,FIFA World Cup qualification,Mexico City,Mexico,False
2022-02-03,Cameroon,Egypt,0.0,0.0,African Cup of Nations,Yaoundé,Cameroon,False
2022-02-05,Cameroon,Burkina Faso,3.0,3.0,African Cup of Nations,Yaoundé,Cameroon,False
2022-02-06,Senegal,Egypt,0.0,0.0,African Cup of Nations,Yaoundé,Cameroon,True
2022-03-17,Cook Islands,Solomon Islands,0.0,2.0,FIFA World Cup qualification,Doha,Qatar,True
2022-03-18,Papua New Guinea,New Zealand,0.0,1.0,FIFA World Cup qualification,Doha,Qatar,True
2022-03-18,New Caledonia,Fiji,1.0,2.0,FIFA World Cup qualification,Doha,Qatar,True
2022-03-18,Iraq,Zambia,3.0,1.0,Friendly,Baghdad,Iraq,False
2022-03-19,Mauritius,Seychelles,0.0,0.0,Friendly,Saint Pierre,Mauritius,False
2022-03-21,Papua New Guinea,New Caledonia,1.0,0.0,FIFA World Cup qualification,Doha,Qatar,True
2022-03-21,New Zealand,Fiji,4.0,0.0,FIFA World Cup qualification,Doha,Qatar,True
2022-03-23,Bahrain,India,2.0,1.0,Friendly,Riffa,Bahrain,False
2022-03-23,Gibraltar,Grenada,0.0,0.0,Friendly,Gibraltar,Gibraltar,False
2022-03-23,Guinea-Bissau,Equatorial Guinea,3.0,0.0,Friendly,Óbidos,Portugal,True
2022-03-23,Guadeloupe,Cape Verde,0.0,2.0,Friendly,Orléans,France,True
2022-03-23,Laos,Mongolia,1.0,0.0,Friendly,Vientiane,Laos,False
2022-03-23,Malaysia,Philippines,2.0,0.0,Friendly,Kallang,Singapore,True
2022-03-23,Mozambique,Niger,1.0,1.0,Friendly,Nouakchott,Mauritania,True
2022-03-23,Tanzania,Central African Republic,3.0,1.0,Friendly,Dar es Salaam,Tanzania,False
2022-03-23,Chad,Gambia,0.0,1.0,African Cup of Nations qualification,Yaoundé,Cameroon,True
2022-03-23,Djibouti,South Sudan,2.0,4.0,African Cup of Nations qualification,Alexandria,Egypt,True
2022-03-23,Seychelles,Lesotho,0.0,0.0,African Cup of Nations qualification,Saint Pierre,Mauritius,True
2022-03-23,Somalia,Eswatini,0.0,3.0,African Cup of Nations qualification,Dar es Salaam,Tanzania,True
2022-03-24,Jamaica,El Salvador,1.0,1.0,FIFA World Cup qualification,Kingston,Jamaica,False
2022-03-24,Mexico,United States,0.0,0.0,FIFA World Cup qualification,Mexico City,Mexico,False
2022-03-24,Panama,Honduras,1.0,1.0,FIFA World Cup qualification,Panama City,Panama,False
2022-03-24,Costa Rica,Canada,1.0,0.0,FIFA World Cup qualification,San José,Costa Rica,False
2022-03-24,Lebanon,Syria,0.0,3.0,FIFA World Cup qualification,Sidon,Lebanon,False
2022-03-24,Iraq,United Arab Emirates,1.0,0.0,FIFA World Cup qualification,Riyadh,Saudi Arabia,True
2022-03-24,South Korea,Iran,2.0,0.0,FIFA World Cup qualification,Seoul,South Korea,False
2022-03-24,China PR,Saudi Arabia,1.0,1.0,FIFA World Cup qualification,Sharjah,United Arab Emirates,True
2022-03-24,Vietnam,Oman,0.0,1.0,FIFA World Cup qualification,Hanoi,Vietnam,False
2022-03-24,Australia,Japan,0.0,2.0,FIFA World Cup qualification,Sydney,Australia,False
2022-03-24,Solomon Islands,Tahiti,3.0,1.0,FIFA World Cup qualification,Doha,Qatar,True
2022-03-24,Fiji,Papua New Guinea,1.0,2.0,FIFA World Cup qualification,Doha,Qatar,True
2022-03-24,New Zealand,New Caledonia,7.0,1.0,FIFA World Cup qualification,Doha,Qatar,True
2022-03-24,Colombia,Bolivia,3.0,0.0,FIFA World Cup qualification,Barranquilla,Colombia,False
2022-03-24,Brazil,Chile,4.0,0.0,FIFA World Cup qualification,Rio de Janeiro,Brazil,False
2022-03-24,Paraguay,Ecuador,3.0,1.0,FIFA World Cup qualification,Ciudad del Este,Paraguay,False
2022-03-24,Uruguay,Peru,1.0,0.0,FIFA World Cup qualification,Montevideo,Uruguay,False
2022-03-24,Italy,North Macedonia,0.0,1.0,FIFA World Cup qualification,Palermo,Italy,False
2022-03-24,Portugal,Turkey,3.0,1.0,FIFA World Cup qualification,Porto,Portugal,False
2022-03-24,Sweden,Czech Republic,1.0,0.0,FIFA World Cup qualification,Stockholm,Sweden,False
2022-03-24,Wales,Austria,2.0,1.0,FIFA World Cup qualification,Cardiff,Wales,False
2022-03-24,Armenia,Montenegro,1.0,0.0,Friendly,Yerevan,Armenia,False
2022-03-24,Guatemala,Cuba,1.0,0.0,Friendly,Antigua Guatemala City,Guatemala,False
2022-03-24,Hungary,Serbia,0.0,1.0,Friendly,Budapest,Hungary,False
2022-03-24,Kosovo,Burkina Faso,5.0,0.0,Friendly,Pristina,Kosovo,False
2022-03-24,Liberia,Benin,0.0,4.0,Friendly,Antalya,Turkey,True
2022-03-24,Maldives,Bangladesh,2.0,0.0,Friendly,Malé,Maldives,False
2022-03-24,Scotland,Poland,1.0,1.0,Friendly,Glasgow,Scotland,False
2022-03-24,Thailand,Nepal,2.0,0.0,Friendly,Chonburi,Thailand,False
2022-03-24,Togo,Sierra Leone,3.0,0.0,Friendly,Antalya,Turkey,True
2022-03-24,Estonia,Cyprus,0.0,0.0,UEFA Nations League,Tallinn,Estonia,False
2022-03-24,Moldova,Kazakhstan,1.0,2.0,UEFA Nations League,Chișinău,Moldova,False
2022-03-24,Mauritius,São Tomé and Príncipe,3.0,0.0,African Cup of Nations qualification,Saint Pierre,Mauritius,False
2022-03-25,Cameroon,Algeria,0.0,1.0,FIFA World Cup qualification,Douala,Cameroon,False
2022-03-25,DR Congo,Morocco,1.0,1.0,FIFA World Cup qualification,Kinshasa,DR Congo,False
2022-03-25,Egypt,Senegal,1.0,0.0,FIFA World Cup qualification,Cairo,Egypt,False
2022-03-25,Ghana,Nigeria,0.0,0.0,FIFA World Cup qualification,Kumasi,Ghana,False
2022-03-25,Mali,Tunisia,0.0,1.0,FIFA World Cup qualification,Bamako,Mali,False
2022-03-25,Argentina,Venezuela,3.0,0.0,FIFA World Cup qualification,Buenos Aires,Argentina,False
2022-03-25,Andorra,Saint Kitts and Nevis,1.0,0.0,Friendly,Andorra la Vella,Andorra,False
2022-03-25,Bosnia and Herzegovina,Georgia,0.0,1.0,Friendly,Zenica,Bosnia and Herzegovina,False
2022-03-25,Cape Verde,Liechtenstein,6.0,0.0,Friendly,San Pedro del Pinatar,Spain,True
2022-03-25,Comoros,Ethiopia,2.0,1.0,Friendly,Moroni,Comoros,False
2022-03-25,Congo,Zambia,1.0,3.0,Friendly,Antalya,Turkey,True
2022-03-25,France,Ivory Coast,2.0,1.0,Friendly,Marseille,France,False
2022-03-25,Latvia,Kuwait,1.0,1.0,Friendly,Ta' Qali,Malta,True
2022-03-25,Luxembourg,Northern Ireland,1.0,3.0,Friendly,Luxembourg,Luxembourg,False
2022-03-25,Malta,Azerbaijan,1.0,0.0,Friendly,Ta' Qali,Malta,False
2022-03-25,Norway,Slovakia,2.0,0.0,Friendly,Oslo,Norway,False
2022-03-25,Romania,Greece,0.0,1.0,Friendly,Bucharest,Romania,False
2022-03-25,San Marino,Lithuania,1.0,2.0,Friendly,Serravalle,San Marino,False
2022-03-25,South Africa,Guinea,0.0,0.0,Friendly,Kortrijk,Belgium,True
2022-03-25,Tajikistan,Uganda,1.0,1.0,Navruz Cup,Namangan,Uzbekistan,True
2022-03-25,Trinidad and Tobago,Barbados,9.0,0.0,Friendly,Port of Spain,Trinidad and Tobago,False
2022-03-25,Uzbekistan,Kyrgyzstan,3.0,1.0,Navruz Cup,Namangan,Uzbekistan,False
2022-03-25,Alderney,Jersey,1.0,6.0,Muratti Vase,Alderney,Alderney,False
2022-03-26,Angola,Guinea-Bissau,3.0,2.0,Friendly,Óbidos,Portugal,True
2022-03-26,Bahrain,Burundi,1.0,0.0,Friendly,Arad,Iran,True
2022-03-26,Belarus,India,3.0,0.0,Friendly,Isa Town,Bahrain,True
2022-03-26,Central African Republic,Sudan,0.0,0.0,Friendly,Dar es Salaam,Tanzania,True
2022-03-26,Croatia,Slovenia,1.0,1.0,Friendly,Al Rayyan,Qatar,True
2022-03-26,England,Switzerland,2.0,1.0,Friendly,London,England,False
2022-03-26,Finland,Iceland,1.0,1.0,Friendly,Murcia,Spain,True
2022-03-26,Germany,Israel,2.0,0.0,Friendly,Sinsheim,Germany,False
2022-03-26,Gibraltar,Faroe Islands,0.0,0.0,Friendly,Gibraltar,Gibraltar,False
2022-03-26,Libya,Niger,2.0,1.0,Friendly,Nouakchott,Mauritania,True
2022-03-26,Mauritania,Mozambique,2.0,1.0,Friendly,Nouakchott,Mauritania,False
2022-03-26,Netherlands,Denmark,4.0,2.0,Friendly,Amsterdam,Netherlands,False
2022-03-26,Qatar,Bulgaria,2.0,1.0,Friendly,Al Rayyan,Qatar,False
2022-03-26,Republic of Ireland,Belgium,2.0,2.0,Friendly,Dublin,Republic of Ireland,False
2022-03-26,Singapore,Malaysia,2.0,1.0,Friendly,Kallang,Singapore,False
2022-03-26,Spain,Albania,2.0,1.0,Friendly,Barcelona,Spain,False
2022-03-27,El Salvador,Costa Rica,1.0,2.0,FIFA World Cup qualification,San Salvador,El Salvador,False
2022-03-27,Canada,Jamaica,4.0,0.0,FIFA World Cup qualification,Toronto,Canada,False
2022-03-27,Honduras,Mexico,0.0,1.0,FIFA World Cup qualification,San Pedro Sula,Honduras,False
2022-03-27,United States,Panama,5.0,1.0,FIFA World Cup qualification,Orlando,United States,False
2022-03-27,New Zealand,Tahiti,1.0,0.0,FIFA World Cup qualification,Doha,Qatar,True
2022-03-27,Solomon Islands,Papua New Guinea,3.0,2.0,FIFA World Cup qualification,Doha,Qatar,True
2022-03-27,Barbados,Guyana,0.0,5.0,Friendly,Port of Spain,Trinidad and Tobago,True
2022-03-27,Belize,Cuba,0.0,3.0,Friendly,Belmopan,Belize,False
2022-03-27,Benin,Zambia,2.0,1.0,Friendly,Antalya,Turkey,True
2022-03-27,Guatemala,Haiti,2.0,1.0,Friendly,Fort Lauderdale,United States,True
2022-03-27,Laos,Brunei,3.0,2.0,Friendly,Vientiane,Laos,False
2022-03-27,Liberia,Sierra Leone,0.0,1.0,Friendly,Antalya,Turkey,True
2022-03-27,Thailand,Suriname,1.0,0.0,Friendly,Pathum Thani,Thailand,False
2022-03-27,South Sudan,Djibouti,1.0,0.0,African Cup of Nations qualification,Entebbe,Uganda,True
2022-03-27,Lesotho,Seychelles,3.0,1.0,African Cup of Nations qualification,Soweto,South Africa,True
2022-03-27,Eswatini,Somalia,2.0,1.0,African Cup of Nations qualification,Mbombela,South Africa,True
2022-03-27,Mauritius,São Tomé and Príncipe,3.0,3.0,African Cup of Nations qualification,Belle Vue Harel,Mauritius,False
2022-03-28,Andorra,Grenada,1.0,0.0,Friendly,Andorra la Vella,Andorra,False
2022-03-28,Cape Verde,San Marino,2.0,0.0,Friendly,San Pedro del Pinatar,Spain,True
2022-03-28,Montenegro,Greece,1.0,0.0,Friendly,Podgorica,Montenegro,False
2022-03-28,Vanuatu,Fiji,1.0,2.0,Friendly,Doha,Qatar,True
2022-03-29,Algeria,Cameroon,1.0,2.0,FIFA World Cup qualification,Blida,Algeria,False
2022-03-29,Morocco,DR Congo,4.0,1.0,FIFA World Cup qualification,Casablanca,Morocco,False
2022-03-29,Nigeria,Ghana,1.0,1.0,FIFA World Cup qualification,Abuja,Nigeria,False
2022-03-29,Senegal,Egypt,1.0,0.0,FIFA World Cup qualification,Diamniadio,Senegal,False
2022-03-29,Tunisia,Mali,0.0,0.0,FIFA World Cup qualification,Tunis,Tunisia,False
2022-03-29,Iran,Lebanon,2.0,0.0,FIFA World Cup qualification,Mashhad,Iran,False
2022-03-29,Syria,Iraq,1.0,1.0,FIFA World Cup qualification,Dubai,United Arab Emirates,True
2022-03-29,United Arab Emirates,South Korea,1.0,0.0,FIFA World Cup qualification,Dubai,United Arab Emirates,False
2022-03-29,Japan,Vietnam,1.0,1.0,FIFA World Cup qualification,Saitama,Japan,False
2022-03-29,Oman,China PR,2.0,0.0,FIFA World Cup qualification,Muscat,Oman,False
2022-03-29,Saudi Arabia,Australia,1.0,0.0,FIFA World Cup qualification,Jeddah,Saudi Arabia,False
2022-03-29,Ecuador,Argentina,1.0,1.0,FIFA World Cup qualification,Guayaquil,Ecuador,False
2022-03-29,Peru,Paraguay,2.0,0.0,FIFA World Cup qualification,Lima,Peru,False
2022-03-29,Bolivia,Brazil,0.0,4.0,FIFA World Cup qualification,La Paz,Bolivia,False
2022-03-29,Venezuela,Colombia,0.0,1.0,FIFA World Cup qualification,Guayana,Venezuela,False
2022-03-29,Chile,Uruguay,0.0,2.0,FIFA World Cup qualification,Santiago,Chile,False
2022-03-29,Poland,Sweden,2.0,0.0,FIFA World Cup qualification,Chorzów,Poland,False
2022-03-29,Portugal,North Macedonia,2.0,0.0,FIFA World Cup qualification,Porto,Portugal,False
2022-03-29,Albania,Georgia,0.0,0.0,Friendly,Tirana,Albania,False
2022-03-29,Angola,Equatorial Guinea,0.0,0.0,Friendly,Óbidos,Portugal,True
2022-03-29,Austria,Scotland,2.0,2.0,Friendly,Vienna,Austria,False
2022-03-29,Azerbaijan,Latvia,0.0,1.0,Friendly,Ta' Qali,Malta,True
2022-03-29,Bahrain,Belarus,0.0,1.0,Friendly,Riffa,Bahrain,False
2022-03-29,Bangladesh,Mongolia,0.0,0.0,Friendly,Sylhet,Bangladesh,False
2022-03-29,Belgium,Burkina Faso,3.0,0.0,Friendly,Anderlecht,Belgium,False
2022-03-29,Bosnia and Herzegovina,Luxembourg,1.0,0.0,Friendly,Zenica,Bosnia and Herzegovina,False
2022-03-29,Congo,Sierra Leone,1.0,2.0,Friendly,Antalya,Turkey,True
2022-03-29,Croatia,Bulgaria,2.0,1.0,Friendly,Al Rayyan,Qatar,True
2022-03-29,Denmark,Serbia,3.0,0.0,Friendly,Copenhagen,Denmark,False
2022-03-29,England,Ivory Coast,3.0,0.0,Friendly,London,England,False
2022-03-29,Faroe Islands,Liechtenstein,1.0,0.0,Friendly,San Pedro del Pinatar,Spain,True
2022-03-29,Finland,Slovakia,0.0,2.0,Friendly,Murcia,Spain,True
2022-03-29,France,South Africa,5.0,0.0,Friendly,Villeneuve D'Ascq,Algeria,True
2022-03-29,Israel,Romania,2.0,2.0,Friendly,Netanya,Israel,False
2022-03-29,Liberia,Burundi,1.0,2.0,Friendly,Antalya,Turkey,True
2022-03-29,Malta,Kuwait,2.0,0.0,Friendly,Ta' Qali,Malta,False
2022-03-29,Mauritania,Libya,2.0,0.0,Friendly,Nouakchott,Mauritania,False
2022-03-29,Netherlands,Germany,1.0,1.0,Friendly,Amsterdam,Netherlands,False
2022-03-29,Northern Ireland,Hungary,0.0,1.0,Friendly,Belfast,Northern Ireland,False
2022-03-29,Norway,Armenia,9.0,0.0,Friendly,Oslo,Norway,False
2022-03-29,Qatar,Slovenia,0.0,0.0,Friendly,Al Rayyan,Qatar,False
2022-03-29,Republic of Ireland,Lithuania,1.0,0.0,Friendly,Dublin,Republic of Ireland,False
2022-03-29,Singapore,Philippines,2.0,0.0,Friendly,Kallang,Singapore,False
2022-03-29,Spain,Iceland,5.0,0.0,Friendly,La Coruña,Spain,False
2022-03-29,Switzerland,Kosovo,1.0,1.0,Friendly,Zürich,Switzerland,False
2022-03-29,Tanzania,Sudan,1.0,1.0,Friendly,Dar es Salaam,Tanzania,False
2022-03-29,Togo,Benin,1.0,1.0,Friendly,Antalya,Turkey,True
2022-03-29,Trinidad and Tobago,Guyana,1.0,1.0,Friendly,Port of Spain,Trinidad and Tobago,False
2022-03-29,Turkey,Italy,2.0,3.0,Friendly,Konya,Turkey,False
2022-03-29,Wales,Czech Republic,1.0,1.0,Friendly,Cardiff,Wales,False
2022-03-29,Tajikistan,Kyrgyzstan,1.0,0.0,Navruz Cup,Namangan,Uzbekistan,True
2022-03-29,Uzbekistan,Uganda,4.0,2.0,Navruz Cup,Namangan,Uzbekistan,False
2022-03-29,Cyprus,Estonia,2.0,0.0,UEFA Nations League,Larnaca,Cyprus,False
2022-03-29,Kazakhstan,Moldova,0.0,1.0,UEFA Nations League,Nur-Sultan,Kazakhstan,False
2022-03-29,Gambia,Chad,2.0,2.0,African Cup of Nations qualification,Agadir,Morocco,True
2022-03-30,Mexico,El Salvador,2.0,0.0,FIFA World Cup qualification,Mexico City,Mexico,False
2022-03-30,Costa Rica,United States,2.0,0.0,FIFA World Cup qualification,San José,Costa Rica,False
2022-03-30,Panama,Canada,1.0,0.0,FIFA World Cup qualification,Panama City,Panama,False
2022-03-30,Jamaica,Honduras,2.0,1.0,FIFA World Cup qualification,Kingston,Jamaica,False
2022-03-30,Solomon Islands,New Zealand,0.0,5.0,FIFA World Cup qualification,Doha,Qatar,True
2022-04-23,Alderney,Guernsey,0.0,2.0,Muratti Vase,Alderney,Alderney,False
2022-04-24,El Salvador,Guatemala,0.0,4.0,Friendly,San Jose,United States,True
2022-04-27,Mexico,Guatemala,0.0,0.0,Friendly,Orlando,United States,True
2022-05-12,Bahamas,Turks and Caicos Islands,4.0,2.0,Friendly,Nassau,Bahamas,False
2022-05-12,Dominica,Saint Vincent and the Grenadines,2.0,1.0,Friendly,Roseau,Dominica,False
2022-05-13,Guernsey,Jersey,1.0,2.0,Muratti Vase,Guernsey,Guernsey,False
2022-05-14,Bahamas,Turks and Caicos Islands,1.0,2.0,Friendly,Nassau,Bahamas,False
2022-05-15,Dominica,Saint Vincent and the Grenadines,3.0,1.0,Friendly,Roseau,Dominica,False
2022-05-21,Yoruba Nation,Matabeleland,1.0,1.0,CONIFA Africa Football Cup,Johannesburg,South Africa,True
2022-05-21,Jersey,Guernsey,1.0,0.0,Muratti Vase,Jersey,Jersey,False
2022-05-22,Biafra,Matabeleland,0.0,1.0,CONIFA Africa Football Cup,Johannesburg,South Africa,True
2022-05-23,Yoruba Nation,Biafra,0.0,1.0,CONIFA Africa Football Cup,Johannesburg,South Africa,True
2022-05-24,Mozambique,Eswatini,0.0,1.0,Friendly,Maputo,Mozambique,False
2022-05-24,Thailand,Bahrain,3.0,1.0,Friendly,Bangkok,Thailand,False
2022-05-25,Biafra,Matabeleland,1.0,0.0,CONIFA Africa Football Cup,Johannesburg,South Africa,True
2022-05-27,Bahrain,Myanmar,2.0,0.0,Friendly,Pathum Thani,Thailand,True
2022-05-27,Malaysia,Brunei,4.0,0.0,Friendly,Kuala Lumpur,Malaysia,False
2022-05-27,Thailand,Turkmenistan,1.0,0.0,Friendly,Sisaket,Thailand,False
2022-05-28,Ethiopia,Lesotho,1.0,1.0,Friendly,Adama,Ethiopia,False
2022-05-28,India,Jordan,0.0,2.0,Friendly,Doha,Qatar,True
2022-05-28,Mexico,Nigeria,2.0,1.0,Friendly,Arlington,United States,True
2022-05-29,United Arab Emirates,Gambia,1.0,1.0,Friendly,Dubai,United Arab Emirates,False
2022-05-30,Ethiopia,Lesotho,1.0,1.0,Friendly,Adama,Ethiopia,False
2022-05-30,Trinidad and Tobago,Saint Lucia,1.0,0.0,Friendly,San Fernando,Trinidad and Tobago,False
2022-05-31,Thailand,Bahrain,1.0,2.0,Friendly,Pathum Thani,Thailand,False
2022-06-01,Italy,Argentina,0.0,3.0,CONMEBOL–UEFA Cup of Champions,Paris,France,True
2022-06-01,Scotland,Ukraine,1.0,3.0,FIFA World Cup qualification,Glasgow,Scotland,False
2022-06-01,Angola,Central African Republic,2.0,1.0,African Cup of Nations qualification,Luanda,Angola,False
2022-06-01,Ghana,Madagascar,3.0,0.0,African Cup of Nations qualification,Cape Coast,Ghana,False
2022-06-01,Libya,Botswana,1.0,0.0,African Cup of Nations qualification,Benghazi,Libya,False
2022-06-01,Poland,Wales,2.0,1.0,UEFA Nations League,Wrocław,Poland,False
2022-06-01,Australia,Jordan,2.0,1.0,Friendly,Al Wakrah,Qatar,True
2022-06-01,Indonesia,Bangladesh,0.0,0.0,Friendly,Soreang,Indonesia,False
2022-06-01,Malta,Venezuela,0.0,1.0,Friendly,Ta' Qali,Malta,False
2022-06-01,Kuwait,Singapore,2.0,0.0,Friendly,Abu Dhabi,United Arab Emirates,True
2022-06-01,Malaysia,Hong Kong,2.0,0.0,Friendly,Kuala Lumpur,Malaysia,False
2022-06-01,Syria,Tajikistan,1.0,0.0,Friendly,Dubai,United Arab Emirates,True
2022-06-01,United States,Morocco,3.0,0.0,Friendly,Cincinnati,United States,False
2022-06-01,Vietnam,Afghanistan,2.0,0.0,Friendly,Ho Chi Minh City,Vietnam,False
2022-06-02,Tunisia,Equatorial Guinea,4.0,0.0,African Cup of Nations qualification,Radès,Tunisia,False
2022-06-02,Mozambique,Rwanda,1.0,1.0,African Cup of Nations qualification,Johannesburg,South Africa,True
2022-06-02,Panama,Costa Rica,2.0,0.0,CONCACAF Nations League,Panama City,Panama,False
2022-06-02,Barbados,Antigua and Barbuda,0.0,1.0,CONCACAF Nations League,Gros Islet,Saint Lucia,True
2022-06-02,Guadeloupe,Cuba,2.0,1.0,CONCACAF Nations League,Les Abymes,Guadeloupe,False
2022-06-02,Belize,Dominican Republic,0.0,2.0,CONCACAF Nations League,Belmopan,Belize,False
2022-06-02,French Guiana,Guatemala,2.0,0.0,CONCACAF Nations League,Cayenne,French Guiana,False
2022-06-02,Anguilla,Dominica,0.0,0.0,CONCACAF Nations League,The Valley,Anguilla,False
2022-06-02,Czech Republic,Switzerland,2.0,1.0,UEFA Nations League,Prague,Czech Republic,False
2022-06-02,Spain,Portugal,1.0,1.0,UEFA Nations League,Seville,Spain,False
2022-06-02,Israel,Iceland,2.0,2.0,UEFA Nations League,Haifa,Israel,False
2022-06-02,Serbia,Norway,0.0,1.0,UEFA Nations League,Belgrade,Serbia,False
2022-06-02,Slovenia,Sweden,0.0,2.0,UEFA Nations League,Ljubljana,Slovenia,False
2022-06-02,Northern Ireland,Greece,0.0,1.0,UEFA Nations League,Belfast,Northern Ireland,False
2022-06-02,Cyprus,Kosovo,0.0,2.0,UEFA Nations League,Larnaca,Cyprus,False
2022-06-02,Georgia,Gibraltar,4.0,0.0,UEFA Nations League,Tbilisi,Georgia,False
2022-06-02,Bulgaria,North Macedonia,1.0,1.0,UEFA Nations League,Razgrad,Bulgaria,False
2022-06-02,Estonia,San Marino,2.0,0.0,UEFA Nations League,Tallinn,Estonia,False
2022-06-02,Cambodia,Timor-Leste,2.0,1.0,Friendly,Phnom Penh,Cambodia,False
2022-06-02,Ecuador,Nigeria,1.0,0.0,Friendly,Harrison,United States,True
2022-06-02,Japan,Paraguay,4.0,1.0,Friendly,Sapporo,Japan,False
2022-06-02,South Korea,Brazil,1.0,5.0,Friendly,Seoul,South Korea,False
2022-06-02,Mexico,Uruguay,0.0,3.0,Friendly,Glendale,United States,True
2022-06-03,Togo,Eswatini,2.0,2.0,African Cup of Nations qualification,Lomé,Togo,False
2022-06-03,Burkina Faso,Cape Verde,2.0,0.0,African Cup of Nations qualification,Marrakech,Morocco,True
2022-06-03,Comoros,Lesotho,2.0,0.0,African Cup of Nations qualification,Moroni,Comoros,False
2022-06-03,Ivory Coast,Zambia,3.0,1.0,African Cup of Nations qualification,Yamoussoukro,Ivory Coast,False
2022-06-03,Curaçao,Honduras,0.0,1.0,CONCACAF Nations League,Willemstad,Curaçao,False
2022-06-03,Bahamas,Saint Vincent and the Grenadines,1.0,0.0,CONCACAF Nations League,Nassau,Bahamas,False
2022-06-03,Nicaragua,Trinidad and Tobago,2.0,1.0,CONCACAF Nations League,Managua,Nicaragua,False
2022-06-03,Sint Maarten,United States Virgin Islands,1.0,1.0,CONCACAF Nations League,Willemstad,Curaçao,True
2022-06-03,Turks and Caicos Islands,Bonaire,1.0,4.0,CONCACAF Nations League,Providenciales,Turks and Caicos Islands,False
2022-06-03,Saint Martin,Aruba,0.0,0.0,CONCACAF Nations League,The Valley,Anguilla,True
2022-06-03,British Virgin Islands,Cayman Islands,1.0,1.0,CONCACAF Nations League,Tortola,British Virgin Islands,False
2022-06-03,Croatia,Austria,0.0,3.0,UEFA Nations League,Osijek,Croatia,False
2022-06-03,France,Denmark,1.0,2.0,UEFA Nations League,Paris,France,False
2022-06-03,Belgium,Netherlands,1.0,4.0,UEFA Nations League,Brussels,Belgium,False
2022-06-03,Kazakhstan,Azerbaijan,2.0,0.0,UEFA Nations League,Nur-Sultan,Kazakhstan,False
2022-06-03,Belarus,Slovakia,0.0,1.0,UEFA Nations League,Novi Sad,Serbia,True
2022-06-03,Liechtenstein,Moldova,0.0,2.0,UEFA Nations League,Vaduz,Liechtenstein,False
2022-06-03,Latvia,Andorra,3.0,0.0,UEFA Nations League,Riga,Latvia,False
2022-06-03,Nepal,Oman,0.0,2.0,Friendly,Doha,Qatar,True
2022-06-04,Namibia,Burundi,1.0,1.0,African Cup of Nations qualification,Johannesburg,South Africa,True
2022-06-04,Niger,Tanzania,1.0,1.0,African Cup of Nations qualification,Cotonou,Benin,True
2022-06-04,Algeria,Uganda,2.0,0.0,African Cup of Nations qualification,Algiers,Algeria,False
2022-06-04,Gambia,South Sudan,1.0,0.0,African Cup of Nations qualification,Thiès,Senegal,True
2022-06-04,Mali,Congo,4.0,0.0,African Cup of Nations qualification,Bamako,Mali,False
2022-06-04,Mauritania,Sudan,3.0,0.0,African Cup of Nations qualification,Nouakchott,Mauritania,False
2022-06-04,DR Congo,Gabon,0.0,1.0,African Cup of Nations qualification,Kinshasa,DR Congo,False
2022-06-04,Senegal,Benin,3.0,1.0,African Cup of Nations qualification,Diamniadio,Senegal,False
2022-06-04,Suriname,Jamaica,1.0,1.0,CONCACAF Nations League,Paramaribo,Suriname,False
2022-06-04,El Salvador,Grenada,3.0,1.0,CONCACAF Nations League,San Salvador,El Salvador,False
2022-06-04,Bermuda,Haiti,0.0,0.0,CONCACAF Nations League,Devonshire Parish,Bermuda,False
2022-06-04,Montserrat,Guyana,1.0,2.0,CONCACAF Nations League,Santo Domingo,Dominican Republic,True
2022-06-04,Hungary,England,1.0,0.0,UEFA Nations League,Budapest,Hungary,False
2022-06-04,Italy,Germany,1.0,1.0,UEFA Nations League,Bologna,Italy,False
2022-06-04,Armenia,Republic of Ireland,1.0,0.0,UEFA Nations League,Yerevan,Armenia,False
2022-06-04,Finland,Bosnia and Herzegovina,1.0,1.0,UEFA Nations League,Helsinki,Finland,False
2022-06-04,Montenegro,Romania,2.0,0.0,UEFA Nations League,Podgorica,Montenegro,False
2022-06-04,Lithuania,Luxembourg,0.0,2.0,UEFA Nations League,Vilnius,Lithuania,False
2022-06-04,Turkey,Faroe Islands,4.0,0.0,UEFA Nations League,Istanbul,Turkey,False
2022-06-05,Wales,Ukraine,1.0,0.0,FIFA World Cup qualification,Cardiff,Wales,False
2022-06-05,Malawi,Ethiopia,2.0,1.0,African Cup of Nations qualification,Lilongwe,Malawi,False
2022-06-05,Egypt,Guinea,1.0,0.0,African Cup of Nations qualification,Cairo,Egypt,False
2022-06-05,Central African Republic,Ghana,1.0,1.0,African Cup of Nations qualification,Luanda,Angola,True
2022-06-05,Madagascar,Angola,1.0,1.0,African Cup of Nations qualification,Antananarivo,Madagascar,False
2022-06-05,Botswana,Tunisia,0.0,0.0,African Cup of Nations qualification,Francistown,Botswana,False
2022-06-05,Costa Rica,Martinique,2.0,0.0,CONCACAF Nations League,San José,Costa Rica,False
2022-06-05,Cuba,Barbados,3.0,0.0,CONCACAF Nations League,Santiago,Cuba,False
2022-06-05,Antigua and Barbuda,Guadeloupe,1.0,0.0,CONCACAF Nations League,Basseterre,Saint Kitts and Nevis,True
2022-06-05,Guatemala,Belize,2.0,0.0,CONCACAF Nations League,Guatemala City,Guatemala,False
2022-06-05,Dominican Republic,French Guiana,2.0,3.0,CONCACAF Nations League,Santo Domingo,Dominican Republic,False
2022-06-05,Dominica,Anguilla,1.0,1.0,CONCACAF Nations League,Basseterre,Saint Kitts and Nevis,True
2022-06-05,Portugal,Switzerland,4.0,0.0,UEFA Nations League,Lisbon,Portugal,False
2022-06-05,Czech Republic,Spain,2.0,2.0,UEFA Nations League,Prague,Czech Republic,False
2022-06-05,Serbia,Slovenia,4.0,1.0,UEFA Nations League,Belgrade,Serbia,False
2022-06-05,Sweden,Norway,1.0,2.0,UEFA Nations League,Stockholm,Sweden,False
2022-06-05,Cyprus,Northern Ireland,0.0,0.0,UEFA Nations League,Larnaca,Cyprus,False
2022-06-05,Kosovo,Greece,0.0,1.0,UEFA Nations League,Pristina,Kosovo,False
2022-06-05,Gibraltar,North Macedonia,0.0,2.0,UEFA Nations League,Gibraltar,Gibraltar,False
2022-06-05,Bulgaria,Georgia,2.0,5.0,UEFA Nations League,Razgrad,Bulgaria,False
2022-06-05,San Marino,Malta,0.0,2.0,UEFA Nations League,Serravalle,San Marino,False
2022-06-05,Argentina,Estonia,5.0,0.0,Friendly,Pamplona,Spain,True
2022-06-05,Mexico,Ecuador,0.0,0.0,Friendly,Chicago,United States,True
2022-06-05,Peru,New Zealand,1.0,0.0,Friendly,Barcelona,Spain,True
2022-06-05,Saudi Arabia,Colombia,0.0,1.0,Friendly,Murcia,Spain,True
2022-06-05,United States,Uruguay,0.0,0.0,Friendly,Kansas City,United States,False
2022-06-06,Equatorial Guinea,Libya,2.0,0.0,African Cup of Nations qualification,Malabo,Equatorial Guinea,False
2022-06-06,Honduras,Curaçao,1.0,2.0,CONCACAF Nations League,San Pedro Sula,Honduras,False
2022-06-06,Saint Vincent and the Grenadines,Nicaragua,2.0,2.0,CONCACAF Nations League,Kingstown,Saint Vincent and the Grenadines,False
2022-06-06,Trinidad and Tobago,Bahamas,1.0,0.0,CONCACAF Nations League,Port of Spain,Trinidad and Tobago,False
2022-06-06,Bonaire,Sint Maarten,2.0,2.0,CONCACAF Nations League,Willemstad,Curaçao,True
2022-06-06,United States Virgin Islands,Turks and Caicos Islands,3.0,2.0,CONCACAF Nations League,Saint Croix,United States Virgin Islands,False
2022-06-06,Aruba,Saint Martin,3.0,0.0,CONCACAF Nations League,Willemstad,Curaçao,True
2022-06-06,Cayman Islands,British Virgin Islands,1.0,1.0,CONCACAF Nations League,George Town,Cayman Islands,False
2022-06-06,Austria,Denmark,1.0,2.0,UEFA Nations League,Vienna,Austria,False
2022-06-06,Croatia,France,1.0,1.0,UEFA Nations League,Split,Croatia,False
2022-06-06,Iceland,Albania,1.0,1.0,UEFA Nations League,Reykjavík,Iceland,False
2022-06-06,Belarus,Azerbaijan,0.0,0.0,UEFA Nations League,Novi Sad,Serbia,True
2022-06-06,Slovakia,Kazakhstan,0.0,1.0,UEFA Nations League,Trnava,Slovakia,False
2022-06-06,Latvia,Liechtenstein,1.0,0.0,UEFA Nations League,Riga,Latvia,False
2022-06-06,Andorra,Moldova,0.0,0.0,UEFA Nations League,Andorra la Vella,Andorra,False
2022-06-06,South Korea,Chile,2.0,0.0,Friendly,Daejeon,South Korea,False
2022-06-06,Japan,Brazil,0.0,1.0,Friendly,Tokyo,Japan,False
2022-06-07,Eswatini,Burkina Faso,1.0,3.0,African Cup of Nations qualification,Johannesburg,South Africa,True
2022-06-07,Cape Verde,Togo,2.0,0.0,African Cup of Nations qualification,Marrakech,Morocco,True
2022-06-07,Zambia,Comoros,2.0,1.0,African Cup of Nations qualification,Lusaka,Zambia,False
2022-06-07,Senegal,Rwanda,1.0,0.0,African Cup of Nations qualification,Diamniadio,Senegal,False
2022-06-07,Jamaica,Suriname,3.0,1.0,CONCACAF Nations League,Kingston,Jamaica,False
2022-06-07,Grenada,El Salvador,2.0,2.0,CONCACAF Nations League,St. George's,Grenada,False
2022-06-07,Guyana,Bermuda,2.0,1.0,CONCACAF Nations League,Leonora,Guyana,False
2022-06-07,Haiti,Montserrat,3.0,2.0,CONCACAF Nations League,Santo Domingo,Dominican Republic,True
2022-06-07,Germany,England,1.0,1.0,UEFA Nations League,Munich,Germany,False
2022-06-07,Italy,Hungary,2.0,1.0,UEFA Nations League,Cesena,Italy,False
2022-06-07,Finland,Montenegro,2.0,0.0,UEFA Nations League,Helsinki,Finland,False
2022-06-07,Bosnia and Herzegovina,Romania,1.0,0.0,UEFA Nations League,Zenica,Bosnia and Herzegovina,False
2022-06-07,Faroe Islands,Luxembourg,0.0,1.0,UEFA Nations League,Tórshavn,Faroe Islands,False
2022-06-07,Lithuania,Turkey,0.0,6.0,UEFA Nations League,Vilnius,Lithuania,False
2022-06-07,United Arab Emirates,Australia,1.0,2.0,FIFA World Cup qualification,Al Rayyan,Qatar,True
2022-06-08,Kuwait,Indonesia,1.0,2.0,AFC Asian Cup qualification,Kuwait City,Kuwait,False
2022-06-08,Jordan,Nepal,2.0,0.0,AFC Asian Cup qualification,Kuwait City,Kuwait,True
2022-06-08,Philippines,Yemen,0.0,0.0,AFC Asian Cup qualification,Ulaanbaatar,Mongolia,True
2022-06-08,Mongolia,Palestine,0.0,1.0,AFC Asian Cup qualification,Ulaanbaatar,Mongolia,False
2022-06-08,Thailand,Maldives,3.0,0.0,AFC Asian Cup qualification,Namangan,Uzbekistan,True
2022-06-08,Uzbekistan,Sri Lanka,3.0,0.0,AFC Asian Cup qualification,Namangan,Uzbekistan,False
2022-06-08,Hong Kong,Afghanistan,2.0,1.0,AFC Asian Cup qualification,Kolkota,India,True
2022-06-08,India,Cambodia,2.0,0.0,AFC Asian Cup qualification,Kolkota,India,False
2022-06-08,Bahrain,Bangladesh,2.0,0.0,AFC Asian Cup qualification,Kuala Lumpur,Malaysia,True
2022-06-08,Malaysia,Turkmenistan,3.0,1.0,AFC Asian Cup qualification,Kuala Lumpur,Malaysia,False
2022-06-08,Tajikistan,Myanmar,4.0,0.0,AFC Asian Cup qualification,Bishkek,Kyrgyzstan,True
2022-06-08,Kyrgyzstan,Singapore,2.0,1.0,AFC Asian Cup qualification,Bishkek,Kyrgyzstan,False
2022-06-08,Uganda,Niger,1.0,1.0,African Cup of Nations qualification,Entebbe,Uganda,False
2022-06-08,Tanzania,Algeria,0.0,2.0,African Cup of Nations qualification,Dar es Salaam,Tanzania,False
2022-06-08,Congo,Gambia,1.0,0.0,African Cup of Nations qualification,Brazzaville,Congo,False
2022-06-08,Gabon,Mauritania,0.0,0.0,African Cup of Nations qualification,Franceville,Gabon,False
2022-06-08,Sudan,DR Congo,2.0,1.0,African Cup of Nations qualification,Omdurman,Sudan,False
2022-06-08,Benin,Mozambique,0.0,1.0,African Cup of Nations qualification,Cotonou,Benin,False
2022-06-08,Wales,Netherlands,1.0,2.0,UEFA Nations League,Cardiff,Wales,False
2022-06-08,Belgium,Poland,6.0,1.0,UEFA Nations League,Brussels,Belgium,False
2022-06-08,Republic of Ireland,Ukraine,0.0,1.0,UEFA Nations League,Dublin,Republic of Ireland,False
2022-06-08,Scotland,Armenia,2.0,0.0,UEFA Nations League,Glasgow,Scotland,False
2022-06-09,Guinea-Bissau,São Tomé and Príncipe,5.0,1.0,African Cup of Nations qualification,Agadir,Morocco,True
2022-06-09,Nigeria,Sierra Leone,2.0,1.0,African Cup of Nations qualification,Abuja,Nigeria,False
2022-06-09,Burundi,Cameroon,0.0,1.0,African Cup of Nations qualification,Dar es Salaam,Tanzania,True
2022-06-09,Ethiopia,Egypt,2.0,0.0,African Cup of Nations qualification,Lilongwe,Malawi,True
2022-06-09,Guinea,Malawi,1.0,0.0,African Cup of Nations qualification,Conakry,Guinea,False
2022-06-09,South Sudan,Mali,1.0,3.0,African Cup of Nations qualification,Entebbe,Uganda,True
2022-06-09,Lesotho,Ivory Coast,0.0,0.0,African Cup of Nations qualification,Soweto,South Africa,True
2022-06-09,Morocco,South Africa,2.0,1.0,African Cup of Nations qualification,Rabat,Morocco,False
2022-06-09,Panama,Martinique,5.0,0.0,CONCACAF Nations League,Panama City,Panama,False
2022-06-09,Canada,Curaçao,4.0,0.0,CONCACAF Nations League,Vancouver,Canada,False
2022-06-09,Barbados,Guadeloupe,0.0,1.0,CONCACAF Nations League,Gros Islet,Saint Lucia,True
2022-06-09,Antigua and Barbuda,Cuba,0.0,2.0,CONCACAF Nations League,Basseterre,Saint Kitts and Nevis,True
2022-06-09,Belize,French Guiana,1.0,1.0,CONCACAF Nations League,Belmopan,Belize,False
2022-06-09,Aruba,Saint Kitts and Nevis,2.0,3.0,CONCACAF Nations League,Willemstad,Curaçao,True
2022-06-09,Dominica,Saint Lucia,0.0,1.0,CONCACAF Nations League,Roseau,Dominica,False
2022-06-09,Cayman Islands,Puerto Rico,0.0,3.0,CONCACAF Nations League,George Town,Cayman Islands,False
2022-06-09,Portugal,Czech Republic,2.0,0.0,UEFA Nations League,Lisbon,Portugal,False
2022-06-09,Switzerland,Spain,0.0,1.0,UEFA Nations League,Geneva,Switzerland,False
2022-06-09,Norway,Slovenia,0.0,0.0,UEFA Nations League,Oslo,Norway,False
2022-06-09,Sweden,Serbia,0.0,1.0,UEFA Nations League,Stockholm,Sweden,False
2022-06-09,Kosovo,Northern Ireland,3.0,2.0,UEFA Nations League,Pristina,Kosovo,False
2022-06-09,Greece,Cyprus,3.0,0.0,UEFA Nations League,Vólos,Greece,False
2022-06-09,Gibraltar,Bulgaria,1.0,1.0,UEFA Nations League,Gibraltar,Gibraltar,False
2022-06-09,North Macedonia,Georgia,0.0,3.0,UEFA Nations League,Skopje,North Macedonia,False
2022-06-09,Malta,Estonia,1.0,2.0,UEFA Nations League,Ta' Qali,Malta,False
2022-06-09,New Zealand,Oman,0.0,0.0,Friendly,Al Rayyan,Qatar,True
2022-06-09,San Marino,Iceland,0.0,1.0,Friendly,Serravalle,San Marino,False
2022-06-09,Saudi Arabia,Venezuela,0.0,1.0,Friendly,Murcia,Spain,True
2022-06-10,United States,Grenada,5.0,0.0,CONCACAF Nations League,Austin,United States,False
2022-06-10,Saint Vincent and the Grenadines,Trinidad and Tobago,0.0,2.0,CONCACAF Nations League,Kingstown,Saint Vincent and the Grenadines,False
2022-06-10,Bahamas,Nicaragua,0.0,2.0,CONCACAF Nations League,Nassau,Bahamas,False
2022-06-10,Dominican Republic,Guatemala,1.0,1.0,CONCACAF Nations League,Santo Domingo,Dominican Republic,False
2022-06-10,Austria,France,1.0,1.0,UEFA Nations League,Vienna,Austria,False
2022-06-10,Denmark,Croatia,0.0,1.0,UEFA Nations League,Copenhagen,Denmark,False
2022-06-10,Albania,Israel,1.0,2.0,UEFA Nations League,Tirana,Albania,False
2022-06-10,Azerbaijan,Slovakia,0.0,1.0,UEFA Nations League,Mardakan,Azerbaijan,False
2022-06-10,Belarus,Kazakhstan,1.0,1.0,UEFA Nations League,Novi Sad,Serbia,True
2022-06-10,Moldova,Latvia,2.0,4.0,UEFA Nations League,Chișinău,Moldova,False
2022-06-10,Andorra,Liechtenstein,2.0,1.0,UEFA Nations League,Andorra la Vella,Andorra,False
2022-06-10,South Korea,Paraguay,2.0,2.0,Friendly,Suwon,South Korea,False
2022-06-10,Chile,Tunisia,0.0,2.0,Kirin Cup,Kobe,Japan,True
2022-06-10,Japan,Ghana,4.0,1.0,Kirin Cup,Kobe,Japan,False
2022-06-11,Kuwait,Nepal,4.0,1.0,AFC Asian Cup qualification,Kuwait City,Kuwait,False
2022-06-11,Indonesia,Jordan,0.0,1.0,AFC Asian Cup qualification,Kuwait City,Kuwait,True
2022-06-11,Mongolia,Philippines,0.0,1.0,AFC Asian Cup qualification,Ulaanbaatar,Mongolia,False
2022-06-11,Yemen,Palestine,0.0,5.0,AFC Asian Cup qualification,Ulaanbaatar,Mongolia,True
2022-06-11,Sri Lanka,Thailand,0.0,2.0,AFC Asian Cup qualification,Namangan,Uzbekistan,True
2022-06-11,Uzbekistan,Maldives,4.0,0.0,AFC Asian Cup qualification,Namangan,Uzbekistan,False
2022-06-11,Cambodia,Hong Kong,0.0,3.0,AFC Asian Cup qualification,Kolkota,India,True
2022-06-11,India,Afghanistan,2.0,1.0,AFC Asian Cup qualification,Kolkota,India,False
2022-06-11,Bangladesh,Turkmenistan,1.0,2.0,AFC Asian Cup qualification,Kuala Lumpur,Malaysia,True
2022-06-11,Malaysia,Bahrain,1.0,2.0,AFC Asian Cup qualification,Kuala Lumpur,Malaysia,False
2022-06-11,Singapore,Tajikistan,0.0,1.0,AFC Asian Cup qualification,Bishkek,Kyrgyzstan,True
2022-06-11,Kyrgyzstan,Myanmar,2.0,0.0,AFC Asian Cup qualification,Bishkek,Kyrgyzstan,False
2022-06-11,Mexico,Suriname,3.0,0.0,CONCACAF Nations League,Torreón,Mexico,False
2022-06-11,Guyana,Haiti,2.0,6.0,CONCACAF Nations League,Leonora,Guyana,False
2022-06-11,Montserrat,Bermuda,3.0,2.0,CONCACAF Nations League,Santo Domingo,Dominican Republic,True
2022-06-11,United States Virgin Islands,Bonaire,0.0,2.0,CONCACAF Nations League,Saint Croix,United States Virgin Islands,False
2022-06-11,Sint Maarten,Turks and Caicos Islands,8.0,2.0,CONCACAF Nations League,Willemstad,Curaçao,True
2022-06-11,England,Italy,0.0,0.0,UEFA Nations League,Wolverhampton,England,False
2022-06-11,Hungary,Germany,1.0,1.0,UEFA Nations League,Budapest,Hungary,False
2022-06-11,Wales,Belgium,1.0,1.0,UEFA Nations League,Cardiff,Wales,False
2022-06-11,Netherlands,Poland,2.0,2.0,UEFA Nations League,Rotterdam,Netherlands,False
2022-06-11,Ukraine,Armenia,3.0,0.0,UEFA Nations League,Łódź,Poland,True
2022-06-11,Republic of Ireland,Scotland,3.0,0.0,UEFA Nations League,Dublin,Republic of Ireland,False
2022-06-11,Montenegro,Bosnia and Herzegovina,1.0,1.0,UEFA Nations League,Podgorica,Montenegro,False
2022-06-11,Romania,Finland,1.0,0.0,UEFA Nations League,Bucharest,Romania,False
2022-06-11,Faroe Islands,Lithuania,2.0,1.0,UEFA Nations League,Tórshavn,Faroe Islands,False
2022-06-11,Luxembourg,Turkey,0.0,2.0,UEFA Nations League,Luxembourg,Luxembourg,False
2022-06-11,Ecuador,Cape Verde,1.0,0.0,Friendly,Fort Lauderdale,United States,True
2022-06-11,Uruguay,Panama,5.0,0.0,Friendly,Montevideo,Uruguay,False
2022-06-12,Martinique,Panama,0.0,0.0,CONCACAF Nations League,Fort-de-France,Martinique,False
2022-06-12,Cuba,Antigua and Barbuda,3.0,1.0,CONCACAF Nations League,Santiago,Cuba,False
2022-06-12,Guadeloupe,Barbados,2.0,1.0,CONCACAF Nations League,Les Abymes,Guadeloupe,False
2022-06-12,Saint Kitts and Nevis,Saint Martin,1.0,1.0,CONCACAF Nations League,Basseterre,Saint Kitts and Nevis,False
2022-06-12,Saint Lucia,Anguilla,2.0,0.0,CONCACAF Nations League,Gros Islet,Saint Lucia,False
2022-06-12,Puerto Rico,British Virgin Islands,6.0,0.0,CONCACAF Nations League,Mayagüez,Puerto Rico,False
2022-06-12,Spain,Czech Republic,2.0,0.0,UEFA Nations League,Málaga,Spain,False
2022-06-12,Switzerland,Portugal,1.0,0.0,UEFA Nations League,Geneva,Switzerland,False
2022-06-12,Norway,Sweden,3.0,2.0,UEFA Nations League,Oslo,Norway,False
2022-06-12,Slovenia,Serbia,2.0,2.0,UEFA Nations League,Ljubljana,Slovenia,False
2022-06-12,Northern Ireland,Cyprus,2.0,2.0,UEFA Nations League,Belfast,Northern Ireland,False
2022-06-12,Greece,Kosovo,2.0,0.0,UEFA Nations League,Vólos,Greece,False
2022-06-12,North Macedonia,Gibraltar,4.0,0.0,UEFA Nations League,Skopje,North Macedonia,False
2022-06-12,Georgia,Bulgaria,0.0,0.0,UEFA Nations League,Tbilisi,Georgia,False
2022-06-12,Malta,San Marino,1.0,0.0,UEFA Nations League,Ta' Qali,Malta,False
2022-06-12,Iran,Algeria,1.0,2.0,Friendly,Doha,Qatar,True
2022-06-13,Australia,Peru,0.0,0.0,FIFA World Cup qualification,Al Rayyan,Qatar,True
2022-06-13,São Tomé and Príncipe,Nigeria,0.0,10.0,African Cup of Nations qualification,Agadir,Morocco,True
2022-06-13,Sierra Leone,Guinea-Bissau,2.0,2.0,African Cup of Nations qualification,Conakry,Guinea,True
2022-06-13,Morocco,Liberia,2.0,0.0,African Cup of Nations qualification,Casablanca,Morocco,False
2022-06-13,Honduras,Canada,2.0,1.0,CONCACAF Nations League,San Pedro Sula,Honduras,False
2022-06-13,Nicaragua,Bahamas,4.0,0.0,CONCACAF Nations League,Managua,Nicaragua,False
2022-06-13,Trinidad and Tobago,Saint Vincent and the Grenadines,4.0,1.0,CONCACAF Nations League,Port of Spain,Trinidad and Tobago,False
2022-06-13,Guatemala,Dominican Republic,2.0,0.0,CONCACAF Nations League,Guatemala City,Guatemala,False
2022-06-13,Denmark,Austria,2.0,0.0,UEFA Nations League,Copenhagen,Denmark,False
2022-06-13,France,Croatia,0.0,1.0,UEFA Nations League,Paris,France,False
2022-06-13,Iceland,Israel,2.0,2.0,UEFA Nations League,Reykjavík,Iceland,False
2022-06-13,Azerbaijan,Belarus,2.0,0.0,UEFA Nations League,Mardakan,Azerbaijan,False
2022-06-13,Kazakhstan,Slovakia,2.0,1.0,UEFA Nations League,Nur-Sultan,Kazakhstan,False
2022-06-13,Albania,Estonia,0.0,0.0,Friendly,Tirana,Albania,False
2022-06-14,Costa Rica,New Zealand,1.0,0.0,FIFA World Cup qualification,Al Rayyan,Qatar,True
2022-06-14,Kuwait,Jordan,0.0,3.0,AFC Asian Cup qualification,Kuwait City,Kuwait,False
2022-06-14,Indonesia,Nepal,7.0,0.0,AFC Asian Cup qualification,Kuwait City,Kuwait,True
2022-06-14,Palestine,Philippines,4.0,0.0,AFC Asian Cup qualification,Ulaanbaatar,Mongolia,True
2022-06-14,Mongolia,Yemen,2.0,0.0,AFC Asian Cup qualification,Ulaanbaatar,Mongolia,False
2022-06-14,Maldives,Sri Lanka,1.0,0.0,AFC Asian Cup qualification,Namangan,Uzbekistan,True
2022-06-14,Uzbekistan,Thailand,2.0,0.0,AFC Asian Cup qualification,Namangan,Uzbekistan,False
2022-06-14,Afghanistan,Cambodia,2.0,2.0,AFC Asian Cup qualification,Kolkota,India,True
2022-06-14,India,Hong Kong,4.0,0.0,AFC Asian Cup qualification,Kolkota,India,False
2022-06-14,Bahrain,Turkmenistan,1.0,0.0,AFC Asian Cup qualification,Kuala Lumpur,Malaysia,True
2022-06-14,Malaysia,Bangladesh,4.0,1.0,AFC Asian Cup qualification,Kuala Lumpur,Malaysia,False
2022-06-14,Myanmar,Singapore,2.0,6.0,AFC Asian Cup qualification,Bishkek,Kyrgyzstan,True
2022-06-14,Kyrgyzstan,Tajikistan,0.0,0.0,AFC Asian Cup qualification,Bishkek,Kyrgyzstan,False
2022-06-14,Jamaica,Mexico,1.0,1.0,CONCACAF Nations League,Kingston,Jamaica,False
2022-06-14,El Salvador,United States,1.0,1.0,CONCACAF Nations League,San Salvador,El Salvador,False
2022-06-14,Haiti,Guyana,6.0,0.0,CONCACAF Nations League,Santo Domingo,Dominican Republic,True
2022-06-14,French Guiana,Belize,1.0,0.0,CONCACAF Nations League,Cayenne,French Guiana,False
2022-06-14,Bonaire,United States Virgin Islands,2.0,0.0,CONCACAF Nations League,Willemstad,Curaçao,True
2022-06-14,Turks and Caicos Islands,Sint Maarten,2.0,0.0,CONCACAF Nations League,Providenciales,Turks and Caicos Islands,False
2022-06-14,England,Hungary,0.0,4.0,UEFA Nations League,Wolverhampton,England,False
2022-06-14,Germany,Italy,5.0,2.0,UEFA Nations League,Mönchengladbach,Germany,False
2022-06-14,Netherlands,Wales,3.0,2.0,UEFA Nations League,Rotterdam,Netherlands,False
2022-06-14,Poland,Belgium,0.0,1.0,UEFA Nations League,Warsaw,Poland,False
2022-06-14,Armenia,Scotland,1.0,4.0,UEFA Nations League,Yerevan,Armenia,False
2022-06-14,Ukraine,Republic of Ireland,1.0,1.0,UEFA Nations League,Łódź,Poland,True
2022-06-14,Bosnia and Herzegovina,Finland,3.0,2.0,UEFA Nations League,Zenica,Bosnia and Herzegovina,False
2022-06-14,Romania,Montenegro,0.0,3.0,UEFA Nations League,Bucharest,Romania,False
2022-06-14,Luxembourg,Faroe Islands,2.0,2.0,UEFA Nations League,Luxembourg,Luxembourg,False
2022-06-14,Turkey,Lithuania,2.0,0.0,UEFA Nations League,İzmir,Turkey,False
2022-06-14,Moldova,Andorra,2.0,1.0,UEFA Nations League,Chișinău,Moldova,False
2022-06-14,Liechtenstein,Latvia,0.0,2.0,UEFA Nations League,Vaduz,Liechtenstein,False
2022-06-14,Chile,Ghana,0.0,0.0,Kirin Cup,Suita,Japan,True
2022-06-14,Japan,Tunisia,0.0,3.0,Kirin Cup,Suita,Japan,False
2022-06-14,South Korea,Egypt,4.0,1.0,Friendly,Seoul,South Korea,False
2022-06-17,Mapuche,Maule Sur,0.0,1.0,CONIFA South America Football Cup,Linares,Chile,True
2022-06-18,Mapuche,Aymara,3.0,1.0,CONIFA South America Football Cup,Linares,Chile,True
2022-06-19,Aymara,Maule Sur,0.0,1.0,CONIFA South America Football Cup,Linares,Chile,True
2022-07-05,Seychelles,Botswana,0.0,1.0,COSAFA Cup,Durban,South Africa,True
2022-07-05,Angola,Comoros,3.0,1.0,COSAFA Cup,Durban,South Africa,True
2022-07-06,Mauritius,Eswatini,0.0,3.0,COSAFA Cup,Durban,South Africa,True
2022-07-06,Lesotho,Malawi,2.0,1.0,COSAFA Cup,Durban,South Africa,True
2022-07-07,Comoros,Botswana,0.0,1.0,COSAFA Cup,Durban,South Africa,True
2022-07-07,Angola,Seychelles,3.0,0.0,COSAFA Cup,Durban,South Africa,True
2022-07-08,Malawi,Eswatini,1.0,1.0,COSAFA Cup,Durban,South Africa,True
2022-07-08,Lesotho,Mauritius,2.0,1.0,COSAFA Cup,Durban,South Africa,True
2022-07-10,Seychelles,Comoros,1.0,2.0,COSAFA Cup,KwaMashu,South Africa,True
2022-07-10,Botswana,Angola,1.0,0.0,COSAFA Cup,Durban,South Africa,True
2022-07-10,Mauritius,Malawi,0.0,2.0,COSAFA Cup,KwaMashu,South Africa,True
2022-07-10,Eswatini,Lesotho,2.0,0.0,COSAFA Cup,Durban,South Africa,True
2022-07-12,Madagascar,Namibia,0.0,2.0,COSAFA Cup,KwaMashu,South Africa,True
2022-07-12,Zambia,Botswana,1.0,1.0,COSAFA Cup,KwaMashu,South Africa,True
2022-07-13,South Africa,Mozambique,0.0,0.0,COSAFA Cup,KwaMashu,South Africa,False
2022-07-13,Senegal,Eswatini,1.0,1.0,COSAFA Cup,KwaMashu,South Africa,True
2022-07-15,South Africa,Madagascar,2.0,1.0,COSAFA Cup,Sugar Ray Xulu Stadium,South Africa,False
2022-07-15,Botswana,Eswatini,2.0,0.0,COSAFA Cup,Sugar Ray Xulu Stadium,South Africa,True
2022-07-15,Namibia,Mozambique,1.0,0.0,COSAFA Cup,Durban,South Africa,True
2022-07-15,Zambia,Senegal,4.0,3.0,COSAFA Cup,Durban,South Africa,True
2022-07-16,Elba Island,Raetia,5.0,0.0,Friendly,Capoliveri,Italy,False
2022-07-17,South Africa,Botswana,2.0,1.0,COSAFA Cup,Sugar Ray Xulu Stadium,South Africa,False
2022-07-17,Mozambique,Senegal,1.0,1.0,COSAFA Cup,Moses Mabhida Stadium,South Africa,True
2022-07-17,Namibia,Zambia,0.0,1.0,COSAFA Cup,Moses Mabhida Stadium,South Africa,True
2022-07-19,Japan,Hong Kong,6.0,0.0,EAFF Championship,Kashima,Japan,False
2022-07-20,China PR,South Korea,0.0,3.0,EAFF Championship,Toyota,Japan,True
2022-07-24,South Korea,Hong Kong,3.0,0.0,EAFF Championship,Toyota,Japan,True
2022-07-24,Japan,China PR,0.0,0.0,EAFF Championship,Toyota,Japan,False
2022-07-27,China PR,Hong Kong,1.0,0.0,EAFF Championship,Toyota,Japan,True
2022-07-27,Japan,South Korea,3.0,0.0,EAFF Championship,Toyota,Japan,False
2022-08-07,Raetia,Tibet,3.0,3.0,Friendly,Chur,Switzerland,False
2022-08-31,Mexico,Paraguay,0.0,1.0,Friendly,Atlanta,United States,True
2022-09-17,Fiji,New Caledonia,1.0,0.0,MSG Prime Minister's Cup,Luganville,Vanuatu,True
2022-09-21,Solomon Islands,New Caledonia,1.0,0.0,MSG Prime Minister's Cup,Luganville,Vanuatu,True
2022-09-21,Brunei,Maldives,0.0,3.0,Friendly,Bandar Seri Begawan,Brunei,False
2022-09-21,Hong Kong,Myanmar,2.0,0.0,Friendly,Hong Kong,Hong Kong,False
2022-09-21,Libya,Uganda,0.0,0.0,Friendly,Benghazi,Libya,False
2022-09-21,San Marino,Seychelles,0.0,0.0,Friendly,Serravalle,San Marino,False
2022-09-21,Vietnam,Singapore,4.0,0.0,Friendly,Ho Chi Minh City,Vietnam,False
2022-09-21,Scotland,Ukraine,3.0,0.0,UEFA Nations League,Glasgow,Scotland,False
2022-09-22,Australia,New Zealand,1.0,0.0,Friendly,Brisbane,Australia,False
2022-09-22,Cambodia,Bangladesh,0.0,1.0,Friendly,Phnom Penh,Cambodia,False
2022-09-22,Comoros,Tunisia,0.0,1.0,Friendly,Orléans,France,True
2022-09-22,Iceland,Venezuela,1.0,0.0,Friendly,Maria Enzersdorf,Austria,True
2022-09-22,Suriname,Nicaragua,2.0,1.0,Friendly,Almere,Netherlands,True
2022-09-22,Thailand,Malaysia,1.0,1.0,King's Cup,Chiang Mai,Thailand,False
2022-09-22,Trinidad and Tobago,Tajikistan,1.0,2.0,King's Cup,Chiang Mai,Thailand,True
2022-09-22,Croatia,Denmark,2.0,1.0,UEFA Nations League,Zagreb,Croatia,False
2022-09-22,France,Austria,2.0,0.0,UEFA Nations League,Paris,France,False
2022-09-22,Belgium,Wales,2.0,1.0,UEFA Nations League,Brussels,Belgium,False
2022-09-22,Poland,Netherlands,0.0,2.0,UEFA Nations League,Warsaw,Poland,False
2022-09-22,Lithuania,Faroe Islands,1.0,1.0,UEFA Nations League,Vilnius,Lithuania,False
2022-09-22,Turkey,Luxembourg,3.0,3.0,UEFA Nations League,Istanbul,Turkey,False
2022-09-22,Kazakhstan,Belarus,2.0,1.0,UEFA Nations League,Astana,Kazakhstan,False
2022-09-22,Slovakia,Azerbaijan,1.0,2.0,UEFA Nations League,Trnava,Slovakia,False
2022-09-22,Latvia,Moldova,1.0,2.0,UEFA Nations League,Riga,Latvia,False
2022-09-22,Liechtenstein,Andorra,0.0,2.0,UEFA Nations League,Vaduz,Liechtenstein,False
2022-09-23,Japan,United States,2.0,0.0,Kirin Challenge Cup,Düsseldorf,Germany,True
2022-09-23,Algeria,Guinea,1.0,0.0,Friendly,Oran,Algeria,False
2022-09-23,Argentina,Honduras,3.0,0.0,Friendly,Miami Gardens,United States,True
2022-09-23,Bahrain,Cape Verde,1.0,2.0,Friendly,Riffa,Bahrain,False
2022-09-23,Brazil,Ghana,3.0,0.0,Friendly,Le Havre,France,True
2022-09-23,Cameroon,Uzbekistan,0.0,2.0,Friendly,Goyang,South Korea,True
2022-09-23,Canada,Qatar,2.0,0.0,Friendly,Vienna,Austria,True
2022-09-23,DR Congo,Burkina Faso,0.0,1.0,Friendly,Casablanca,Morocco,True
2022-09-23,Egypt,Niger,3.0,0.0,Friendly,Alexandria,Egypt,False
2022-09-23,Iran,Uruguay,1.0,0.0,Friendly,Sankt Pölten,Austria,True
2022-09-23,Iraq,Oman,1.0,1.0,Jordan International Tournament,Amman,Jordan,True
2022-09-23,Jordan,Syria,2.0,0.0,Jordan International Tournament,Amman,Jordan,False
2022-09-23,South Korea,Costa Rica,2.0,2.0,Friendly,Goyang,South Korea,False
2022-09-23,Mali,Zambia,1.0,0.0,Friendly,Bamako,Mali,False
2022-09-23,Morocco,Chile,2.0,0.0,Friendly,Barcelona,Spain,True
2022-09-23,Paraguay,United Arab Emirates,1.0,0.0,Friendly,Wiener Neustadt,Austria,True
2022-09-23,Rwanda,Equatorial Guinea,0.0,0.0,Friendly,Berrechid,Egypt,True
2022-09-23,Saudi Arabia,Ecuador,0.0,0.0,Friendly,Murcia,Spain,True
2022-09-23,Germany,Hungary,0.0,1.0,UEFA Nations League,Leipzig,Germany,False
2022-09-23,Italy,England,1.0,0.0,UEFA Nations League,Milan,Italy,False
2022-09-23,Bosnia and Herzegovina,Montenegro,1.0,0.0,UEFA Nations League,Zenica,Bosnia and Herzegovina,False
2022-09-23,Finland,Romania,1.0,1.0,UEFA Nations League,Helsinki,Finland,False
2022-09-23,Georgia,North Macedonia,2.0,0.0,UEFA Nations League,Tbilisi,Georgia,False
2022-09-23,Bulgaria,Gibraltar,5.0,1.0,UEFA Nations League,Razgrad,Bulgaria,False
2022-09-23,Estonia,Malta,2.0,1.0,UEFA Nations League,Tallinn,Estonia,False
2022-09-24,Bolivia,Senegal,0.0,2.0,Friendly,Orléans,France,True
2022-09-24,Colombia,Guatemala,4.0,1.0,Friendly,Harrison,United States,True
2022-09-24,Fiji,Solomon Islands,2.0,2.0,MSG Prime Minister's Cup,Luganville,Vanuatu,True
2022-09-24,Grenada,Saint Vincent and the Grenadines,1.0,3.0,Friendly,Carriacou,Grenada,False
2022-09-24,Hong Kong,Myanmar,0.0,0.0,Friendly,Hong Kong,Hong Kong,False
2022-09-24,India,Singapore,1.0,1.0,Friendly,Ho Chi Minh City,Vietnam,True
2022-09-24,Indonesia,Curaçao,3.0,2.0,Friendly,Bandung,Indonesia,False
2022-09-24,Ivory Coast,Togo,2.0,1.0,Friendly,Rouen,France,True
2022-09-24,Laos,Maldives,1.0,3.0,Friendly,Bandar Seri Begawan,Brunei,True
2022-09-24,Madagascar,Congo,3.0,3.0,Friendly,Mohammedia,Morocco,True
2022-09-24,Mauritania,Benin,1.0,0.0,Friendly,Mohammedia,Morocco,True
2022-09-24,Mexico,Peru,1.0,0.0,Friendly,Pasadena,United States,True
2022-09-24,South Africa,Sierra Leone,4.0,0.0,Friendly,Johannesburg,South Africa,False
2022-09-24,Tanzania,Uganda,1.0,0.0,Friendly,Benghazi,Libya,True
2022-09-24,Kyrgyzstan,Russia,1.0,2.0,Friendly,Bishkek,Kyrgyzstan,False
2022-09-24,Vanuatu,Papua New Guinea,0.0,1.0,MSG Prime Minister's Cup,Port Vila,Vanuatu,False
2022-09-24,Czech Republic,Portugal,0.0,4.0,UEFA Nations League,Prague,Czech Republic,False
2022-09-24,Spain,Switzerland,1.0,2.0,UEFA Nations League,Zaragoza,Spain,False
2022-09-24,Armenia,Ukraine,0.0,5.0,UEFA Nations League,Yerevan,Armenia,False
2022-09-24,Scotland,Republic of Ireland,2.0,1.0,UEFA Nations League,Glasgow,Scotland,False
2022-09-24,Israel,Albania,2.0,1.0,UEFA Nations League,Tel Aviv,Israel,False
2022-09-24,Slovenia,Norway,2.0,1.0,UEFA Nations League,Ljubljana,Slovenia,False
2022-09-24,Serbia,Sweden,4.0,1.0,UEFA Nations League,Belgrade,Serbia,False
2022-09-24,Northern Ireland,Kosovo,2.0,1.0,UEFA Nations League,Belfast,Northern Ireland,False
2022-09-24,Cyprus,Greece,1.0,0.0,UEFA Nations League,Larnaca,Cyprus,False
2022-09-25,Thailand,Trinidad and Tobago,2.0,1.0,King's Cup,Chiang Mai,Thailand,False
2022-09-25,Malaysia,Tajikistan,0.0,0.0,King's Cup,Chiang Mai,Thailand,True
2022-09-25,New Zealand,Australia,0.0,2.0,Friendly,Auckland,New Zealand,False
2022-09-25,Niger,Liberia,0.0,0.0,Friendly,Cairo,Egypt,True
2022-09-25,Austria,Croatia,1.0,3.0,UEFA Nations League,Vienna,Austria,False
2022-09-25,Denmark,France,2.0,0.0,UEFA Nations League,Copenhagen,Denmark,False
2022-09-25,Wales,Poland,0.0,1.0,UEFA Nations League,Cardiff,Wales,False
2022-09-25,Netherlands,Belgium,1.0,0.0,UEFA Nations League,Amsterdam,Netherlands,False
2022-09-25,Faroe Islands,Turkey,2.0,1.0,UEFA Nations League,Tórshavn,Faroe Islands,False
2022-09-25,Luxembourg,Lithuania,1.0,0.0,UEFA Nations League,Luxembourg,Luxembourg,False
2022-09-25,Slovakia,Belarus,1.0,1.0,UEFA Nations League,Bačka Topola,Serbia,True
2022-09-25,Azerbaijan,Kazakhstan,3.0,0.0,UEFA Nations League,Baku,Azerbaijan,False
2022-09-25,Andorra,Latvia,1.0,1.0,UEFA Nations League,Andorra la Vella,Andorra,False
2022-09-25,Moldova,Liechtenstein,2.0,0.0,UEFA Nations League,Chișinău,Moldova,False
2022-09-26,Ethiopia,Sudan,2.0,2.0,Friendly,Addis Ababa,Ethiopia,False
2022-09-26,Iraq,Syria,1.0,0.0,Jordan International Tournament,Amman,Jordan,True
2022-09-26,Jordan,Oman,1.0,0.0,Jordan International Tournament,Amman,Jordan,False
2022-09-26,England,Germany,3.0,3.0,UEFA Nations League,London,England,False
2022-09-26,Hungary,Italy,0.0,2.0,UEFA Nations League,Budapest,Hungary,False
2022-09-26,Montenegro,Finland,0.0,2.0,UEFA Nations League,Podgorica,Montenegro,False
2022-09-26,Romania,Bosnia and Herzegovina,4.0,1.0,UEFA Nations League,Bucharest,Romania,False
2022-09-26,Gibraltar,Georgia,1.0,2.0,UEFA Nations League,Gibraltar,Gibraltar,False
2022-09-26,North Macedonia,Bulgaria,0.0,1.0,UEFA Nations League,Skopje,North Macedonia,False
2022-09-26,San Marino,Estonia,0.0,4.0,UEFA Nations League,Serravalle,San Marino,False
2022-09-27,Fiji,Papua New Guinea,0.0,1.0,MSG Prime Minister's Cup,Luganville,Vanuatu,True
2022-09-27,Algeria,Nigeria,2.0,1.0,Friendly,Oran,Algeria,False
2022-09-27,Argentina,Jamaica,3.0,0.0,Friendly,Harrison,United States,True
2022-09-27,Bahrain,Panama,0.0,2.0,Friendly,Riffa,Bahrain,False
2022-09-27,Brazil,Tunisia,5.0,1.0,Friendly,Paris,France,True
2022-09-27,Brunei,Laos,1.0,0.0,Friendly,Bandar Seri Begawan,Brunei,False
2022-09-27,Burkina Faso,Comoros,2.0,1.0,Friendly,Casablanca,Morocco,True
2022-09-27,Canada,Uruguay,0.0,2.0,Friendly,Bratislava,Slovakia,True
2022-09-27,DR Congo,Sierra Leone,3.0,0.0,Friendly,Casablanca,Morocco,True
2022-09-27,Costa Rica,Uzbekistan,2.0,1.0,Friendly,Suwon,South Korea,True
2022-09-27,Ecuador,Japan,0.0,0.0,Kirin Challenge Cup,Düsseldorf,Germany,True
2022-09-27,Egypt,Liberia,3.0,0.0,Friendly,Alexandria,Egypt,False
2022-09-27,Equatorial Guinea,Togo,2.0,2.0,Friendly,Casablanca,Morocco,True
2022-09-27,Ghana,Nicaragua,1.0,0.0,Friendly,Lorca,Spain,True
2022-09-27,Honduras,Guatemala,2.0,1.0,Friendly,Houston,United States,True
2022-09-27,Indonesia,Curaçao,2.0,1.0,Friendly,Cibinong,Indonesia,False
2022-09-27,Iran,Senegal,1.0,1.0,Friendly,Maria Enzersdorf,Austria,True
2022-09-27,Ivory Coast,Guinea,3.0,1.0,Friendly,Amiens,France,True
2022-09-27,South Korea,Cameroon,1.0,0.0,Friendly,Seoul,South Korea,False
2022-09-27,Libya,Tanzania,2.0,1.0,Friendly,Benghazi,Libya,False
2022-09-27,Madagascar,Benin,3.0,1.0,Friendly,Mohammedia,Morocco,True
2022-09-27,Malta,Israel,2.0,1.0,Friendly,Ta' Qali,Malta,False
2022-09-27,Mauritania,Congo,2.0,0.0,Friendly,Mohammedia,Morocco,True
2022-09-27,Mexico,Colombia,2.0,3.0,Friendly,Santa Clara,United States,True
2022-09-27,Nepal,Bangladesh,3.0,1.0,Friendly,Kathmandu,Nepal,False
2022-09-27,Paraguay,Morocco,0.0,0.0,Friendly,Seville,Spain,True
2022-09-27,Peru,El Salvador,4.0,1.0,Friendly,"Washington, D.C.",United States,True
2022-09-27,Qatar,Chile,2.0,2.0,Friendly,Vienna,Austria,True
2022-09-27,Saudi Arabia,United States,0.0,0.0,Friendly,Murcia,Spain,True
2022-09-27,South Africa,Botswana,1.0,0.0,Friendly,Johannesburg,South Africa,False
2022-09-27,United Arab Emirates,Venezuela,0.0,4.0,Friendly,Wiener Neustadt,Austria,True
2022-09-27,Vietnam,India,3.0,0.0,Friendly,Ho Chi Minh City,Vietnam,False
2022-09-27,Portugal,Spain,0.0,1.0,UEFA Nations League,Braga,Portugal,False
2022-09-27,Switzerland,Czech Republic,2.0,1.0,UEFA Nations League,St. Gallen,Switzerland,False
2022-09-27,Republic of Ireland,Armenia,3.0,2.0,UEFA Nations League,Dublin,Republic of Ireland,False
2022-09-27,Ukraine,Scotland,0.0,0.0,UEFA Nations League,Kraków,Poland,True
2022-09-27,Albania,Iceland,1.0,1.0,UEFA Nations League,Tirana,Albania,False
2022-09-27,Norway,Serbia,0.0,2.0,UEFA Nations League,Oslo,Norway,False
2022-09-27,Sweden,Slovenia,1.0,1.0,UEFA Nations League,Stockholm,Sweden,False
2022-09-27,Kosovo,Cyprus,5.0,1.0,UEFA Nations League,Pristina,Kosovo,False
2022-09-27,Greece,Northern Ireland,3.0,1.0,UEFA Nations League,Athens,Greece,False
2022-09-30,Fiji,Solomon Islands,1.0,0.0,MSG Prime Minister's Cup,Luganville,Vanuatu,True
2022-10-01,Saint Vincent and the Grenadines,Grenada,1.0,5.0,Friendly,Kingstown,Saint Vincent and the Grenadines,False
2022-10-22,Saudi Arabia,North Macedonia,1.0,0.0,Friendly,Abu Dhabi,United Arab Emirates,True
2022-10-23,Qatar,Guatemala,2.0,0.0,Friendly,Málaga,Spain,True
2022-10-26,Saudi Arabia,Albania,1.0,1.0,Friendly,Abu Dhabi,United Arab Emirates,True
2022-10-27,Qatar,Honduras,1.0,0.0,Friendly,Marbella,Spain,True
2022-10-30,Saudi Arabia,Honduras,0.0,0.0,Friendly,Abu Dhabi,United Arab Emirates,True
2022-11-05,Brunei,Timor-Leste,6.0,2.0,AFF Championship qualification,Bandar Seri Begawan,Brunei,False
2022-11-06,Saudi Arabia,Iceland,1.0,0.0,Friendly,Abu Dhabi,United Arab Emirates,True
2022-11-07,Qatar,Panama,2.0,1.0,Friendly,Marbella,Spain,True
2022-11-08,Brunei,Timor-Leste,0.0,1.0,AFF Championship qualification,Bandar Seri Begawan,Brunei,False
2022-11-09,Albania,Qatar,0.0,1.0,Friendly,Marbella,Spain,True
2022-11-09,Cameroon,Jamaica,1.0,1.0,Friendly,Yaoundé,Cameroon,False
2022-11-09,Costa Rica,Nigeria,2.0,0.0,Friendly,San José,Costa Rica,False
2022-11-09,Mexico,Iraq,4.0,0.0,Friendly,Girona,Spain,True
2022-11-10,Iran,Nicaragua,1.0,0.0,Friendly,Tehran,Iran,False
2022-11-10,Saudi Arabia,Panama,1.0,1.0,Friendly,Abu Dhabi,United Arab Emirates,True
2022-11-11,Bahrain,Canada,2.0,2.0,Friendly,Isa Town,Bahrain,False
2022-11-11,South Korea,Iceland,1.0,0.0,Friendly,Hwaseong,South Korea,False
2022-11-12,Iraq,Ecuador,0.0,0.0,Friendly,Madrid,Spain,True
2022-11-13,Syria,Algeria,0.0,1.0,Friendly,Sharjah,United Arab Emirates,True
2022-11-13,West Papua,Raetia,1.0,1.0,Friendly,The Hague,Netherlands,True
2022-11-15,Venezuela,Panama,2.0,2.0,Friendly,Al Hamriyah,United Arab Emirates,True
2022-11-16,Albania,Italy,1.0,3.0,Friendly,Tirana,Albania,False
2022-11-16,Algeria,Mali,1.0,1.0,Friendly,Oran,Algeria,False
2022-11-16,Andorra,Austria,0.0,1.0,Friendly,Málaga,Spain,True
2022-11-16,Cyprus,Bulgaria,0.0,2.0,Friendly,Larnaca,Cyprus,False
2022-11-16,Czech Republic,Faroe Islands,5.0,0.0,Friendly,Olomouc,Czech Republic,False
2022-11-16,Dominican Republic,Cuba,2.0,4.0,Friendly,Santiago de los Caballeros,Dominican Republic,False
2022-11-16,Gibraltar,Liechtenstein,2.0,0.0,Friendly,Gibraltar,Gibraltar,False
2022-11-16,Iran,Tunisia,0.0,2.0,Friendly,Doha,Qatar,True
2022-11-16,Ivory Coast,Burundi,4.0,0.0,Friendly,Marrakech,Morocco,True
2022-11-16,Kosovo,Armenia,2.0,2.0,Friendly,Pristina,Kosovo,False
2022-11-16,Mexico,Sweden,1.0,2.0,Friendly,Girona,Spain,True
2022-11-16,Moldova,Azerbaijan,1.0,2.0,Friendly,Chișinău,Moldova,False
2022-11-16,Nepal,Pakistan,1.0,0.0,Friendly,Kathmandu,Nepal,False
2022-11-16,Nicaragua,El Salvador,1.0,0.0,Friendly,Managua,Nicaragua,False
2022-11-16,Oman,Germany,0.0,1.0,Friendly,Muscat,Oman,False
2022-11-16,Peru,Paraguay,1.0,0.0,Friendly,Lima,Peru,False
2022-11-16,Poland,Chile,1.0,0.0,Friendly,Warsaw,Poland,False
2022-11-16,Saudi Arabia,Croatia,0.0,1.0,Friendly,Riyadh,Saudi Arabia,False
2022-11-16,Turkey,Scotland,2.0,1.0,Friendly,Diyarbakir,Turkey,False
2022-11-16,United Arab Emirates,Argentina,0.0,5.0,Friendly,Abu Dhabi,United Arab Emirates,False
2022-11-16,Uzbekistan,Kazakhstan,2.0,0.0,Friendly,Tashkent,Uzbekistan,False
2022-11-16,Lithuania,Iceland,0.0,0.0,Baltic Cup,Kaunas,Lithuania,False
2022-11-16,Latvia,Estonia,1.0,1.0,Baltic Cup,Riga,Latvia,False
2022-11-17,Angola,Botswana,1.0,0.0,Friendly,Soweto,South Africa,True
2022-11-17,Gabon,Guinea-Bissau,3.0,1.0,Friendly,Antalya,Turkey,True
2022-11-17,Israel,Zambia,4.0,2.0,Friendly,Petah Tikva,Israel,False
2022-11-17,Japan,Canada,1.0,2.0,Friendly,Dubai,United Arab Emirates,True
2022-11-17,Jordan,Spain,1.0,3.0,Friendly,Amman,Jordan,False
2022-11-17,Luxembourg,Hungary,2.0,2.0,Friendly,Luxembourg,Luxembourg,False
2022-11-17,Malta,Greece,2.0,2.0,Friendly,Ta' Qali,Malta,False
2022-11-17,Montenegro,Slovakia,2.0,2.0,Friendly,Podgorica,Montenegro,False
2022-11-17,Morocco,Georgia,3.0,0.0,Friendly,Sharjah,United Arab Emirates,True
2022-11-17,Niger,Libya,2.0,3.0,Friendly,Antalya,Turkey,True
2022-11-17,North Macedonia,Finland,1.0,1.0,Friendly,Skopje,North Macedonia,False
2022-11-17,Portugal,Nigeria,4.0,0.0,Friendly,Lisbon,Portugal,False
2022-11-17,Republic of Ireland,Norway,1.0,2.0,Friendly,Dublin,Republic of Ireland,False
2022-11-17,Romania,Slovenia,1.0,2.0,Friendly,Cluj-Napoca,Romania,False
2022-11-17,Rwanda,Sudan,0.0,0.0,Friendly,Kigali,Rwanda,False
2022-11-17,South Africa,Mozambique,2.0,1.0,Friendly,Mbombela,South Africa,False
2022-11-17,Saint Lucia,San Marino,1.0,1.0,Friendly,Gros Islet,Saint Lucia,False
2022-11-17,Switzerland,Ghana,0.0,2.0,Friendly,Abu Dhabi,United Arab Emirates,True
2022-11-17,Syria,Belarus,0.0,1.0,Friendly,Dubai,United Arab Emirates,True
2022-11-17,Tajikistan,Russia,0.0,0.0,Friendly,Dushanbe,Tajikistan,False
2022-11-18,Bahrain,Serbia,1.0,5.0,Friendly,Arad,Bahrain,False
2022-11-18,Cameroon,Panama,1.0,1.0,Friendly,Abu Dhabi,United Arab Emirates,True
2022-11-18,Dominican Republic,Cuba,1.0,1.0,Friendly,San Cristóbal,Dominican Republic,False
2022-11-18,Egypt,Belgium,2.0,1.0,Friendly,Kuwait City,Kuwait,True
2022-11-19,Albania,Armenia,2.0,0.0,Friendly,Tirana,Albania,False
2022-11-19,Colombia,Paraguay,2.0,0.0,Friendly,Fort Lauderdale,United States,True
2022-11-19,Gibraltar,Andorra,1.0,0.0,Friendly,Gibraltar,Gibraltar,False
2022-11-19,Guatemala,Nicaragua,3.0,1.0,Friendly,Carson,United States,True
2022-11-19,Ivory Coast,Burkina Faso,1.0,2.0,Friendly,Marrakech,Morocco,True
2022-11-19,Kosovo,Faroe Islands,1.0,1.0,Friendly,Pristina,Kosovo,False
2022-11-19,Kuwait,Lebanon,2.0,0.0,Friendly,Dubai,United Arab Emirates,True
2022-11-19,Peru,Bolivia,1.0,0.0,Friendly,Arequipa,Peru,False
2022-11-19,Rwanda,Sudan,1.0,0.0,Friendly,Kigali,Rwanda,False
2022-11-19,Sweden,Algeria,2.0,0.0,Friendly,Malmö,Sweden,False
2022-11-19,Turkey,Czech Republic,2.0,1.0,Friendly,Gaziantep,Turkey,False
2022-11-19,United Arab Emirates,Kazakhstan,2.0,1.0,Friendly,Abu Dhabi,United Arab Emirates,False
2022-11-19,Estonia,Lithuania,2.0,0.0,Baltic Cup,Tallinn,Estonia,False
2022-11-19,Latvia,Iceland,1.0,1.0,Baltic Cup,Riga,Latvia,False
2022-11-20,Austria,Italy,2.0,0.0,Friendly,Vienna,Austria,False
2022-11-20,Gambia,Guinea-Bissau,0.0,0.0,Friendly,Antalya,Turkey,True
2022-11-20,Hungary,Greece,2.0,1.0,Friendly,Budapest,Hungary,False
2022-11-20,Israel,Cyprus,2.0,3.0,Friendly,Petah Tikva,Israel,False
2022-11-20,Luxembourg,Bulgaria,0.0,0.0,Friendly,Luxembourg,Luxembourg,False
2022-11-20,Malta,Republic of Ireland,0.0,1.0,Friendly,Ta' Qali,Malta,False
2022-11-20,Moldova,Romania,0.0,5.0,Friendly,Chișinău,Moldova,False
2022-11-20,Niger,Gabon,1.0,3.0,Friendly,Antalya,Turkey,True
2022-11-20,North Macedonia,Azerbaijan,1.0,3.0,Friendly,Skopje,North Macedonia,False
2022-11-20,Norway,Finland,1.0,1.0,Friendly,Oslo,Norway,False
2022-11-20,Oman,Belarus,2.0,0.0,Friendly,Al Ain,United Arab Emirates,True
2022-11-20,Slovakia,Chile,0.0,0.0,Friendly,Bratislava,Slovakia,False
2022-11-20,Slovenia,Montenegro,1.0,0.0,Friendly,Ljubljana,Slovenia,False
2022-11-20,South Africa,Angola,1.0,1.0,Friendly,Mbombela,South Africa,False
2022-11-20,Saint Lucia,San Marino,1.0,0.0,Friendly,Gros Islet,Saint Lucia,False
2022-11-20,Syria,Venezuela,1.0,2.0,Friendly,Dubai,United Arab Emirates,True
2022-11-20,Uzbekistan,Russia,0.0,0.0,Friendly,Tashkent,Uzbekistan,False
2022-11-20,Qatar,Ecuador,0.0,2.0,FIFA World Cup,Al Khor,Qatar,False
2022-11-21,Senegal,Netherlands,0.0,2.0,FIFA World Cup,Doha,Qatar,True
2022-11-21,England,Iran,6.0,2.0,FIFA World Cup,Al Rayyan,Qatar,True
2022-11-21,United States,Wales,1.0,1.0,FIFA World Cup,Al Rayyan,Qatar,True
2022-11-22,Argentina,Saudi Arabia,1.0,2.0,FIFA World Cup,Lusail,Qatar,True
2022-11-22,Mexico,Poland,0.0,0.0,FIFA World Cup,Doha,Qatar,True
2022-11-22,Denmark,Tunisia,0.0,0.0,FIFA World Cup,Al Rayyan,Qatar,True
2022-11-22,France,Australia,4.0,1.0,FIFA World Cup,Al Wakrah,Qatar,True
2022-11-23,Germany,Japan,1.0,2.0,FIFA World Cup,Al Rayyan,Qatar,True
2022-11-23,Spain,Costa Rica,7.0,0.0,FIFA World Cup,Doha,Qatar,True
2022-11-23,Morocco,Croatia,0.0,0.0,FIFA World Cup,Al Khor,Qatar,True
2022-11-23,Belgium,Canada,1.0,0.0,FIFA World Cup,Al Rayyan,Qatar,True
2022-11-24,Switzerland,Cameroon,1.0,0.0,FIFA World Cup,Al Wakrah,Qatar,True
2022-11-24,Brazil,Serbia,2.0,0.0,FIFA World Cup,Lusail,Qatar,True
2022-11-24,Uruguay,South Korea,0.0,0.0,FIFA World Cup,Al Rayyan,Qatar,True
2022-11-24,Portugal,Ghana,3.0,2.0,FIFA World Cup,Doha,Qatar,True
2022-11-25,Qatar,Senegal,1.0,3.0,FIFA World Cup,Doha,Qatar,False
2022-11-25,Netherlands,Ecuador,1.0,1.0,FIFA World Cup,Al Rayyan,Qatar,True
2022-11-25,Wales,Iran,0.0,2.0,FIFA World Cup,Al Rayyan,Qatar,True
2022-11-25,England,United States,0.0,0.0,FIFA World Cup,Al Khor,Qatar,True
2022-11-26,Poland,Saudi Arabia,2.0,0.0,FIFA World Cup,Al Rayyan,Qatar,True
2022-11-26,Argentina,Mexico,2.0,0.0,FIFA World Cup,Lusail,Qatar,True
2022-11-26,Tunisia,Australia,0.0,1.0,FIFA World Cup,Al Wakrah,Qatar,True
2022-11-26,France,Denmark,2.0,1.0,FIFA World Cup,Doha,Qatar,True
2022-11-27,Japan,Costa Rica,0.0,1.0,FIFA World Cup,Al Rayyan,Qatar,True
2022-11-27,Spain,Germany,1.0,1.0,FIFA World Cup,Al Khor,Qatar,True
2022-11-27,Belgium,Morocco,0.0,2.0,FIFA World Cup,Doha,Qatar,True
2022-11-27,Croatia,Canada,4.0,1.0,FIFA World Cup,Al Rayyan,Qatar,True
2022-11-28,Cameroon,Serbia,3.0,3.0,FIFA World Cup,Al Wakrah,Qatar,True
2022-11-28,Brazil,Switzerland,1.0,0.0,FIFA World Cup,Doha,Qatar,True
2022-11-28,South Korea,Ghana,2.0,3.0,FIFA World Cup,Al Rayyan,Qatar,True
2022-11-28,Portugal,Uruguay,2.0,0.0,FIFA World Cup,Lusail,Qatar,True
2022-11-29,Ecuador,Senegal,1.0,2.0,FIFA World Cup,Al Rayyan,Qatar,True
2022-11-29,Qatar,Netherlands,0.0,2.0,FIFA World Cup,Al Khor,Qatar,False
2022-11-29,Wales,England,0.0,3.0,FIFA World Cup,Al Rayyan,Qatar,True
2022-11-29,Iran,United States,0.0,1.0,FIFA World Cup,Doha,Qatar,True
2022-11-30,Poland,Argentina,0.0,2.0,FIFA World Cup,Doha,Qatar,True
2022-11-30,Saudi Arabia,Mexico,1.0,2.0,FIFA World Cup,Lusail,Qatar,True
2022-11-30,Australia,Denmark,1.0,0.0,FIFA World Cup,Al Wakrah,Qatar,True
2022-11-30,Tunisia,France,1.0,0.0,FIFA World Cup,Al Rayyan,Qatar,True
2022-12-01,Japan,Spain,2.0,1.0,FIFA World Cup,Al Rayyan,Qatar,True
2022-12-01,Costa Rica,Germany,2.0,4.0,FIFA World Cup,Al Khor,Qatar,True
2022-12-01,Croatia,Belgium,0.0,0.0,FIFA World Cup,Al Rayyan,Qatar,True
2022-12-01,Canada,Morocco,1.0,2.0,FIFA World Cup,Doha,Qatar,True
2022-12-02,Serbia,Switzerland,2.0,3.0,FIFA World Cup,Doha,Qatar,True
2022-12-02,Cameroon,Brazil,1.0,0.0,FIFA World Cup,Lusail,Qatar,True
2022-12-02,Ghana,Uruguay,0.0,2.0,FIFA World Cup,Al Wakrah,Qatar,True
2022-12-02,South Korea,Portugal,2.0,1.0,FIFA World Cup,Al Rayyan,Qatar,True
2022-12-03,Netherlands,United States,3.0,1.0,FIFA World Cup,Al Rayyan,Qatar,True
2022-12-03,Argentina,Australia,2.0,1.0,FIFA World Cup,Al Rayyan,Qatar,True
2022-12-04,France,Poland,3.0,1.0,FIFA World Cup,Doha,Qatar,True
2022-12-04,England,Senegal,3.0,0.0,FIFA World Cup,Al Khor,Qatar,True
2022-12-05,Japan,Croatia,1.0,1.0,FIFA World Cup,Al Wakrah,Qatar,True
2022-12-05,Brazil,South Korea,4.0,1.0,FIFA World Cup,Doha,Qatar,True
2022-12-06,Morocco,Spain,0.0,0.0,FIFA World Cup,Al Rayyan,Qatar,True
2022-12-06,Portugal,Switzerland,6.0,1.0,FIFA World Cup,Lusail,Qatar,True
2022-12-09,Croatia,Brazil,1.0,1.0,FIFA World Cup,Al Rayyan,Qatar,True
2022-12-09,Netherlands,Argentina,2.0,2.0,FIFA World Cup,Lusail,Qatar,True
2022-12-09,Malaysia,Cambodia,4.0,0.0,Friendly,Kuala Lumpur,Malaysia,False
2022-12-10,Morocco,Portugal,1.0,0.0,FIFA World Cup,Doha,Qatar,True
2022-12-10,England,France,1.0,2.0,FIFA World Cup,Al Khor,Qatar,True
2022-12-11,Thailand,Myanmar,6.0,0.0,Friendly,Pathum Thani,Thailand,False
2022-12-13,Argentina,Croatia,3.0,0.0,FIFA World Cup,Lusail,Qatar,True
2022-12-14,France,Morocco,2.0,0.0,FIFA World Cup,Al Khor,Qatar,True
2022-12-14,Malaysia,Maldives,3.0,0.0,Friendly,Kuala Lumpur,Malaysia,False
2022-12-14,Thailand,Taiwan,0.0,1.0,Friendly,Pathum Thani,Thailand,False
2022-12-14,Vietnam,Philippines,1.0,0.0,Friendly,Hanoi,Vietnam,False
2022-12-17,Croatia,Morocco,2.0,1.0,FIFA World Cup,Al Rayyan,Qatar,True
2022-12-17,Singapore,Maldives,3.0,1.0,Friendly,Singapore,Singapore,False
2022-12-18,Argentina,France,3.0,3.0,FIFA World Cup,Lusail,Qatar,True
2022-12-20,Cambodia,Philippines,3.0,2.0,AFF Championship,Phnom Penh,Cambodia,False
2022-12-20,Brunei,Thailand,0.0,5.0,AFF Championship,Kuala Lumpur,Malaysia,True
2022-12-21,Myanmar,Malaysia,0.0,1.0,AFF Championship,Yangon,Myanmar,False
2022-12-21,Laos,Vietnam,0.0,6.0,AFF Championship,Vientiane,Laos,False
2022-12-23,Oman,Syria,2.0,1.0,Friendly,Dubai,United Arab Emirates,True
2022-12-23,Philippines,Brunei,5.0,1.0,AFF Championship,Manila,Philippines,False
2022-12-23,Indonesia,Cambodia,2.0,1.0,AFF Championship,Jakarta,Indonesia,False
2022-12-24,Singapore,Myanmar,3.0,2.0,AFF Championship,Singapore,Singapore,False
2022-12-24,Malaysia,Laos,5.0,0.0,AFF Championship,Kuala Lumpur,Malaysia,False
2022-12-26,Brunei,Indonesia,0.0,7.0,AFF Championship,Kuala Lumpur,Malaysia,True
2022-12-26,Thailand,Philippines,4.0,0.0,AFF Championship,Pathum Thani,Thailand,False
2022-12-27,Laos,Singapore,0.0,2.0,AFF Championship,Vientiane,Laos,False
2022-12-27,Vietnam,Malaysia,3.0,0.0,AFF Championship,Hanoi,Vietnam,False
2022-12-29,Cambodia,Brunei,5.0,1.0,AFF Championship,Phnom Penh,Cambodia,False
2022-12-29,Indonesia,Thailand,1.0,1.0,AFF Championship,Jakarta,Indonesia,False
2022-12-30,Iraq,Kuwait,1.0,0.0,Friendly,Basra,Iraq,False
2022-12-30,Oman,Syria,1.0,0.0,Friendly,Dubai,United Arab Emirates,True
2022-12-30,United Arab Emirates,Lebanon,1.0,0.0,Friendly,Abu Dhabi,United Arab Emirates,False
2022-12-30,Myanmar,Laos,2.0,2.0,AFF Championship,Yangon,Myanmar,False
2022-12-30,Singapore,Vietnam,0.0,0.0,AFF Championship,Singapore,Singapore,False
2023-01-02,Thailand,Cambodia,3.0,1.0,AFF Championship,Pathum Thani,Thailand,False
2023-01-02,Philippines,Indonesia,1.0,2.0,AFF Championship,Manila,Philippines,False
2023-01-03,Vietnam,Myanmar,3.0,0.0,AFF Championship,Hanoi,Vietnam,False
2023-01-03,Malaysia,Singapore,4.0,1.0,AFF Championship,Kuala Lumpur,Malaysia,False
2023-01-06,Iraq,Oman,0.0,0.0,Gulf Cup,Basra,Iraq,False
2023-01-06,Yemen,Saudi Arabia,0.0,2.0,Gulf Cup,Basra,Iraq,True
2023-01-06,Indonesia,Vietnam,0.0,0.0,AFF Championship,Jakarta,Indonesia,False
2023-01-07,Bahrain,United Arab Emirates,2.0,1.0,Gulf Cup,Basra,Iraq,True
2023-01-07,Kuwait,Qatar,0.0,2.0,Gulf Cup,Basra,Iraq,True
2023-01-07,Malaysia,Thailand,1.0,0.0,AFF Championship,Kuala Lumpur,Malaysia,False
2023-01-08,Iceland,Estonia,1.0,1.0,Friendly,Albufeira,Portugal,True
2023-01-09,Sweden,Finland,2.0,0.0,Friendly,Faro-Loulé,Portugal,True
2023-01-09,Oman,Yemen,3.0,2.0,Gulf Cup,Basra,Iraq,True
2023-01-09,Iraq,Saudi Arabia,2.0,0.0,Gulf Cup,Basra,Iraq,False
2023-01-09,Vietnam,Indonesia,2.0,0.0,AFF Championship,Hanoi,Vietnam,False
2023-01-10,United Arab Emirates,Kuwait,0.0,1.0,Gulf Cup,Basra,Iraq,True
2023-01-10,Qatar,Bahrain,1.0,2.0,Gulf Cup,Basra,Iraq,True
2023-01-10,Thailand,Malaysia,3.0,0.0,AFF Championship,Pathum Thani,Thailand,False
2023-01-12,Finland,Estonia,0.0,1.0,Friendly,Albufeira,Portugal,True
2023-01-12,Sweden,Iceland,2.0,1.0,Friendly,Faro-Loulé,Portugal,True
2023-01-12,Iraq,Yemen,5.0,0.0,Gulf Cup,Basra,Iraq,False
2023-01-12,Saudi Arabia,Oman,1.0,2.0,Gulf Cup,Basra,Iraq,True
2023-01-13,Bahrain,Kuwait,1.0,1.0,Gulf Cup,Basra,Iraq,True
2023-01-13,Qatar,United Arab Emirates,1.0,1.0,Gulf Cup,Basra,Iraq,True
2023-01-13,Vietnam,Thailand,2.0,2.0,AFF Championship,Hanoi,Vietnam,False
2023-01-16,Iraq,Qatar,2.0,1.0,Gulf Cup,Basra,Iraq,False
2023-01-16,Bahrain,Oman,0.0,1.0,Gulf Cup,Basra,Iraq,True
2023-01-16,Thailand,Vietnam,1.0,0.0,AFF Championship,Pathum Thani,Thailand,False
2023-01-19,Iraq,Oman,3.0,2.0,Gulf Cup,Basra,Iraq,False
2023-01-25,United States,Serbia,1.0,2.0,Friendly,Los Angeles,United States,False
2023-01-28,United States,Colombia,0.0,0.0,Friendly,Carson,United States,False
2023-02-22,Grenada,Barbados,1.0,1.0,Friendly,Sauteurs,Grenada,False
2023-02-26,Grenada,Barbados,2.0,2.0,Friendly,St. George's,Grenada,False
2023-03-03,Grenada,Saint Lucia,1.0,2.0,Friendly,St. George's,Grenada,False
2023-03-04,Saint Barthélemy,Sint Maarten,5.0,1.0,Friendly,Saint-Jean,Saint Barthélemy,False
2023-03-05,Grenada,Saint Lucia,2.0,0.0,Friendly,Gouyave,Grenada,False
2023-03-10,Saint Martin,Saint Barthélemy,3.0,2.0,Friendly,Quartier-d'Orleans,Saint Martin,False
2023-03-11,Jamaica,Trinidad and Tobago,0.0,1.0,Friendly,Montego Bay,Jamaica,False
2023-03-12,Guatemala,Panama,1.0,1.0,Friendly,San Jose,United States,True
2023-03-14,Jamaica,Trinidad and Tobago,0.0,0.0,Friendly,Kingston,Jamaica,False
2023-03-15,Bangladesh,Malawi,1.0,1.0,Friendly,Medina,Saudi Arabia,True
2023-03-19,Ethiopia,Rwanda,1.0,0.0,Friendly,Adama,Ethiopia,False
2023-03-20,Fiji,Vanuatu,1.0,2.0,Friendly,Lautoka,Fiji,False
2023-03-21,Maldives,Pakistan,1.0,0.0,Friendly,Laamu,Maldives,False
2023-03-21,Tahiti,New Caledonia,0.0,2.0,Friendly,Pirae,Tahiti,False
2023-03-22,Honduras,El Salvador,1.0,0.0,Friendly,Los Angeles,United States,True
2023-03-22,India,Myanmar,1.0,0.0,Tri Nation Tournament,Imphal,India,False
2023-03-22,Nepal,Laos,2.0,0.0,Tri Nation Tournament,Kathmandu,Nepal,False
2023-03-22,Republic of Ireland,Latvia,3.0,2.0,Friendly,Dublin,Republic of Ireland,False
2023-03-22,Sierra Leone,São Tomé and Príncipe,2.0,2.0,African Cup of Nations qualification,Agadir,Morocco,True
2023-03-22,Benin,Rwanda,1.0,1.0,African Cup of Nations qualification,Cotonou,Benin,False
2023-03-23,Argentina,Panama,2.0,0.0,Friendly,Buenos Aires,Argentina,False
2023-03-23,Hong Kong,Singapore,1.0,1.0,Friendly,Hong Kong,Hong Kong,False
2023-03-23,Hungary,Estonia,1.0,0.0,Friendly,Budapest,Hungary,False
2023-03-23,Iran,Russia,1.0,1.0,Friendly,Tehran,Iran,False
2023-03-23,Malaysia,Turkmenistan,1.0,0.0,Friendly,Johor Bahru,Malaysia,False
2023-03-23,New Zealand,China PR,0.0,0.0,Friendly,Auckland,New Zealand,False
2023-03-23,Solomon Islands,Vanuatu,2.0,0.0,Friendly,Lautoka,Fiji,True
2023-03-23,Madagascar,Central African Republic,0.0,3.0,African Cup of Nations qualification,Antananarivo,Madagascar,False
2023-03-23,Ghana,Angola,1.0,0.0,African Cup of Nations qualification,Kumasi,Ghana,False
2023-03-23,Algeria,Niger,2.0,1.0,African Cup of Nations qualification,Algiers,Algeria,False
2023-03-23,Congo,South Sudan,1.0,2.0,African Cup of Nations qualification,Brazzaville,Congo,False
2023-03-23,Zambia,Lesotho,3.0,1.0,African Cup of Nations qualification,Ndola,Zambia,False
2023-03-23,Gabon,Sudan,1.0,0.0,African Cup of Nations qualification,Franceville,Gabon,False
2023-03-23,Italy,England,1.0,2.0,UEFA Euro qualification,Napoli,Italy,False
2023-03-23,North Macedonia,Malta,2.0,1.0,UEFA Euro qualification,Skopje,North Macedonia,False
2023-03-23,Denmark,Finland,3.0,1.0,UEFA Euro qualification,Copenhagen,Denmark,False
2023-03-23,San Marino,Northern Ireland,0.0,2.0,UEFA Euro qualification,Serravalle,San Marino,False
2023-03-23,Kazakhstan,Slovenia,1.0,2.0,UEFA Euro qualification,Astana,Kazakhstan,False
2023-03-23,Portugal,Liechtenstein,4.0,0.0,UEFA Euro qualification,Lisbon,Portugal,False
2023-03-23,Bosnia and Herzegovina,Iceland,3.0,0.0,UEFA Euro qualification,Zenica,Bosnia and Herzegovina,False
2023-03-23,Slovakia,Luxembourg,0.0,0.0,UEFA Euro qualification,Trnava,Slovakia,False
2023-03-23,Suriname,Mexico,0.0,2.0,CONCACAF Nations League,Paramaribo,Suriname,False
2023-03-23,Barbados,Cuba,0.0,1.0,CONCACAF Nations League,Bridgetown,Barbados,False
2023-03-23,Guadeloupe,Antigua and Barbuda,0.0,1.0,CONCACAF Nations League,Les Abymes,Guadeloupe,False
2023-03-23,French Guiana,Dominican Republic,1.0,1.0,CONCACAF Nations League,Cayenne,French Guiana,False
2023-03-23,Saint Martin,Saint Kitts and Nevis,1.0,3.0,CONCACAF Nations League,The Valley,Anguilla,True
2023-03-23,British Virgin Islands,Puerto Rico,1.0,3.0,CONCACAF Nations League,Road Town,British Virgin Islands,False
2023-03-24,Australia,Ecuador,3.0,1.0,Friendly,Sydney,Australia,False
2023-03-24,Japan,Uruguay,1.0,1.0,Friendly,Tokyo,Japan,False
2023-03-24,South Korea,Colombia,2.0,2.0,Friendly,Ulsan,South Korea,False
2023-03-24,Kuwait,Philippines,2.0,0.0,Friendly,Kuwait City,Kuwait,False
2023-03-24,Saudi Arabia,Venezuela,1.0,2.0,Friendly,Jeddah,Saudi Arabia,False
2023-03-24,Tahiti,New Caledonia,2.0,1.0,Friendly,Pirae,Tahiti,False
2023-03-24,Uzbekistan,Bolivia,1.0,0.0,Friendly,Jeddah,Saudi Arabia,True
2023-03-24,Nigeria,Guinea-Bissau,0.0,1.0,African Cup of Nations qualification,Abuja,Nigeria,False
2023-03-24,Cape Verde,Eswatini,0.0,0.0,African Cup of Nations qualification,Praia,Cape Verde,False
2023-03-24,Burkina Faso,Togo,1.0,0.0,African Cup of Nations qualification,Marrakech,Morocco,True
2023-03-24,Cameroon,Namibia,1.0,1.0,African Cup of Nations qualification,Yaoundé,Cameroon,False
2023-03-24,Guinea,Ethiopia,2.0,0.0,African Cup of Nations qualification,Casablanca,Morocco,True
2023-03-24,Egypt,Malawi,2.0,0.0,African Cup of Nations qualification,Cairo,Egypt,False
2023-03-24,Uganda,Tanzania,0.0,1.0,African Cup of Nations qualification,Ismailia,Egypt,True
2023-03-24,Mali,Gambia,2.0,0.0,African Cup of Nations qualification,Bamako,Mali,False
2023-03-24,Ivory Coast,Comoros,3.0,1.0,African Cup of Nations qualification,Bouaké,Ivory Coast,False
2023-03-24,DR Congo,Mauritania,3.0,1.0,African Cup of Nations qualification,Douala,Cameroon,True
2023-03-24,Equatorial Guinea,Botswana,2.0,0.0,African Cup of Nations qualification,Malabo,Equatorial Guinea,False
2023-03-24,Tunisia,Libya,3.0,0.0,African Cup of Nations qualification,Radès,Tunisia,False
2023-03-24,South Africa,Liberia,2.0,2.0,African Cup of Nations qualification,Johannesburg,South Africa,False
2023-03-24,Senegal,Mozambique,5.0,1.0,African Cup of Nations qualification,Diamniadio,Senegal,False
2023-03-24,Gibraltar,Greece,0.0,3.0,UEFA Euro qualification,Faro-Loulé,Portugal,True
2023-03-24,France,Netherlands,4.0,0.0,UEFA Euro qualification,Paris,France,False
2023-03-24,Czech Republic,Poland,3.0,1.0,UEFA Euro qualification,Prague,Czech Republic,False
2023-03-24,Moldova,Faroe Islands,1.0,1.0,UEFA Euro qualification,Chișinău,Moldova,False
2023-03-24,Austria,Azerbaijan,4.0,1.0,UEFA Euro qualification,Pasching,Austria,False
2023-03-24,Sweden,Belgium,0.0,3.0,UEFA Euro qualification,Stockholm,Sweden,False
2023-03-24,Bulgaria,Montenegro,0.0,1.0,UEFA Euro qualification,Razgrad,Bulgaria,False
2023-03-24,Serbia,Lithuania,2.0,0.0,UEFA Euro qualification,Belgrade,Serbia,False
2023-03-24,Grenada,United States,1.0,7.0,CONCACAF Nations League,St. George's,Grenada,False
2023-03-24,Bahamas,Trinidad and Tobago,0.0,3.0,CONCACAF Nations League,Nassau,Bahamas,False
2023-03-24,Nicaragua,Saint Vincent and the Grenadines,4.0,1.0,CONCACAF Nations League,Managua,Nicaragua,False
2023-03-24,Belize,Guatemala,1.0,2.0,CONCACAF Nations League,Belmopan,Belize,False
2023-03-24,Anguilla,Saint Lucia,1.0,2.0,CONCACAF Nations League,The Valley,Anguilla,False
2023-03-25,Bahrain,Palestine,1.0,2.0,Friendly,Arad,Bahrain,False
2023-03-25,Bangladesh,Seychelles,1.0,0.0,Friendly,Sylhet,Bangladesh,False
2023-03-25,Bhutan,Laos,1.0,2.0,Tri Nation Tournament,Kathmandu,Nepal,True
2023-03-25,Georgia,Mongolia,6.0,1.0,Friendly,Batumi,Georgia,False
2023-03-25,Germany,Peru,2.0,0.0,Friendly,Mainz,Germany,False
2023-03-25,Indonesia,Burundi,3.0,1.0,Friendly,Bekasi,Indonesia,False
2023-03-25,Morocco,Brazil,2.0,1.0,Friendly,Tangier,Morocco,False
2023-03-25,Myanmar,Kyrgyzstan,1.0,1.0,Tri Nation Tournament,Imphal,India,True
2023-03-25,Thailand,Syria,1.0,3.0,Friendly,Dubai,United Arab Emirates,True
2023-03-25,United Arab Emirates,Tajikistan,0.0,0.0,Friendly,Abu Dhabi,United Arab Emirates,False
2023-03-25,Scotland,Cyprus,3.0,0.0,UEFA Euro qualification,Glasgow,Scotland,False
2023-03-25,Spain,Norway,3.0,0.0,UEFA Euro qualification,Málaga,Spain,False
2023-03-25,Croatia,Wales,1.0,1.0,UEFA Euro qualification,Split,Croatia,False
2023-03-25,Armenia,Turkey,1.0,2.0,UEFA Euro qualification,Yerevan,Armenia,False
2023-03-25,Belarus,Switzerland,0.0,5.0,UEFA Euro qualification,Novi Sad,Serbia,True
2023-03-25,Israel,Kosovo,1.0,1.0,UEFA Euro qualification,Tel Aviv,Israel,False
2023-03-25,Andorra,Romania,0.0,2.0,UEFA Euro qualification,Andorra la Vella,Andorra,False
2023-03-25,Martinique,Costa Rica,1.0,2.0,CONCACAF Nations League,Fort-de-France,Martinique,False
2023-03-25,Curaçao,Canada,0.0,2.0,CONCACAF Nations League,Willemstad,Curaçao,False
2023-03-25,Bermuda,Guyana,0.0,2.0,CONCACAF Nations League,Devonshire Parish,Bermuda,False
2023-03-25,Montserrat,Haiti,0.0,4.0,CONCACAF Nations League,Lookout,Montserrat,False
2023-03-25,Sint Maarten,Bonaire,6.0,1.0,CONCACAF Nations League,Saint Croix,United States Virgin Islands,True
2023-03-25,Turks and Caicos Islands,United States Virgin Islands,1.0,0.0,CONCACAF Nations League,Providenciales,Turks and Caicos Islands,False
2023-03-26,Fiji,Solomon Islands,0.0,2.0,Friendly,Lautoka,Fiji,False
2023-03-26,Macau,Singapore,0.0,1.0,Friendly,Taipa,Macau,False
2023-03-26,New Zealand,China PR,2.0,1.0,Friendly,Wellington,New Zealand,False
2023-03-26,Russia,Iraq,2.0,0.0,Friendly,Saint Petersburg,Russia,False
2023-03-26,São Tomé and Príncipe,Sierra Leone,0.0,2.0,African Cup of Nations qualification,Agadir,Morocco,True
2023-03-26,Lesotho,Zambia,0.0,2.0,African Cup of Nations qualification,Soweto,South Africa,True
2023-03-26,England,Ukraine,2.0,0.0,UEFA Euro qualification,London,England,False
2023-03-26,Malta,Italy,0.0,2.0,UEFA Euro qualification,Ta' Qali,Malta,False
2023-03-26,Slovenia,San Marino,2.0,0.0,UEFA Euro qualification,Ljubljana,Slovenia,False
2023-03-26,Kazakhstan,Denmark,3.0,2.0,UEFA Euro qualification,Astana,Kazakhstan,False
2023-03-26,Northern Ireland,Finland,0.0,1.0,UEFA Euro qualification,Belfast,Northern Ireland,False
2023-03-26,Liechtenstein,Iceland,0.0,7.0,UEFA Euro qualification,Vaduz,Liechtenstein,False
2023-03-26,Luxembourg,Portugal,0.0,6.0,UEFA Euro qualification,Luxembourg,Luxembourg,False
2023-03-26,Slovakia,Bosnia and Herzegovina,2.0,0.0,UEFA Euro qualification,Bratislava,Slovakia,False
2023-03-26,Mexico,Jamaica,2.0,2.0,CONCACAF Nations League,Mexico City,Mexico,False
2023-03-26,Antigua and Barbuda,Barbados,1.0,2.0,CONCACAF Nations League,North Sound,Antigua and Barbuda,False
2023-03-26,Cuba,Guadeloupe,1.0,0.0,CONCACAF Nations League,Santiago,Cuba,False
2023-03-26,Puerto Rico,Cayman Islands,5.0,1.0,CONCACAF Nations League,Bayamón,Puerto Rico,False
2023-03-27,Chile,Paraguay,3.0,2.0,Friendly,Santiago,Chile,False
2023-03-27,Greece,Lithuania,0.0,0.0,Friendly,Athens,Greece,False
2023-03-27,North Macedonia,Faroe Islands,1.0,0.0,Friendly,Skopje,North Macedonia,False
2023-03-27,Oman,Lebanon,2.0,0.0,Friendly,Muscat,Oman,False
2023-03-27,Guinea-Bissau,Nigeria,0.0,1.0,African Cup of Nations qualification,Bissau,Guinea-Bissau,False
2023-03-27,Ethiopia,Guinea,2.0,3.0,African Cup of Nations qualification,Rabat,Morocco,True
2023-03-27,Central African Republic,Madagascar,2.0,0.0,African Cup of Nations qualification,Douala,Cameroon,True
2023-03-27,Angola,Ghana,1.0,1.0,African Cup of Nations qualification,Luanda,Angola,False
2023-03-27,Niger,Algeria,0.0,1.0,African Cup of Nations qualification,Radès,Tunisia,True
2023-03-27,South Sudan,Congo,0.0,1.0,African Cup of Nations qualification,Dar es Salaam,Tanzania,True
2023-03-27,Sudan,Gabon,1.0,0.0,African Cup of Nations qualification,Omdurman,Sudan,False
2023-03-27,Republic of Ireland,France,0.0,1.0,UEFA Euro qualification,Dublin,Republic of Ireland,False
2023-03-27,Netherlands,Gibraltar,3.0,0.0,UEFA Euro qualification,Rotterdam,Netherlands,False
2023-03-27,Poland,Albania,1.0,0.0,UEFA Euro qualification,Warsaw,Poland,False
2023-03-27,Moldova,Czech Republic,0.0,0.0,UEFA Euro qualification,Chișinău,Moldova,False
2023-03-27,Austria,Estonia,2.0,1.0,UEFA Euro qualification,Pasching,Austria,False
2023-03-27,Sweden,Azerbaijan,5.0,0.0,UEFA Euro qualification,Stockholm,Sweden,False
2023-03-27,Hungary,Bulgaria,3.0,0.0,UEFA Euro qualification,Budapest,Hungary,False
2023-03-27,Montenegro,Serbia,0.0,2.0,UEFA Euro qualification,Podgorica,Montenegro,False
2023-03-27,United States,El Salvador,1.0,0.0,CONCACAF Nations League,Orlando,United States,False
2023-03-27,Saint Vincent and the Grenadines,Bahamas,1.0,1.0,CONCACAF Nations League,Kingstown,Saint Vincent and the Grenadines,False
2023-03-27,Trinidad and Tobago,Nicaragua,1.0,1.0,CONCACAF Nations League,Bacolet,Trinidad and Tobago,False
2023-03-27,Dominican Republic,Belize,2.0,0.0,CONCACAF Nations League,Santo Domingo,Dominican Republic,False
2023-03-27,Guatemala,French Guiana,4.0,0.0,CONCACAF Nations League,Guatemala City,Guatemala,False
2023-03-27,Saint Kitts and Nevis,Aruba,2.0,0.0,CONCACAF Nations League,Basseterre,Saint Kitts and Nevis,False
2023-03-27,Saint Lucia,Dominica,3.0,1.0,CONCACAF Nations League,Gros Islet,Saint Lucia,False
2023-03-28,Argentina,Curaçao,7.0,0.0,Friendly,Santiago del Estero,Argentina,False
2023-03-28,Armenia,Cyprus,2.0,2.0,Friendly,Yerevan,Armenia,False
2023-03-28,Australia,Ecuador,1.0,2.0,Friendly,Melbourne,Australia,False
2023-03-28,Bahrain,Syria,1.0,0.0,Friendly,Arad,Bahrain,False
2023-03-28,Bangladesh,Seychelles,0.0,1.0,Friendly,Sylhet,Bangladesh,False
2023-03-28,Germany,Belgium,2.0,3.0,Friendly,Cologne,Germany,False
2023-03-28,India,Kyrgyzstan,2.0,0.0,Tri Nation Tournament,Imphal,India,False
2023-03-28,Indonesia,Burundi,2.0,2.0,Friendly,Bekasi,Indonesia,False
2023-03-28,Iran,Kenya,2.0,1.0,Friendly,Tehran,Iran,False
2023-03-28,Japan,Colombia,1.0,2.0,Friendly,Osaka,Japan,False
2023-03-28,Jordan,Philippines,4.0,0.0,Friendly,Al Wakrah,Qatar,True
2023-03-28,South Korea,Uruguay,1.0,2.0,Friendly,Seoul,South Korea,False
2023-03-28,Kuwait,Tajikistan,2.0,1.0,Friendly,Kuwait City,Kuwait,False
2023-03-28,Malaysia,Hong Kong,2.0,0.0,Friendly,Johor Bahru,Malaysia,False
2023-03-28,Morocco,Peru,0.0,0.0,Friendly,Madrid,Spain,True
2023-03-28,Nepal,Bhutan,1.0,1.0,Tri Nation Tournament,Kathmandu,Nepal,False
2023-03-28,Saudi Arabia,Bolivia,1.0,2.0,Friendly,Jeddah,Saudi Arabia,False
2023-03-28,United Arab Emirates,Thailand,2.0,0.0,Friendly,Abu Dhabi,United Arab Emirates,False
2023-03-28,Uzbekistan,Venezuela,1.0,1.0,Friendly,Jeddah,Saudi Arabia,True
2023-03-28,Eswatini,Cape Verde,0.0,1.0,African Cup of Nations qualification,Mbombela,South Africa,True
2023-03-28,Togo,Burkina Faso,1.0,1.0,African Cup of Nations qualification,Lomé,Togo,False
2023-03-28,Namibia,Cameroon,2.0,1.0,African Cup of Nations qualification,Soweto,South Africa,True
2023-03-28,Malawi,Egypt,0.0,4.0,African Cup of Nations qualification,Lilongwe,Malawi,False
2023-03-28,Tanzania,Uganda,0.0,1.0,African Cup of Nations qualification,Dar es Salaam,Tanzania,False
2023-03-28,Gambia,Mali,1.0,0.0,African Cup of Nations qualification,Casablanca,Morocco,True
2023-03-28,Comoros,Ivory Coast,0.0,2.0,African Cup of Nations qualification,Moroni,Comoros,False
2023-03-28,Mauritania,DR Congo,1.0,1.0,African Cup of Nations qualification,Nouakchott,Mauritania,False
2023-03-28,Botswana,Equatorial Guinea,2.0,3.0,African Cup of Nations qualification,Francistown,Botswana,False
2023-03-28,Libya,Tunisia,0.0,1.0,African Cup of Nations qualification,Benghazi,Libya,False
2023-03-28,Liberia,South Africa,1.0,2.0,African Cup of Nations qualification,Monrovia,Liberia,False
2023-03-28,Mozambique,Senegal,0.0,1.0,African Cup of Nations qualification,Maputo,Mozambique,False
2023-03-28,Scotland,Spain,2.0,0.0,UEFA Euro qualification,Glasgow,Scotland,False
2023-03-28,Georgia,Norway,1.0,1.0,UEFA Euro qualification,Batumi,Georgia,False
2023-03-28,Wales,Latvia,1.0,0.0,UEFA Euro qualification,Cardiff,Wales,False
2023-03-28,Turkey,Croatia,0.0,2.0,UEFA Euro qualification,Bursa,Turkey,False
2023-03-28,Kosovo,Andorra,1.0,1.0,UEFA Euro qualification,Pristina,Kosovo,False
2023-03-28,Switzerland,Israel,3.0,0.0,UEFA Euro qualification,Geneva,Switzerland,False
2023-03-28,Romania,Belarus,2.0,1.0,UEFA Euro qualification,Bucharest,Romania,False
2023-03-28,Costa Rica,Panama,0.0,1.0,CONCACAF Nations League,San José,Costa Rica,False
2023-03-28,Canada,Honduras,4.0,1.0,CONCACAF Nations League,Toronto,Canada,False
2023-03-28,Haiti,Bermuda,3.0,1.0,CONCACAF Nations League,San Cristóbal,Dominican Republic,True
2023-03-28,Guyana,Montserrat,0.0,0.0,CONCACAF Nations League,Bridgetown,Barbados,True
2023-03-28,Bonaire,Turks and Caicos Islands,1.0,2.0,CONCACAF Nations League,Rincon,Bonaire,False
2023-03-28,United States Virgin Islands,Sint Maarten,1.0,2.0,CONCACAF Nations League,Saint Croix,United States Virgin Islands,False
2023-03-29,Rwanda,Benin,1.0,1.0,African Cup of Nations qualification,Kigali,Rwanda,False
2023-03-31,Nepal,Laos,2.0,1.0,Tri Nation Tournament,Kathmandu,Nepal,False
2023-04-19,United States,Mexico,1.0,1.0,Friendly,Glendale,United States,False
2023-06-07,Mexico,Guatemala,2.0,0.0,Friendly,Mazatlán,Mexico,False
2023-06-09,Luxembourg,Malta,0.0,1.0,Friendly,Luxembourg,Luxembourg,False
2023-06-10,Mexico,Cameroon,2.0,2.0,Friendly,San Diego,United States,True
2023-06-10,Panama,Nicaragua,3.0,2.0,Friendly,Penonomé,Panama,False
2023-06-11,Chile,Cuba,3.0,0.0,Friendly,Concepción,Chile,False
2023-06-11,Guatemala,Trinidad and Tobago,0.0,1.0,Friendly,Chester,United States,True
2023-06-11,Tajikistan,Turkmenistan,1.0,1.0,CAFA Nations Cup,Tashkent,Uzbekistan,True
2023-06-11,Uzbekistan,Oman,3.0,0.0,CAFA Nations Cup,Tashkent,Uzbekistan,False
2023-06-11,Mauritius,Pakistan,3.0,0.0,Mauritius Four Nations Cup,Saint Pierre,Mauritius,False
2023-06-12,Germany,Ukraine,3.0,3.0,Friendly,Bremen,Germany,False
2023-06-12,Morocco,Cape Verde,0.0,0.0,Friendly,Rabat,Morocco,False
2023-06-13,Iran,Afghanistan,6.0,1.0,CAFA Nations Cup,Bishkek,Kyrgyzstan,True
2023-06-13,Curaçao,Costa Rica,0.0,0.0,Friendly,Fort Lauderdale,United States,True
2023-06-14,DR Congo,Uganda,1.0,0.0,Friendly,Douala,Cameroon,True
2023-06-14,Indonesia,Palestine,0.0,0.0,Friendly,Surabaya,Indonesia,False
2023-06-14,Malaysia,Solomon Islands,4.0,1.0,Friendly,Terengganu,Malaysia,False
2023-06-14,Mozambique,Malawi,1.0,1.0,Friendly,Maputo,Mozambique,False
2023-06-14,Togo,Lesotho,2.0,0.0,Friendly,Johannesburg,South Africa,True
2023-06-14,Uruguay,Nicaragua,4.0,1.0,Friendly,Montevideo,Uruguay,False
2023-06-14,Netherlands,Croatia,2.0,4.0,UEFA Nations League,Rotterdam,Netherlands,False
2023-06-14,Oman,Tajikistan,1.0,1.0,CAFA Nations Cup,Tashkent,Uzbekistan,True
2023-06-14,Uzbekistan,Turkmenistan,2.0,0.0,CAFA Nations Cup,Tashkent,Uzbekistan,False
2023-06-14,Pakistan,Kenya,0.0,1.0,Mauritius Four Nations Cup,Saint Pierre,Mauritius,True
2023-06-14,Mauritius,Djibouti,1.0,3.0,Mauritius Four Nations Cup,Saint Pierre,Mauritius,False
2023-06-14,Guinea-Bissau,São Tomé and Príncipe,1.0,0.0,African Cup of Nations qualification,Bissau,Guinea-Bissau,False
2023-06-14,Guinea,Egypt,1.0,2.0,African Cup of Nations qualification,Marrakech,Morocco,True
2023-06-14,South Sudan,Gambia,2.0,3.0,African Cup of Nations qualification,Ismailia,Egypt,True
2023-06-15,Panama,Canada,0.0,2.0,CONCACAF Nations League,Las Vegas,United States,True
2023-06-15,United States,Mexico,3.0,0.0,CONCACAF Nations League,Las Vegas,United States,False
2023-06-15,Argentina,Australia,2.0,0.0,Friendly,Beijing,China PR,True
2023-06-15,Cambodia,Bangladesh,0.0,1.0,Friendly,Phnom Penh,Cambodia,False
2023-06-15,Costa Rica,Guatemala,0.0,1.0,Friendly,Carson,United States,True
2023-06-15,Honduras,Venezuela,0.0,1.0,Friendly,"Washington, D.C.",United States,True
2023-06-15,Jamaica,Qatar,1.0,2.0,Friendly,Ritzing,Austria,True
2023-06-15,Japan,El Salvador,6.0,0.0,Friendly,Toyota,Japan,False
2023-06-15,Philippines,Nepal,1.0,0.0,Friendly,Manila,Philippines,False
2023-06-15,Vietnam,Hong Kong,1.0,0.0,Friendly,Haiphong,Vietnam,False
2023-06-15,Spain,Italy,2.0,1.0,UEFA Nations League,Enschede,Netherlands,True
2023-06-16,Antigua and Barbuda,Guadeloupe,0.0,5.0,Gold Cup qualification,Fort Lauderdale,United States,True
2023-06-16,Martinique,Saint Lucia,3.0,1.0,Gold Cup qualification,Fort Lauderdale,United States,True
2023-06-16,Curaçao,Saint Kitts and Nevis,1.0,1.0,Gold Cup qualification,Fort Lauderdale,United States,True
2023-06-16,Chile,Dominican Republic,5.0,0.0,Friendly,Viña del Mar,Chile,False
2023-06-16,China PR,Myanmar,4.0,0.0,Friendly,Dalian,China PR,False
2023-06-16,Taiwan,Thailand,2.0,2.0,Friendly,Kaohsiung,Taiwan,False
2023-06-16,Colombia,Iraq,1.0,0.0,Friendly,Valencia,Spain,True
2023-06-16,South Korea,Peru,0.0,1.0,Friendly,Busan,South Korea,False
2023-06-16,Poland,Germany,1.0,0.0,Friendly,Warsaw,Poland,False
2023-06-16,Serbia,Jordan,3.0,2.0,Friendly,Vienna,Austria,True
2023-06-16,Singapore,Papua New Guinea,2.0,2.0,Friendly,Kallang,Singapore,False
2023-06-16,Sweden,New Zealand,4.0,1.0,Friendly,Stockholm,Sweden,False
2023-06-16,Gibraltar,France,0.0,3.0,UEFA Euro qualification,Faro-Loulé,Portugal,True
2023-06-16,Greece,Republic of Ireland,2.0,1.0,UEFA Euro qualification,Athens,Greece,False
2023-06-16,Malta,England,0.0,4.0,UEFA Euro qualification,Ta' Qali,Malta,False
2023-06-16,North Macedonia,Ukraine,2.0,3.0,UEFA Euro qualification,Skopje,North Macedonia,False
2023-06-16,Wales,Armenia,2.0,4.0,UEFA Euro qualification,Cardiff,Wales,False
2023-06-16,Latvia,Turkey,2.0,3.0,UEFA Euro qualification,Riga,Latvia,False
2023-06-16,Finland,Slovenia,2.0,0.0,UEFA Euro qualification,Helsinki,Finland,False
2023-06-16,Denmark,Northern Ireland,1.0,0.0,UEFA Euro qualification,Copenhagen,Denmark,False
2023-06-16,San Marino,Kazakhstan,0.0,3.0,UEFA Euro qualification,Parma,Italy,True
2023-06-16,Andorra,Switzerland,1.0,2.0,UEFA Euro qualification,Andorra la Vella,Andorra,False
2023-06-16,Belarus,Israel,1.0,2.0,UEFA Euro qualification,Budapest,Hungary,True
2023-06-16,Kosovo,Romania,0.0,0.0,UEFA Euro qualification,Pristina,Kosovo,False
2023-06-16,Kyrgyzstan,Iran,1.0,5.0,CAFA Nations Cup,Bishkek,Kyrgyzstan,False
2023-06-17,Guyana,Grenada,1.0,1.0,Gold Cup qualification,Fort Lauderdale,United States,True
2023-06-17,Suriname,Puerto Rico,0.0,0.0,Gold Cup qualification,Fort Lauderdale,United States,True
2023-06-17,French Guiana,Sint Maarten,4.0,1.0,Gold Cup qualification,Fort Lauderdale,United States,True
2023-06-17,Brazil,Guinea,4.0,1.0,Friendly,Barcelona,Spain,True
2023-06-17,Ecuador,Bolivia,1.0,0.0,Friendly,Harrison,United States,True
2023-06-17,Norway,Scotland,1.0,2.0,UEFA Euro qualification,Oslo,Norway,False
2023-06-17,Cyprus,Georgia,1.0,2.0,UEFA Euro qualification,Larnaca,Cyprus,False
2023-06-17,Faroe Islands,Czech Republic,0.0,3.0,UEFA Euro qualification,Tórshavn,Faroe Islands,False
2023-06-17,Albania,Moldova,2.0,0.0,UEFA Euro qualification,Tirana,Albania,False
2023-06-17,Azerbaijan,Estonia,1.0,1.0,UEFA Euro qualification,Baku,Azerbaijan,False
2023-06-17,Belgium,Austria,1.0,1.0,UEFA Euro qualification,Brussels,Belgium,False
2023-06-17,Lithuania,Bulgaria,1.0,1.0,UEFA Euro qualification,Kaunas,Lithuania,False
2023-06-17,Montenegro,Hungary,0.0,0.0,UEFA Euro qualification,Podgorica,Montenegro,False
2023-06-17,Luxembourg,Liechtenstein,2.0,0.0,UEFA Euro qualification,Luxembourg,Luxembourg,False
2023-06-17,Iceland,Slovakia,1.0,2.0,UEFA Euro qualification,Reykjavík,Iceland,False
2023-06-17,Portugal,Bosnia and Herzegovina,3.0,0.0,UEFA Euro qualification,Lisbon,Portugal,False
2023-06-17,Ticino,Raetia,1.0,8.0,CONIFA World Football Cup qualification,Tenero-Contra,Switzerland,False
2023-06-17,Turkmenistan,Oman,0.0,2.0,CAFA Nations Cup,Tashkent,Uzbekistan,True
2023-06-17,Uzbekistan,Tajikistan,5.0,1.0,CAFA Nations Cup,Tashkent,Uzbekistan,False
2023-06-17,Djibouti,Pakistan,3.0,1.0,Mauritius Four Nations Cup,Saint Pierre,Mauritius,True
2023-06-17,Central African Republic,Angola,1.0,2.0,African Cup of Nations qualification,Douala,Cameroon,True
2023-06-17,Zambia,Ivory Coast,3.0,0.0,African Cup of Nations qualification,Ndola,Zambia,False
2023-06-17,Lesotho,Comoros,0.0,1.0,African Cup of Nations qualification,Johannesburg,South Africa,True
2023-06-17,Equatorial Guinea,Tunisia,1.0,0.0,African Cup of Nations qualification,Malabo,Equatorial Guinea,False
2023-06-17,Botswana,Libya,1.0,0.0,African Cup of Nations qualification,Francistown,Botswana,False
2023-06-17,South Africa,Morocco,2.0,1.0,African Cup of Nations qualification,Johannesburg,South Africa,False
2023-06-17,Benin,Senegal,1.0,1.0,African Cup of Nations qualification,Cotonou,Benin,False
2023-06-18,Panama,Mexico,0.0,1.0,CONCACAF Nations League,Las Vegas,United States,True
2023-06-18,United States,Canada,2.0,0.0,CONCACAF Nations League,Las Vegas,United States,False
2023-06-18,Egypt,South Sudan,3.0,0.0,Friendly,Cairo,Egypt,False
2023-06-18,Guatemala,Venezuela,0.0,1.0,Friendly,East Hartford,United States,True
2023-06-18,Paraguay,Nicaragua,2.0,0.0,Friendly,Asunción,Paraguay,False
2023-06-18,Singapore,Solomon Islands,1.0,1.0,Friendly,Kallang,Singapore,False
2023-06-18,Netherlands,Italy,2.0,3.0,UEFA Nations League,Enschede,Netherlands,False
2023-06-18,Croatia,Spain,0.0,0.0,UEFA Nations League,Rotterdam,Netherlands,True
2023-06-18,Mauritius,Kenya,1.0,0.0,Mauritius Four Nations Cup,Saint Pierre,Mauritius,False
2023-06-18,Sierra Leone,Nigeria,2.0,3.0,African Cup of Nations qualification,Monrovia,Liberia,True
2023-06-18,Cape Verde,Burkina Faso,3.0,1.0,African Cup of Nations qualification,Praia,Cape Verde,False
2023-06-18,Eswatini,Togo,0.0,2.0,African Cup of Nations qualification,Mbombela,South Africa,True
2023-06-18,Madagascar,Ghana,0.0,0.0,African Cup of Nations qualification,Antananarivo,Madagascar,False
2023-06-18,Tanzania,Niger,1.0,0.0,African Cup of Nations qualification,Dar es Salaam,Tanzania,False
2023-06-18,Uganda,Algeria,1.0,2.0,African Cup of Nations qualification,Douala,Cameroon,True
2023-06-18,Congo,Mali,0.0,2.0,African Cup of Nations qualification,Brazzaville,Congo,False
2023-06-18,Gabon,DR Congo,0.0,2.0,African Cup of Nations qualification,Franceville,Gabon,False
2023-06-18,Rwanda,Mozambique,0.0,2.0,African Cup of Nations qualification,Butare,Rwanda,False
2023-06-19,Hong Kong,Thailand,0.0,1.0,Friendly,Hong Kong,Hong Kong,False
2023-06-19,Indonesia,Argentina,0.0,2.0,Friendly,Jakarta,Indonesia,False
2023-06-19,Jamaica,Jordan,1.0,2.0,Friendly,Wiener Neustadt,Austria,True
2023-06-19,Macau,Myanmar,0.0,2.0,Friendly,Dalian,China PR,True
2023-06-19,Philippines,Taiwan,2.0,3.0,Friendly,Manila,Philippines,False
2023-06-19,Republic of Ireland,Gibraltar,3.0,0.0,UEFA Euro qualification,Dublin,Republic of Ireland,False
2023-06-19,France,Greece,1.0,0.0,UEFA Euro qualification,Paris,France,False
2023-06-19,Ukraine,Malta,1.0,0.0,UEFA Euro qualification,Trnava,Slovakia,True
2023-06-19,England,North Macedonia,7.0,0.0,UEFA Euro qualification,Manchester,England,False
2023-06-19,Armenia,Latvia,2.0,1.0,UEFA Euro qualification,Yerevan,Armenia,False
2023-06-19,Turkey,Wales,2.0,0.0,UEFA Euro qualification,Samsun,Turkey,False
2023-06-19,Finland,San Marino,6.0,0.0,UEFA Euro qualification,Helsinki,Finland,False
2023-06-19,Northern Ireland,Kazakhstan,0.0,1.0,UEFA Euro qualification,Belfast,Northern Ireland,False
2023-06-19,Slovenia,Denmark,1.0,1.0,UEFA Euro qualification,Ljubljana,Slovenia,False
2023-06-19,Belarus,Kosovo,2.0,1.0,UEFA Euro qualification,Budapest,Hungary,True
2023-06-19,Switzerland,Romania,2.0,2.0,UEFA Euro qualification,Lucerne,Switzerland,False
2023-06-19,Israel,Andorra,2.0,1.0,UEFA Euro qualification,Jerusalem,Israel,False
2023-06-20,Guadeloupe,Guyana,2.0,0.0,Gold Cup qualification,Fort Lauderdale,United States,True
2023-06-20,Martinique,Puerto Rico,2.0,0.0,Gold Cup qualification,Fort Lauderdale,United States,True
2023-06-20,Saint Kitts and Nevis,French Guiana,1.0,1.0,Gold Cup qualification,Fort Lauderdale,United States,True
2023-06-20,Algeria,Tunisia,1.0,1.0,Friendly,Annaba,Algeria,False
2023-06-20,Bolivia,Chile,0.0,0.0,Friendly,Santa Cruz,Bolivia,False
2023-06-20,Brazil,Senegal,2.0,4.0,Friendly,Lisbon,Portugal,True
2023-06-20,China PR,Palestine,2.0,0.0,Friendly,Dalian,China PR,False
2023-06-20,Ecuador,Costa Rica,3.0,1.0,Friendly,Chester,United States,True
2023-06-20,Germany,Colombia,0.0,2.0,Friendly,Gelsenkirchen,Germany,False
2023-06-20,Haiti,Trinidad and Tobago,0.0,0.0,Friendly,Palm Beach Gardens,United States,True
2023-06-20,Japan,Peru,4.0,1.0,Friendly,Suita,Japan,False
2023-06-20,South Korea,El Salvador,1.0,1.0,Friendly,Daejeon,South Korea,False
2023-06-20,Malaysia,Papua New Guinea,10.0,0.0,Friendly,Terengganu,Malaysia,False
2023-06-20,Montenegro,Czech Republic,1.0,4.0,Friendly,Podgorica,Montenegro,False
2023-06-20,Uruguay,Cuba,2.0,0.0,Friendly,Montevideo,Uruguay,False
2023-06-20,Vietnam,Syria,1.0,0.0,Friendly,Nam Định,Vietnam,False
2023-06-20,Scotland,Georgia,2.0,0.0,UEFA Euro qualification,Glasgow,Scotland,False
2023-06-20,Norway,Cyprus,3.0,1.0,UEFA Euro qualification,Oslo,Norway,False
2023-06-20,Faroe Islands,Albania,1.0,3.0,UEFA Euro qualification,Tórshavn,Faroe Islands,False
2023-06-20,Moldova,Poland,3.0,2.0,UEFA Euro qualification,Chișinău,Moldova,False
2023-06-20,Austria,Sweden,2.0,0.0,UEFA Euro qualification,Vienna,Austria,False
2023-06-20,Estonia,Belgium,0.0,3.0,UEFA Euro qualification,Tallinn,Estonia,False
2023-06-20,Hungary,Lithuania,2.0,0.0,UEFA Euro qualification,Budapest,Hungary,False
2023-06-20,Bulgaria,Serbia,1.0,1.0,UEFA Euro qualification,Razgrad,Bulgaria,False
2023-06-20,Iceland,Portugal,0.0,1.0,UEFA Euro qualification,Reykjavík,Iceland,False
2023-06-20,Bosnia and Herzegovina,Luxembourg,0.0,2.0,UEFA Euro qualification,Zenica,Bosnia and Herzegovina,False
2023-06-20,Liechtenstein,Slovakia,0.0,1.0,UEFA Euro qualification,Vaduz,Liechtenstein,False
2023-06-20,Kyrgyzstan,Oman,0.0,1.0,CAFA Nations Cup,Tashkent,Uzbekistan,True
2023-06-20,Uzbekistan,Iran,0.0,1.0,CAFA Nations Cup,Tashkent,Uzbekistan,False
2023-06-20,Burundi,Namibia,3.0,2.0,African Cup of Nations qualification,Dar es Salaam,Tanzania,True
2023-06-20,Ethiopia,Malawi,0.0,0.0,African Cup of Nations qualification,Maputo,Mozambique,True
2023-06-20,Sudan,Mauritania,0.0,3.0,African Cup of Nations qualification,Agadir,Morocco,True
2023-06-21,Kuwait,Nepal,3.0,1.0,SAFF Cup,Bengaluru,India,True
2023-06-21,India,Pakistan,4.0,0.0,SAFF Cup,Bengaluru,India,False
2023-06-22,Lebanon,Bangladesh,2.0,0.0,SAFF Cup,Bengaluru,India,True
2023-06-22,Maldives,Bhutan,2.0,0.0,SAFF Cup,Bengaluru,India,True
2023-06-24,Pakistan,Kuwait,0.0,4.0,SAFF Cup,Bengaluru,India,True
2023-06-24,India,Nepal,2.0,0.0,SAFF Cup,Bengaluru,India,False
2023-06-24,United States,Jamaica,1.0,1.0,Gold Cup,Chicago,United States,False
2023-06-25,Bangladesh,Maldives,3.0,1.0,SAFF Cup,Bengaluru,India,True
2023-06-25,Bhutan,Lebanon,1.0,4.0,SAFF Cup,Bengaluru,India,True
2023-06-25,Trinidad and Tobago,Saint Kitts and Nevis,3.0,0.0,Gold Cup,Fort Lauderdale,United States,True
2023-06-25,Haiti,Qatar,2.0,1.0,Gold Cup,Houston,United States,True
2023-06-25,Mexico,Honduras,4.0,0.0,Gold Cup,Houston,United States,True
2023-06-26,El Salvador,Martinique,1.0,2.0,Gold Cup,Fort Lauderdale,United States,True
2023-06-26,Costa Rica,Panama,1.0,2.0,Gold Cup,Fort Lauderdale,United States,True
2023-06-27,Nepal,Pakistan,1.0,0.0,SAFF Cup,Bengaluru,India,True
2023-06-27,India,Kuwait,1.0,1.0,SAFF Cup,Bengaluru,India,False
2023-06-27,Canada,Guadeloupe,2.0,2.0,Gold Cup,Toronto,Canada,False
2023-06-27,Guatemala,Cuba,1.0,0.0,Gold Cup,Fort Lauderdale,United States,True
2023-06-28,Lebanon,Maldives,1.0,0.0,SAFF Cup,Bengaluru,India,True
2023-06-28,Bhutan,Bangladesh,1.0,3.0,SAFF Cup,Bengaluru,India,True
2023-06-28,Jamaica,Trinidad and Tobago,4.0,1.0,Gold Cup,St. Louis,United States,True
2023-06-28,United States,Saint Kitts and Nevis,6.0,0.0,Gold Cup,St. Louis,United States,False
2023-06-29,Qatar,Honduras,1.0,1.0,Gold Cup,Glendale,United States,True
2023-06-29,Haiti,Mexico,1.0,3.0,Gold Cup,Glendale,United States,True
2023-06-30,Székely Land,Chameria,3.0,2.0,CONIFA World Football Cup qualification,Miercurea Ciuc,Hungary,False
2023-06-30,Martinique,Panama,1.0,2.0,Gold Cup,Harrison,United States,True
2023-06-30,El Salvador,Costa Rica,0.0,0.0,Gold Cup,Harrison,United States,True
2023-07-01,Chameria,Two Sicilies,3.0,1.0,CONIFA World Football Cup qualification,Miercurea Ciuc,Hungary,True
2023-07-01,India,Lebanon,0.0,0.0,SAFF Cup,Bengaluru,India,False
2023-07-01,Kuwait,Bangladesh,1.0,0.0,SAFF Cup,Bengaluru,India,True
2023-07-01,Cuba,Guadeloupe,1.0,4.0,Gold Cup,Houston,United States,True
2023-07-01,Guatemala,Canada,0.0,0.0,Gold Cup,Houston,United States,True
2023-07-02,Székely Land,Two Sicilies,7.0,0.0,CONIFA World Football Cup qualification,Miercurea Ciuc,Hungary,False
2023-07-02,United States,Trinidad and Tobago,6.0,0.0,Gold Cup,Charlotte,United States,False
2023-07-02,Jamaica,Saint Kitts and Nevis,5.0,0.0,Gold Cup,Santa Clara,United States,True
2023-07-02,Honduras,Haiti,2.0,1.0,Gold Cup,Charlotte,United States,True
2023-07-02,Mexico,Qatar,0.0,1.0,Gold Cup,Santa Clara,United States,True
2023-07-04,India,Kuwait,1.0,1.0,SAFF Cup,Bengaluru,India,False
2023-07-04,Costa Rica,Martinique,6.0,4.0,Gold Cup,Harrison,United States,True
2023-07-04,Panama,El Salvador,2.0,2.0,Gold Cup,Houston,United States,True
2023-07-04,Guadeloupe,Guatemala,2.0,3.0,Gold Cup,Harrison,United States,True
2023-07-04,Canada,Cuba,4.0,2.0,Gold Cup,Houston,United States,True
2023-07-05,Eswatini,Botswana,0.0,1.0,COSAFA Cup,Durban,South Africa,True
2023-07-05,South Africa,Namibia,1.0,1.0,COSAFA Cup,Durban,South Africa,False
2023-07-06,Seychelles,Comoros,0.0,3.0,COSAFA Cup,Durban,South Africa,True
2023-07-06,Zambia,Malawi,0.0,1.0,COSAFA Cup,Durban,South Africa,True
2023-07-07,Mauritius,Lesotho,0.0,2.0,COSAFA Cup,Durban,South Africa,True
2023-07-07,Mozambique,Angola,1.0,1.0,COSAFA Cup,Durban,South Africa,True
2023-07-08,Panama,Qatar,4.0,0.0,Gold Cup,Arlington,United States,True
2023-07-08,Mexico,Costa Rica,2.0,0.0,Gold Cup,Arlington,United States,True
2023-07-08,South Africa,Botswana,2.0,1.0,COSAFA Cup,Durban,South Africa,False
2023-07-08,Namibia,Eswatini,1.0,2.0,COSAFA Cup,Durban,South Africa,True
2023-07-09,Guatemala,Jamaica,0.0,1.0,Gold Cup,Cincinnati,United States,True
2023-07-09,United States,Canada,2.0,2.0,Gold Cup,Cincinnati,United States,False
2023-07-09,Åland Islands,Isle of Wight,0.0,2.0,Island Games,Saint Sampson,Guernsey,True
2023-07-09,Guernsey,Western Isles,1.0,0.0,Island Games,Saint Sampson,Guernsey,False
2023-07-09,Isle of Man,Falkland Islands,3.0,0.0,Island Games,Saint Martin,Guernsey,True
2023-07-09,Ynys Môn,Shetland,2.0,0.0,Island Games,Saint Sampson,Guernsey,True
2023-07-09,Orkney,Greenland,2.0,2.0,Island Games,Saint Martin,Guernsey,True
2023-07-09,Jersey,Gozo,1.0,0.0,Island Games,Saint Sampson,Guernsey,True
2023-07-09,Menorca,Saint Helena,5.0,0.0,Island Games,Saint Sampson,Guernsey,True
2023-07-09,Zambia,Comoros,2.0,1.0,COSAFA Cup,Durban,South Africa,True
2023-07-09,Malawi,Seychelles,2.0,0.0,COSAFA Cup,Durban,South Africa,True
2023-07-10,Western Isles,Isle of Wight,0.0,1.0,Island Games,Saint Martin,Guernsey,True
2023-07-10,Guernsey,Åland Islands,4.0,1.0,Island Games,Saint Sampson,Guernsey,False
2023-07-10,Falkland Islands,Ynys Môn,1.0,5.0,Island Games,Saint Sampson,Guernsey,True
2023-07-10,Shetland,Isle of Man,3.0,2.0,Island Games,Saint Sampson,Guernsey,True
2023-07-10,Greenland,Frøya,2.0,0.0,Island Games,Saint Sampson,Guernsey,True
2023-07-10,Gozo,Saint Helena,3.0,0.0,Island Games,Saint Sampson,Guernsey,True
2023-07-10,Jersey,Menorca,4.0,0.0,Island Games,Saint Sampson,Guernsey,True
2023-07-10,Angola,Mauritius,0.0,1.0,COSAFA Cup,KwaMashu,South Africa,True
2023-07-10,Mozambique,Lesotho,0.0,1.0,COSAFA Cup,KwaMashu,South Africa,True
2023-07-11,Guernsey,Isle of Wight,1.0,2.0,Island Games,Saint Sampson,Guernsey,False
2023-07-11,Åland Islands,Western Isles,0.0,2.0,Island Games,Saint Sampson,Guernsey,True
2023-07-11,Falkland Islands,Shetland,1.0,4.0,Island Games,Saint Sampson,Guernsey,True
2023-07-11,Isle of Man,Ynys Môn,1.0,2.0,Island Games,Saint Martin,Guernsey,True
2023-07-11,Frøya,Orkney,2.0,3.0,Island Games,St. Peter Port,Guernsey,True
2023-07-11,Menorca,Gozo,0.0,1.0,Island Games,Saint Martin,Guernsey,True
2023-07-11,Saint Helena,Jersey,0.0,5.0,Island Games,Saint Sampson,Guernsey,True
2023-07-11,Namibia,Botswana,0.0,0.0,COSAFA Cup,Durban,South Africa,True
2023-07-11,South Africa,Eswatini,2.0,1.0,COSAFA Cup,KwaMashu,South Africa,False
2023-07-11,Malawi,Comoros,2.0,0.0,COSAFA Cup,Durban,South Africa,True
2023-07-11,Seychelles,Zambia,2.0,4.0,COSAFA Cup,KwaMashu,South Africa,True
2023-07-12,United States,Panama,1.0,1.0,Gold Cup,San Diego,United States,False
2023-07-12,Jamaica,Mexico,0.0,3.0,Gold Cup,Paradise,United States,True
2023-07-12,Angola,Lesotho,4.0,2.0,COSAFA Cup,Durban,South Africa,True
2023-07-12,Mauritius,Mozambique,0.0,1.0,COSAFA Cup,KwaMashu,South Africa,True
2023-07-13,Frøya,Saint Helena,4.0,2.0,Island Games,Saint Martin,Guernsey,True
2023-07-13,Åland Islands,Falkland Islands,1.0,1.0,Island Games,Saint Sampson,Guernsey,True
2023-07-13,Western Isles,Menorca,2.0,1.0,Island Games,Saint Sampson,Guernsey,True
2023-07-13,Orkney,Isle of Man,0.0,1.0,Island Games,Saint Sampson,Guernsey,True
2023-07-13,Shetland,Greenland,5.0,1.0,Island Games,Saint Sampson,Guernsey,True
2023-07-13,Guernsey,Gozo,1.0,0.0,Island Games,Saint Martin,Guernsey,False
2023-07-13,Isle of Wight,Jersey,2.0,3.0,Island Games,Saint Sampson,Guernsey,True
2023-07-14,Ynys Môn,Jersey,2.0,5.0,Island Games,St. Peter Port,Guernsey,True
2023-07-14,Malawi,Lesotho,1.0,1.0,COSAFA Cup,Durban,South Africa,True
2023-07-14,South Africa,Zambia,1.0,2.0,COSAFA Cup,Durban,South Africa,False
2023-07-16,Kernow,Sápmi,2.0,1.0,CONIFA World Football Cup qualification,Falmouth,England,False
2023-07-16,Mexico,Panama,1.0,0.0,Gold Cup,Inglewood,United States,True
2023-07-16,South Africa,Malawi,0.0,0.0,COSAFA Cup,Durban,South Africa,False
2023-07-16,Lesotho,Zambia,0.0,1.0,COSAFA Cup,Durban,South Africa,True
2023-08-02,Ethiopia,Guyana,2.0,0.0,Friendly,Leesburg,United States,True
2023-08-04,Tamil Eelam,Hmong,3.0,0.0,CONIFA Asia Cup,Alcochete,Portugal,True
2023-08-05,Hmong,Tibet,5.0,4.0,CONIFA Asia Cup,Alcochete,Portugal,True
2023-08-06,Tibet,Tamil Eelam,1.0,3.0,CONIFA Asia Cup,Alcochete,Portugal,True
2023-08-06,Raetia,Ticino,5.0,1.0,Friendly,Domat/Ems,Switzerland,False
2023-08-08,Tamil Eelam,Hmong,3.0,1.0,CONIFA Asia Cup,Alcochete,Portugal,True
2023-08-24,Comoros,Mayotte,0.0,0.0,Indian Ocean Island Games,Antananarivo,Madagascar,True
2023-08-24,Madagascar,Seychelles,1.0,0.0,Indian Ocean Island Games,Antananarivo,Madagascar,False
2023-08-26,Réunion,Mayotte,0.0,0.0,Indian Ocean Island Games,Antananarivo,Madagascar,True
2023-08-26,Madagascar,Mauritius,1.0,1.0,Indian Ocean Island Games,Antananarivo,Madagascar,False
2023-08-27,Bolivia,Panama,1.0,2.0,Friendly,Cochabamba,Bolivia,False
2023-08-28,Tahiti,Cook Islands,9.0,1.0,Friendly,Pirae,Tahiti,False
2023-08-28,Comoros,Réunion,1.0,1.0,Indian Ocean Island Games,Antananarivo,Madagascar,True
2023-08-28,Mauritius,Seychelles,1.0,0.0,Indian Ocean Island Games,Antananarivo,Madagascar,True
2023-08-31,Tahiti,Cook Islands,3.0,0.0,Friendly,Pirae,Tahiti,False
2023-08-31,Madagascar,Comoros,4.0,2.0,Indian Ocean Island Games,Madagascar,Madagascar,False
2023-08-31,Réunion,Mauritius,2.0,1.0,Indian Ocean Island Games,Madagascar,Madagascar,True
2023-09-02,Comoros,Mauritius,0.0,2.0,Indian Ocean Island Games,Madagascar,Madagascar,True
2023-09-02,Madagascar,Réunion,1.0,0.0,Indian Ocean Island Games,Madagascar,Madagascar,False
2023-09-03,Bangladesh,Afghanistan,0.0,0.0,Friendly,Dhaka,Bangladesh,False
2023-09-03,Guatemala,Honduras,0.0,0.0,Friendly,Fort Lauderdale,United States,True
2023-09-04,Mozambique,Benin,3.0,2.0,African Cup of Nations qualification,Maputo,Mozambique,False
2023-09-06,Macau,Bhutan,0.0,1.0,Friendly,Taipa,Macau,False
2023-09-06,Malta,Gibraltar,1.0,0.0,Friendly,Ta' Qali,Malta,False
2023-09-06,Oman,Palestine,2.0,1.0,Friendly,Muscat,Oman,False
2023-09-06,Syria,Malaysia,2.0,2.0,Friendly,Chengdu,China PR,True
2023-09-06,Libya,Equatorial Guinea,1.0,1.0,African Cup of Nations qualification,Benghazi,Libya,False
2023-09-07,Trinidad and Tobago,Curaçao,1.0,0.0,CONCACAF Nations League,Port of Spain,Trinidad and Tobago,False
2023-09-07,Panama,Martinique,3.0,0.0,CONCACAF Nations League,Panama City,Panama,False
2023-09-07,Guatemala,El Salvador,2.0,0.0,CONCACAF Nations League,Guatemala City,Guatemala,False
2023-09-07,Sint Maarten,Saint Lucia,1.0,5.0,CONCACAF Nations League,Willemstad,Curaçao,True
2023-09-07,Saint Kitts and Nevis,Guadeloupe,1.0,2.0,CONCACAF Nations League,Basseterre,Saint Kitts and Nevis,False
2023-09-07,Anguilla,Saint Martin,0.0,6.0,CONCACAF Nations League,The Valley,Anguilla,False
2023-09-07,United States Virgin Islands,Cayman Islands,2.0,2.0,CONCACAF Nations League,Saint Croix,United States Virgin Islands,False
2023-09-07,Colombia,Venezuela,1.0,0.0,FIFA World Cup qualification,Barranquilla,Colombia,False
2023-09-07,Paraguay,Peru,0.0,0.0,FIFA World Cup qualification,Ciudad del Este,Paraguay,False
2023-09-07,Argentina,Ecuador,1.0,0.0,FIFA World Cup qualification,Buenos Aires,Argentina,False
2023-09-07,Austria,Moldova,1.0,1.0,Friendly,Pasching,Austria,False
2023-09-07,Bahrain,Kuwait,1.0,3.0,Friendly,Dubai,United Arab Emirates,True
2023-09-07,Bangladesh,Afghanistan,1.0,1.0,Friendly,Dhaka,Bangladesh,False
2023-09-07,Bulgaria,Iran,0.0,1.0,Friendly,Plovdiv,Bulgaria,False
2023-09-07,Cambodia,Hong Kong,1.0,1.0,Friendly,Phnom Penh,Cambodia,False
2023-09-07,Norway,Jordan,6.0,0.0,Friendly,Oslo,Norway,False
2023-09-07,Qatar,Kenya,1.0,2.0,Friendly,Al Wakrah,Qatar,False
2023-09-07,Wales,South Korea,0.0,0.0,Friendly,Cardiff,Wales,False
2023-09-07,Ghana,Central African Republic,2.0,1.0,African Cup of Nations qualification,Kumasi,Ghana,False
2023-09-07,Angola,Madagascar,0.0,0.0,African Cup of Nations qualification,Lubango,Angola,False
2023-09-07,Algeria,Tanzania,0.0,0.0,African Cup of Nations qualification,Annaba,Algeria,False
2023-09-07,Niger,Uganda,0.0,2.0,African Cup of Nations qualification,Marrakech,Morocco,True
2023-09-07,Tunisia,Botswana,3.0,0.0,African Cup of Nations qualification,Radès,Tunisia,False
2023-09-07,France,Republic of Ireland,2.0,0.0,UEFA Euro qualification,Paris,France,False
2023-09-07,Netherlands,Greece,3.0,0.0,UEFA Euro qualification,Eindhoven,Netherlands,False
2023-09-07,Czech Republic,Albania,1.0,1.0,UEFA Euro qualification,Prague,Czech Republic,False
2023-09-07,Poland,Faroe Islands,2.0,0.0,UEFA Euro qualification,Warsaw,Poland,False
2023-09-07,Serbia,Hungary,1.0,2.0,UEFA Euro qualification,Belgrade,Serbia,False
2023-09-07,Lithuania,Montenegro,2.0,2.0,UEFA Euro qualification,Kaunas,Lithuania,False
2023-09-07,Kazakhstan,Finland,0.0,1.0,UEFA Euro qualification,Astana,Kazakhstan,False
2023-09-07,Denmark,San Marino,4.0,0.0,UEFA Euro qualification,Copenhagen,Denmark,False
2023-09-07,Slovenia,Northern Ireland,4.0,2.0,UEFA Euro qualification,Ljubljana,Slovenia,False
2023-09-07,Iraq,India,2.0,2.0,King's Cup,Chiang Mai,Thailand,True
2023-09-07,Thailand,Lebanon,2.0,1.0,King's Cup,Chiang Mai,Thailand,False
2023-09-08,Haiti,Cuba,0.0,0.0,CONCACAF Nations League,Santo Domingo,Dominican Republic,True
2023-09-08,Grenada,Suriname,1.0,1.0,CONCACAF Nations League,St. George's,Grenada,False
2023-09-08,Jamaica,Honduras,1.0,0.0,CONCACAF Nations League,Kingston,Jamaica,False
2023-09-08,Barbados,Montserrat,2.0,3.0,CONCACAF Nations League,Bridgetown,Barbados,False
2023-09-08,Dominican Republic,Nicaragua,0.0,2.0,CONCACAF Nations League,Santo Domingo,Dominican Republic,False
2023-09-08,Bermuda,French Guiana,0.0,0.0,CONCACAF Nations League,Devonshire Parish,Bermuda,False
2023-09-08,Belize,Saint Vincent and the Grenadines,1.0,2.0,CONCACAF Nations League,Belmopan,Belize,False
2023-09-08,Uruguay,Chile,3.0,1.0,FIFA World Cup qualification,Montevideo,Uruguay,False
2023-09-08,Brazil,Bolivia,5.0,1.0,FIFA World Cup qualification,Belém,Brazil,False
2023-09-08,Taiwan,Philippines,1.0,1.0,Friendly,Kaohsiung,Taiwan,False
2023-09-08,Costa Rica,Saudi Arabia,3.0,1.0,Friendly,Newcastle,England,True
2023-09-08,Indonesia,Turkmenistan,2.0,0.0,Friendly,Surabaya,Indonesia,False
2023-09-08,Myanmar,Nepal,0.0,0.0,Friendly,Yangon,Myanmar,False
2023-09-08,Singapore,Tajikistan,0.0,2.0,Friendly,Bishan,Singapore,False
2023-09-08,Burkina Faso,Eswatini,0.0,0.0,African Cup of Nations qualification,Marrakech,Morocco,True
2023-09-08,Egypt,Ethiopia,1.0,0.0,African Cup of Nations qualification,Cairo,Egypt,False
2023-09-08,Mali,South Sudan,4.0,0.0,African Cup of Nations qualification,Bamako,Mali,False
2023-09-08,Georgia,Spain,1.0,7.0,UEFA Euro qualification,Tbilisi,Georgia,False
2023-09-08,Cyprus,Scotland,0.0,3.0,UEFA Euro qualification,Larnaca,Cyprus,False
2023-09-08,Croatia,Latvia,5.0,0.0,UEFA Euro qualification,Rijeka,Croatia,False
2023-09-08,Turkey,Armenia,1.0,1.0,UEFA Euro qualification,Eskişehir,Turkey,False
2023-09-08,Bosnia and Herzegovina,Liechtenstein,2.0,1.0,UEFA Euro qualification,Zenica,Bosnia and Herzegovina,False
2023-09-08,Luxembourg,Iceland,3.0,1.0,UEFA Euro qualification,Luxembourg,Luxembourg,False
2023-09-08,Slovakia,Portugal,0.0,1.0,UEFA Euro qualification,Bratislava,Slovakia,False
2023-09-09,Antigua and Barbuda,Guyana,1.0,5.0,CONCACAF Nations League,North Sound,Antigua and Barbuda,False
2023-09-09,Bahamas,Puerto Rico,1.0,6.0,CONCACAF Nations League,Nassau,Bahamas,False
2023-09-09,British Virgin Islands,Turks and Caicos Islands,3.0,1.0,CONCACAF Nations League,Road Town,British Virgin Islands,False
2023-09-09,China PR,Malaysia,1.0,1.0,Friendly,Chengdu,China PR,False
2023-09-09,Germany,Japan,1.0,4.0,Friendly,Wolfsburg,Germany,False
2023-09-09,Mexico,Australia,2.0,2.0,Friendly,Arlington,United States,True
2023-09-09,South Africa,Namibia,0.0,0.0,Friendly,Johannesburg,South Africa,False
2023-09-09,United States,Uzbekistan,3.0,0.0,Friendly,St. Louis,United States,False
2023-09-09,Malawi,Guinea,2.0,2.0,African Cup of Nations qualification,Lilongwe,Malawi,False
2023-09-09,Ivory Coast,Lesotho,1.0,0.0,African Cup of Nations qualification,San-Pédro,Ivory Coast,False
2023-09-09,Comoros,Zambia,1.0,1.0,African Cup of Nations qualification,Moroni,Comoros,False
2023-09-09,Mauritania,Gabon,2.0,1.0,African Cup of Nations qualification,Nouakchott,Mauritania,False
2023-09-09,DR Congo,Sudan,2.0,0.0,African Cup of Nations qualification,Kinshasa,DR Congo,False
2023-09-09,Rwanda,Senegal,1.0,1.0,African Cup of Nations qualification,Butare,Rwanda,False
2023-09-09,Ukraine,England,1.0,1.0,UEFA Euro qualification,Wrocław,Poland,True
2023-09-09,North Macedonia,Italy,1.0,1.0,UEFA Euro qualification,Skopje,North Macedonia,False
2023-09-09,Azerbaijan,Belgium,0.0,1.0,UEFA Euro qualification,Baku,Azerbaijan,False
2023-09-09,Estonia,Sweden,0.0,5.0,UEFA Euro qualification,Tallinn,Estonia,False
2023-09-09,Andorra,Belarus,0.0,0.0,UEFA Euro qualification,Andorra la Vella,Andorra,False
2023-09-09,Kosovo,Switzerland,2.0,2.0,UEFA Euro qualification,Pristina,Kosovo,False
2023-09-09,Romania,Israel,1.0,1.0,UEFA Euro qualification,Bucharest,Romania,False
2023-09-10,Guatemala,Panama,1.0,1.0,CONCACAF Nations League,Guatemala City,Guatemala,False
2023-09-10,El Salvador,Trinidad and Tobago,2.0,3.0,CONCACAF Nations League,San Salvador,El Salvador,False
2023-09-10,Martinique,Curaçao,1.0,0.0,CONCACAF Nations League,Fort-de-France,Martinique,False
2023-09-10,Guadeloupe,Sint Maarten,4.0,0.0,CONCACAF Nations League,Sainte-Anne,Guadeloupe,False
2023-09-10,Saint Lucia,Saint Kitts and Nevis,2.0,0.0,CONCACAF Nations League,Gros Islet,Saint Lucia,False
2023-09-10,Hungary,Czech Republic,1.0,1.0,Friendly,Budapest,Hungary,False
2023-09-10,Nigeria,São Tomé and Príncipe,6.0,0.0,African Cup of Nations qualification,Uyo,Nigeria,False
2023-09-10,Togo,Cape Verde,3.0,2.0,African Cup of Nations qualification,Lomé,Togo,False
2023-09-10,Gambia,Congo,2.0,2.0,African Cup of Nations qualification,Marrakech,Morocco,True
2023-09-10,Republic of Ireland,Netherlands,1.0,2.0,UEFA Euro qualification,Dublin,Republic of Ireland,False
2023-09-10,Greece,Gibraltar,5.0,0.0,UEFA Euro qualification,Athens,Greece,False
2023-09-10,Faroe Islands,Moldova,0.0,1.0,UEFA Euro qualification,Tórshavn,Faroe Islands,False
2023-09-10,Albania,Poland,2.0,0.0,UEFA Euro qualification,Tirana,Albania,False
2023-09-10,Montenegro,Bulgaria,2.0,1.0,UEFA Euro qualification,Podgorica,Montenegro,False
2023-09-10,Lithuania,Serbia,1.0,3.0,UEFA Euro qualification,Kaunas,Lithuania,False
2023-09-10,Finland,Denmark,0.0,1.0,UEFA Euro qualification,Helsinki,Finland,False
2023-09-10,Kazakhstan,Northern Ireland,1.0,0.0,UEFA Euro qualification,Astana,Kazakhstan,False
2023-09-10,San Marino,Slovenia,0.0,4.0,UEFA Euro qualification,Serravalle,San Marino,False
2023-09-10,Lebanon,India,1.0,0.0,King's Cup,Chiang Mai,Thailand,True
2023-09-10,Thailand,Iraq,2.0,2.0,King's Cup,Chiang Mai,Thailand,False
2023-09-11,Dominican Republic,Montserrat,3.0,0.0,CONCACAF Nations League,Santo Domingo,Dominican Republic,False
2023-09-11,Nicaragua,Barbados,5.0,1.0,CONCACAF Nations League,Managua,Nicaragua,False
2023-09-11,Saint Martin,Bonaire,2.0,1.0,CONCACAF Nations League,Basseterre,Saint Kitts and Nevis,True
2023-09-11,Cayman Islands,Aruba,1.0,2.0,CONCACAF Nations League,George Town,Cayman Islands,False
2023-09-11,Cambodia,Macau,4.0,0.0,Friendly,Phnom Penh,Cambodia,False
2023-09-11,Hong Kong,Brunei,10.0,0.0,Friendly,Hong Kong,Hong Kong,False
2023-09-11,Kuwait,Kyrgyzstan,1.0,3.0,Friendly,Dubai,United Arab Emirates,True
2023-09-11,Myanmar,Nepal,1.0,0.0,Friendly,Yangon,Myanmar,False
2023-09-11,Vietnam,Palestine,2.0,0.0,Friendly,Nam Định,Vietnam,False
2023-09-11,Guinea-Bissau,Sierra Leone,2.0,1.0,African Cup of Nations qualification,Bissau,Guinea-Bissau,False
2023-09-11,Armenia,Croatia,0.0,1.0,UEFA Euro qualification,Yerevan,Armenia,False
2023-09-11,Latvia,Wales,0.0,2.0,UEFA Euro qualification,Riga,Latvia,False
2023-09-11,Iceland,Bosnia and Herzegovina,1.0,0.0,UEFA Euro qualification,Reykjavík,Iceland,False
2023-09-11,Portugal,Luxembourg,9.0,0.0,UEFA Euro qualification,São João da Venda,Portugal,False
2023-09-11,Slovakia,Liechtenstein,3.0,0.0,UEFA Euro qualification,Bratislava,Slovakia,False
2023-09-12,Cuba,Suriname,1.0,0.0,CONCACAF Nations League,Santiago,Cuba,False
2023-09-12,Jamaica,Haiti,2.0,2.0,CONCACAF Nations League,Kingston,Jamaica,False
2023-09-12,Honduras,Grenada,4.0,0.0,CONCACAF Nations League,Tegucigalpa,Honduras,False
2023-09-12,Saint Vincent and the Grenadines,Bermuda,4.0,3.0,CONCACAF Nations League,Kingstown,Saint Vincent and the Grenadines,False
2023-09-12,French Guiana,Belize,0.0,2.0,CONCACAF Nations League,Cayenne,French Guiana,False
2023-09-12,Guyana,Bahamas,3.0,2.0,CONCACAF Nations League,Leonora,Guyana,False
2023-09-12,Puerto Rico,Antigua and Barbuda,5.0,0.0,CONCACAF Nations League,Nassau,Bahamas,True
2023-09-12,Turks and Caicos Islands,Dominica,0.0,3.0,CONCACAF Nations League,Providenciales,Turks and Caicos Islands,False
2023-09-12,Bolivia,Argentina,0.0,3.0,FIFA World Cup qualification,La Paz,Bolivia,False
2023-09-12,Ecuador,Uruguay,2.0,1.0,FIFA World Cup qualification,Quito,Ecuador,False
2023-09-12,Venezuela,Paraguay,1.0,0.0,FIFA World Cup qualification,Maturín,Venezuela,False
2023-09-12,Peru,Brazil,0.0,1.0,FIFA World Cup qualification,Lima,Peru,False
2023-09-12,Chile,Colombia,0.0,0.0,FIFA World Cup qualification,Santiago,Chile,False
2023-09-12,Azerbaijan,Jordan,2.0,1.0,Friendly,Baku,Azerbaijan,False
2023-09-12,Bahrain,Turkmenistan,1.0,1.0,Friendly,Dubai,United Arab Emirates,True
2023-09-12,China PR,Syria,0.0,1.0,Friendly,Chengdu,China PR,False
2023-09-12,Egypt,Tunisia,1.0,3.0,Friendly,Cairo,Egypt,False
2023-09-12,Germany,France,2.0,1.0,Friendly,Dortmund,Germany,False
2023-09-12,Qatar,Russia,1.0,1.0,Friendly,Al Wakrah,Qatar,False
2023-09-12,Ghana,Liberia,3.0,1.0,Friendly,Accra,Ghana,False
2023-09-12,Iran,Angola,4.0,0.0,Friendly,Tehran,Iran,False
2023-09-12,Japan,Turkey,4.0,2.0,Friendly,Genk,Belgium,True
2023-09-12,Kenya,South Sudan,0.0,1.0,Friendly,Nairobi,Kenya,False
2023-09-12,South Korea,Saudi Arabia,1.0,0.0,Friendly,Newcastle,England,True
2023-09-12,Mexico,Uzbekistan,3.0,3.0,Friendly,Atlanta,United States,True
2023-09-12,Morocco,Burkina Faso,1.0,0.0,Friendly,Lens,France,True
2023-09-12,Philippines,Afghanistan,2.0,1.0,Friendly,Manila,Philippines,False
2023-09-12,Scotland,England,1.0,3.0,Friendly,Glasgow,Scotland,False
2023-09-12,Senegal,Algeria,0.0,1.0,Friendly,Diamniadio,Senegal,False
2023-09-12,Singapore,Taiwan,3.0,1.0,Friendly,Bishan,Singapore,False
2023-09-12,South Africa,DR Congo,1.0,0.0,Friendly,Johannesburg,South Africa,False
2023-09-12,United Arab Emirates,Costa Rica,4.0,1.0,Friendly,Zagreb,Croatia,True
2023-09-12,United States,Oman,4.0,0.0,Friendly,Saint Paul,United States,False
2023-09-12,Cameroon,Burundi,3.0,0.0,African Cup of Nations qualification,Garoua,Cameroon,False
2023-09-12,Norway,Georgia,2.0,1.0,UEFA Euro qualification,Oslo,Norway,False
2023-09-12,Spain,Cyprus,6.0,0.0,UEFA Euro qualification,Granada,Spain,False
2023-09-12,Italy,Ukraine,2.0,1.0,UEFA Euro qualification,Milan,Italy,False
2023-09-12,Malta,North Macedonia,0.0,2.0,UEFA Euro qualification,Ta' Qali,Malta,False
2023-09-12,Belgium,Estonia,5.0,0.0,UEFA Euro qualification,Brussels,Belgium,False
2023-09-12,Sweden,Austria,1.0,3.0,UEFA Euro qualification,Stockholm,Sweden,False
2023-09-12,Switzerland,Andorra,3.0,0.0,UEFA Euro qualification,Sion,Switzerland,False
2023-09-12,Israel,Belarus,1.0,0.0,UEFA Euro qualification,Tel Aviv,Israel,False
2023-09-12,Romania,Kosovo,2.0,0.0,UEFA Euro qualification,Bucharest,Romania,False
2023-10-08,Papua New Guinea,Solomon Islands,1.0,3.0,MSG Prime Minister's Cup,New Caledonia,New Caledonia,True
2023-10-08,New Caledonia,Vanuatu,4.0,0.0,MSG Prime Minister's Cup,New Caledonia,New Caledonia,False
2023-10-10,China PR,Vietnam,2.0,0.0,Friendly,Dalian,China PR,False
2023-10-11,Wales,Gibraltar,4.0,0.0,Friendly,Wrexham,Wales,False
2023-10-11,Solomon Islands,Vanuatu,1.0,0.0,MSG Prime Minister's Cup,New Caledonia,New Caledonia,True
2023-10-11,New Caledonia,Papua New Guinea,3.0,1.0,MSG Prime Minister's Cup,New Caledonia,New Caledonia,False
2023-10-12,Suriname,Haiti,1.0,1.0,CONCACAF Nations League,Paramaribo,Suriname,False
2023-10-12,Grenada,Jamaica,1.0,4.0,CONCACAF Nations League,St. George's,Grenada,False
2023-10-12,Cuba,Honduras,0.0,0.0,CONCACAF Nations League,Santo Domingo,Dominican Republic,True
2023-10-12,Sint Maarten,Saint Kitts and Nevis,2.0,3.0,CONCACAF Nations League,The Valley,Anguilla,True
2023-10-12,Saint Lucia,Guadeloupe,2.0,1.0,CONCACAF Nations League,Gros Islet,Saint Lucia,False
2023-10-12,Bonaire,Anguilla,2.0,0.0,CONCACAF Nations League,Rincon,Bonaire,False
2023-10-12,Dominica,British Virgin Islands,1.0,1.0,CONCACAF Nations League,Gros Islet,Saint Lucia,True
2023-10-12,Colombia,Uruguay,2.0,2.0,FIFA World Cup qualification,Barranquilla,Colombia,False
2023-10-12,Bolivia,Ecuador,1.0,2.0,FIFA World Cup qualification,La Paz,Bolivia,False
2023-10-12,Argentina,Paraguay,1.0,0.0,FIFA World Cup qualification,Buenos Aires,Argentina,False
2023-10-12,Brazil,Venezuela,1.0,1.0,FIFA World Cup qualification,Cuiabá,Brazil,False
2023-10-12,Chile,Peru,2.0,0.0,FIFA World Cup qualification,Santiago,Chile,False
2023-10-12,Afghanistan,Mongolia,1.0,0.0,FIFA World Cup qualification,Dushanbe,Tajikistan,True
2023-10-12,Cambodia,Pakistan,0.0,0.0,FIFA World Cup qualification,Phnom Penh,Cambodia,False
2023-10-12,Taiwan,Timor-Leste,4.0,0.0,FIFA World Cup qualification,Kaohsiung,Taiwan,False
2023-10-12,Hong Kong,Bhutan,4.0,0.0,FIFA World Cup qualification,Hong Kong,Hong Kong,False
2023-10-12,Indonesia,Brunei,6.0,0.0,FIFA World Cup qualification,Jakarta,Indonesia,False
2023-10-12,Maldives,Bangladesh,1.0,1.0,FIFA World Cup qualification,Malé,Maldives,False
2023-10-12,Myanmar,Macau,5.0,1.0,FIFA World Cup qualification,Yangon,Myanmar,False
2023-10-12,Nepal,Laos,1.0,1.0,FIFA World Cup qualification,Kathmandu,Nepal,False
2023-10-12,Singapore,Guam,2.0,1.0,FIFA World Cup qualification,Kallang,Singapore,False
2023-10-12,Yemen,Sri Lanka,3.0,0.0,FIFA World Cup qualification,Abha,Saudi Arabia,True
2023-10-12,Algeria,Cape Verde,5.0,1.0,Friendly,Constantine,Algeria,False
2023-10-12,Bahrain,Kyrgyzstan,2.0,0.0,Friendly,Arad,Bahrain,False
2023-10-12,Egypt,Zambia,1.0,0.0,Friendly,Al Ain,United Arab Emirates,True
2023-10-12,Georgia,Thailand,8.0,0.0,Friendly,Tbilisi,Georgia,False
2023-10-12,Montenegro,Lebanon,3.0,2.0,Friendly,Podgorica,Montenegro,False
2023-10-12,Russia,Cameroon,1.0,0.0,Friendly,Moscow,Russia,False
2023-10-12,Sweden,Moldova,3.0,1.0,Friendly,Stockholm,Sweden,False
2023-10-12,Spain,Scotland,2.0,0.0,UEFA Euro qualification,Seville,Spain,False
2023-10-12,Cyprus,Norway,0.0,4.0,UEFA Euro qualification,Larnaca,Cyprus,False
2023-10-12,Latvia,Armenia,2.0,0.0,UEFA Euro qualification,Riga,Latvia,False
2023-10-12,Croatia,Turkey,0.0,1.0,UEFA Euro qualification,Osijek,Croatia,False
2023-10-12,Faroe Islands,Poland,0.0,2.0,UEFA Euro qualification,Tórshavn,Faroe Islands,False
2023-10-12,Albania,Czech Republic,3.0,0.0,UEFA Euro qualification,Tirana,Albania,False
2023-10-12,Andorra,Kosovo,0.0,3.0,UEFA Euro qualification,Andorra la Vella,Andorra,False
2023-10-12,Belarus,Romania,0.0,0.0,UEFA Euro qualification,Budapest,Hungary,True
2023-10-13,Curaçao,Panama,1.0,2.0,CONCACAF Nations League,Willemstad,Curaçao,False
2023-10-13,Martinique,El Salvador,1.0,0.0,CONCACAF Nations League,Fort-de-France,Martinique,False
2023-10-13,Trinidad and Tobago,Guatemala,3.0,2.0,CONCACAF Nations League,Port of Spain,Trinidad and Tobago,False
2023-10-13,Montserrat,Nicaragua,0.0,3.0,CONCACAF Nations League,Bridgetown,Barbados,True
2023-10-13,Barbados,Dominican Republic,0.0,5.0,CONCACAF Nations League,Bridgetown,Barbados,False
2023-10-13,Saint Vincent and the Grenadines,French Guiana,1.0,4.0,CONCACAF Nations League,Kingstown,Saint Vincent and the Grenadines,False
2023-10-13,Belize,Bermuda,0.0,1.0,CONCACAF Nations League,Belmopan,Belize,False
2023-10-13,DR Congo,New Zealand,1.0,1.0,Friendly,Murcia,Spain,True
2023-10-13,England,Australia,1.0,0.0,Friendly,London,England,False
2023-10-13,Equatorial Guinea,Burkina Faso,0.0,0.0,Friendly,Malabo,Equatorial Guinea,False
2023-10-13,Guinea,Guinea-Bissau,1.0,0.0,Friendly,Setúbal,Portugal,True
2023-10-13,Iraq,Qatar,0.0,0.0,Friendly,Amman,Jordan,True
2023-10-13,Japan,Canada,4.0,1.0,Friendly,Niigata,Japan,False
2023-10-13,South Korea,Tunisia,4.0,0.0,Friendly,Seoul,South Korea,False
2023-10-13,Mali,Uganda,1.0,0.0,Friendly,Bamako,Mali,False
2023-10-13,Nigeria,Saudi Arabia,2.0,2.0,Friendly,Portimão,Portugal,True
2023-10-13,South Africa,Eswatini,0.0,0.0,Friendly,Johannesburg,South Africa,False
2023-10-13,Vietnam,Uzbekistan,0.0,2.0,Friendly,Dalian,China PR,True
2023-10-13,Republic of Ireland,Greece,0.0,2.0,UEFA Euro qualification,Dublin,Republic of Ireland,False
2023-10-13,Netherlands,France,1.0,2.0,UEFA Euro qualification,Amsterdam,Netherlands,False
2023-10-13,Estonia,Azerbaijan,0.0,2.0,UEFA Euro qualification,Tallinn,Estonia,False
2023-10-13,Austria,Belgium,2.0,3.0,UEFA Euro qualification,Vienna,Austria,False
2023-10-13,Iceland,Luxembourg,1.0,1.0,UEFA Euro qualification,Reykjavík,Iceland,False
2023-10-13,Portugal,Slovakia,3.0,2.0,UEFA Euro qualification,Porto,Portugal,False
2023-10-13,Liechtenstein,Bosnia and Herzegovina,0.0,2.0,UEFA Euro qualification,Vaduz,Liechtenstein,False
2023-10-13,Angola,Mozambique,1.0,1.0,Friendly,Albufeira,Portugal,True
2023-10-14,Puerto Rico,Guyana,1.0,3.0,CONCACAF Nations League,Añasco,Puerto Rico,False
2023-10-14,Bahamas,Antigua and Barbuda,1.0,4.0,CONCACAF Nations League,Nassau,Bahamas,False
2023-10-14,Aruba,United States Virgin Islands,3.0,1.0,CONCACAF Nations League,Oranjestad,Aruba,False
2023-10-14,Ivory Coast,Morocco,1.0,1.0,Friendly,Abidjan,Ivory Coast,False
2023-10-14,Liberia,Libya,2.0,3.0,Friendly,Khouribga,Morocco,True
2023-10-14,Mauritania,Madagascar,2.0,1.0,Friendly,Mohammedia,Morocco,True
2023-10-14,Mexico,Ghana,2.0,0.0,Friendly,Charlotte,United States,True
2023-10-14,Niger,Somalia,3.0,0.0,Friendly,Mohammedia,Morocco,True
2023-10-14,Sierra Leone,Benin,1.0,1.0,Friendly,Khouribga,Morocco,True
2023-10-14,United States,Germany,1.0,3.0,Friendly,East Hartford,United States,False
2023-10-14,Ukraine,North Macedonia,2.0,0.0,UEFA Euro qualification,Prague,Czech Republic,True
2023-10-14,Italy,Malta,4.0,0.0,UEFA Euro qualification,Bari,Italy,False
2023-10-14,Bulgaria,Lithuania,0.0,2.0,UEFA Euro qualification,Sofia,Bulgaria,False
2023-10-14,Hungary,Serbia,2.0,1.0,UEFA Euro qualification,Budapest,Hungary,False
2023-10-14,Northern Ireland,San Marino,3.0,0.0,UEFA Euro qualification,Belfast,Northern Ireland,False
2023-10-14,Slovenia,Finland,3.0,0.0,UEFA Euro qualification,Ljubljana,Slovenia,False
2023-10-14,Denmark,Kazakhstan,3.0,1.0,UEFA Euro qualification,Copenhagen,Denmark,False
2023-10-14,Papua New Guinea,Vanuatu,0.0,1.0,MSG Prime Minister's Cup,New Caledonia,New Caledonia,True
2023-10-14,New Caledonia,Solomon Islands,0.0,1.0,MSG Prime Minister's Cup,New Caledonia,New Caledonia,False
2023-10-15,Honduras,Cuba,4.0,0.0,CONCACAF Nations League,Tegucigalpa,Honduras,False
2023-10-15,Haiti,Jamaica,2.0,3.0,CONCACAF Nations League,Port of Spain,Trinidad and Tobago,True
2023-10-15,Suriname,Grenada,4.0,0.0,CONCACAF Nations League,Paramaribo,Suriname,False
2023-10-15,Guadeloupe,Saint Lucia,2.0,0.0,CONCACAF Nations League,Sainte-Anne,Guadeloupe,False
2023-10-15,Saint Kitts and Nevis,Sint Maarten,0.0,1.0,CONCACAF Nations League,Basseterre,Saint Kitts and Nevis,False
2023-10-15,Kyrgyzstan,Philippines,0.0,1.0,Friendly,Manama,Bahrain,True
2023-10-15,Sudan,Tanzania,1.0,1.0,Friendly,Taif,Saudi Arabia,True
2023-10-15,Georgia,Cyprus,4.0,0.0,UEFA Euro qualification,Tbilisi,Georgia,False
2023-10-15,Norway,Spain,0.0,1.0,UEFA Euro qualification,Oslo,Norway,False
2023-10-15,Wales,Croatia,2.0,1.0,UEFA Euro qualification,Cardiff,Wales,False
2023-10-15,Turkey,Latvia,4.0,0.0,UEFA Euro qualification,Konya,Turkey,False
2023-10-15,Czech Republic,Faroe Islands,1.0,0.0,UEFA Euro qualification,Plzeň,Czech Republic,False
2023-10-15,Poland,Moldova,1.0,1.0,UEFA Euro qualification,Warsaw,Poland,False
2023-10-15,Switzerland,Belarus,3.0,3.0,UEFA Euro qualification,St. Gallen,Switzerland,False
2023-10-15,Romania,Andorra,4.0,0.0,UEFA Euro qualification,Bucharest,Romania,False
2023-10-16,Dominican Republic,Barbados,5.0,2.0,CONCACAF Nations League,Santiago de los Caballeros,Dominican Republic,False
2023-10-16,Nicaragua,Montserrat,3.0,0.0,CONCACAF Nations League,Managua,Nicaragua,False
2023-10-16,French Guiana,Saint Vincent and the Grenadines,3.0,2.0,CONCACAF Nations League,Fort-de-France,Martinique,True
2023-10-16,Saint Martin,Anguilla,8.0,0.0,CONCACAF Nations League,Basseterre,Saint Kitts and Nevis,True
2023-10-16,Turks and Caicos Islands,British Virgin Islands,2.0,2.0,CONCACAF Nations League,Providenciales,Turks and Caicos Islands,False
2023-10-16,Algeria,Egypt,1.0,1.0,Friendly,Al Ain,United Arab Emirates,True
2023-10-16,Botswana,Eswatini,2.0,1.0,Friendly,Lobatse,Botswana,False
2023-10-16,Kenya,Russia,2.0,2.0,Friendly,Antalya,Turkey,True
2023-10-16,China PR,Uzbekistan,1.0,2.0,Friendly,Dalian,China PR,False
2023-10-16,Mozambique,Nigeria,2.0,3.0,Friendly,Albufeira,Portugal,True
2023-10-16,Senegal,Cameroon,1.0,0.0,Friendly,Lens,France,True
2023-10-16,Gibraltar,Republic of Ireland,0.0,4.0,UEFA Euro qualification,Faro-Loulé,Portugal,True
2023-10-16,Greece,Netherlands,0.0,1.0,UEFA Euro qualification,Athens,Greece,False
2023-10-16,Azerbaijan,Austria,0.0,1.0,UEFA Euro qualification,Baku,Azerbaijan,False
2023-10-16,Belgium,Sweden,1.0,1.0,UEFA Euro qualification,Brussels,Belgium,False
2023-10-16,Iceland,Liechtenstein,4.0,0.0,UEFA Euro qualification,Reykjavík,Iceland,False
2023-10-16,Bosnia and Herzegovina,Portugal,0.0,5.0,UEFA Euro qualification,Zenica,Bosnia and Herzegovina,False
2023-10-16,Luxembourg,Slovakia,0.0,1.0,UEFA Euro qualification,Luxembourg,Luxembourg,False
2023-10-17,El Salvador,Martinique,0.0,0.0,CONCACAF Nations League,San Salvador,El Salvador,False
2023-10-17,Panama,Guatemala,3.0,0.0,CONCACAF Nations League,Panama City,Panama,False
2023-10-17,Curaçao,Trinidad and Tobago,5.0,3.0,CONCACAF Nations League,Willemstad,Curaçao,False
2023-10-17,Bermuda,Belize,1.0,1.0,CONCACAF Nations League,Devonshire Parish,Bermuda,False
2023-10-17,Antigua and Barbuda,Bahamas,2.0,2.0,CONCACAF Nations League,Piggotts,Antigua and Barbuda,False
2023-10-17,Guyana,Puerto Rico,3.0,1.0,CONCACAF Nations League,Basseterre,Saint Kitts and Nevis,True
2023-10-17,Cayman Islands,United States Virgin Islands,2.0,1.0,CONCACAF Nations League,George Town,Cayman Islands,False
2023-10-17,Venezuela,Chile,3.0,0.0,FIFA World Cup qualification,Maturín,Venezuela,False
2023-10-17,Ecuador,Colombia,0.0,0.0,FIFA World Cup qualification,Quito,Ecuador,False
2023-10-17,Paraguay,Bolivia,1.0,0.0,FIFA World Cup qualification,Asunción,Paraguay,False
2023-10-17,Peru,Argentina,0.0,2.0,FIFA World Cup qualification,Lima,Peru,False
2023-10-17,Uruguay,Brazil,2.0,0.0,FIFA World Cup qualification,Montevideo,Uruguay,False
2023-10-17,Bangladesh,Maldives,2.0,1.0,FIFA World Cup qualification,Dhaka,Bangladesh,False
2023-10-17,Bhutan,Hong Kong,2.0,0.0,FIFA World Cup qualification,Thimphu,Bhutan,False
2023-10-17,Brunei,Indonesia,0.0,6.0,FIFA World Cup qualification,Bandar Seri Begawan,Brunei,False
2023-10-17,Guam,Singapore,0.0,1.0,FIFA World Cup qualification,Dededo,Guam,False
2023-10-17,Laos,Nepal,0.0,1.0,FIFA World Cup qualification,Vientiane,Laos,False
2023-10-17,Macau,Myanmar,0.0,0.0,FIFA World Cup qualification,Taipa,Macau,False
2023-10-17,Mongolia,Afghanistan,0.0,1.0,FIFA World Cup qualification,Ulaanbaatar,Mongolia,False
2023-10-17,Pakistan,Cambodia,1.0,0.0,FIFA World Cup qualification,Islamabad,Pakistan,False
2023-10-17,Sri Lanka,Yemen,1.0,1.0,FIFA World Cup qualification,Colombo,Sri Lanka,False
2023-10-17,Taiwan,Timor-Leste,3.0,0.0,FIFA World Cup qualification,Kaohsiung,Taiwan,False
2023-10-17,Albania,Bulgaria,2.0,0.0,Friendly,Tirana,Albania,False
2023-10-17,Angola,DR Congo,0.0,0.0,Friendly,Setúbal,Portugal,True
2023-10-17,Australia,New Zealand,2.0,0.0,Soccer Ashes,Brentford,England,True
2023-10-17,Bahrain,Philippines,1.0,0.0,Friendly,Arad,Bahrain,False
2023-10-17,Benin,Madagascar,1.0,2.0,Friendly,Casablanca,Morocco,True
2023-10-17,Burkina Faso,Mauritania,2.0,1.0,Friendly,Casablanca,Morocco,True
2023-10-17,Cape Verde,Comoros,1.0,2.0,Friendly,Fos-sur-Mer,Cape Verde,False
2023-10-17,Estonia,Thailand,1.0,1.0,Friendly,Tallinn,Estonia,False
2023-10-17,France,Scotland,4.0,1.0,Friendly,Lille,France,False
2023-10-17,Guinea,Gabon,1.0,1.0,Friendly,Faro-Loulé,Portugal,True
2023-10-17,Ivory Coast,South Africa,1.0,1.0,Friendly,Abidjan,Ivory Coast,False
2023-10-17,South Korea,Vietnam,6.0,0.0,Friendly,Suwon,South Korea,False
2023-10-17,Libya,Niger,1.0,1.0,Friendly,Khouribga,Morocco,True
2023-10-17,Mali,Saudi Arabia,3.0,1.0,Friendly,Portimão,Portugal,True
2023-10-17,Mexico,Germany,2.0,2.0,Friendly,Philadelphia,United States,True
2023-10-17,North Macedonia,Armenia,3.0,1.0,Friendly,Strumica,North Macedonia,False
2023-10-17,Somalia,Sierra Leone,0.0,2.0,Friendly,Khouribga,Morocco,True
2023-10-17,Sudan,Chad,1.0,0.0,Friendly,Taif,Saudi Arabia,True
2023-10-17,Syria,Kuwait,1.0,2.0,Friendly,Dubai,United Arab Emirates,True
2023-10-17,United Arab Emirates,Lebanon,2.0,1.0,Friendly,Dubai,United Arab Emirates,False
2023-10-17,United States,Ghana,4.0,0.0,Friendly,Nashville,United States,False
2023-10-17,Zambia,Uganda,3.0,0.0,Friendly,Sharjah,United Arab Emirates,True
2023-10-17,Morocco,Liberia,3.0,0.0,African Cup of Nations qualification,Agadir,Morocco,False
2023-10-17,England,Italy,3.0,1.0,UEFA Euro qualification,London,England,False
2023-10-17,Malta,Ukraine,1.0,3.0,UEFA Euro qualification,Ta' Qali,Malta,False
2023-10-17,Serbia,Montenegro,3.0,1.0,UEFA Euro qualification,Belgrade,Serbia,False
2023-10-17,Lithuania,Hungary,2.0,2.0,UEFA Euro qualification,Kaunas,Lithuania,False
2023-10-17,Finland,Kazakhstan,1.0,2.0,UEFA Euro qualification,Helsinki,Finland,False
2023-10-17,Northern Ireland,Slovenia,0.0,1.0,UEFA Euro qualification,Belfast,Northern Ireland,False
2023-10-17,San Marino,Denmark,1.0,2.0,UEFA Euro qualification,Serravalle,San Marino,False
2023-10-23,United Arab Emirates,Kuwait,1.0,0.0,Friendly,Dubai,United Arab Emirates,False
2023-11-11,Guatemala,Jamaica,0.0,0.0,Friendly,Harrison,United States,True
2023-11-12,Kosovo,Israel,1.0,0.0,UEFA Euro qualification,Pristina,Kosovo,False
2023-11-15,Ethiopia,Sierra Leone,0.0,0.0,FIFA World Cup qualification,El Jadida,Morocco,True
2023-11-15,DR Congo,Mauritania,2.0,0.0,FIFA World Cup qualification,Kinshasa,DR Congo,False
2023-11-15,Rwanda,Zimbabwe,0.0,0.0,FIFA World Cup qualification,Butare,Rwanda,False
2023-11-15,Equatorial Guinea,Namibia,0.0,3.0,FIFA World Cup qualification,Malabo,Equatorial Guinea,False
2023-11-15,Belgium,Serbia,1.0,0.0,Friendly,Leuven,Belgium,False
2023-11-15,Israel,Switzerland,1.0,1.0,UEFA Euro qualification,Felcsút,Hungary,True
2023-11-16,Sint Maarten,Guadeloupe,0.0,2.0,CONCACAF Nations League,Bridgetown,Barbados,True
2023-11-16,Saint Kitts and Nevis,Saint Lucia,0.0,0.0,CONCACAF Nations League,Basseterre,Saint Kitts and Nevis,False
2023-11-16,United States Virgin Islands,Aruba,1.0,4.0,CONCACAF Nations League,Saint Croix,United States Virgin Islands,False
2023-11-16,British Virgin Islands,Dominica,1.0,2.0,CONCACAF Nations League,Road Town,British Virgin Islands,False
2023-11-16,Costa Rica,Panama,0.0,3.0,CONCACAF Nations League,San José,Costa Rica,False
2023-11-16,United States,Trinidad and Tobago,3.0,0.0,CONCACAF Nations League,Austin,United States,False
2023-11-16,Bolivia,Peru,2.0,0.0,FIFA World Cup qualification,La Paz,Bolivia,False
2023-11-16,Venezuela,Ecuador,0.0,0.0,FIFA World Cup qualification,Maturín,Venezuela,False
2023-11-16,Colombia,Brazil,2.0,1.0,FIFA World Cup qualification,Barranquilla,Colombia,False
2023-11-16,Argentina,Uruguay,0.0,2.0,FIFA World Cup qualification,Buenos Aires,Argentina,False
2023-11-16,Chile,Paraguay,0.0,0.0,FIFA World Cup qualification,Santiago,Chile,False
2023-11-16,Qatar,Afghanistan,8.0,1.0,FIFA World Cup qualification,Al Rayyan,Qatar,False
2023-11-16,Kuwait,India,0.0,1.0,FIFA World Cup qualification,Kuwait City,Kuwait,False
2023-11-16,Japan,Myanmar,5.0,0.0,FIFA World Cup qualification,Suita,Japan,False
2023-11-16,Syria,North Korea,1.0,0.0,FIFA World Cup qualification,Jeddah,Saudi Arabia,True
2023-11-16,Thailand,China PR,1.0,2.0,FIFA World Cup qualification,Bangkok,Thailand,False
2023-11-16,South Korea,Singapore,5.0,0.0,FIFA World Cup qualification,Seoul,South Korea,False
2023-11-16,Oman,Taiwan,3.0,0.0,FIFA World Cup qualification,Muscat,Oman,False
2023-11-16,Malaysia,Kyrgyzstan,4.0,3.0,FIFA World Cup qualification,Kuala Lumpur,Malaysia,False
2023-11-16,Iran,Hong Kong,4.0,0.0,FIFA World Cup qualification,Tehran,Iran,False
2023-11-16,Turkmenistan,Uzbekistan,1.0,3.0,FIFA World Cup qualification,Ashgabat,Turkmenistan,False
2023-11-16,Iraq,Indonesia,5.0,1.0,FIFA World Cup qualification,Basra,Iraq,False
2023-11-16,Philippines,Vietnam,0.0,2.0,FIFA World Cup qualification,Manila,Philippines,False
2023-11-16,Tajikistan,Jordan,1.0,1.0,FIFA World Cup qualification,Dushanbe,Tajikistan,False
2023-11-16,Saudi Arabia,Pakistan,4.0,0.0,FIFA World Cup qualification,Al Hofuf,Saudi Arabia,False
2023-11-16,United Arab Emirates,Nepal,4.0,0.0,FIFA World Cup qualification,Dubai,United Arab Emirates,False
2023-11-16,Yemen,Bahrain,0.0,2.0,FIFA World Cup qualification,Abha,Saudi Arabia,True
2023-11-16,Lebanon,Palestine,0.0,0.0,FIFA World Cup qualification,Sharjah,United Arab Emirates,True
2023-11-16,Australia,Bangladesh,7.0,0.0,FIFA World Cup qualification,Melbourne,Australia,False
2023-11-16,Egypt,Djibouti,6.0,0.0,FIFA World Cup qualification,Cairo,Egypt,False
2023-11-16,Sudan,Togo,1.0,1.0,FIFA World Cup qualification,Benghazi,Libya,True
2023-11-16,Nigeria,Lesotho,1.0,1.0,FIFA World Cup qualification,Uyo,Nigeria,False
2023-11-16,Cape Verde,Angola,0.0,0.0,FIFA World Cup qualification,Praia,Cape Verde,False
2023-11-16,Burundi,Gambia,3.0,2.0,FIFA World Cup qualification,Dar es Salaam,Tanzania,True
2023-11-16,Gabon,Kenya,2.0,1.0,FIFA World Cup qualification,Franceville,Gabon,False
2023-11-16,Botswana,Mozambique,2.0,3.0,FIFA World Cup qualification,Francistown,Botswana,False
2023-11-16,Algeria,Somalia,3.0,1.0,FIFA World Cup qualification,Algiers,Algeria,False
2023-11-16,Curaçao,El Salvador,1.0,1.0,Friendly,Willemstad,Curaçao,False
2023-11-16,Norway,Faroe Islands,2.0,0.0,Friendly,Oslo,Norway,False
2023-11-16,Cyprus,Spain,1.0,3.0,UEFA Euro qualification,Limassol,Cyprus,False
2023-11-16,Georgia,Scotland,2.0,2.0,UEFA Euro qualification,Tbilisi,Georgia,False
2023-11-16,Estonia,Austria,0.0,2.0,UEFA Euro qualification,Tallinn,Estonia,False
2023-11-16,Azerbaijan,Sweden,3.0,0.0,UEFA Euro qualification,Baku,Azerbaijan,False
2023-11-16,Bulgaria,Hungary,2.0,2.0,UEFA Euro qualification,Sofia,Bulgaria,False
2023-11-16,Montenegro,Lithuania,2.0,0.0,UEFA Euro qualification,Podgorica,Montenegro,False
2023-11-16,Liechtenstein,Portugal,0.0,2.0,UEFA Euro qualification,Vaduz,Liechtenstein,False
2023-11-16,Luxembourg,Bosnia and Herzegovina,4.0,1.0,UEFA Euro qualification,Luxembourg,Luxembourg,False
2023-11-16,Slovakia,Iceland,4.0,2.0,UEFA Euro qualification,Bratislava,Slovakia,False
2023-11-17,Montserrat,Dominican Republic,2.0,1.0,CONCACAF Nations League,Lookout,Montserrat,False
2023-11-17,Barbados,Nicaragua,0.0,4.0,CONCACAF Nations League,Bridgetown,Barbados,False
2023-11-17,Bermuda,Saint Vincent and the Grenadines,3.0,1.0,CONCACAF Nations League,Devonshire Parish,Bermuda,False
2023-11-17,Belize,French Guiana,1.0,0.0,CONCACAF Nations League,Belmopan,Belize,False
2023-11-17,Honduras,Mexico,2.0,0.0,CONCACAF Nations League,Tegucigalpa,Honduras,False
2023-11-17,Burkina Faso,Guinea-Bissau,1.0,1.0,FIFA World Cup qualification,Marrakech,Morocco,True
2023-11-17,Eswatini,Libya,0.0,1.0,FIFA World Cup qualification,Mbombela,South Africa,True
2023-11-17,Cameroon,Mauritius,3.0,0.0,FIFA World Cup qualification,Douala,Cameroon,False
2023-11-17,Zambia,Congo,4.0,2.0,FIFA World Cup qualification,Ndola,Zambia,False
2023-11-17,Ivory Coast,Seychelles,9.0,0.0,FIFA World Cup qualification,Abidjan,Ivory Coast,False
2023-11-17,Guinea,Uganda,2.0,1.0,FIFA World Cup qualification,Berkane,Morocco,True
2023-11-17,Liberia,Malawi,0.0,1.0,FIFA World Cup qualification,Monrovia,Liberia,False
2023-11-17,Tunisia,São Tomé and Príncipe,4.0,0.0,FIFA World Cup qualification,Radès,Tunisia,False
2023-11-17,Comoros,Central African Republic,4.0,2.0,FIFA World Cup qualification,Moroni,Comoros,False
2023-11-17,Ghana,Madagascar,1.0,0.0,FIFA World Cup qualification,Kumasi,Ghana,False
2023-11-17,Mali,Chad,3.0,1.0,FIFA World Cup qualification,Bamako,Mali,False
2023-11-17,Greece,New Zealand,2.0,0.0,Friendly,Athens,Greece,False
2023-11-17,England,Malta,2.0,0.0,UEFA Euro qualification,London,England,False
2023-11-17,Italy,North Macedonia,5.0,2.0,UEFA Euro qualification,Rome,Italy,False
2023-11-17,Moldova,Albania,1.0,1.0,UEFA Euro qualification,Chișinău,Moldova,False
2023-11-17,Poland,Czech Republic,1.0,1.0,UEFA Euro qualification,Warsaw,Poland,False
2023-11-17,Finland,Northern Ireland,4.0,0.0,UEFA Euro qualification,Helsinki,Finland,False
2023-11-17,Denmark,Slovenia,2.0,1.0,UEFA Euro qualification,Copenhagen,Denmark,False
2023-11-17,Kazakhstan,San Marino,3.0,1.0,UEFA Euro qualification,Astana,Kazakhstan,False
2023-11-17,Papua New Guinea,Tuvalu,3.0,0.0,Pacific Games,Honiara,Solomon Islands,True
2023-11-17,Solomon Islands,Samoa,1.0,0.0,Pacific Games,Honiara,Solomon Islands,False
2023-11-18,Antigua and Barbuda,Puerto Rico,2.0,3.0,CONCACAF Nations League,Piggotts,Antigua and Barbuda,False
2023-11-18,Anguilla,Bonaire,0.0,3.0,CONCACAF Nations League,The Valley,Anguilla,False
2023-11-18,Jamaica,Canada,1.0,2.0,CONCACAF Nations League,Kingston,Jamaica,False
2023-11-18,Senegal,South Sudan,4.0,0.0,FIFA World Cup qualification,Diamniadio,Senegal,False
2023-11-18,South Africa,Benin,2.0,1.0,FIFA World Cup qualification,Durban,South Africa,False
2023-11-18,Niger,Tanzania,0.0,1.0,FIFA World Cup qualification,Marrakech,Morocco,True
2023-11-18,Germany,Turkey,2.0,3.0,Friendly,Berlin,Germany,False
2023-11-18,France,Gibraltar,14.0,0.0,UEFA Euro qualification,Nice,France,False
2023-11-18,Netherlands,Republic of Ireland,1.0,0.0,UEFA Euro qualification,Amsterdam,Netherlands,False
2023-11-18,Armenia,Wales,1.0,1.0,UEFA Euro qualification,Yerevan,Armenia,False
2023-11-18,Latvia,Croatia,0.0,2.0,UEFA Euro qualification,Riga,Latvia,False
2023-11-18,Belarus,Andorra,1.0,0.0,UEFA Euro qualification,Budapest,Hungary,True
2023-11-18,Switzerland,Kosovo,1.0,1.0,UEFA Euro qualification,Basel,Switzerland,False
2023-11-18,Israel,Romania,1.0,2.0,UEFA Euro qualification,Felcsút,Hungary,True
2023-11-18,New Caledonia,Tonga,7.0,0.0,Pacific Games,Honiara,Solomon Islands,True
2023-11-18,Fiji,Northern Mariana Islands,10.0,0.0,Pacific Games,Honiara,Solomon Islands,True
2023-11-19,Guadeloupe,Saint Kitts and Nevis,5.0,0.0,CONCACAF Nations League,Sainte-Anne,Guadeloupe,False
2023-11-19,Saint Lucia,Sint Maarten,1.0,2.0,CONCACAF Nations League,Gros Islet,Saint Lucia,False
2023-11-19,Sierra Leone,Egypt,0.0,2.0,FIFA World Cup qualification,Monrovia,Liberia,True
2023-11-19,Sudan,DR Congo,1.0,0.0,FIFA World Cup qualification,Benghazi,Libya,True
2023-11-19,Zimbabwe,Nigeria,1.0,1.0,FIFA World Cup qualification,Butare,Rwanda,True
2023-11-19,Burundi,Gabon,1.0,2.0,FIFA World Cup qualification,Dar es Salaam,Tanzania,True
2023-11-19,Mozambique,Algeria,0.0,2.0,FIFA World Cup qualification,Maputo,Mozambique,False
2023-11-19,Cyprus,Lithuania,1.0,0.0,Friendly,Limassol,Cyprus,False
2023-11-19,Scotland,Norway,3.0,3.0,UEFA Euro qualification,Glasgow,Scotland,False
2023-11-19,Spain,Georgia,3.0,1.0,UEFA Euro qualification,Valladolid,Spain,False
2023-11-19,Belgium,Azerbaijan,5.0,0.0,UEFA Euro qualification,Brussels,Belgium,False
2023-11-19,Sweden,Estonia,2.0,0.0,UEFA Euro qualification,Stockholm,Sweden,False
2023-11-19,Hungary,Montenegro,3.0,1.0,UEFA Euro qualification,Budapest,Hungary,False
2023-11-19,Serbia,Bulgaria,2.0,2.0,UEFA Euro qualification,Leskovac,Serbia,False
2023-11-19,Portugal,Iceland,2.0,0.0,UEFA Euro qualification,Lisbon,Portugal,False
2023-11-19,Bosnia and Herzegovina,Slovakia,1.0,2.0,UEFA Euro qualification,Zenica,Bosnia and Herzegovina,False
2023-11-19,Liechtenstein,Luxembourg,0.0,1.0,UEFA Euro qualification,Vaduz,Liechtenstein,False
2023-11-20,Montserrat,Barbados,4.0,2.0,CONCACAF Nations League,Lookout,Montserrat,False
2023-11-20,Aruba,Cayman Islands,5.0,1.0,CONCACAF Nations League,Oranjestad,Aruba,False
2023-11-20,Dominica,Turks and Caicos Islands,2.0,0.0,CONCACAF Nations League,Road Town,British Virgin Islands,True
2023-11-20,Panama,Costa Rica,3.0,1.0,CONCACAF Nations League,Panama City,Panama,False
2023-11-20,Trinidad and Tobago,United States,2.0,1.0,CONCACAF Nations League,Port of Spain,Trinidad and Tobago,False
2023-11-20,Djibouti,Guinea-Bissau,0.0,1.0,FIFA World Cup qualification,Cairo,Egypt,True
2023-11-20,Gambia,Ivory Coast,0.0,2.0,FIFA World Cup qualification,Dar es Salaam,Tanzania,True
2023-11-20,Seychelles,Kenya,0.0,5.0,FIFA World Cup qualification,Abidjan,Ivory Coast,True
2023-11-20,Liberia,Equatorial Guinea,3.0,0.0,FIFA World Cup qualification,Monrovia,Liberia,False
2023-11-20,Mali,Central African Republic,1.0,1.0,FIFA World Cup qualification,Bamako,Mali,False
2023-11-20,Chad,Madagascar,0.0,3.0,FIFA World Cup qualification,Oujda,Morocco,True
2023-11-20,Curaçao,El Salvador,1.0,1.0,Friendly,Willemstad,Curaçao,False
2023-11-20,Russia,Cuba,8.0,0.0,Friendly,Volgograd,Russia,False
2023-11-20,North Macedonia,England,1.0,1.0,UEFA Euro qualification,Skopje,North Macedonia,False
2023-11-20,Ukraine,Italy,0.0,0.0,UEFA Euro qualification,Leverkusen,Germany,True
2023-11-20,Albania,Faroe Islands,0.0,0.0,UEFA Euro qualification,Tirana,Albania,False
2023-11-20,Czech Republic,Moldova,3.0,0.0,UEFA Euro qualification,Olomouc,Czech Republic,False
2023-11-20,Northern Ireland,Denmark,2.0,0.0,UEFA Euro qualification,Belfast,Northern Ireland,False
2023-11-20,San Marino,Finland,1.0,2.0,UEFA Euro qualification,Serravalle,San Marino,False
2023-11-20,Slovenia,Kazakhstan,2.0,1.0,UEFA Euro qualification,Ljubljana,Slovenia,False
2023-11-20,Tuvalu,Vanuatu,0.0,6.0,Pacific Games,Honiara,Solomon Islands,True
2023-11-20,Samoa,American Samoa,10.0,0.0,Pacific Games,Honiara,Solomon Islands,True
2023-11-21,Nicaragua,Dominican Republic,0.0,0.0,CONCACAF Nations League,Managua,Nicaragua,False
2023-11-21,French Guiana,Bermuda,3.0,0.0,CONCACAF Nations League,Fort-de-France,Martinique,True
2023-11-21,Saint Vincent and the Grenadines,Belize,3.0,0.0,CONCACAF Nations League,Saint George's,Saint Vincent and the Grenadines,False
2023-11-21,Guyana,Antigua and Barbuda,6.0,0.0,CONCACAF Nations League,Santo Domingo,Dominican Republic,True
2023-11-21,Puerto Rico,Bahamas,6.0,1.0,CONCACAF Nations League,Bayamón,Puerto Rico,False
2023-11-21,Bonaire,Saint Martin,0.0,4.0,CONCACAF Nations League,Rincon,Bonaire,False
2023-11-21,Canada,Jamaica,2.0,3.0,CONCACAF Nations League,Toronto,Canada,False
2023-11-21,Mexico,Honduras,2.0,0.0,CONCACAF Nations League,Mexico City,Mexico,False
2023-11-21,Ecuador,Chile,1.0,0.0,FIFA World Cup qualification,Quito,Ecuador,False
2023-11-21,Paraguay,Colombia,0.0,1.0,FIFA World Cup qualification,Asunción,Paraguay,False
2023-11-21,Uruguay,Bolivia,3.0,0.0,FIFA World Cup qualification,Montevideo,Uruguay,False
2023-11-21,Peru,Venezuela,1.0,1.0,FIFA World Cup qualification,Lima,Peru,False
2023-11-21,Brazil,Argentina,0.0,1.0,FIFA World Cup qualification,Rio de Janeiro,Brazil,False
2023-11-21,India,Qatar,0.0,3.0,FIFA World Cup qualification,Bhubaneswar,India,False
2023-11-21,Afghanistan,Kuwait,0.0,4.0,FIFA World Cup qualification,Dammam,Saudi Arabia,True
2023-11-21,Myanmar,North Korea,1.0,6.0,FIFA World Cup qualification,Yangon,Myanmar,False
2023-11-21,Syria,Japan,0.0,5.0,FIFA World Cup qualification,Jeddah,Saudi Arabia,True
2023-11-21,China PR,South Korea,0.0,3.0,FIFA World Cup qualification,Shenzhen,China PR,False
2023-11-21,Singapore,Thailand,1.0,3.0,FIFA World Cup qualification,Kallang,Singapore,False
2023-11-21,Taiwan,Malaysia,0.0,1.0,FIFA World Cup qualification,Taipei,Taiwan,False
2023-11-21,Kyrgyzstan,Oman,1.0,0.0,FIFA World Cup qualification,Bishkek,Kyrgyzstan,False
2023-11-21,Uzbekistan,Iran,2.0,2.0,FIFA World Cup qualification,Tashkent,Uzbekistan,False
2023-11-21,Hong Kong,Turkmenistan,2.0,2.0,FIFA World Cup qualification,Hong Kong,Hong Kong,False
2023-11-21,Philippines,Indonesia,1.0,1.0,FIFA World Cup qualification,Manila,Philippines,False
2023-11-21,Vietnam,Iraq,0.0,1.0,FIFA World Cup qualification,Hanoi,Vietnam,False
2023-11-21,Pakistan,Tajikistan,1.0,6.0,FIFA World Cup qualification,Islamabad,Pakistan,False
2023-11-21,Jordan,Saudi Arabia,0.0,2.0,FIFA World Cup qualification,Amman,Jordan,False
2023-11-21,Bahrain,United Arab Emirates,0.0,2.0,FIFA World Cup qualification,Riffa,Bahrain,False
2023-11-21,Nepal,Yemen,0.0,2.0,FIFA World Cup qualification,Kathmandu,Nepal,False
2023-11-21,Palestine,Australia,0.0,1.0,FIFA World Cup qualification,Kuwait City,Kuwait,True
2023-11-21,Bangladesh,Lebanon,1.0,1.0,FIFA World Cup qualification,Dhaka,Bangladesh,False
2023-11-21,Ethiopia,Burkina Faso,0.0,3.0,FIFA World Cup qualification,El Jadida,Morocco,True
2023-11-21,South Sudan,Mauritania,0.0,0.0,FIFA World Cup qualification,Diamniadio,Senegal,True
2023-11-21,Togo,Senegal,0.0,0.0,FIFA World Cup qualification,Lomé,Togo,False
2023-11-21,Lesotho,Benin,0.0,0.0,FIFA World Cup qualification,Durban,South Africa,True
2023-11-21,Rwanda,South Africa,2.0,0.0,FIFA World Cup qualification,Butare,Rwanda,False
2023-11-21,Eswatini,Cape Verde,0.0,2.0,FIFA World Cup qualification,Mbombela,South Africa,True
2023-11-21,Libya,Cameroon,1.0,1.0,FIFA World Cup qualification,Benghazi,Libya,False
2023-11-21,Mauritius,Angola,0.0,0.0,FIFA World Cup qualification,Saint Pierre,Mauritius,False
2023-11-21,Niger,Zambia,2.0,1.0,FIFA World Cup qualification,Marrakech,Morocco,True
2023-11-21,Tanzania,Morocco,0.0,2.0,FIFA World Cup qualification,Dar es Salaam,Tanzania,False
2023-11-21,Somalia,Uganda,0.0,1.0,FIFA World Cup qualification,Berkane,Morocco,True
2023-11-21,Botswana,Guinea,1.0,0.0,FIFA World Cup qualification,Francistown,Botswana,False
2023-11-21,Malawi,Tunisia,0.0,1.0,FIFA World Cup qualification,Lilongwe,Malawi,False
2023-11-21,São Tomé and Príncipe,Namibia,0.0,2.0,FIFA World Cup qualification,Agadir,Morocco,True
2023-11-21,Comoros,Ghana,1.0,0.0,FIFA World Cup qualification,Moroni,Comoros,False
2023-11-21,Austria,Germany,2.0,0.0,Friendly,Vienna,Austria,False
2023-11-21,Poland,Latvia,2.0,0.0,Friendly,Warsaw,Poland,False
2023-11-21,Republic of Ireland,New Zealand,1.0,1.0,Friendly,Dublin,Republic of Ireland,False
2023-11-21,Gibraltar,Netherlands,0.0,6.0,UEFA Euro qualification,Faro-Loulé,Portugal,True
2023-11-21,Greece,France,2.0,2.0,UEFA Euro qualification,Athens,Greece,False
2023-11-21,Wales,Turkey,1.0,1.0,UEFA Euro qualification,Cardiff,Wales,False
2023-11-21,Croatia,Armenia,1.0,0.0,UEFA Euro qualification,Zagreb,Croatia,False
2023-11-21,Andorra,Israel,0.0,2.0,UEFA Euro qualification,Andorra la Vella,Andorra,False
2023-11-21,Kosovo,Belarus,0.0,1.0,UEFA Euro qualification,Pristina,Kosovo,False
2023-11-21,Romania,Switzerland,1.0,0.0,UEFA Euro qualification,Bucharest,Romania,False
2023-11-21,Tonga,Cook Islands,1.0,2.0,Pacific Games,Honiara,Solomon Islands,True
2023-11-21,Fiji,Tahiti,0.0,0.0,Pacific Games,Honiara,Solomon Islands,True
2023-11-23,Vanuatu,Papua New Guinea,1.0,1.0,Pacific Games,Honiara,Solomon Islands,True
2023-11-23,Solomon Islands,American Samoa,11.0,0.0,Pacific Games,Honiara,Solomon Islands,False
2023-11-24,Cook Islands,New Caledonia,0.0,8.0,Pacific Games,Honiara,Solomon Islands,True
2023-11-24,Northern Mariana Islands,Tahiti,0.0,5.0,Pacific Games,Honiara,Solomon Islands,True
2023-11-27,Northern Mariana Islands,American Samoa,4.0,0.0,Pacific Games,Honiara,Solomon Islands,True
2023-11-27,Tonga,Tuvalu,0.0,4.0,Pacific Games,Honiara,Solomon Islands,True
2023-11-27,Tahiti,Samoa,2.0,1.0,Pacific Games,Honiara,Solomon Islands,True
2023-11-27,Cook Islands,Papua New Guinea,0.0,3.0,Pacific Games,Solomon Islands,Solomon Islands,True
2023-11-28,New Caledonia,Vanuatu,1.0,0.0,Pacific Games,Solomon Islands,Solomon Islands,True
2023-11-28,Solomon Islands,Fiji,2.0,0.0,Pacific Games,Solomon Islands,Solomon Islands,False
2023-11-30,American Samoa,Tonga,2.0,6.0,Pacific Games,Solomon Islands,Solomon Islands,True
2023-11-30,Northern Mariana Islands,Tuvalu,1.0,4.0,Pacific Games,Solomon Islands,Solomon Islands,True
2023-11-30,Samoa,Cook Islands,3.0,0.0,Pacific Games,Solomon Islands,Solomon Islands,True
2023-11-30,Tahiti,Papua New Guinea,2.0,0.0,Pacific Games,Solomon Islands,Solomon Islands,True
2023-12-01,Vanuatu,Fiji,2.0,4.0,Pacific Games,Solomon Islands,Solomon Islands,True
2023-12-02,Solomon Islands,New Caledonia,2.0,2.0,Pacific Games,Solomon Islands,Solomon Islands,False
2023-12-16,Mexico,Colombia,2.0,3.0,Friendly,Los Angeles,United States,True
2024-01-01,Japan,Thailand,5.0,0.0,Friendly,Tokyo,Japan,False
2024-01-01,China PR,Hong Kong,1.0,2.0,Friendly,Abu Dhabi,United Arab Emirates,True
2024-01-02,Indonesia,Libya,0.0,4.0,Friendly,Antalya,Turkey,True
2024-01-04,Tajikistan,Hong Kong,2.0,1.0,Friendly,Abu Dhabi,United Arab Emirates,True
2024-01-04,Saudi Arabia,Lebanon,1.0,0.0,Friendly,Doha,Qatar,True
2024-01-05,Indonesia,Libya,1.0,2.0,Friendly,Antalya,Turkey,True
2024-01-05,Iran,Burkina Faso,2.0,1.0,Friendly,Kish,Iran,False
2024-01-05,Kyrgyzstan,Syria,1.0,1.0,Friendly,Abu Dhabi,United Arab Emirates,True
2024-01-05,Qatar,Jordan,1.0,2.0,Friendly,Al Rayyan,Qatar,False
2024-01-05,Togo,Algeria,0.0,3.0,Friendly,Lomé,Togo,False
2024-01-06,DR Congo,Angola,0.0,0.0,Friendly,Dubai,United Arab Emirates,True
2024-01-06,Iraq,South Korea,0.0,1.0,Friendly,Abu Dhabi,United Arab Emirates,True
2024-01-06,Bahrain,Australia,0.0,2.0,Friendly,Abu Dhabi,United Arab Emirates,True
2024-01-06,Mozambique,Lesotho,2.0,0.0,Friendly,Johannesburg,South Africa,True
2024-01-06,United Arab Emirates,Oman,0.0,1.0,Friendly,Abu Dhabi,United Arab Emirates,False
2024-01-06,Ivory Coast,Sierra Leone,5.0,1.0,Friendly,San-Pédro,Ivory Coast,False
2024-01-06,Tunisia,Mauritania,0.0,0.0,Friendly,Radès,Tunisia,False
2024-01-06,Mali,Guinea-Bissau,6.0,2.0,Friendly,Bamako,Mali,False
2024-01-07,Uzbekistan,Palestine,1.0,0.0,Friendly,Doha,Qatar,True
2024-01-07,Egypt,Tanzania,2.0,0.0,Friendly,Cairo,Egypt,False
2024-01-08,Nigeria,Guinea,0.0,2.0,Friendly,Abu Dhabi,United Arab Emirates,True
2024-01-08,Botswana,Mozambique,1.0,1.0,Friendly,Johannesburg,South Africa,True
2024-01-08,Syria,Malaysia,2.0,2.0,Friendly,Doha,Qatar,True
2024-01-08,Senegal,Niger,1.0,0.0,Friendly,Dakar,Senegal,False
2024-01-08,Ghana,Namibia,0.0,0.0,Friendly,Kumasi,Ghana,False
2024-01-09,Japan,Jordan,6.0,1.0,Friendly,Doha,Qatar,True
2024-01-09,Kyrgyzstan,Vietnam,2.0,1.0,Friendly,Al Khor,Qatar,True
2024-01-09,Zambia,Cameroon,1.0,1.0,Friendly,Jeddah,Saudi Arabia,True
2024-01-09,Equatorial Guinea,Djibouti,1.0,1.0,Friendly,Malabo,Equatorial Guinea,False
2024-01-09,Saudi Arabia,Palestine,0.0,0.0,Friendly,Al Wakrah,Qatar,True
2024-01-09,Burundi,Algeria,0.0,4.0,Friendly,Lomé,Togo,True
2024-01-09,Indonesia,Iran,0.0,5.0,Friendly,Al Rayyan,Qatar,True
2024-01-10,South Africa,Lesotho,0.0,0.0,Friendly,Pretoria,South Africa,False
2024-01-10,DR Congo,Burkina Faso,1.0,2.0,Friendly,Abu Dhabi,United Arab Emirates,True
2024-01-10,Bahrain,Angola,0.0,3.0,Friendly,Dubai,United Arab Emirates,True
2024-01-10,Saudi Arabia,Hong Kong,2.0,0.0,Friendly,Al Wakrah,Qatar,True
2024-01-10,Tunisia,Cape Verde,2.0,0.0,Friendly,Radès,Tunisia,False
2024-01-11,Morocco,Sierra Leone,3.0,1.0,Friendly,San-Pédro,Ivory Coast,True
2024-01-12,Qatar,Lebanon,3.0,0.0,AFC Asian Cup,Lusail,Qatar,False
2024-01-12,Kuwait,Libya,1.0,3.0,Friendly,Cairo,Egypt,True
2024-01-12,Sweden,Estonia,2.0,1.0,Friendly,Paphos,Cyprus,True
2024-01-13,China PR,Tajikistan,0.0,0.0,AFC Asian Cup,Doha,Qatar,True
2024-01-13,Australia,India,2.0,0.0,AFC Asian Cup,Al Rayyan,Qatar,True
2024-01-13,Uzbekistan,Syria,0.0,0.0,AFC Asian Cup,Doha,Qatar,True
2024-01-13,Ivory Coast,Guinea-Bissau,2.0,0.0,African Cup of Nations,Ebimpé,Ivory Coast,False
2024-01-13,Guatemala,Iceland,0.0,1.0,Friendly,Fort Lauderdale,United States,True
2024-01-14,United Arab Emirates,Hong Kong,3.0,1.0,AFC Asian Cup,Al Rayyan,Qatar,True
2024-01-14,Iran,Palestine,4.0,1.0,AFC Asian Cup,Al Rayyan,Qatar,True
2024-01-14,Japan,Vietnam,4.0,2.0,AFC Asian Cup,Doha,Qatar,True
2024-01-14,Nigeria,Equatorial Guinea,1.0,1.0,African Cup of Nations,Ebimpé,Ivory Coast,True
2024-01-14,Egypt,Mozambique,2.0,2.0,African Cup of Nations,Abidjan,Ivory Coast,True
2024-01-14,Ghana,Cape Verde,1.0,2.0,African Cup of Nations,Abidjan,Ivory Coast,True
2024-01-15,Indonesia,Iraq,1.0,3.0,AFC Asian Cup,Doha,Qatar,True
2024-01-15,South Korea,Bahrain,3.0,1.0,AFC Asian Cup,Doha,Qatar,True
2024-01-15,Malaysia,Jordan,0.0,4.0,AFC Asian Cup,Al Wakrah,Qatar,True
2024-01-15,Senegal,Gambia,3.0,0.0,African Cup of Nations,Yamoussoukro,Ivory Coast,True
2024-01-15,Cameroon,Guinea,1.0,1.0,African Cup of Nations,Yamoussoukro,Ivory Coast,True
2024-01-15,Algeria,Angola,1.0,1.0,African Cup of Nations,Bouaké,Ivory Coast,True
2024-01-16,Thailand,Kyrgyzstan,2.0,0.0,AFC Asian Cup,Doha,Qatar,True
2024-01-16,Saudi Arabia,Oman,2.0,1.0,AFC Asian Cup,Al Rayyan,Qatar,True
2024-01-16,Burkina Faso,Mauritania,1.0,0.0,African Cup of Nations,Bouaké,Ivory Coast,True
2024-01-16,Tunisia,Namibia,0.0,1.0,African Cup of Nations,Korhogo,Ivory Coast,True
2024-01-16,Mali,South Africa,2.0,0.0,African Cup of Nations,Korhogo,Ivory Coast,True
2024-01-17,Lebanon,China PR,0.0,0.0,AFC Asian Cup,Doha,Qatar,True
2024-01-17,Qatar,Tajikistan,1.0,0.0,AFC Asian Cup,Al Khor,Qatar,False
2024-01-17,Morocco,Tanzania,3.0,0.0,African Cup of Nations,San-Pédro,Ivory Coast,True
2024-01-17,DR Congo,Zambia,1.0,1.0,African Cup of Nations,San-Pédro,Ivory Coast,True
2024-01-17,Honduras,Iceland,0.0,2.0,Friendly,Fort Lauderdale,United States,True
2024-01-18,Syria,Australia,0.0,1.0,AFC Asian Cup,Doha,Qatar,True
2024-01-18,India,Uzbekistan,0.0,3.0,AFC Asian Cup,Al Rayyan,Qatar,True
2024-01-18,Palestine,United Arab Emirates,1.0,1.0,AFC Asian Cup,Al Wakrah,Qatar,True
2024-01-18,Equatorial Guinea,Guinea-Bissau,4.0,2.0,African Cup of Nations,Ebimpé,Ivory Coast,True
2024-01-18,Ivory Coast,Nigeria,0.0,1.0,African Cup of Nations,Ebimpé,Ivory Coast,False
2024-01-18,Egypt,Ghana,2.0,2.0,African Cup of Nations,Abidjan,Ivory Coast,True
2024-01-19,Hong Kong,Iran,0.0,1.0,AFC Asian Cup,Al Rayyan,Qatar,True
2024-01-19,Iraq,Japan,2.0,1.0,AFC Asian Cup,Al Rayyan,Qatar,True
2024-01-19,Vietnam,Indonesia,0.0,1.0,AFC Asian Cup,Doha,Qatar,True
2024-01-19,Cape Verde,Mozambique,3.0,0.0,African Cup of Nations,Abidjan,Ivory Coast,True
2024-01-19,Senegal,Cameroon,3.0,1.0,African Cup of Nations,Yamoussoukro,Ivory Coast,True
2024-01-19,Guinea,Gambia,1.0,0.0,African Cup of Nations,Yamoussoukro,Ivory Coast,True
2024-01-19,Kuwait,Uganda,0.0,2.0,Friendly,Cairo,Egypt,True
2024-01-20,Jordan,South Korea,2.0,2.0,AFC Asian Cup,Doha,Qatar,True
2024-01-20,Bahrain,Malaysia,1.0,0.0,AFC Asian Cup,Doha,Qatar,True
2024-01-20,Algeria,Burkina Faso,2.0,2.0,African Cup of Nations,Bouaké,Ivory Coast,True
2024-01-20,Mauritania,Angola,2.0,3.0,African Cup of Nations,Bouaké,Ivory Coast,True
2024-01-20,Tunisia,Mali,1.0,1.0,African Cup of Nations,Korhogo,Ivory Coast,True
2024-01-20,United States,Slovenia,0.0,1.0,Friendly,San Antonio,United States,False
2024-01-21,Oman,Thailand,0.0,0.0,AFC Asian Cup,Doha,Qatar,True
2024-01-21,Kyrgyzstan,Saudi Arabia,0.0,2.0,AFC Asian Cup,Al Rayyan,Qatar,True
2024-01-21,South Africa,Namibia,4.0,0.0,African Cup of Nations,Korhogo,Ivory Coast,True
2024-01-21,Morocco,DR Congo,1.0,1.0,African Cup of Nations,San-Pédro,Ivory Coast,True
2024-01-21,Zambia,Tanzania,1.0,1.0,African Cup of Nations,San-Pédro,Ivory Coast,True
2024-01-22,Qatar,China PR,1.0,0.0,AFC Asian Cup,Al Rayyan,Qatar,False
2024-01-22,Tajikistan,Lebanon,2.0,1.0,AFC Asian Cup,Doha,Qatar,True
2024-01-22,Guinea-Bissau,Nigeria,0.0,1.0,African Cup of Nations,Abidjan,Ivory Coast,True
2024-01-22,Ivory Coast,Equatorial Guinea,0.0,4.0,African Cup of Nations,Ebimpé,Ivory Coast,False
2024-01-22,Cape Verde,Egypt,2.0,2.0,African Cup of Nations,Abidjan,Ivory Coast,True
2024-01-22,Mozambique,Ghana,2.0,2.0,African Cup of Nations,Ebimpé,Ivory Coast,True
2024-01-23,Australia,Uzbekistan,1.0,1.0,AFC Asian Cup,Al Wakrah,Qatar,True
2024-01-23,Syria,India,1.0,0.0,AFC Asian Cup,Al Khor,Qatar,True
2024-01-23,Hong Kong,Palestine,0.0,3.0,AFC Asian Cup,Doha,Qatar,True
2024-01-23,Iran,United Arab Emirates,2.0,1.0,AFC Asian Cup,Al Rayyan,Qatar,True
2024-01-23,Gambia,Cameroon,2.0,3.0,African Cup of Nations,Bouaké,Ivory Coast,True
2024-01-23,Guinea,Senegal,0.0,2.0,African Cup of Nations,Yamoussoukro,Ivory Coast,True
2024-01-23,Angola,Burkina Faso,2.0,0.0,African Cup of Nations,Yamoussoukro,Ivory Coast,True
2024-01-23,Mauritania,Algeria,1.0,0.0,African Cup of Nations,Bouaké,Ivory Coast,True
2024-01-24,Iraq,Vietnam,3.0,2.0,AFC Asian Cup,Doha,Qatar,True
2024-01-24,Japan,Indonesia,3.0,1.0,AFC Asian Cup,Doha,Qatar,True
2024-01-24,Namibia,Mali,0.0,0.0,African Cup of Nations,San-Pédro,Ivory Coast,True
2024-01-24,South Africa,Tunisia,0.0,0.0,African Cup of Nations,Korhogo,Ivory Coast,True
2024-01-24,Tanzania,DR Congo,0.0,0.0,African Cup of Nations,Korhogo,Ivory Coast,True
2024-01-24,Zambia,Morocco,0.0,1.0,African Cup of Nations,San-Pédro,Ivory Coast,True
2024-01-25,Jordan,Bahrain,0.0,1.0,AFC Asian Cup,Al Rayyan,Qatar,True
2024-01-25,South Korea,Malaysia,3.0,3.0,AFC Asian Cup,Al Wakrah,Qatar,True
2024-01-25,Kyrgyzstan,Oman,1.0,1.0,AFC Asian Cup,Doha,Qatar,True
2024-01-25,Saudi Arabia,Thailand,0.0,0.0,AFC Asian Cup,Al Rayyan,Qatar,True
2024-01-27,Angola,Namibia,3.0,0.0,African Cup of Nations,Bouaké,Ivory Coast,True
2024-01-27,Nigeria,Cameroon,2.0,0.0,African Cup of Nations,Abidjan,Ivory Coast,True
2024-01-28,Australia,Indonesia,4.0,0.0,AFC Asian Cup,Doha,Qatar,True
2024-01-28,Tajikistan,United Arab Emirates,1.0,1.0,AFC Asian Cup,Al Rayyan,Qatar,True
2024-01-28,Egypt,DR Congo,1.0,1.0,African Cup of Nations,San-Pédro,Ivory Coast,True
2024-01-28,Equatorial Guinea,Guinea,0.0,1.0,African Cup of Nations,Ebimpé,Ivory Coast,True
2024-01-29,Iraq,Jordan,2.0,3.0,AFC Asian Cup,Al Rayyan,Qatar,True
2024-01-29,Qatar,Palestine,2.0,1.0,AFC Asian Cup,Al Khor,Qatar,False
2024-01-29,Cape Verde,Mauritania,1.0,0.0,African Cup of Nations,Abidjan,Ivory Coast,True
2024-01-29,Ivory Coast,Senegal,1.0,1.0,African Cup of Nations,Yamoussoukro,Ivory Coast,False
2024-01-30,Saudi Arabia,South Korea,1.0,1.0,AFC Asian Cup,Al Rayyan,Qatar,True
2024-01-30,Uzbekistan,Thailand,2.0,1.0,AFC Asian Cup,Al Wakrah,Qatar,True
2024-01-30,Mali,Burkina Faso,2.0,1.0,African Cup of Nations,Korhogo,Ivory Coast,True
2024-01-30,Morocco,South Africa,0.0,2.0,African Cup of Nations,San-Pédro,Ivory Coast,True
2024-01-31,Bahrain,Japan,1.0,3.0,AFC Asian Cup,Doha,Qatar,True
2024-01-31,Iran,Syria,1.0,1.0,AFC Asian Cup,Doha,Qatar,True
2024-02-02,Australia,South Korea,1.0,2.0,AFC Asian Cup,Al Wakrah,Qatar,True
2024-02-02,Tajikistan,Jordan,0.0,1.0,AFC Asian Cup,Al Rayyan,Qatar,True
2024-02-02,DR Congo,Guinea,3.0,1.0,African Cup of Nations,Ebimpé,Ivory Coast,True
2024-02-02,Nigeria,Angola,1.0,0.0,African Cup of Nations,Abidjan,Ivory Coast,True
2024-02-03,Iran,Japan,2.0,1.0,AFC Asian Cup,Al Rayyan,Qatar,True
2024-02-03,Qatar,Uzbekistan,1.0,1.0,AFC Asian Cup,Al Khor,Qatar,False
2024-02-03,Cape Verde,South Africa,0.0,0.0,African Cup of Nations,Yamoussoukro,Ivory Coast,True
2024-02-03,Ivory Coast,Mali,2.0,1.0,African Cup of Nations,Bouaké,Ivory Coast,False
2024-02-03,Costa Rica,El Salvador,2.0,0.0,Friendly,San José,Costa Rica,False
2024-02-06,Jordan,South Korea,2.0,0.0,AFC Asian Cup,Al Rayyan,Qatar,True
2024-02-07,Qatar,Iran,3.0,2.0,AFC Asian Cup,Doha,Qatar,False
2024-02-07,Ivory Coast,DR Congo,1.0,0.0,African Cup of Nations,Ebimpé,Ivory Coast,False
2024-02-07,Nigeria,South Africa,1.0,1.0,African Cup of Nations,Bouaké,Ivory Coast,True
2024-02-10,Qatar,Jordan,3.0,1.0,AFC Asian Cup,Lusail,Qatar,False
2024-02-10,South Africa,DR Congo,0.0,0.0,African Cup of Nations,Abidjan,Ivory Coast,True
2024-02-11,Ivory Coast,Nigeria,2.0,1.0,African Cup of Nations,Ebimpé,Ivory Coast,False
2024-03-01,Trinidad and Tobago,Jamaica,0.0,1.0,Friendly,Port of Spain,Trinidad and Tobago,False
2024-03-03,Trinidad and Tobago,Jamaica,0.0,0.0,Friendly,Arima,Trinidad and Tobago,False
2024-03-14,Kazakhstan,Turkmenistan,2.0,0.0,Friendly,Dubai,United Arab Emirates,True
2024-03-18,Solomon Islands,Fiji,2.0,1.0,Friendly,Honiara,Solomon Islands,False
2024-03-20,Bonaire,El Salvador,1.0,1.0,Friendly,"Washington, D.C.",United States,True
2024-03-20,San Marino,Saint Kitts and Nevis,1.0,3.0,Friendly,Serravalle,San Marino,False
2024-03-20,Djibouti,Liberia,0.0,2.0,African Cup of Nations qualification,Marrakech,Morocco,True
2024-03-20,Somalia,Eswatini,0.0,3.0,African Cup of Nations qualification,El Jadida,Morocco,True
2024-03-20,Tonga,Samoa,1.0,4.0,Oceania Nations Cup qualification,Nuku'alofa,Tonga,False
2024-03-21,South Africa,Andorra,1.0,1.0,FIFA Series,Annaba,Algeria,True
2024-03-21,Cape Verde,Guyana,1.0,0.0,FIFA Series,Jeddah,Saudi Arabia,True
2024-03-21,Guinea,Vanuatu,6.0,0.0,FIFA Series,Jeddah,Saudi Arabia,True
2024-03-21,Panama,Mexico,0.0,3.0,CONCACAF Nations League,Arlington,United States,True
2024-03-21,United States,Jamaica,3.0,1.0,CONCACAF Nations League,Arlington,United States,False
2024-03-21,Gibraltar,Lithuania,0.0,1.0,UEFA Nations League,Faro-Loulé,Portugal,True
2024-03-21,Poland,Estonia,5.0,1.0,UEFA Euro qualification,Warsaw,Poland,False
2024-03-21,Wales,Finland,4.0,1.0,UEFA Euro qualification,Cardiff,Wales,False
2024-03-21,Israel,Iceland,1.0,4.0,UEFA Euro qualification,Budapest,Hungary,True
2024-03-21,Bosnia and Herzegovina,Ukraine,1.0,2.0,UEFA Euro qualification,Zenica,Bosnia and Herzegovina,False
2024-03-21,Georgia,Luxembourg,2.0,0.0,UEFA Euro qualification,Tbilisi,Georgia,False
2024-03-21,Greece,Kazakhstan,5.0,0.0,UEFA Euro qualification,Athens,Greece,False
2024-03-21,Qatar,Kuwait,3.0,0.0,FIFA World Cup qualification,Doha,Qatar,False
2024-03-21,Afghanistan,India,0.0,0.0,FIFA World Cup qualification,Abha,Saudi Arabia,True
2024-03-21,Myanmar,Syria,1.0,1.0,FIFA World Cup qualification,Yangon,Myanmar,False
2024-03-21,Japan,North Korea,1.0,0.0,FIFA World Cup qualification,Tokyo,Japan,False
2024-03-21,South Korea,Thailand,1.0,1.0,FIFA World Cup qualification,Seoul,South Korea,False
2024-03-21,Singapore,China PR,2.0,2.0,FIFA World Cup qualification,Kallang,Singapore,False
2024-03-21,Taiwan,Kyrgyzstan,0.0,2.0,FIFA World Cup qualification,Taipei,Taiwan,False
2024-03-21,Oman,Malaysia,2.0,0.0,FIFA World Cup qualification,Muscat,Oman,False
2024-03-21,Iran,Turkmenistan,5.0,0.0,FIFA World Cup qualification,Tehran,Iran,False
2024-03-21,Hong Kong,Uzbekistan,0.0,2.0,FIFA World Cup qualification,Hong Kong,Hong Kong,False
2024-03-21,Indonesia,Vietnam,1.0,0.0,FIFA World Cup qualification,Jakarta,Indonesia,False
2024-03-21,Iraq,Philippines,1.0,0.0,FIFA World Cup qualification,Basra,Iraq,False
2024-03-21,Pakistan,Jordan,0.0,3.0,FIFA World Cup qualification,Islamabad,Pakistan,False
2024-03-21,Saudi Arabia,Tajikistan,1.0,0.0,FIFA World Cup qualification,Riyadh,Saudi Arabia,False
2024-03-21,Bahrain,Nepal,5.0,0.0,FIFA World Cup qualification,Riffa,Bahrain,False
2024-03-21,United Arab Emirates,Yemen,2.0,1.0,FIFA World Cup qualification,Abu Dhabi,United Arab Emirates,False
2024-03-21,Australia,Lebanon,2.0,0.0,FIFA World Cup qualification,Sydney,Australia,False
2024-03-21,Palestine,Bangladesh,5.0,0.0,FIFA World Cup qualification,Kuwait City,Kuwait,True
2024-03-21,Belize,Puerto Rico,1.0,1.0,Friendly,Belmopan,Belize,False
2024-03-21,Cyprus,Latvia,1.0,1.0,Friendly,Larnaca,Cyprus,False
2024-03-21,Ecuador,Guatemala,2.0,0.0,Friendly,Harrison,United States,True
2024-03-21,Ethiopia,Lesotho,1.0,2.0,Friendly,Addis Ababa,Ethiopia,False
2024-03-21,Malta,Slovenia,2.0,2.0,Friendly,Ta' Qali,Malta,False
2024-03-21,Montenegro,Belarus,2.0,0.0,Friendly,Antalya,Turkey,True
2024-03-21,Portugal,Sweden,5.0,2.0,Friendly,Guimarães,Portugal,False
2024-03-21,Solomon Islands,Fiji,0.0,2.0,Friendly,Honiara,Solomon Islands,False
2024-03-21,Venezuela,Italy,1.0,2.0,Friendly,Fort Lauderdale,United States,True
2024-03-22,Algeria,Bolivia,3.0,2.0,FIFA Series,Algiers,Algeria,False
2024-03-22,Azerbaijan,Mongolia,1.0,0.0,FIFA Series,Baku,Azerbaijan,False
2024-03-22,Bulgaria,Tanzania,1.0,0.0,FIFA Series,Baku,Azerbaijan,True
2024-03-22,Egypt,New Zealand,1.0,0.0,FIFA Series,Cairo,Egypt,False
2024-03-22,Equatorial Guinea,Cambodia,2.0,0.0,FIFA Series,Jeddah,Saudi Arabia,True
2024-03-22,Brunei,Bermuda,0.0,2.0,FIFA Series,Jeddah,Saudi Arabia,True
2024-03-22,Central African Republic,Bhutan,6.0,0.0,FIFA Series,Colombo,Sri Lanka,True
2024-03-22,Sri Lanka,Papua New Guinea,0.0,0.0,FIFA Series,Colombo,Sri Lanka,False
2024-03-22,Anguilla,Turks and Caicos Islands,0.0,0.0,FIFA World Cup qualification,The Valley,Anguilla,False
2024-03-22,United States Virgin Islands,British Virgin Islands,1.0,1.0,FIFA World Cup qualification,Saint Croix,United States Virgin Islands,False
2024-03-22,Albania,Chile,0.0,3.0,Friendly,Parma,Italy,True
2024-03-22,Argentina,El Salvador,3.0,0.0,Friendly,Philadelphia,United States,True
2024-03-22,Armenia,Kosovo,0.0,1.0,Friendly,Yerevan,Armenia,False
2024-03-22,Burkina Faso,Libya,1.0,2.0,Friendly,Casablanca,Morocco,True
2024-03-22,Comoros,Uganda,4.0,0.0,Friendly,Marrakech,Morocco,True
2024-03-22,Hungary,Turkey,1.0,0.0,Friendly,Budapest,Hungary,False
2024-03-22,Liechtenstein,Faroe Islands,0.0,4.0,Friendly,San Pedro Alcántara,Spain,True
2024-03-22,Mauritania,Mali,0.0,2.0,Friendly,Marrakech,Morocco,True
2024-03-22,Morocco,Angola,1.0,0.0,Friendly,Agadir,Morocco,False
2024-03-22,Netherlands,Scotland,4.0,0.0,Friendly,Amsterdam,Netherlands,False
2024-03-22,Niger,Togo,1.0,2.0,Friendly,Mohammedia,Morocco,True
2024-03-22,Nigeria,Ghana,2.0,1.0,Friendly,Marrakech,Morocco,True
2024-03-22,North Macedonia,Moldova,1.0,1.0,Friendly,Antalya,Turkey,True
2024-03-22,Norway,Czech Republic,1.0,2.0,Friendly,Oslo,Norway,False
2024-03-22,Peru,Nicaragua,2.0,0.0,Friendly,Lima,Peru,False
2024-03-22,Romania,Northern Ireland,1.0,1.0,Friendly,Bucharest,Romania,False
2024-03-22,Senegal,Gabon,3.0,0.0,Friendly,Amiens,France,True
2024-03-22,Spain,Colombia,0.0,1.0,Friendly,London,England,True
2024-03-22,Chad,Mauritius,1.0,0.0,African Cup of Nations qualification,Yaoundé,Cameroon,True
2024-03-22,São Tomé and Príncipe,South Sudan,1.0,1.0,African Cup of Nations qualification,Berkane,Morocco,True
2024-03-23,Tunisia,Croatia,0.0,0.0,FIFA Series,Cairo,Egypt,True
2024-03-23,Canada,Trinidad and Tobago,2.0,0.0,Copa América qualification,Frisco,United States,True
2024-03-23,Costa Rica,Honduras,3.0,1.0,Copa América qualification,Frisco,United States,True
2024-03-23,Denmark,Switzerland,0.0,0.0,Friendly,Copenhagen,Denmark,False
2024-03-23,Dominican Republic,Aruba,2.0,0.0,Friendly,Santiago de los Caballeros,Dominican Republic,False
2024-03-23,England,Brazil,0.0,1.0,Friendly,London,England,False
2024-03-23,France,Germany,0.0,2.0,Friendly,Lyon,France,False
2024-03-23,Ivory Coast,Benin,2.0,2.0,Friendly,Amiens,France,True
2024-03-23,Republic of Ireland,Belgium,0.0,0.0,Friendly,Dublin,Republic of Ireland,False
2024-03-23,Slovakia,Austria,0.0,2.0,Friendly,Bratislava,Slovakia,False
2024-03-23,Samoa,Cook Islands,1.0,0.0,Oceania Nations Cup qualification,Nuku'alofa,Tonga,True
2024-03-24,Jamaica,Panama,1.0,0.0,CONCACAF Nations League,Arlington,United States,True
2024-03-24,United States,Mexico,2.0,0.0,CONCACAF Nations League,Arlington,United States,False
2024-03-24,Belize,Puerto Rico,3.0,0.0,Friendly,Belmopan,Belize,False
2024-03-24,Ecuador,Italy,0.0,2.0,Friendly,Harrison,United States,True
2024-03-24,Ethiopia,Lesotho,2.0,1.0,Friendly,Addis Ababa,Ethiopia,False
2024-03-24,Guatemala,Venezuela,0.0,0.0,Friendly,Houston,United States,True
2024-03-24,San Marino,Saint Kitts and Nevis,0.0,0.0,Friendly,Serravalle,San Marino,False
2024-03-24,Suriname,Martinique,1.0,1.0,Friendly,Almere,Netherlands,True
2024-03-25,Bolivia,Andorra,1.0,0.0,FIFA Series,Annaba,Algeria,True
2024-03-25,Azerbaijan,Bulgaria,1.0,1.0,FIFA Series,Baku,Azerbaijan,False
2024-03-25,Tanzania,Mongolia,3.0,0.0,FIFA Series,Baku,Azerbaijan,True
2024-03-25,Cape Verde,Equatorial Guinea,1.0,0.0,FIFA Series,Jeddah,Saudi Arabia,True
2024-03-25,Bermuda,Guinea,1.0,5.0,FIFA Series,Jeddah,Saudi Arabia,True
2024-03-25,Central African Republic,Papua New Guinea,4.0,0.0,FIFA Series,Colombo,Sri Lanka,True
2024-03-25,Sri Lanka,Bhutan,2.0,0.0,FIFA Series,Colombo,Sri Lanka,False
2024-03-25,Comoros,Angola,0.0,0.0,Friendly,Marrakech,Morocco,True
2024-03-25,Cyprus,Serbia,0.0,1.0,Friendly,Larnaca,Cyprus,False
2024-03-25,Gabon,Congo,1.0,1.0,Friendly,Chambly,France,True
2024-03-25,Montenegro,North Macedonia,1.0,0.0,Friendly,Antalya,Turkey,True
2024-03-25,Sweden,Albania,1.0,0.0,Friendly,Stockholm,Sweden,False
2024-03-26,Algeria,South Africa,3.0,3.0,FIFA Series,Algiers,Algeria,False
2024-03-26,Egypt,Croatia,2.0,4.0,FIFA Series,Cairo,Egypt,False
2024-03-26,New Zealand,Tunisia,0.0,0.0,FIFA Series,Cairo,Egypt,True
2024-03-26,Cambodia,Guyana,1.0,4.0,FIFA Series,Jeddah,Saudi Arabia,True
2024-03-26,Brunei,Vanuatu,3.0,2.0,FIFA Series,Jeddah,Saudi Arabia,True
2024-03-26,Lithuania,Gibraltar,1.0,0.0,UEFA Nations League,Kaunas,Lithuania,False
2024-03-26,Wales,Poland,0.0,0.0,UEFA Euro qualification,Cardiff,Wales,False
2024-03-26,Ukraine,Iceland,2.0,1.0,UEFA Euro qualification,Wrocław,Poland,True
2024-03-26,Georgia,Greece,0.0,0.0,UEFA Euro qualification,Tbilisi,Georgia,False
2024-03-26,India,Afghanistan,1.0,2.0,FIFA World Cup qualification,Guwahati,India,False
2024-03-26,Kuwait,Qatar,1.0,2.0,FIFA World Cup qualification,Al Farwaniyah,Kuwait,False
2024-03-26,Syria,Myanmar,7.0,0.0,FIFA World Cup qualification,Dammam,Saudi Arabia,True
2024-03-26,Thailand,South Korea,0.0,3.0,FIFA World Cup qualification,Bangkok,Thailand,False
2024-03-26,China PR,Singapore,4.0,1.0,FIFA World Cup qualification,Tianjin,China PR,False
2024-03-26,Kyrgyzstan,Taiwan,5.0,1.0,FIFA World Cup qualification,Bishkek,Kyrgyzstan,False
2024-03-26,Malaysia,Oman,0.0,2.0,FIFA World Cup qualification,Kuala Lumpur,Malaysia,False
2024-03-26,Uzbekistan,Hong Kong,3.0,0.0,FIFA World Cup qualification,Tashkent,Uzbekistan,False
2024-03-26,Turkmenistan,Iran,0.0,1.0,FIFA World Cup qualification,Ashgabat,Turkmenistan,False
2024-03-26,Philippines,Iraq,0.0,5.0,FIFA World Cup qualification,Manila,Philippines,False
2024-03-26,Vietnam,Indonesia,0.0,3.0,FIFA World Cup qualification,Hanoi,Vietnam,False
2024-03-26,Tajikistan,Saudi Arabia,1.0,1.0,FIFA World Cup qualification,Dushanbe,Tajikistan,False
2024-03-26,Jordan,Pakistan,7.0,0.0,FIFA World Cup qualification,Amman,Jordan,False
2024-03-26,Bahrain,Nepal,3.0,0.0,FIFA World Cup qualification,Riffa,Bahrain,False
2024-03-26,Yemen,United Arab Emirates,0.0,3.0,FIFA World Cup qualification,Khobar,Saudi Arabia,True
2024-03-26,Bangladesh,Palestine,0.0,1.0,FIFA World Cup qualification,Dhaka,Bangladesh,False
2024-03-26,Australia,Lebanon,5.0,0.0,FIFA World Cup qualification,Canberra,Australia,False
2024-03-26,British Virgin Islands,United States Virgin Islands,0.0,0.0,FIFA World Cup qualification,Road Town,British Virgin Islands,False
2024-03-26,Turks and Caicos Islands,Anguilla,1.0,1.0,FIFA World Cup qualification,Providenciales,Turks and Caicos Islands,False
2024-03-26,Argentina,Costa Rica,3.0,1.0,Friendly,Los Angeles,United States,True
2024-03-26,Austria,Turkey,6.0,1.0,Friendly,Vienna,Austria,False
2024-03-26,Colombia,Romania,3.0,2.0,Friendly,Madrid,Spain,True
2024-03-26,Czech Republic,Armenia,2.0,1.0,Friendly,Prague,Czech Republic,False
2024-03-26,Denmark,Faroe Islands,2.0,0.0,Friendly,Brondbyvester,Denmark,False
2024-03-26,El Salvador,Honduras,1.0,1.0,Friendly,Los Angeles,United States,True
2024-03-26,England,Belgium,2.0,2.0,Friendly,London,England,False
2024-03-26,France,Chile,3.0,2.0,Friendly,Marseille,France,False
2024-03-26,Germany,Netherlands,2.0,1.0,Friendly,Frankfurt,Germany,False
2024-03-26,Hungary,Kosovo,2.0,0.0,Friendly,Budapest,Hungary,False
2024-03-26,Ivory Coast,Uruguay,2.0,1.0,Friendly,Lens,France,True
2024-03-26,Latvia,Liechtenstein,1.0,1.0,Friendly,Larnaca,Cyprus,True
2024-03-26,Malta,Belarus,0.0,0.0,Friendly,Ta' Qali,Malta,False
2024-03-26,Morocco,Mauritania,0.0,0.0,Friendly,Agadir,Morocco,False
2024-03-26,Nicaragua,Cuba,0.0,1.0,Friendly,Managua,Nicaragua,False
2024-03-26,Norway,Slovakia,1.0,1.0,Friendly,Oslo,Norway,False
2024-03-26,Peru,Dominican Republic,4.0,1.0,Friendly,Lima,Peru,False
2024-03-26,Republic of Ireland,Switzerland,0.0,1.0,Friendly,Dublin,Republic of Ireland,False
2024-03-26,Scotland,Northern Ireland,0.0,1.0,Friendly,Glasgow,Scotland,False
2024-03-26,Senegal,Benin,1.0,0.0,Friendly,Amiens,France,True
2024-03-26,Slovenia,Portugal,2.0,0.0,Friendly,Ljubljana,Slovenia,False
2024-03-26,Spain,Brazil,3.0,3.0,Friendly,Madrid,Spain,False
2024-03-26,Finland,Estonia,2.0,1.0,Friendly,Helsinki,Finland,False
2024-03-26,Liberia,Djibouti,0.0,0.0,African Cup of Nations qualification,Monrovia,Liberia,False
2024-03-26,Eswatini,Somalia,2.0,2.0,African Cup of Nations qualification,Mbombela,South Africa,True
2024-03-26,Mauritius,Chad,1.0,2.0,African Cup of Nations qualification,Saint Pierre,Mauritius,False
2024-03-26,South Sudan,São Tomé and Príncipe,0.0,0.0,African Cup of Nations qualification,Berkane,Morocco,True
2024-03-26,Tonga,Cook Islands,0.0,1.0,Oceania Nations Cup qualification,Nuku'alofa,Tonga,False
2024-04-06,Northern Mariana Islands,Guam,2.0,2.0,Marianas Cup,Koblerville,Northern Mariana Islands,False
2024-04-07,Northern Mariana Islands,Guam,2.0,1.0,Marianas Cup,Koblerville,Northern Mariana Islands,False
2024-04-14,Trinidad and Tobago,Guyana,2.0,1.0,Friendly,Port of Spain,Trinidad and Tobago,False
2024-04-16,Trinidad and Tobago,Guyana,2.0,0.0,Friendly,Port of Spain,Trinidad and Tobago,False
2024-04-26,Grenada,Saint Vincent and the Grenadines,0.0,3.0,Friendly,Carriacou,Grenada,False
2024-04-26,Guatemala,Nicaragua,1.0,1.0,Friendly,San Jose,United States,True
2024-05-31,Bolivia,Mexico,0.0,1.0,Friendly,Chicago,United States,True
2024-05-31,Costa Rica,Uruguay,0.0,0.0,Friendly,San José,Costa Rica,False
2024-06-01,Greenland,Turkmenistan,0.0,5.0,Friendly,Antalya,Turkey,True
2024-06-02,Indonesia,Tanzania,0.0,0.0,Friendly,Jakarta,Indonesia,False
2024-06-03,Albania,Liechtenstein,3.0,0.0,Friendly,Szombathely,Hungary,True
2024-06-03,Croatia,North Macedonia,3.0,0.0,Friendly,Rijeka,Croatia,False
2024-06-03,England,Bosnia and Herzegovina,3.0,0.0,Friendly,Newcastle,England,False
2024-06-03,Germany,Ukraine,0.0,0.0,Friendly,Nuremberg,Germany,False
2024-06-03,Gibraltar,Scotland,0.0,2.0,Friendly,Faro-Loulé,Portugal,True
2024-06-04,Austria,Serbia,2.0,1.0,Friendly,Vienna,Austria,False
2024-06-04,Italy,Turkey,0.0,0.0,Friendly,Bologna,Italy,False
2024-06-04,Portugal,Finland,4.0,2.0,Friendly,Lisbon,Portugal,False
2024-06-04,Republic of Ireland,Hungary,2.0,1.0,Friendly,Dublin,Republic of Ireland,False
2024-06-04,Romania,Bulgaria,0.0,0.0,Friendly,Bucharest,Romania,False
2024-06-04,Slovenia,Armenia,2.0,1.0,Friendly,Ljubljana,Slovenia,False
2024-06-04,Switzerland,Estonia,4.0,0.0,Friendly,Lucerne,Switzerland,False
2024-06-05,Belgium,Montenegro,2.0,0.0,Friendly,Brussels,Belgium,False
2024-06-05,Denmark,Sweden,2.0,1.0,Friendly,Copenhagen,Denmark,False
2024-06-05,France,Luxembourg,3.0,0.0,Friendly,Metz,France,False
2024-06-05,Mexico,Uruguay,0.0,4.0,Friendly,Denver,United States,True
2024-06-05,Norway,Kosovo,3.0,0.0,Friendly,Oslo,Norway,False
2024-06-05,San Marino,Slovakia,0.0,4.0,Friendly,Wiener Neustadt,Austria,True
2024-06-05,Spain,Andorra,5.0,0.0,Friendly,Badajoz,Spain,False
2024-06-05,Sierra Leone,Djibouti,2.0,1.0,FIFA World Cup qualification,El Jadida,Morocco,True
2024-06-05,Togo,South Sudan,1.0,1.0,FIFA World Cup qualification,Lomé,Togo,False
2024-06-05,Namibia,Liberia,1.0,1.0,FIFA World Cup qualification,Johannesburg,South Africa,True
2024-06-05,Tunisia,Equatorial Guinea,1.0,0.0,FIFA World Cup qualification,Radès,Tunisia,False
2024-06-05,Central African Republic,Chad,1.0,0.0,FIFA World Cup qualification,Oujda,Morocco,True
2024-06-05,Antigua and Barbuda,Bermuda,1.0,1.0,FIFA World Cup qualification,Piggotts,Antigua and Barbuda,False
2024-06-05,Trinidad and Tobago,Grenada,2.0,2.0,FIFA World Cup qualification,Port of Spain,Trinidad and Tobago,False
2024-06-05,Curaçao,Barbados,4.0,1.0,FIFA World Cup qualification,Willemstad,Curaçao,False
2024-06-05,Nicaragua,Montserrat,4.0,1.0,FIFA World Cup qualification,Managua,Nicaragua,False
2024-06-05,Guatemala,Dominica,6.0,0.0,FIFA World Cup qualification,Guatemala City,Guatemala,False
2024-06-05,Suriname,Saint Vincent and the Grenadines,4.0,1.0,FIFA World Cup qualification,Paramaribo,Suriname,False
2024-06-06,Gibraltar,Wales,0.0,0.0,Friendly,Faro-Loulé,Portugal,True
2024-06-06,Netherlands,Canada,4.0,0.0,Friendly,Rotterdam,Netherlands,False
2024-06-06,Guinea-Bissau,Ethiopia,0.0,0.0,FIFA World Cup qualification,Bissau,Guinea-Bissau,False
2024-06-06,Egypt,Burkina Faso,2.0,1.0,FIFA World Cup qualification,Cairo,Egypt,False
2024-06-06,Mauritania,Sudan,0.0,2.0,FIFA World Cup qualification,Nouakchott,Mauritania,False
2024-06-06,Senegal,DR Congo,1.0,1.0,FIFA World Cup qualification,Diamniadio,Senegal,False
2024-06-06,Benin,Rwanda,1.0,0.0,FIFA World Cup qualification,Abidjan,Ivory Coast,True
2024-06-06,Libya,Mauritius,2.0,1.0,FIFA World Cup qualification,Benghazi,Libya,False
2024-06-06,Algeria,Guinea,1.0,2.0,FIFA World Cup qualification,Algiers,Algeria,False
2024-06-06,Malawi,São Tomé and Príncipe,3.0,1.0,FIFA World Cup qualification,Lilongwe,Malawi,False
2024-06-06,Mali,Ghana,1.0,2.0,FIFA World Cup qualification,Bamako,Mali,False
2024-06-06,Afghanistan,Qatar,0.0,0.0,FIFA World Cup qualification,Al Hofuf,Saudi Arabia,True
2024-06-06,India,Kuwait,0.0,0.0,FIFA World Cup qualification,Kolkota,India,False
2024-06-06,Myanmar,Japan,0.0,5.0,FIFA World Cup qualification,Yangon,Myanmar,False
2024-06-06,North Korea,Syria,1.0,0.0,FIFA World Cup qualification,Vientiane,Laos,True
2024-06-06,China PR,Thailand,1.0,1.0,FIFA World Cup qualification,Shenyang,China PR,False
2024-06-06,Singapore,South Korea,0.0,7.0,FIFA World Cup qualification,Kallang,Singapore,False
2024-06-06,Taiwan,Oman,0.0,3.0,FIFA World Cup qualification,Taipei,Taiwan,False
2024-06-06,Kyrgyzstan,Malaysia,1.0,1.0,FIFA World Cup qualification,Bishkek,Kyrgyzstan,False
2024-06-06,Uzbekistan,Turkmenistan,3.0,1.0,FIFA World Cup qualification,Tashkent,Uzbekistan,False
2024-06-06,Hong Kong,Iran,2.0,4.0,FIFA World Cup qualification,Hong Kong,Hong Kong,False
2024-06-06,Indonesia,Iraq,0.0,2.0,FIFA World Cup qualification,Jakarta,Indonesia,False
2024-06-06,Vietnam,Philippines,3.0,2.0,FIFA World Cup qualification,Hanoi,Vietnam,False
2024-06-06,Jordan,Tajikistan,3.0,0.0,FIFA World Cup qualification,Amman,Jordan,False
2024-06-06,Pakistan,Saudi Arabia,0.0,3.0,FIFA World Cup qualification,Islamabad,Pakistan,False
2024-06-06,Nepal,United Arab Emirates,0.0,4.0,FIFA World Cup qualification,Dammam,Saudi Arabia,True
2024-06-06,Bahrain,Yemen,0.0,0.0,FIFA World Cup qualification,Riffa,Bahrain,False
2024-06-06,Bangladesh,Australia,0.0,2.0,FIFA World Cup qualification,Dhaka,Bangladesh,False
2024-06-06,Palestine,Lebanon,0.0,0.0,FIFA World Cup qualification,Doha,Qatar,True
2024-06-06,Honduras,Cuba,3.0,1.0,FIFA World Cup qualification,Tegucigalpa,Honduras,False
2024-06-06,Costa Rica,Saint Kitts and Nevis,4.0,0.0,FIFA World Cup qualification,San José,Costa Rica,False
2024-06-06,Haiti,Saint Lucia,2.0,1.0,FIFA World Cup qualification,Bridgetown,Barbados,True
2024-06-06,Panama,Guyana,2.0,0.0,FIFA World Cup qualification,Panama City,Panama,False
2024-06-06,Jamaica,Dominican Republic,1.0,0.0,FIFA World Cup qualification,Kingston,Jamaica,False
2024-06-06,El Salvador,Puerto Rico,0.0,0.0,FIFA World Cup qualification,San Salvador,El Salvador,False
2024-06-07,Albania,Azerbaijan,3.0,1.0,Friendly,Szombathely,Hungary,True
2024-06-07,Armenia,Kazakhstan,2.0,1.0,Friendly,Yerevan,Armenia,False
2024-06-07,Belarus,Russia,0.0,4.0,Friendly,Minsk,Belarus,False
2024-06-07,Cambodia,Mongolia,2.0,0.0,Friendly,Phnom Penh,Cambodia,False
2024-06-07,Czech Republic,Malta,7.0,1.0,Friendly,Grödig,Austria,True
2024-06-07,England,Iceland,0.0,1.0,Friendly,London,England,False
2024-06-07,Germany,Greece,2.0,1.0,Friendly,Mönchengladbach,Germany,False
2024-06-07,Peru,Paraguay,0.0,0.0,Friendly,Lima,Peru,False
2024-06-07,Poland,Ukraine,3.0,1.0,Friendly,Warsaw,Poland,False
2024-06-07,Romania,Liechtenstein,0.0,0.0,Friendly,Bucharest,Romania,False
2024-06-07,Scotland,Finland,2.0,2.0,Friendly,Glasgow,Scotland,False
2024-06-07,Zimbabwe,Lesotho,0.0,2.0,FIFA World Cup qualification,Johannesburg,South Africa,True
2024-06-07,Nigeria,South Africa,1.0,1.0,FIFA World Cup qualification,Uyo,Nigeria,False
2024-06-07,Angola,Eswatini,1.0,0.0,FIFA World Cup qualification,Luanda,Angola,False
2024-06-07,Morocco,Zambia,2.0,1.0,FIFA World Cup qualification,Agadir,Morocco,False
2024-06-07,Kenya,Burundi,1.0,1.0,FIFA World Cup qualification,Lilongwe,Malawi,True
2024-06-07,Ivory Coast,Gabon,1.0,0.0,FIFA World Cup qualification,Korhogo,Ivory Coast,False
2024-06-07,Mozambique,Somalia,2.0,1.0,FIFA World Cup qualification,Maputo,Mozambique,False
2024-06-07,Uganda,Botswana,1.0,0.0,FIFA World Cup qualification,Kira,Uganda,False
2024-06-07,Madagascar,Comoros,2.0,1.0,FIFA World Cup qualification,Johannesburg,South Africa,True
2024-06-08,Brunei,Sri Lanka,1.0,0.0,Friendly,Bandar Seri Begawan,Brunei,False
2024-06-08,Latvia,Lithuania,0.0,2.0,Baltic Cup,Liepāja,Latvia,False
2024-06-08,Estonia,Faroe Islands,4.0,1.0,Baltic Cup,Tallinn,Estonia,False
2024-06-08,Belgium,Luxembourg,3.0,0.0,Friendly,Brussels,Belgium,False
2024-06-08,Denmark,Norway,3.0,1.0,Friendly,Brondbyvester,Denmark,False
2024-06-08,Hungary,Israel,3.0,0.0,Friendly,Debrecen,Hungary,False
2024-06-08,Mexico,Brazil,2.0,3.0,Friendly,College Station,United States,True
2024-06-08,Moldova,Cyprus,3.0,2.0,Friendly,Chișinău,Moldova,False
2024-06-08,Portugal,Croatia,1.0,2.0,Friendly,Oeiras,Portugal,False
2024-06-08,Slovenia,Bulgaria,1.0,1.0,Friendly,Ljubljana,Slovenia,False
2024-06-08,Spain,Northern Ireland,5.0,1.0,Friendly,Mallorca,Spain,False
2024-06-08,Sweden,Serbia,0.0,3.0,Friendly,Stockholm,Sweden,False
2024-06-08,Switzerland,Austria,1.0,1.0,Friendly,St. Gallen,Switzerland,False
2024-06-08,United States,Colombia,1.0,5.0,Friendly,Landover,United States,False
2024-06-08,Cameroon,Cape Verde,4.0,1.0,FIFA World Cup qualification,Yaoundé,Cameroon,False
2024-06-08,Gambia,Seychelles,5.0,1.0,FIFA World Cup qualification,Berkane,Morocco,True
2024-06-08,Cayman Islands,Antigua and Barbuda,1.0,0.0,FIFA World Cup qualification,George Town,Cayman Islands,False
2024-06-08,Bahamas,Trinidad and Tobago,1.0,7.0,FIFA World Cup qualification,Basseterre,Saint Kitts and Nevis,True
2024-06-08,Aruba,Curaçao,0.0,2.0,FIFA World Cup qualification,Oranjestad,Aruba,False
2024-06-08,Belize,Nicaragua,0.0,4.0,FIFA World Cup qualification,Belmopan,Belize,False
2024-06-08,British Virgin Islands,Guatemala,0.0,3.0,FIFA World Cup qualification,Road Town,British Virgin Islands,False
2024-06-08,Anguilla,Suriname,0.0,4.0,FIFA World Cup qualification,The Valley,Anguilla,False
2024-06-09,Argentina,Ecuador,1.0,0.0,Friendly,Chicago,United States,True
2024-06-09,France,Canada,0.0,0.0,Friendly,Bordeaux,France,False
2024-06-09,Italy,Bosnia and Herzegovina,1.0,0.0,Friendly,Empoli,Italy,False
2024-06-09,Montenegro,Georgia,1.0,3.0,Friendly,Podgorica,Montenegro,False
2024-06-09,Slovakia,Wales,4.0,0.0,Friendly,Trnava,Slovakia,False
2024-06-09,Djibouti,Ethiopia,1.0,1.0,FIFA World Cup qualification,El Jadida,Morocco,True
2024-06-09,Mauritania,Senegal,0.0,1.0,FIFA World Cup qualification,Nouakchott,Mauritania,False
2024-06-09,DR Congo,Togo,1.0,0.0,FIFA World Cup qualification,Kinshasa,DR Congo,False
2024-06-09,São Tomé and Príncipe,Liberia,0.0,1.0,FIFA World Cup qualification,Oujda,Morocco,True
2024-06-09,Namibia,Tunisia,0.0,0.0,FIFA World Cup qualification,Johannesburg,South Africa,True
2024-06-09,Bermuda,Honduras,1.0,6.0,FIFA World Cup qualification,Hamilton,Bermuda,False
2024-06-09,Grenada,Costa Rica,0.0,3.0,FIFA World Cup qualification,St. George's,Grenada,False
2024-06-09,Barbados,Haiti,1.0,3.0,FIFA World Cup qualification,Bridgetown,Barbados,False
2024-06-09,Montserrat,Panama,1.0,3.0,FIFA World Cup qualification,Managua,Nicaragua,True
2024-06-09,Dominica,Jamaica,2.0,3.0,FIFA World Cup qualification,Roseau,Dominica,False
2024-06-09,Saint Vincent and the Grenadines,El Salvador,1.0,3.0,FIFA World Cup qualification,Paramaribo,Suriname,True
2024-06-10,Czech Republic,North Macedonia,2.0,1.0,Friendly,Hradec Králové,Czech Republic,False
2024-06-10,Netherlands,Iceland,4.0,0.0,Friendly,Rotterdam,Netherlands,False
2024-06-10,Poland,Turkey,2.0,1.0,Friendly,Warsaw,Poland,False
2024-06-10,Guinea-Bissau,Egypt,1.0,1.0,FIFA World Cup qualification,Bissau,Guinea-Bissau,False
2024-06-10,Burkina Faso,Sierra Leone,2.0,2.0,FIFA World Cup qualification,Bamako,Mali,True
2024-06-10,Benin,Nigeria,2.0,1.0,FIFA World Cup qualification,Abidjan,Ivory Coast,True
2024-06-10,Somalia,Botswana,1.0,3.0,FIFA World Cup qualification,Maputo,Mozambique,True
2024-06-10,Uganda,Algeria,1.0,2.0,FIFA World Cup qualification,Kira,Uganda,False
2024-06-10,Guinea,Mozambique,0.0,1.0,FIFA World Cup qualification,El Jadida,Morocco,True
2024-06-10,Equatorial Guinea,Malawi,1.0,0.0,FIFA World Cup qualification,Malabo,Equatorial Guinea,False
2024-06-10,Ghana,Central African Republic,4.0,3.0,FIFA World Cup qualification,Kumasi,Ghana,False
2024-06-11,Latvia,Faroe Islands,1.0,0.0,Baltic Cup,Liepāja,Latvia,False
2024-06-11,Lithuania,Estonia,1.0,1.0,Baltic Cup,Kaunas,Lithuania,False
2024-06-11,Brunei,Sri Lanka,1.0,0.0,Friendly,Bandar Seri Begawan,Brunei,False
2024-06-11,Andorra,Northern Ireland,0.0,2.0,Friendly,Murcia,Spain,True
2024-06-11,Azerbaijan,Kazakhstan,3.0,2.0,Friendly,Szombathely,Hungary,True
2024-06-11,Chile,Paraguay,3.0,0.0,Friendly,Santiago,Chile,False
2024-06-11,Greece,Malta,2.0,0.0,Friendly,Grödig,Austria,True
2024-06-11,Israel,Belarus,4.0,0.0,Friendly,Budapest,Hungary,True
2024-06-11,Moldova,Ukraine,0.0,4.0,Friendly,Chișinău,Moldova,False
2024-06-11,Mongolia,Cambodia,2.0,1.0,Friendly,Ulaanbaatar,Mongolia,False
2024-06-11,Portugal,Republic of Ireland,3.0,0.0,Friendly,Aveiro,Portugal,False
2024-06-11,San Marino,Cyprus,1.0,4.0,Friendly,Serravalle,San Marino,False
2024-06-11,South Sudan,Sudan,0.0,3.0,FIFA World Cup qualification,Juba,South Sudan,False
2024-06-11,Lesotho,Rwanda,0.0,1.0,FIFA World Cup qualification,Durban,South Africa,True
2024-06-11,South Africa,Zimbabwe,3.0,1.0,FIFA World Cup qualification,Bloemfontein,South Africa,False
2024-06-11,Cape Verde,Libya,1.0,0.0,FIFA World Cup qualification,Praia,Cape Verde,False
2024-06-11,Mauritius,Eswatini,2.0,1.0,FIFA World Cup qualification,Saint Pierre,Mauritius,False
2024-06-11,Angola,Cameroon,1.0,1.0,FIFA World Cup qualification,Luanda,Angola,False
2024-06-11,Zambia,Tanzania,0.0,1.0,FIFA World Cup qualification,Ndola,Zambia,False
2024-06-11,Morocco,Congo,6.0,0.0,FIFA World Cup qualification,Agadir,Morocco,False
2024-06-11,Kenya,Ivory Coast,0.0,0.0,FIFA World Cup qualification,Lilongwe,Malawi,True
2024-06-11,Gabon,Gambia,3.0,2.0,FIFA World Cup qualification,Franceville,Gabon,False
2024-06-11,Seychelles,Burundi,1.0,3.0,FIFA World Cup qualification,Berkane,Morocco,True
2024-06-11,Madagascar,Mali,0.0,0.0,FIFA World Cup qualification,Johannesburg,South Africa,True
2024-06-11,Chad,Comoros,0.0,2.0,FIFA World Cup qualification,Oujda,Morocco,True
2024-06-11,Kuwait,Afghanistan,1.0,0.0,FIFA World Cup qualification,Kuwait City,Kuwait,False
2024-06-11,Qatar,India,2.0,1.0,FIFA World Cup qualification,Al Rayyan,Qatar,False
2024-06-11,Japan,Syria,5.0,0.0,FIFA World Cup qualification,Hiroshima,Japan,False
2024-06-11,North Korea,Myanmar,4.0,1.0,FIFA World Cup qualification,Vientiane,Laos,True
2024-06-11,Thailand,Singapore,3.0,1.0,FIFA World Cup qualification,Bangkok,Thailand,False
2024-06-11,South Korea,China PR,1.0,0.0,FIFA World Cup qualification,Seoul,South Korea,False
2024-06-11,Oman,Kyrgyzstan,1.0,1.0,FIFA World Cup qualification,Muscat,Oman,False
2024-06-11,Malaysia,Taiwan,3.0,1.0,FIFA World Cup qualification,Kuala Lumpur,Malaysia,False
2024-06-11,Turkmenistan,Hong Kong,0.0,0.0,FIFA World Cup qualification,Ashgabat,Turkmenistan,False
2024-06-11,Iran,Uzbekistan,0.0,0.0,FIFA World Cup qualification,Tehran,Iran,False
2024-06-11,Indonesia,Philippines,2.0,0.0,FIFA World Cup qualification,Jakarta,Indonesia,False
2024-06-11,Iraq,Vietnam,3.0,1.0,FIFA World Cup qualification,Basra,Iraq,False
2024-06-11,Tajikistan,Pakistan,3.0,0.0,FIFA World Cup qualification,Dushanbe,Tajikistan,False
2024-06-11,Saudi Arabia,Jordan,1.0,2.0,FIFA World Cup qualification,Riyadh,Saudi Arabia,False
2024-06-11,United Arab Emirates,Bahrain,1.0,1.0,FIFA World Cup qualification,Dubai,United Arab Emirates,False
2024-06-11,Yemen,Nepal,2.0,2.0,FIFA World Cup qualification,Dammam,Saudi Arabia,True
2024-06-11,Lebanon,Bangladesh,4.0,0.0,FIFA World Cup qualification,Al Rayyan,Qatar,True
2024-06-11,Australia,Palestine,5.0,0.0,FIFA World Cup qualification,Perth,Australia,False
2024-06-11,Cuba,Cayman Islands,3.0,0.0,FIFA World Cup qualification,Santiago,Cuba,False
2024-06-11,Saint Kitts and Nevis,Bahamas,1.0,0.0,FIFA World Cup qualification,Basseterre,Saint Kitts and Nevis,False
2024-06-11,Saint Lucia,Aruba,2.0,2.0,FIFA World Cup qualification,Bridgetown,Barbados,True
2024-06-11,Guyana,Belize,3.0,1.0,FIFA World Cup qualification,Bridgetown,Barbados,True
2024-06-11,Dominican Republic,British Virgin Islands,4.0,0.0,FIFA World Cup qualification,San Cristóbal,Dominican Republic,False
2024-06-11,Puerto Rico,Anguilla,8.0,0.0,FIFA World Cup qualification,Bayamón,Puerto Rico,False
2024-06-12,Ecuador,Bolivia,3.0,1.0,Friendly,Chester,United States,True
2024-06-12,United States,Brazil,1.0,1.0,Friendly,Orlando,United States,False
2024-06-14,Germany,Scotland,5.0,1.0,UEFA Euro,Munich,Germany,False
2024-06-14,Argentina,Guatemala,4.0,1.0,Friendly,Landover,United States,True
2024-06-14,El Salvador,Peru,0.0,1.0,Friendly,Philadelphia,United States,True
2024-06-15,Hungary,Switzerland,1.0,3.0,UEFA Euro,Cologne,Germany,True
2024-06-15,Spain,Croatia,3.0,0.0,UEFA Euro,Berlin,Germany,True
2024-06-15,Italy,Albania,2.0,1.0,UEFA Euro,Dortmund,Germany,True
2024-06-15,Colombia,Bolivia,3.0,0.0,Friendly,Denver,United States,True
2024-06-15,Vanuatu,Solomon Islands,1.0,0.0,Oceania Nations Cup,Port Vila,Vanuatu,False
2024-06-16,Ecuador,Honduras,2.0,1.0,Friendly,Hartford,United States,True
2024-06-16,Slovenia,Denmark,1.0,1.0,UEFA Euro,Stuttgart,Germany,True
2024-06-16,Serbia,England,0.0,1.0,UEFA Euro,Gelsenkirchen,Germany,True
2024-06-16,Poland,Netherlands,1.0,2.0,UEFA Euro,Hamburg,Germany,True
2024-06-16,Panama,Paraguay,0.0,1.0,Friendly,Panama City,Panama,False
2024-06-16,Tahiti,Samoa,2.0,0.0,Oceania Nations Cup,Suva,Fiji,True
2024-06-16,Fiji,Papua New Guinea,5.0,1.0,Oceania Nations Cup,Suva,Fiji,False
2024-06-17,Austria,France,0.0,1.0,UEFA Euro,Düsseldorf,Germany,True
2024-06-17,Romania,Ukraine,3.0,0.0,UEFA Euro,Munich,Germany,True
2024-06-17,Belgium,Slovakia,0.0,1.0,UEFA Euro,Frankfurt,Germany,True
2024-06-18,Turkey,Georgia,3.0,1.0,UEFA Euro,Dortmund,Germany,True
2024-06-18,Portugal,Czech Republic,2.0,1.0,UEFA Euro,Leipzig,Germany,True
2024-06-18,New Zealand,Solomon Islands,3.0,0.0,Oceania Nations Cup,Port Vila,Vanuatu,True
2024-06-19,Germany,Hungary,2.0,0.0,UEFA Euro,Stuttgart,Germany,False
2024-06-19,Scotland,Switzerland,1.0,1.0,UEFA Euro,Cologne,Germany,True
2024-06-19,Croatia,Albania,2.0,2.0,UEFA Euro,Hamburg,Germany,True
2024-06-19,Papua New Guinea,Tahiti,1.0,1.0,Oceania Nations Cup,Suva,Fiji,True
2024-06-19,Fiji,Samoa,9.0,1.0,Oceania Nations Cup,Suva,Fiji,False
2024-06-20,Spain,Italy,1.0,0.0,UEFA Euro,Gelsenkirchen,Germany,True
2024-06-20,Slovenia,Serbia,1.0,1.0,UEFA Euro,Munich,Germany,True
2024-06-20,Denmark,England,1.0,1.0,UEFA Euro,Frankfurt,Germany,True
2024-06-20,Argentina,Canada,2.0,0.0,Copa América,Atlanta,United States,True
2024-06-21,Poland,Austria,1.0,3.0,UEFA Euro,Berlin,Germany,True
2024-06-21,Netherlands,France,0.0,0.0,UEFA Euro,Leipzig,Germany,True
2024-06-21,Slovakia,Ukraine,1.0,2.0,UEFA Euro,Düsseldorf,Germany,True
2024-06-21,Vanuatu,New Zealand,0.0,4.0,Oceania Nations Cup,Port Vila,Vanuatu,False
2024-06-21,Peru,Chile,0.0,0.0,Copa América,Arlington,United States,True
2024-06-22,Belgium,Romania,2.0,0.0,UEFA Euro,Cologne,Germany,True
2024-06-22,Georgia,Czech Republic,1.0,1.0,UEFA Euro,Hamburg,Germany,True
2024-06-22,Turkey,Portugal,0.0,3.0,UEFA Euro,Dortmund,Germany,True
2024-06-22,Samoa,Papua New Guinea,1.0,2.0,Oceania Nations Cup,Suva,Fiji,True
2024-06-22,Fiji,Tahiti,1.0,0.0,Oceania Nations Cup,Suva,Fiji,False
2024-06-22,Ecuador,Venezuela,1.0,2.0,Copa América,Santa Clara,United States,True
2024-06-22,Mexico,Jamaica,1.0,0.0,Copa América,Houston,United States,True
2024-06-23,Germany,Switzerland,1.0,1.0,UEFA Euro,Frankfurt,Germany,False
2024-06-23,Scotland,Hungary,0.0,1.0,UEFA Euro,Stuttgart,Germany,True
2024-06-23,United States,Bolivia,2.0,0.0,Copa América,Arlington,United States,False
2024-06-23,Uruguay,Panama,3.0,1.0,Copa América,Miami Gardens,United States,True
2024-06-24,Albania,Spain,0.0,1.0,UEFA Euro,Düsseldorf,Germany,True
2024-06-24,Croatia,Italy,1.0,1.0,UEFA Euro,Leipzig,Germany,True
2024-06-24,Colombia,Paraguay,2.0,1.0,Copa América,Houston,United States,True
2024-06-24,Brazil,Costa Rica,0.0,0.0,Copa América,Inglewood,United States,True
2024-06-25,England,Slovenia,0.0,0.0,UEFA Euro,Cologne,Germany,True
2024-06-25,Denmark,Serbia,0.0,0.0,UEFA Euro,Munich,Germany,True
2024-06-25,Netherlands,Austria,2.0,3.0,UEFA Euro,Berlin,Germany,True
2024-06-25,France,Poland,1.0,1.0,UEFA Euro,Dortmund,Germany,True
2024-06-25,Peru,Canada,0.0,1.0,Copa América,Kansas City,United States,True
2024-06-25,Chile,Argentina,0.0,1.0,Copa América,East Rutherford,United States,True
2024-06-26,Slovakia,Romania,1.0,1.0,UEFA Euro,Frankfurt,Germany,True
2024-06-26,Ukraine,Belgium,0.0,0.0,UEFA Euro,Stuttgart,Germany,True
2024-06-26,Georgia,Portugal,2.0,0.0,UEFA Euro,Gelsenkirchen,Germany,True
2024-06-26,Czech Republic,Turkey,1.0,2.0,UEFA Euro,Hamburg,Germany,True
2024-06-26,Ecuador,Jamaica,3.0,1.0,Copa América,Las Vegas,United States,True
2024-06-26,Venezuela,Mexico,1.0,0.0,Copa América,Inglewood,United States,True
2024-06-27,Vanuatu,Fiji,2.0,1.0,Oceania Nations Cup,Port Vila,Vanuatu,False
2024-06-27,New Zealand,Tahiti,5.0,0.0,Oceania Nations Cup,Port Vila,Vanuatu,True
2024-06-27,United States,Panama,1.0,2.0,Copa América,Atlanta,United States,False
2024-06-27,Uruguay,Bolivia,5.0,0.0,Copa América,East Rutherford,United States,True
2024-06-28,Colombia,Costa Rica,3.0,0.0,Copa América,Glendale,United States,True
2024-06-28,Paraguay,Brazil,1.0,4.0,Copa América,Las Vegas,United States,True
2024-06-29,Switzerland,Italy,2.0,0.0,UEFA Euro,Berlin,Germany,True
2024-06-29,Germany,Denmark,2.0,0.0,UEFA Euro,Dortmund,Germany,False
2024-06-29,Argentina,Peru,2.0,0.0,Copa América,Miami Gardens,United States,True
2024-06-29,Canada,Chile,0.0,0.0,Copa América,Orlando,United States,True
2024-06-30,England,Slovakia,2.0,1.0,UEFA Euro,Gelsenkirchen,Germany,True
2024-06-30,Spain,Georgia,4.0,1.0,UEFA Euro,Cologne,Germany,True
2024-06-30,Tahiti,Fiji,2.0,1.0,Oceania Nations Cup,Port Vila,Vanuatu,True
2024-06-30,Vanuatu,New Zealand,0.0,3.0,Oceania Nations Cup,Port Vila,Vanuatu,False
2024-06-30,Mexico,Ecuador,0.0,0.0,Copa América,Glendale,United States,True
2024-06-30,Jamaica,Venezuela,0.0,3.0,Copa América,Austin,United States,True
2024-07-01,France,Belgium,1.0,0.0,UEFA Euro,Düsseldorf,Germany,True
2024-07-01,Portugal,Slovenia,0.0,0.0,UEFA Euro,Frankfurt,Germany,True
2024-07-01,United States,Uruguay,0.0,1.0,Copa América,Kansas City,United States,False
2024-07-01,Bolivia,Panama,1.0,3.0,Copa América,Orlando,United States,True
2024-07-02,Romania,Netherlands,0.0,3.0,UEFA Euro,Munich,Germany,True
2024-07-02,Austria,Turkey,1.0,2.0,UEFA Euro,Leipzig,Germany,True
2024-07-02,Brazil,Colombia,1.0,1.0,Copa América,Santa Clara,United States,True
2024-07-02,Costa Rica,Paraguay,2.0,1.0,Copa América,Austin,United States,True
2024-07-04,Argentina,Ecuador,1.0,1.0,Copa América,Houston,United States,True
2024-07-05,Germany,Spain,1.0,2.0,UEFA Euro,Stuttgart,Germany,False
2024-07-05,Portugal,France,0.0,0.0,UEFA Euro,Hamburg,Germany,True
2024-07-05,Venezuela,Canada,1.0,1.0,Copa América,Arlington,United States,True
2024-07-06,England,Switzerland,1.0,1.0,UEFA Euro,Düsseldorf,Germany,True
2024-07-06,Netherlands,Turkey,2.0,1.0,UEFA Euro,Berlin,Germany,True
2024-07-06,Uruguay,Brazil,0.0,0.0,Copa América,Las Vegas,United States,True
2024-07-06,Colombia,Panama,5.0,0.0,Copa América,Glendale,United States,True
2024-07-09,Spain,France,2.0,1.0,UEFA Euro,Munich,Germany,True
2024-07-09,Argentina,Canada,2.0,0.0,Copa América,East Rutherford,United States,True
2024-07-10,Netherlands,England,1.0,2.0,UEFA Euro,Dortmund,Germany,True
2024-07-10,Uruguay,Colombia,0.0,1.0,Copa América,Charlotte,United States,True
2024-07-13,Canada,Uruguay,2.0,2.0,Copa América,Charlotte,United States,True
2024-07-14,Spain,England,2.0,1.0,UEFA Euro,Berlin,Germany,True
2024-07-14,Argentina,Colombia,1.0,0.0,Copa América,Miami Gardens,United States,True
2024-07-27,Guatemala,El Salvador,0.0,1.0,Friendly,Carson,United States,True
2024-07-27,Jordan,North Korea,0.0,0.0,Friendly,Amman,Jordan,False
2024-08-29,Jordan,North Korea,2.0,1.0,Friendly,Amman,Jordan,False
2024-09-01,Guatemala,Uruguay,1.0,1.0,Friendly,Fort Lauderdale,United States,True
2024-09-02,Fiji,Solomon Islands,1.0,0.0,Tri-Nations Series,Suva,Fiji,False
2024-09-02,Fiji,Hong Kong,1.0,1.0,Tri-Nations Series,Suva,Fiji,False
2024-09-03,India,Mauritius,0.0,0.0,Intercontinental Cup,Hyderabad,India,False
2024-09-04,Gibraltar,Andorra,1.0,0.0,Friendly,Gibraltar,Gibraltar,False
2024-09-04,Lebanon,Tajikistan,1.0,0.0,Merdeka Tournament,Kuala Lumpur,Malaysia,True
2024-09-04,Malaysia,Philippines,2.0,1.0,Merdeka Tournament,Kuala Lumpur,Malaysia,False
2024-09-04,Comoros,Gambia,1.0,1.0,African Cup of Nations qualification,El Jadida,Morocco,True
2024-09-04,Libya,Rwanda,1.0,1.0,African Cup of Nations qualification,Tripoli,Libya,False
2024-09-04,Sudan,Niger,1.0,0.0,African Cup of Nations qualification,Juba,South Sudan,True
2024-09-04,Tanzania,Ethiopia,0.0,0.0,African Cup of Nations qualification,Dar es Salaam,Tanzania,False
2024-09-04,United States Virgin Islands,Bahamas,3.0,3.0,CONCACAF Nations League,Saint Croix,United States Virgin Islands,False
2024-09-04,Turks and Caicos Islands,Anguilla,0.0,2.0,CONCACAF Nations League,Providenciales,Turks and Caicos Islands,False
2024-09-04,Cayman Islands,British Virgin Islands,1.0,0.0,CONCACAF Nations League,George Town,Cayman Islands,False
2024-09-05,Hong Kong,Solomon Islands,3.0,0.0,Tri-Nations Series,Suva,Fiji,True
2024-09-05,Bhutan,Bangladesh,0.0,1.0,Friendly,Thimphu,Bhutan,False
2024-09-05,Vietnam,Russia,0.0,3.0,Friendly,Hanoi,Vietnam,False
2024-09-05,Sri Lanka,Cambodia,0.0,0.0,AFC Asian Cup qualification,Colombo,Sri Lanka,False
2024-09-05,Timor-Leste,Mongolia,4.0,1.0,AFC Asian Cup qualification,Gianyar,Indonesia,True
2024-09-05,Tunisia,Madagascar,1.0,0.0,African Cup of Nations qualification,Radès,Tunisia,False
2024-09-05,Central African Republic,Lesotho,3.0,1.0,African Cup of Nations qualification,El Jadida,Morocco,True
2024-09-05,Algeria,Equatorial Guinea,2.0,0.0,African Cup of Nations qualification,Oran,Algeria,False
2024-09-05,Ghana,Angola,0.0,1.0,African Cup of Nations qualification,Kumasi,Ghana,False
2024-09-05,Guinea-Bissau,Eswatini,1.0,0.0,African Cup of Nations qualification,Bissau,Guinea-Bissau,False
2024-09-05,Congo,South Sudan,1.0,0.0,African Cup of Nations qualification,Brazzaville,Congo,False
2024-09-05,Malawi,Burundi,2.0,3.0,African Cup of Nations qualification,Lilongwe,Malawi,False
2024-09-05,Guyana,Suriname,1.0,3.0,CONCACAF Nations League,Leonora,Guyana,False
2024-09-05,Costa Rica,Guadeloupe,3.0,0.0,CONCACAF Nations League,San José,Costa Rica,False
2024-09-05,Guatemala,Martinique,3.0,1.0,CONCACAF Nations League,Guatemala City,Guatemala,False
2024-09-05,Montserrat,El Salvador,1.0,4.0,CONCACAF Nations League,Rincon,Bonaire,True
2024-09-05,Bonaire,Saint Vincent and the Grenadines,1.0,1.0,CONCACAF Nations League,Rincon,Bonaire,False
2024-09-05,Portugal,Croatia,2.0,1.0,UEFA Nations League,Lisbon,Portugal,False
2024-09-05,Scotland,Poland,2.0,3.0,UEFA Nations League,Glasgow,Scotland,False
2024-09-05,Denmark,Switzerland,2.0,0.0,UEFA Nations League,Copenhagen,Denmark,False
2024-09-05,Serbia,Spain,0.0,0.0,UEFA Nations League,Belgrade,Serbia,False
2024-09-05,Azerbaijan,Sweden,1.0,3.0,UEFA Nations League,Baku,Azerbaijan,False
2024-09-05,Estonia,Slovakia,0.0,1.0,UEFA Nations League,Tallinn,Estonia,False
2024-09-05,Northern Ireland,Luxembourg,2.0,0.0,UEFA Nations League,Belfast,Northern Ireland,False
2024-09-05,Belarus,Bulgaria,0.0,0.0,UEFA Nations League,Zalaegerszeg,Hungary,True
2024-09-05,San Marino,Liechtenstein,1.0,0.0,UEFA Nations League,Serravalle,San Marino,False
2024-09-05,Bolivia,Venezuela,4.0,0.0,FIFA World Cup qualification,El Alto,Bolivia,False
2024-09-05,Argentina,Chile,3.0,0.0,FIFA World Cup qualification,Buenos Aires,Argentina,False
2024-09-05,Qatar,United Arab Emirates,1.0,3.0,FIFA World Cup qualification,Al Rayyan,Qatar,False
2024-09-05,Uzbekistan,North Korea,1.0,0.0,FIFA World Cup qualification,Tashkent,Uzbekistan,False
2024-09-05,Iran,Kyrgyzstan,1.0,0.0,FIFA World Cup qualification,Fuladshahr,Iran,False
2024-09-05,Iraq,Oman,1.0,0.0,FIFA World Cup qualification,Basra,Iraq,False
2024-09-05,South Korea,Palestine,0.0,0.0,FIFA World Cup qualification,Seoul,South Korea,False
2024-09-05,Jordan,Kuwait,1.0,1.0,FIFA World Cup qualification,Amman,Jordan,False
2024-09-05,Japan,China PR,7.0,0.0,FIFA World Cup qualification,Saitama,Japan,False
2024-09-05,Australia,Bahrain,0.0,1.0,FIFA World Cup qualification,Robina,Australia,False
2024-09-05,Saudi Arabia,Indonesia,1.0,1.0,FIFA World Cup qualification,Jeddah,Saudi Arabia,False
2024-09-06,Syria,Mauritius,2.0,0.0,Intercontinental Cup,Hyderabad,India,True
2024-09-06,Brunei,Macau,3.0,0.0,AFC Asian Cup qualification,Bandar Seri Begawan,Brunei,False
2024-09-06,Morocco,Gabon,4.0,1.0,African Cup of Nations qualification,Agadir,Morocco,False
2024-09-06,Egypt,Cape Verde,3.0,0.0,African Cup of Nations qualification,Cairo,Egypt,False
2024-09-06,Togo,Liberia,1.0,1.0,African Cup of Nations qualification,Lomé,Togo,False
2024-09-06,Sierra Leone,Chad,0.0,0.0,African Cup of Nations qualification,Monrovia,Liberia,True
2024-09-06,Ivory Coast,Zambia,2.0,0.0,African Cup of Nations qualification,Bouaké,Ivory Coast,False
2024-09-06,DR Congo,Guinea,1.0,0.0,African Cup of Nations qualification,Kinshasa,DR Congo,False
2024-09-06,Mali,Mozambique,1.0,1.0,African Cup of Nations qualification,Bamako,Mali,False
2024-09-06,Kenya,Zimbabwe,0.0,0.0,African Cup of Nations qualification,Kampala,Uganda,True
2024-09-06,South Africa,Uganda,2.0,2.0,African Cup of Nations qualification,Johannesburg,South Africa,False
2024-09-06,Senegal,Burkina Faso,1.0,1.0,African Cup of Nations qualification,Diamniadio,Senegal,False
2024-09-06,French Guiana,Nicaragua,0.0,1.0,CONCACAF Nations League,Cayenne,French Guiana,False
2024-09-06,Jamaica,Cuba,0.0,0.0,CONCACAF Nations League,Kingston,Jamaica,False
2024-09-06,Honduras,Trinidad and Tobago,4.0,0.0,CONCACAF Nations League,Tegucigalpa,Honduras,False
2024-09-06,Saint Lucia,Curaçao,2.0,1.0,CONCACAF Nations League,Saint George's,Grenada,True
2024-09-06,Grenada,Saint Martin,2.0,0.0,CONCACAF Nations League,St George's,Grenada,False
2024-09-06,Sint Maarten,Aruba,2.0,0.0,CONCACAF Nations League,Mayagüez,Puerto Rico,True
2024-09-06,Puerto Rico,Haiti,1.0,4.0,CONCACAF Nations League,Mayagüez,Puerto Rico,False
2024-09-06,Belgium,Israel,3.0,1.0,UEFA Nations League,Debrecen,Hungary,True
2024-09-06,France,Italy,1.0,3.0,UEFA Nations League,Paris,France,False
2024-09-06,Kazakhstan,Norway,0.0,0.0,UEFA Nations League,Almaty,Kazakhstan,False
2024-09-06,Slovenia,Austria,1.0,1.0,UEFA Nations League,Ljubljana,Slovenia,False
2024-09-06,Iceland,Montenegro,2.0,0.0,UEFA Nations League,Reykjavík,Iceland,False
2024-09-06,Wales,Turkey,0.0,0.0,UEFA Nations League,Cardiff,Wales,False
2024-09-06,Kosovo,Romania,0.0,3.0,UEFA Nations League,Pristina,Kosovo,False
2024-09-06,Lithuania,Cyprus,0.0,1.0,UEFA Nations League,Kaunas,Lithuania,False
2024-09-06,Cook Islands,Tonga,1.0,3.0,FIFA World Cup qualification,Apia,Samoa,True
2024-09-06,Samoa,American Samoa,2.0,0.0,FIFA World Cup qualification,Apia,Samoa,False
2024-09-06,Peru,Colombia,1.0,1.0,FIFA World Cup qualification,Lima,Peru,False
2024-09-06,Uruguay,Paraguay,0.0,0.0,FIFA World Cup qualification,Montevideo,Uruguay,False
2024-09-06,Brazil,Ecuador,1.0,0.0,FIFA World Cup qualification,Curitiba,Brazil,False
2024-09-07,Mexico,New Zealand,3.0,0.0,Friendly,Pasadena,United States,True
2024-09-07,United States,Canada,1.0,2.0,Friendly,Kansas City,United States,False
2024-09-07,Mauritania,Botswana,1.0,0.0,African Cup of Nations qualification,Nouakchott,Mauritania,False
2024-09-07,Nigeria,Benin,3.0,0.0,African Cup of Nations qualification,Uyo,Nigeria,False
2024-09-07,Cameroon,Namibia,1.0,0.0,African Cup of Nations qualification,Douala,Cameroon,False
2024-09-07,Bermuda,Dominican Republic,2.0,3.0,CONCACAF Nations League,Piggotts,Antigua and Barbuda,True
2024-09-07,Antigua and Barbuda,Dominica,1.0,2.0,CONCACAF Nations League,Piggotts,Antigua and Barbuda,False
2024-09-07,Bahamas,Barbados,2.0,3.0,CONCACAF Nations League,Saint Croix,United States Virgin Islands,True
2024-09-07,Turks and Caicos Islands,Belize,0.0,4.0,CONCACAF Nations League,Providenciales,Turks and Caicos Islands,False
2024-09-07,Cayman Islands,Saint Kitts and Nevis,1.0,4.0,CONCACAF Nations League,George Town,Cayman Islands,False
2024-09-07,Germany,Hungary,5.0,0.0,UEFA Nations League,Düsseldorf,Germany,False
2024-09-07,Netherlands,Bosnia and Herzegovina,5.0,2.0,UEFA Nations League,Eindhoven,Netherlands,False
2024-09-07,Georgia,Czech Republic,4.0,1.0,UEFA Nations League,Tbilisi,Georgia,False
2024-09-07,Ukraine,Albania,1.0,2.0,UEFA Nations League,Prague,Czech Republic,True
2024-09-07,Republic of Ireland,England,0.0,2.0,UEFA Nations League,Dublin,Republic of Ireland,False
2024-09-07,Greece,Finland,3.0,0.0,UEFA Nations League,Piraeus,Greece,False
2024-09-07,Faroe Islands,North Macedonia,1.0,1.0,UEFA Nations League,Toftir,Faroe Islands,False
2024-09-07,Armenia,Latvia,4.0,1.0,UEFA Nations League,Yerevan,Armenia,False
2024-09-07,Moldova,Malta,2.0,0.0,UEFA Nations League,Chișinău,Moldova,False
2024-09-08,Bhutan,Bangladesh,1.0,0.0,Friendly,Thimphu,Bhutan,False
2024-09-08,Tajikistan,Philippines,0.0,0.0,Merdeka Tournament,Kuala Lumpur,Malaysia,True
2024-09-08,Malaysia,Lebanon,1.0,0.0,Merdeka Tournament,Kuala Lumpur,Malaysia,False
2024-09-08,Gambia,Tunisia,1.0,2.0,African Cup of Nations qualification,El Jadida,Morocco,True
2024-09-08,Saint Vincent and the Grenadines,Montserrat,2.0,0.0,CONCACAF Nations League,Rincon,Bonaire,True
2024-09-08,Bonaire,El Salvador,1.0,2.0,CONCACAF Nations League,Rincon,Bonaire,False
2024-09-08,Portugal,Scotland,2.0,1.0,UEFA Nations League,Lisbon,Portugal,False
2024-09-08,Croatia,Poland,1.0,0.0,UEFA Nations League,Osijek,Croatia,False
2024-09-08,Denmark,Serbia,2.0,0.0,UEFA Nations League,Copenhagen,Denmark,False
2024-09-08,Switzerland,Spain,1.0,4.0,UEFA Nations League,Geneva,Switzerland,False
2024-09-08,Slovakia,Azerbaijan,2.0,0.0,UEFA Nations League,Košice,Slovakia,False
2024-09-08,Sweden,Estonia,3.0,0.0,UEFA Nations League,Stockholm,Sweden,False
2024-09-08,Luxembourg,Belarus,0.0,1.0,UEFA Nations League,Luxembourg,Luxembourg,False
2024-09-08,Bulgaria,Northern Ireland,1.0,0.0,UEFA Nations League,Plovdiv,Bulgaria,False
2024-09-08,Gibraltar,Liechtenstein,2.0,2.0,UEFA Nations League,Gibraltar,Gibraltar,False
2024-09-09,India,Syria,0.0,3.0,Intercontinental Cup,Hyderabad,India,False
2024-09-09,Madagascar,Comoros,1.0,1.0,African Cup of Nations qualification,Radès,Tunisia,True
2024-09-09,Morocco,Lesotho,1.0,0.0,African Cup of Nations qualification,Agadir,Morocco,False
2024-09-09,Equatorial Guinea,Togo,2.0,2.0,African Cup of Nations qualification,Malabo,Equatorial Guinea,False
2024-09-09,Niger,Ghana,1.0,1.0,African Cup of Nations qualification,Berkane,Morocco,True
2024-09-09,Angola,Sudan,2.0,1.0,African Cup of Nations qualification,Luanda,Angola,False
2024-09-09,Ethiopia,DR Congo,0.0,2.0,African Cup of Nations qualification,Dar es Salaam,Tanzania,True
2024-09-09,Uganda,Congo,2.0,0.0,African Cup of Nations qualification,Kira,Uganda,False
2024-09-09,Burundi,Senegal,0.0,1.0,African Cup of Nations qualification,Lilongwe,Malawi,True
2024-09-09,Guadeloupe,Suriname,1.0,0.0,CONCACAF Nations League,Le Gosier,Guadeloupe,False
2024-09-09,Martinique,Guyana,2.0,2.0,CONCACAF Nations League,Fort de France,Martinique,False
2024-09-09,Guatemala,Costa Rica,0.0,0.0,CONCACAF Nations League,Guatemala City,Guatemala,False
2024-09-09,Curaçao,Saint Martin,4.0,0.0,CONCACAF Nations League,Saint George's,Grenada,True
2024-09-09,Grenada,Saint Lucia,1.0,2.0,CONCACAF Nations League,Saint George's,Grenada,False
2024-09-09,Haiti,Sint Maarten,6.0,0.0,CONCACAF Nations League,Mayagüez,Puerto Rico,True
2024-09-09,Puerto Rico,Aruba,1.0,0.0,CONCACAF Nations League,Mayagüez,Puerto Rico,False
2024-09-09,France,Belgium,2.0,0.0,UEFA Nations League,Décines-Charpieu,France,False
2024-09-09,Israel,Italy,1.0,2.0,UEFA Nations League,Budapest,Hungary,True
2024-09-09,Norway,Austria,2.0,1.0,UEFA Nations League,Oslo,Norway,False
2024-09-09,Slovenia,Kazakhstan,3.0,0.0,UEFA Nations League,Ljubljana,Slovenia,False
2024-09-09,Montenegro,Wales,1.0,2.0,UEFA Nations League,Nikšić,Montenegro,False
2024-09-09,Turkey,Iceland,3.0,1.0,UEFA Nations League,Izmir,Turkey,False
2024-09-09,Cyprus,Kosovo,0.0,4.0,UEFA Nations League,Larnaca,Cyprus,False
2024-09-09,Romania,Lithuania,3.0,1.0,UEFA Nations League,Bucharest,Romania,False
2024-09-09,Samoa,Tonga,2.0,1.0,FIFA World Cup qualification,Apia,Samoa,False
2024-09-10,Mexico,Canada,0.0,0.0,Friendly,Arlington,United States,True
2024-09-10,Moldova,San Marino,1.0,0.0,Friendly,Chișinău,Moldova,False
2024-09-10,United States,New Zealand,1.0,1.0,Friendly,Cincinnati,United States,False
2024-09-10,Vietnam,Thailand,1.0,2.0,Friendly,Hanoi,Vietnam,False
2024-09-10,Cambodia,Sri Lanka,2.0,2.0,AFC Asian Cup qualification,Phnom Penh,Cambodia,False
2024-09-10,Macau,Brunei,0.0,1.0,AFC Asian Cup qualification,Taipa,Macau,False
2024-09-10,Mongolia,Timor-Leste,2.0,0.0,AFC Asian Cup qualification,Ulaanbaatar,Mongolia,False
2024-09-10,Gabon,Central African Republic,2.0,0.0,African Cup of Nations qualification,Franceville,Gabon,False
2024-09-10,Botswana,Egypt,0.0,4.0,African Cup of Nations qualification,Francistown,Botswana,False
2024-09-10,Cape Verde,Mauritania,2.0,0.0,African Cup of Nations qualification,Praia,Cape Verde,False
2024-09-10,Rwanda,Nigeria,0.0,0.0,African Cup of Nations qualification,Kigali,Rwanda,False
2024-09-10,Benin,Libya,2.0,1.0,African Cup of Nations qualification,Abidjan,Ivory Coast,True
2024-09-10,Liberia,Algeria,0.0,3.0,African Cup of Nations qualification,Monrovia,Liberia,False
2024-09-10,Zambia,Sierra Leone,3.0,2.0,African Cup of Nations qualification,Ndola,Zambia,False
2024-09-10,Chad,Ivory Coast,0.0,2.0,African Cup of Nations qualification,Yaounde,Cameroon,True
2024-09-10,Guinea,Tanzania,1.0,2.0,African Cup of Nations qualification,Yamoussoukro,Ivory Coast,True
2024-09-10,Mozambique,Guinea-Bissau,2.0,1.0,African Cup of Nations qualification,Maputo,Mozambique,False
2024-09-10,Eswatini,Mali,0.0,1.0,African Cup of Nations qualification,Mbombela,South Africa,True
2024-09-10,Namibia,Kenya,1.0,2.0,African Cup of Nations qualification,Johannesburg,South Africa,True
2024-09-10,South Sudan,South Africa,2.0,3.0,African Cup of Nations qualification,Juba,South Sudan,False
2024-09-10,Burkina Faso,Malawi,3.0,1.0,African Cup of Nations qualification,Bamako,Mali,True
2024-09-10,Cuba,Nicaragua,1.0,1.0,CONCACAF Nations League,Santiago,Cuba,False
2024-09-10,Trinidad and Tobago,French Guiana,0.0,0.0,CONCACAF Nations League,Bacolet,Trinidad and Tobago,False
2024-09-10,Honduras,Jamaica,1.0,2.0,CONCACAF Nations League,Tegucigalpa,Honduras,False
2024-09-10,Dominican Republic,Dominica,2.0,0.0,CONCACAF Nations League,Piggotts,Antigua and Barbuda,True
2024-09-10,Antigua and Barbuda,Bermuda,0.0,1.0,CONCACAF Nations League,Piggotts,Antigua and Barbuda,False
2024-09-10,United States Virgin Islands,Barbados,0.0,3.0,CONCACAF Nations League,Saint Croix,United States Virgin Islands,False
2024-09-10,Belize,Anguilla,1.0,0.0,CONCACAF Nations League,Providenciales,Turks and Caicos Islands,True
2024-09-10,Saint Kitts and Nevis,British Virgin Islands,2.0,0.0,CONCACAF Nations League,George Town,Cayman Islands,True
2024-09-10,Hungary,Bosnia and Herzegovina,0.0,0.0,UEFA Nations League,Budapest,Hungary,False
2024-09-10,Netherlands,Germany,2.0,2.0,UEFA Nations League,Amsterdam,Netherlands,False
2024-09-10,Albania,Georgia,0.0,1.0,UEFA Nations League,Tirana,Albania,False
2024-09-10,Czech Republic,Ukraine,3.0,2.0,UEFA Nations League,Prague,Czech Republic,False
2024-09-10,England,Finland,2.0,0.0,UEFA Nations League,London,England,False
2024-09-10,Republic of Ireland,Greece,0.0,2.0,UEFA Nations League,Dublin,Republic of Ireland,False
2024-09-10,Latvia,Faroe Islands,1.0,0.0,UEFA Nations League,Riga,Latvia,False
2024-09-10,North Macedonia,Armenia,2.0,0.0,UEFA Nations League,Skopje,North Macedonia,False
2024-09-10,Andorra,Malta,0.0,1.0,UEFA Nations League,Andorra la Vella,Andorra,False
2024-09-10,Colombia,Argentina,2.0,1.0,FIFA World Cup qualification,Barranquilla,Colombia,False
2024-09-10,Ecuador,Peru,1.0,0.0,FIFA World Cup qualification,Quito,Ecuador,False
2024-09-10,Chile,Bolivia,1.0,2.0,FIFA World Cup qualification,Santiago,Chile,False
2024-09-10,Venezuela,Uruguay,0.0,0.0,FIFA World Cup qualification,Maturín,Venezuela,False
2024-09-10,Paraguay,Brazil,1.0,0.0,FIFA World Cup qualification,Asunción,Paraguay,False
2024-09-10,North Korea,Qatar,2.0,2.0,FIFA World Cup qualification,Vientiane,Laos,True
2024-09-10,Kyrgyzstan,Uzbekistan,2.0,3.0,FIFA World Cup qualification,Bishkek,Kyrgyzstan,False
2024-09-10,United Arab Emirates,Iran,0.0,1.0,FIFA World Cup qualification,Al Ain,United Arab Emirates,False
2024-09-10,Oman,South Korea,1.0,3.0,FIFA World Cup qualification,Muscat,Oman,False
2024-09-10,Kuwait,Iraq,0.0,0.0,FIFA World Cup qualification,Kuwait City,Kuwait,False
2024-09-10,Palestine,Jordan,1.0,3.0,FIFA World Cup qualification,Kuala Lumpur,Malaysia,True
2024-09-10,Bahrain,Japan,0.0,5.0,FIFA World Cup qualification,Riffa,Bahrain,False
2024-09-10,Indonesia,Australia,0.0,0.0,FIFA World Cup qualification,Jakarta,Indonesia,False
2024-09-10,China PR,Saudi Arabia,1.0,2.0,FIFA World Cup qualification,Dalian,China PR,False
2024-09-10,Zimbabwe,Cameroon,0.0,0.0,African Cup of Nations qualification,Kampala,Uganda,True
2024-10-08,Brunei,Timor-Leste,0.0,1.0,ASEAN Championship qualification,Bandar Seri Begawan,Brunei,False
2024-10-09,Barbados,United States Virgin Islands,5.0,0.0,CONCACAF Nations League,Bridgetown,Barbados,False
2024-10-09,Belize,Anguilla,1.0,0.0,CONCACAF Nations League,Belmopan,Belize,False
2024-10-09,Saint Kitts and Nevis,British Virgin Islands,3.0,1.0,CONCACAF Nations League,Basseterre,Saint Kitts and Nevis,False
2024-10-10,Liechtenstein,Hong Kong,1.0,0.0,Friendly,Vaduz,Liechtenstein,False
2024-10-10,Myanmar,Sri Lanka,2.0,0.0,Friendly,Yangon,Myanmar,False
2024-10-10,Cape Verde,Botswana,0.0,1.0,African Cup of Nations qualification,Praia,Cape Verde,False
2024-10-10,Algeria,Togo,5.0,1.0,African Cup of Nations qualification,Annaba,Algeria,False
2024-10-10,Ghana,Sudan,0.0,0.0,African Cup of Nations qualification,Accra,Ghana,False
2024-10-10,DR Congo,Tanzania,1.0,0.0,African Cup of Nations qualification,Kinshasa,DR Congo,False
2024-10-10,Namibia,Zimbabwe,0.0,1.0,African Cup of Nations qualification,Johannesburg,South Africa,True
2024-10-10,Burkina Faso,Burundi,4.0,1.0,African Cup of Nations qualification,Ebimpé,Ivory Coast,True
2024-10-10,Cuba,Trinidad and Tobago,2.0,2.0,CONCACAF Nations League,Santiago,Cuba,False
2024-10-10,French Guiana,Honduras,2.0,3.0,CONCACAF Nations League,Cayenne,French Guiana,False
2024-10-10,Nicaragua,Jamaica,0.0,2.0,CONCACAF Nations League,Managua,Nicaragua,False
2024-10-10,Bonaire,Montserrat,0.0,1.0,CONCACAF Nations League,Kingstown,Saint Vincent and the Grenadines,True
2024-10-10,Saint Vincent and the Grenadines,El Salvador,2.0,3.0,CONCACAF Nations League,Kingstown,Saint Vincent and the Grenadines,False
2024-10-10,Israel,France,1.0,4.0,UEFA Nations League,Budapest,Hungary,True
2024-10-10,Italy,Belgium,2.0,2.0,UEFA Nations League,Rome,Italy,False
2024-10-10,England,Greece,1.0,2.0,UEFA Nations League,London,England,False
2024-10-10,Finland,Republic of Ireland,1.0,2.0,UEFA Nations League,Helsinki,Finland,False
2024-10-10,Austria,Kazakhstan,4.0,0.0,UEFA Nations League,Salzburg,Austria,False
2024-10-10,Norway,Slovenia,3.0,0.0,UEFA Nations League,Oslo,Norway,False
2024-10-10,Latvia,North Macedonia,0.0,3.0,UEFA Nations League,Riga,Latvia,False
2024-10-10,Faroe Islands,Armenia,2.0,2.0,UEFA Nations League,Tórshavn,Faroe Islands,False
2024-10-10,Gibraltar,San Marino,1.0,0.0,UEFA Nations League,Gibraltar,Gibraltar,False
2024-10-10,Moldova,Andorra,2.0,0.0,UEFA Nations League,Chișinău,Moldova,False
2024-10-10,Bolivia,Colombia,1.0,0.0,FIFA World Cup qualification,El Alto,Bolivia,False
2024-10-10,Ecuador,Paraguay,0.0,0.0,FIFA World Cup qualification,Quito,Ecuador,False
2024-10-10,Venezuela,Argentina,1.0,1.0,FIFA World Cup qualification,Maturín,Venezuela,False
2024-10-10,Chile,Brazil,1.0,2.0,FIFA World Cup qualification,Santiago,Chile,False
2024-10-10,Papua New Guinea,New Caledonia,1.0,3.0,FIFA World Cup qualification,Suva,Fiji,True
2024-10-10,Fiji,Solomon Islands,1.0,0.0,FIFA World Cup qualification,Suva,Fiji,False
2024-10-10,Qatar,Kyrgyzstan,3.0,1.0,FIFA World Cup qualification,Doha,Qatar,False
2024-10-10,Uzbekistan,Iran,0.0,0.0,FIFA World Cup qualification,Tashkent,Uzbekistan,False
2024-10-10,United Arab Emirates,North Korea,1.0,1.0,FIFA World Cup qualification,Al Ain,United Arab Emirates,False
2024-10-10,Jordan,South Korea,0.0,2.0,FIFA World Cup qualification,Amman,Jordan,False
2024-10-10,Oman,Kuwait,4.0,0.0,FIFA World Cup qualification,Muscat,Oman,False
2024-10-10,Iraq,Palestine,1.0,0.0,FIFA World Cup qualification,Basra,Iraq,False
2024-10-10,Bahrain,Indonesia,2.0,2.0,FIFA World Cup qualification,Riffa,Bahrain,False
2024-10-10,Australia,China PR,3.0,1.0,FIFA World Cup qualification,Adelaide,Australia,False
2024-10-10,Saudi Arabia,Japan,0.0,2.0,FIFA World Cup qualification,Jeddah,Saudi Arabia,False
2024-10-11,Cambodia,Taiwan,3.0,2.0,Friendly,Phnom Penh,Cambodia,False
2024-10-11,Madagascar,Gambia,1.0,1.0,African Cup of Nations qualification,Casablanca,Morocco,True
2024-10-11,Tunisia,Comoros,0.0,1.0,African Cup of Nations qualification,Radès,Tunisia,False
2024-10-11,Gabon,Lesotho,0.0,0.0,African Cup of Nations qualification,Franceville,Gabon,False
2024-10-11,Egypt,Mauritania,2.0,0.0,African Cup of Nations qualification,Cairo,Egypt,False
2024-10-11,Benin,Rwanda,3.0,0.0,African Cup of Nations qualification,Abidjan,Ivory Coast,True
2024-10-11,Nigeria,Libya,1.0,0.0,African Cup of Nations qualification,Uyo,Nigeria,False
2024-10-11,Equatorial Guinea,Liberia,1.0,0.0,African Cup of Nations qualification,Malabo,Equatorial Guinea,False
2024-10-11,Angola,Niger,2.0,0.0,African Cup of Nations qualification,Luanda,Angola,False
2024-10-11,Zambia,Chad,0.0,0.0,African Cup of Nations qualification,Ndola,Zambia,False
2024-10-11,Ivory Coast,Sierra Leone,4.0,1.0,African Cup of Nations qualification,San-Pédro,Ivory Coast,False
2024-10-11,Mozambique,Eswatini,1.0,1.0,African Cup of Nations qualification,Maputo,Mozambique,False
2024-10-11,Mali,Guinea-Bissau,1.0,0.0,African Cup of Nations qualification,Bamako,Mali,False
2024-10-11,Cameroon,Kenya,4.0,1.0,African Cup of Nations qualification,Douala,Cameroon,False
2024-10-11,Uganda,South Sudan,1.0,0.0,African Cup of Nations qualification,Kira,Uganda,False
2024-10-11,South Africa,Congo,5.0,0.0,African Cup of Nations qualification,Gqeberha,South Africa,False
2024-10-11,Senegal,Malawi,4.0,0.0,African Cup of Nations qualification,Diamniadio,Senegal,False
2024-10-11,Guadeloupe,Martinique,0.0,1.0,CONCACAF Nations League,Le Gosier,Guadeloupe,False
2024-10-11,Suriname,Costa Rica,1.0,1.0,CONCACAF Nations League,Paramaribo,Suriname,False
2024-10-11,Guyana,Guatemala,1.0,3.0,CONCACAF Nations League,Leonora,Guyana,False
2024-10-11,Grenada,Curaçao,0.0,0.0,CONCACAF Nations League,Gros Islet,Saint Lucia,True
2024-10-11,Saint Lucia,Saint Martin,2.0,1.0,CONCACAF Nations League,Gros Islet,Saint Lucia,False
2024-10-11,Sint Maarten,Puerto Rico,3.0,2.0,CONCACAF Nations League,Oranjestad,Aruba,True
2024-10-11,Aruba,Haiti,1.0,3.0,CONCACAF Nations League,Oranjestad,Aruba,False
2024-10-11,Bosnia and Herzegovina,Germany,1.0,2.0,UEFA Nations League,Zenica,Bosnia and Herzegovina,False
2024-10-11,Hungary,Netherlands,1.0,1.0,UEFA Nations League,Budapest,Hungary,False
2024-10-11,Czech Republic,Albania,2.0,0.0,UEFA Nations League,Prague,Czech Republic,False
2024-10-11,Ukraine,Georgia,1.0,0.0,UEFA Nations League,Poznań,Poland,True
2024-10-11,Iceland,Wales,2.0,2.0,UEFA Nations League,Reykjavík,Iceland,False
2024-10-11,Turkey,Montenegro,1.0,0.0,UEFA Nations League,Tekkeköy,Turkey,False
2024-10-11,Estonia,Azerbaijan,3.0,1.0,UEFA Nations League,Tallinn,Estonia,False
2024-10-11,Slovakia,Sweden,2.0,2.0,UEFA Nations League,Bratislava,Slovakia,False
2024-10-11,Peru,Uruguay,1.0,0.0,FIFA World Cup qualification,Lima,Peru,False
2024-10-11,New Zealand,Tahiti,3.0,0.0,FIFA World Cup qualification,Port Vila,Vanuatu,True
2024-10-11,Syria,Tajikistan,1.0,0.0,King's Cup,Songkhla,Thailand,True
2024-10-11,Thailand,Philippines,3.0,1.0,King's Cup,Songkhla,Thailand,False
2024-10-12,United States,Panama,2.0,0.0,Friendly,Austin,United States,False
2024-10-12,Vietnam,India,1.0,1.0,Friendly,Nam Định,Vietnam,False
2024-10-12,Morocco,Central African Republic,5.0,0.0,African Cup of Nations qualification,Oujda,Morocco,False
2024-10-12,Guinea,Ethiopia,4.0,1.0,African Cup of Nations qualification,Ebimpé,Ivory Coast,True
2024-10-12,Antigua and Barbuda,Dominican Republic,0.0,5.0,CONCACAF Nations League,Hamilton,Bermuda,True
2024-10-12,Bermuda,Dominica,6.0,1.0,CONCACAF Nations League,Hamilton,Bermuda,False
2024-10-12,Bahamas,United States Virgin Islands,3.0,1.0,CONCACAF Nations League,Bridgetown,Barbados,True
2024-10-12,Turks and Caicos Islands,Anguilla,2.0,1.0,CONCACAF Nations League,Belmopan,Belize,True
2024-10-12,Cayman Islands,British Virgin Islands,1.0,0.0,CONCACAF Nations League,Basseterre,Saint Kitts and Nevis,True
2024-10-12,Croatia,Scotland,2.0,1.0,UEFA Nations League,Zagreb,Croatia,False
2024-10-12,Poland,Portugal,1.0,3.0,UEFA Nations League,Warsaw,Poland,False
2024-10-12,Serbia,Switzerland,2.0,0.0,UEFA Nations League,Leskovac,Serbia,False
2024-10-12,Spain,Denmark,1.0,0.0,UEFA Nations League,Murcia,Spain,False
2024-10-12,Lithuania,Kosovo,1.0,2.0,UEFA Nations League,Kaunas,Lithuania,False
2024-10-12,Cyprus,Romania,0.0,3.0,UEFA Nations League,Larnaca,Cyprus,False
2024-10-12,Bulgaria,Luxembourg,0.0,0.0,UEFA Nations League,Plovdiv,Bulgaria,False
2024-10-12,Belarus,Northern Ireland,0.0,0.0,UEFA Nations League,Zalaegerszeg,Hungary,True
2024-10-12,Vanuatu,Samoa,4.0,1.0,FIFA World Cup qualification,Port Vila,Vanuatu,False
2024-10-13,Andorra,San Marino,2.0,0.0,Friendly,Andorra la Vella,Andorra,False
2024-10-13,Myanmar,Sri Lanka,0.0,0.0,Friendly,Yangon,Myanmar,False
2024-10-13,Burundi,Burkina Faso,0.0,2.0,African Cup of Nations qualification,Abidjan,Ivory Coast,True
2024-10-13,Montserrat,Bonaire,0.0,1.0,CONCACAF Nations League,Kingstown,Saint Vincent and the Grenadines,True
2024-10-13,Saint Vincent and the Grenadines,El Salvador,2.0,1.0,CONCACAF Nations League,Kingstown,Saint Vincent and the Grenadines,False
2024-10-13,Finland,England,1.0,3.0,UEFA Nations League,Helsinki,Finland,False
2024-10-13,Greece,Republic of Ireland,2.0,0.0,UEFA Nations League,Piraeus,Greece,False
2024-10-13,Kazakhstan,Slovenia,0.0,1.0,UEFA Nations League,Astana,Kazakhstan,False
2024-10-13,Austria,Norway,5.0,1.0,UEFA Nations League,Linz,Austria,False
2024-10-13,Faroe Islands,Latvia,1.0,1.0,UEFA Nations League,Tórshavn,Faroe Islands,False
2024-10-13,Armenia,North Macedonia,0.0,2.0,UEFA Nations League,Yerevan,Armenia,False
2024-10-13,Liechtenstein,Gibraltar,0.0,0.0,UEFA Nations League,Vaduz,Liechtenstein,False
2024-10-13,Malta,Moldova,1.0,0.0,UEFA Nations League,Ta' Qali,Malta,False
2024-10-14,New Zealand,Malaysia,4.0,0.0,Friendly,Auckland,New Zealand,False
2024-10-14,Gambia,Madagascar,1.0,0.0,African Cup of Nations qualification,El Jadida,Morocco,True
2024-10-14,Liberia,Equatorial Guinea,1.0,2.0,African Cup of Nations qualification,Monrovia,Liberia,False
2024-10-14,Togo,Algeria,0.0,1.0,African Cup of Nations qualification,Lomé,Togo,False
2024-10-14,Eswatini,Mozambique,0.0,3.0,African Cup of Nations qualification,Mbombela,South Africa,True
2024-10-14,Kenya,Cameroon,0.0,1.0,African Cup of Nations qualification,Kampala,Uganda,True
2024-10-14,Zimbabwe,Namibia,3.0,1.0,African Cup of Nations qualification,Johannesburg,South Africa,True
2024-10-14,Nicaragua,French Guiana,3.0,2.0,CONCACAF Nations League,Managua,Nicaragua,False
2024-10-14,Jamaica,Honduras,0.0,0.0,CONCACAF Nations League,Kingston,Jamaica,False
2024-10-14,Trinidad and Tobago,Cuba,3.0,1.0,CONCACAF Nations League,Bacolet,Trinidad and Tobago,False
2024-10-14,Curaçao,Grenada,1.0,0.0,CONCACAF Nations League,Gros Islet,Saint Lucia,True
2024-10-14,Saint Lucia,Saint Martin,0.0,4.0,CONCACAF Nations League,Gros Islet,Saint Lucia,False
2024-10-14,Puerto Rico,Sint Maarten,2.0,1.0,CONCACAF Nations League,Oranjestad,Aruba,True
2024-10-14,Aruba,Haiti,3.0,5.0,CONCACAF Nations League,Oranjestad,Aruba,False
2024-10-14,Belgium,France,1.0,2.0,UEFA Nations League,Leuven,Belgium,False
2024-10-14,Italy,Israel,4.0,1.0,UEFA Nations League,Udine,Italy,False
2024-10-14,Bosnia and Herzegovina,Hungary,0.0,2.0,UEFA Nations League,Zenica,Bosnia and Herzegovina,False
2024-10-14,Germany,Netherlands,1.0,0.0,UEFA Nations League,Munich,Germany,False
2024-10-14,Georgia,Albania,0.0,1.0,UEFA Nations League,Tbilisi,Georgia,False
2024-10-14,Ukraine,Czech Republic,1.0,1.0,UEFA Nations League,Wrocław,Poland,True
2024-10-14,Iceland,Turkey,2.0,4.0,UEFA Nations League,Reykjavík,Iceland,False
2024-10-14,Wales,Montenegro,1.0,0.0,UEFA Nations League,Cardiff,Wales,False
2024-10-14,Azerbaijan,Slovakia,1.0,3.0,UEFA Nations League,Baku,Azerbaijan,False
2024-10-14,Estonia,Sweden,0.0,3.0,UEFA Nations League,Tallinn,Estonia,False
2024-10-14,Tajikistan,Philippines,0.0,3.0,King's Cup,Songkhla,Thailand,True
2024-10-14,Thailand,Syria,2.0,1.0,King's Cup,Songkhla,Thailand,False
2024-10-15,Canada,Panama,2.0,1.0,Friendly,Toronto,Canada,False
2024-10-15,Hong Kong,Cambodia,3.0,0.0,Friendly,Hong Kong,Hong Kong,False
2024-10-15,Mexico,United States,2.0,0.0,Friendly,Zapopan,Mexico,False
2024-10-15,Comoros,Tunisia,1.0,1.0,African Cup of Nations qualification,Abidjan,Ivory Coast,True
2024-10-15,Lesotho,Gabon,0.0,2.0,African Cup of Nations qualification,Durban,South Africa,True
2024-10-15,Morocco,Central African Republic,4.0,0.0,African Cup of Nations qualification,Oujda,Morocco,False
2024-10-15,Mauritania,Egypt,0.0,1.0,African Cup of Nations qualification,Nouakchott,Mauritania,False
2024-10-15,Botswana,Cape Verde,1.0,0.0,African Cup of Nations qualification,Francistown,Botswana,False
2024-10-15,Rwanda,Benin,2.0,1.0,African Cup of Nations qualification,Kigali,Rwanda,False
2024-10-15,Sudan,Ghana,2.0,0.0,African Cup of Nations qualification,Benghazi,Libya,True
2024-10-15,Niger,Angola,0.0,1.0,African Cup of Nations qualification,Casablanca,Morocco,True
2024-10-15,Chad,Zambia,0.0,1.0,African Cup of Nations qualification,Yaounde,Cameroon,True
2024-10-15,Sierra Leone,Ivory Coast,1.0,0.0,African Cup of Nations qualification,Monrovia,Liberia,True
2024-10-15,Tanzania,DR Congo,0.0,2.0,African Cup of Nations qualification,Dar es Salaam,Tanzania,False
2024-10-15,Ethiopia,Guinea,0.0,3.0,African Cup of Nations qualification,Ebimpé,Ivory Coast,True
2024-10-15,Guinea-Bissau,Mali,0.0,0.0,African Cup of Nations qualification,Bissau,Guinea-Bissau,False
2024-10-15,South Sudan,Uganda,1.0,2.0,African Cup of Nations qualification,Juba,South Sudan,False
2024-10-15,Congo,South Africa,1.0,1.0,African Cup of Nations qualification,Brazzaville,Congo,False
2024-10-15,Malawi,Senegal,0.0,1.0,African Cup of Nations qualification,Lilongwe,Malawi,False
2024-10-15,Costa Rica,Guatemala,3.0,0.0,CONCACAF Nations League,San José,Costa Rica,False
2024-10-15,Guadeloupe,Martinique,0.0,0.0,CONCACAF Nations League,Le Gosier,Guadeloupe,False
2024-10-15,Suriname,Guyana,5.0,1.0,CONCACAF Nations League,Paramaribo,Suriname,False
2024-10-15,Dominican Republic,Antigua and Barbuda,5.0,0.0,CONCACAF Nations League,Hamilton,Bermuda,True
2024-10-15,Bermuda,Dominica,3.0,2.0,CONCACAF Nations League,Hamilton,Bermuda,False
2024-10-15,Barbados,Bahamas,6.0,2.0,CONCACAF Nations League,Bridgetown,Barbados,False
2024-10-15,Belize,Turks and Caicos Islands,3.0,0.0,CONCACAF Nations League,Belmopan,Belize,False
2024-10-15,Saint Kitts and Nevis,Cayman Islands,1.0,1.0,CONCACAF Nations League,Basseterre,Saint Kitts and Nevis,False
2024-10-15,Scotland,Portugal,0.0,0.0,UEFA Nations League,Glasgow,Scotland,False
2024-10-15,Poland,Croatia,3.0,3.0,UEFA Nations League,Warsaw,Poland,False
2024-10-15,Spain,Serbia,3.0,0.0,UEFA Nations League,Cordoba,Spain,False
2024-10-15,Switzerland,Denmark,2.0,2.0,UEFA Nations League,St. Gallen,Switzerland,False
2024-10-15,Kosovo,Cyprus,3.0,0.0,UEFA Nations League,Pristina,Kosovo,False
2024-10-15,Lithuania,Romania,1.0,2.0,UEFA Nations League,Kaunas,Lithuania,False
2024-10-15,Northern Ireland,Bulgaria,5.0,0.0,UEFA Nations League,Belfast,Northern Ireland,False
2024-10-15,Belarus,Luxembourg,1.0,1.0,UEFA Nations League,Zalaegerszeg,Hungary,True
2024-10-15,Colombia,Chile,4.0,0.0,FIFA World Cup qualification,Barranquilla,Colombia,False
2024-10-15,Paraguay,Venezuela,2.0,1.0,FIFA World Cup qualification,Asunción,Paraguay,False
2024-10-15,Uruguay,Ecuador,0.0,0.0,FIFA World Cup qualification,Montevideo,Uruguay,False
2024-10-15,Argentina,Bolivia,6.0,0.0,FIFA World Cup qualification,Buenos Aires,Argentina,False
2024-10-15,Brazil,Peru,4.0,0.0,FIFA World Cup qualification,Brasília,Brazil,False
2024-10-15,Uzbekistan,United Arab Emirates,1.0,0.0,FIFA World Cup qualification,Tashkent,Uzbekistan,False
2024-10-15,Iran,Qatar,4.0,1.0,FIFA World Cup qualification,Dubai,United Arab Emirates,True
2024-10-15,Kyrgyzstan,North Korea,1.0,0.0,FIFA World Cup qualification,Bishkek,Kyrgyzstan,False
2024-10-15,Jordan,Oman,4.0,0.0,FIFA World Cup qualification,Amman,Jordan,False
2024-10-15,Palestine,Kuwait,2.0,2.0,FIFA World Cup qualification,Al Rayyan,Qatar,True
2024-10-15,South Korea,Iraq,3.0,2.0,FIFA World Cup qualification,Yongin,South Korea,False
2024-10-15,Japan,Australia,1.0,1.0,FIFA World Cup qualification,Saitama,Japan,False
2024-10-15,China PR,Indonesia,2.0,1.0,FIFA World Cup qualification,Qingdao,China PR,False
2024-10-15,Saudi Arabia,Bahrain,0.0,0.0,FIFA World Cup qualification,Jeddah,Saudi Arabia,False
2024-10-15,Timor-Leste,Brunei,0.0,0.0,ASEAN Championship qualification,Chonburi,Thailand,True
2024-11-13,Bangladesh,Maldives,0.0,1.0,Friendly,Dhaka,Bangladesh,False
2024-11-13,Tajikistan,Nepal,4.0,0.0,Friendly,Dushanbe,Tajikistan,False
2024-11-13,Liberia,Togo,1.0,0.0,African Cup of Nations qualification,Monrovia,Liberia,False
2024-11-13,Chad,Sierra Leone,1.0,1.0,African Cup of Nations qualification,Abidjan,Ivory Coast,True
2024-11-13,Namibia,Cameroon,0.0,0.0,African Cup of Nations qualification,Johannesburg,South Africa,True
2024-11-14,Belgium,Italy,0.0,1.0,UEFA Nations League,Brussels,Belgium,False
2024-11-14,France,Israel,0.0,0.0,UEFA Nations League,Paris,France,False
2024-11-14,Republic of Ireland,Finland,1.0,0.0,UEFA Nations League,Dublin,Republic of Ireland,False
2024-11-14,Greece,England,0.0,3.0,UEFA Nations League,Athens,Greece,False
2024-11-14,Kazakhstan,Austria,0.0,2.0,UEFA Nations League,Almaty,Kazakhstan,False
2024-11-14,Slovenia,Norway,1.0,4.0,UEFA Nations League,Ljubljana,Slovenia,False
2024-11-14,North Macedonia,Latvia,1.0,0.0,UEFA Nations League,Skopje,North Macedonia,False
2024-11-14,Armenia,Faroe Islands,0.0,1.0,UEFA Nations League,Yerevan,Armenia,False
2024-11-14,Montserrat,Saint Vincent and the Grenadines,1.0,2.0,CONCACAF Nations League,San Salvador,El Salvador,True
2024-11-14,El Salvador,Bonaire,1.0,0.0,CONCACAF Nations League,San Salvador,El Salvador,False
2024-11-14,Belize,French Guiana,2.0,1.0,CONCACAF Nations League,Belmopan,Belize,False
2024-11-14,Saint Kitts and Nevis,Cuba,2.0,1.0,CONCACAF Nations League,Basseterre,Saint Kitts and Nevis,False
2024-11-14,Costa Rica,Panama,0.0,1.0,CONCACAF Nations League,San José,Costa Rica,False
2024-11-14,Jamaica,United States,0.0,1.0,CONCACAF Nations League,Kingston,Jamaica,False
2024-11-14,Hong Kong,Philippines,3.0,1.0,Friendly,Hong Kong,Hong Kong,False
2024-11-14,Malaysia,Laos,3.0,1.0,Friendly,Bangkok,Thailand,True
2024-11-14,Malta,Liechtenstein,2.0,0.0,Friendly,Ta' Qali,Malta,False
2024-11-14,Singapore,Myanmar,3.0,2.0,Friendly,Kallang,Singapore,False
2024-11-14,Thailand,Lebanon,0.0,0.0,Friendly,Pathum Thani,Thailand,False
2024-11-14,Venezuela,Brazil,1.0,1.0,FIFA World Cup qualification,Maturín,Venezuela,False
2024-11-14,Ecuador,Bolivia,4.0,0.0,FIFA World Cup qualification,Guayaquil,Ecuador,False
2024-11-14,Paraguay,Argentina,2.0,1.0,FIFA World Cup qualification,Asunción,Paraguay,False
2024-11-14,Solomon Islands,New Caledonia,2.0,3.0,FIFA World Cup qualification,Port Moresby,Papua New Guinea,True
2024-11-14,Papua New Guinea,Fiji,3.0,3.0,FIFA World Cup qualification,Port Moresby,Papua New Guinea,False
2024-11-14,North Korea,Iran,2.0,3.0,FIFA World Cup qualification,Vientiane,Laos,True
2024-11-14,Qatar,Uzbekistan,3.0,2.0,FIFA World Cup qualification,Al Rayyan,Qatar,False
2024-11-14,United Arab Emirates,Kyrgyzstan,3.0,0.0,FIFA World Cup qualification,Abu Dhabi,United Arab Emirates,False
2024-11-14,Kuwait,South Korea,1.0,3.0,FIFA World Cup qualification,Kuwait City,Kuwait,False
2024-11-14,Iraq,Jordan,0.0,0.0,FIFA World Cup qualification,Basra,Iraq,False
2024-11-14,Oman,Palestine,1.0,0.0,FIFA World Cup qualification,Muscat,Oman,False
2024-11-14,Bahrain,China PR,0.0,1.0,FIFA World Cup qualification,Riffa,Bahrain,False
2024-11-14,Australia,Saudi Arabia,0.0,0.0,FIFA World Cup qualification,Melbourne,Australia,False
2024-11-14,Madagascar,Tunisia,2.0,3.0,African Cup of Nations qualification,Pretoria,South Africa,True
2024-11-14,Lesotho,Central African Republic,1.0,0.0,African Cup of Nations qualification,Bloemfontein,South Africa,True
2024-11-14,Rwanda,Libya,0.0,1.0,African Cup of Nations qualification,Kigali,Rwanda,False
2024-11-14,Benin,Nigeria,1.0,1.0,African Cup of Nations qualification,Abidjan,Ivory Coast,True
2024-11-14,Equatorial Guinea,Algeria,0.0,0.0,African Cup of Nations qualification,Malabo,Equatorial Guinea,False
2024-11-14,Niger,Sudan,4.0,0.0,African Cup of Nations qualification,Lomé,Togo,True
2024-11-14,South Sudan,Congo,3.0,2.0,African Cup of Nations qualification,Juba,South Sudan,False
2024-11-14,Burundi,Malawi,0.0,0.0,African Cup of Nations qualification,Abidjan,Ivory Coast,True
2024-11-14,Burkina Faso,Senegal,0.0,1.0,African Cup of Nations qualification,Bamako,Mali,True
2024-11-15,Portugal,Poland,5.0,1.0,UEFA Nations League,Porto,Portugal,False
2024-11-15,Scotland,Croatia,1.0,0.0,UEFA Nations League,Glasgow,Scotland,False
2024-11-15,Denmark,Spain,1.0,2.0,UEFA Nations League,Copenhagen,Denmark,False
2024-11-15,Switzerland,Serbia,1.0,1.0,UEFA Nations League,Zürich,Switzerland,False
2024-11-15,Cyprus,Lithuania,2.0,1.0,UEFA Nations League,Larnaca,Cyprus,False
2024-11-15,Romania,Kosovo,0.0,0.0,UEFA Nations League,Bucharest,Romania,False
2024-11-15,Northern Ireland,Belarus,2.0,0.0,UEFA Nations League,Belfast,Northern Ireland,False
2024-11-15,Luxembourg,Bulgaria,0.0,1.0,UEFA Nations League,Luxembourg,Luxembourg,False
2024-11-15,San Marino,Gibraltar,1.0,1.0,UEFA Nations League,Serravalle,San Marino,False
2024-11-15,Saint Lucia,Grenada,0.0,4.0,CONCACAF Nations League,Willemstad,Curaçao,True
2024-11-15,Curaçao,Saint Martin,5.0,0.0,CONCACAF Nations League,Willemstad,Curaçao,False
2024-11-15,Puerto Rico,Aruba,5.0,1.0,CONCACAF Nations League,Mayagüez,Puerto Rico,False
2024-11-15,Sint Maarten,Haiti,0.0,8.0,CONCACAF Nations League,Mayagüez,Puerto Rico,True
2024-11-15,Barbados,Guyana,1.0,4.0,CONCACAF Nations League,Bridgetown,Barbados,False
2024-11-15,Cayman Islands,Guadeloupe,0.0,6.0,CONCACAF Nations League,George Town,Cayman Islands,False
2024-11-15,Honduras,Mexico,2.0,0.0,CONCACAF Nations League,San Pedro Sula,Honduras,False
2024-11-15,Suriname,Canada,0.0,1.0,CONCACAF Nations League,Paramaribo,Suriname,False
2024-11-15,Peru,Chile,0.0,0.0,FIFA World Cup qualification,Lima,Peru,False
2024-11-15,Uruguay,Colombia,3.0,2.0,FIFA World Cup qualification,Montevideo,Uruguay,False
2024-11-15,Samoa,Tahiti,0.0,3.0,FIFA World Cup qualification,Hamilton,New Zealand,True
2024-11-15,New Zealand,Vanuatu,8.0,1.0,FIFA World Cup qualification,Hamilton,New Zealand,False
2024-11-15,Indonesia,Japan,0.0,4.0,FIFA World Cup qualification,Jakarta,Indonesia,False
2024-11-15,Russia,Brunei,2.0,1.0,Friendly,Krasnodar,Russia,False
2024-11-15,Gambia,Comoros,1.0,2.0,African Cup of Nations qualification,Berkane,Morocco,True
2024-11-15,Gabon,Morocco,1.0,5.0,African Cup of Nations qualification,Franceville,Gabon,False
2024-11-15,Botswana,Mauritania,1.0,1.0,African Cup of Nations qualification,Francistown,Botswana,False
2024-11-15,Cape Verde,Egypt,1.0,1.0,African Cup of Nations qualification,Praia,Cape Verde,False
2024-11-15,Angola,Ghana,1.0,1.0,African Cup of Nations qualification,Talatona,Angola,False
2024-11-15,Zambia,Ivory Coast,1.0,0.0,African Cup of Nations qualification,Ndola,Zambia,False
2024-11-15,Eswatini,Guinea-Bissau,1.0,1.0,African Cup of Nations qualification,Mbombela,South Africa,True
2024-11-15,Mozambique,Mali,0.0,1.0,African Cup of Nations qualification,Maputo,Mozambique,False
2024-11-15,Zimbabwe,Kenya,1.0,1.0,African Cup of Nations qualification,Polokwane,South Africa,True
2024-11-15,Uganda,South Africa,0.0,2.0,African Cup of Nations qualification,Kampala,Uganda,False
2024-11-16,Germany,Bosnia and Herzegovina,7.0,0.0,UEFA Nations League,Freiburg,Germany,False
2024-11-16,Netherlands,Hungary,4.0,0.0,UEFA Nations League,Amsterdam,Netherlands,False
2024-11-16,Albania,Czech Republic,0.0,0.0,UEFA Nations League,Tirana,Albania,False
2024-11-16,Georgia,Ukraine,1.0,1.0,UEFA Nations League,Batumi,Georgia,False
2024-11-16,Montenegro,Iceland,0.0,2.0,UEFA Nations League,Nikšić,Montenegro,False
2024-11-16,Turkey,Wales,0.0,0.0,UEFA Nations League,Kayseri,Turkey,False
2024-11-16,Azerbaijan,Estonia,0.0,0.0,UEFA Nations League,Gabala,Azerbaijan,False
2024-11-16,Sweden,Slovakia,2.0,1.0,UEFA Nations League,Solna,Sweden,False
2024-11-16,Andorra,Moldova,0.0,1.0,UEFA Nations League,Andorra la Vella,Andorra,False
2024-11-16,Bermuda,Antigua and Barbuda,2.0,1.0,CONCACAF Nations League,Santiago de los Caballeros,Dominican Republic,True
2024-11-16,Dominican Republic,Dominica,6.0,1.0,CONCACAF Nations League,Santiago de los Caballeros,Dominican Republic,False
2024-11-16,Bangladesh,Maldives,2.0,1.0,Friendly,Dhaka,Bangladesh,False
2024-11-16,Nepal,Afghanistan,2.0,0.0,Friendly,Dushanbe,Tajikistan,True
2024-11-16,Sri Lanka,Yemen,1.0,0.0,Friendly,Al Khor,Qatar,True
2024-11-16,Ethiopia,Tanzania,0.0,2.0,African Cup of Nations qualification,Kinshasa,DR Congo,True
2024-11-16,Guinea,DR Congo,1.0,0.0,African Cup of Nations qualification,Abidjan,Ivory Coast,True
2024-11-17,Israel,Belgium,1.0,0.0,UEFA Nations League,Budapest,Hungary,True
2024-11-17,Italy,France,1.0,3.0,UEFA Nations League,Milan,Italy,False
2024-11-17,England,Republic of Ireland,5.0,0.0,UEFA Nations League,London,England,False
2024-11-17,Finland,Greece,0.0,2.0,UEFA Nations League,Helsinki,Finland,False
2024-11-17,Norway,Kazakhstan,5.0,0.0,UEFA Nations League,Oslo,Norway,False
2024-11-17,Austria,Slovenia,1.0,1.0,UEFA Nations League,Vienna,Austria,False
2024-11-17,North Macedonia,Faroe Islands,1.0,0.0,UEFA Nations League,Skopje,North Macedonia,False
2024-11-17,Latvia,Armenia,1.0,2.0,UEFA Nations League,Riga,Latvia,False
2024-11-17,Saint Vincent and the Grenadines,Bonaire,3.0,1.0,CONCACAF Nations League,San Salvador,El Salvador,True
2024-11-17,El Salvador,Montserrat,1.0,0.0,CONCACAF Nations League,San Salvador,El Salvador,False
2024-11-17,Thailand,Laos,1.0,1.0,Friendly,Pathum Thani,Thailand,False
2024-11-17,Fiji,New Caledonia,1.0,1.0,FIFA World Cup qualification,Port Moresby,Papua New Guinea,True
2024-11-17,Papua New Guinea,Solomon Islands,1.0,2.0,FIFA World Cup qualification,Port Moresby,Papua New Guinea,False
2024-11-17,Algeria,Liberia,5.0,1.0,African Cup of Nations qualification,Tizi Ouzou,Algeria,False
2024-11-17,Togo,Equatorial Guinea,3.0,0.0,African Cup of Nations qualification,Lomé,Togo,False
2024-11-18,Croatia,Portugal,1.0,1.0,UEFA Nations League,Split,Croatia,False
2024-11-18,Poland,Scotland,1.0,2.0,UEFA Nations League,Warsaw,Poland,False
2024-11-18,Serbia,Denmark,0.0,0.0,UEFA Nations League,Leskovac,Serbia,False
2024-11-18,Spain,Switzerland,3.0,2.0,UEFA Nations League,Santa Cruz de Tenerife,Spain,False
2024-11-18,Kosovo,Lithuania,1.0,0.0,UEFA Nations League,Pristina,Kosovo,False
2024-11-18,Romania,Cyprus,4.0,1.0,UEFA Nations League,Bucharest,Romania,False
2024-11-18,Luxembourg,Northern Ireland,2.0,2.0,UEFA Nations League,Luxembourg,Luxembourg,False
2024-11-18,Bulgaria,Belarus,1.0,1.0,UEFA Nations League,Sofia,Bulgaria,False
2024-11-18,Liechtenstein,San Marino,1.0,3.0,UEFA Nations League,Vaduz,Liechtenstein,False
2024-11-18,Grenada,Saint Martin,0.0,3.0,CONCACAF Nations League,Gros Islet,Saint Lucia,True
2024-11-18,Saint Lucia,Curaçao,1.0,4.0,CONCACAF Nations League,Gros Islet,Saint Lucia,False
2024-11-18,Aruba,Sint Maarten,0.0,1.0,CONCACAF Nations League,Mayagüez,Puerto Rico,True
2024-11-18,Puerto Rico,Haiti,0.0,3.0,CONCACAF Nations League,Mayagüez,Puerto Rico,False
2024-11-18,Cuba,Saint Kitts and Nevis,4.0,0.0,CONCACAF Nations League,Santiago,Cuba,False
2024-11-18,Panama,Costa Rica,2.0,2.0,CONCACAF Nations League,Panama City,Panama,False
2024-11-18,United States,Jamaica,4.0,2.0,CONCACAF Nations League,Saint Louis,United States,False
2024-11-18,India,Malaysia,1.0,1.0,Friendly,Hyderabad,India,False
2024-11-18,Singapore,Taiwan,2.0,3.0,Friendly,Kallang,Singapore,False
2024-11-18,Tahiti,Vanuatu,2.0,0.0,FIFA World Cup qualification,Auckland,New Zealand,True
2024-11-18,New Zealand,Samoa,8.0,0.0,FIFA World Cup qualification,Auckland,New Zealand,False
2024-11-18,Tunisia,Gambia,0.0,1.0,African Cup of Nations qualification,Tunis,Tunisia,False
2024-11-18,Comoros,Madagascar,1.0,0.0,African Cup of Nations qualification,Al Hoceima,Morocco,True
2024-11-18,Morocco,Lesotho,7.0,0.0,African Cup of Nations qualification,Oujda,Morocco,False
2024-11-18,Central African Republic,Gabon,0.0,1.0,African Cup of Nations qualification,Johannesburg,South Africa,True
2024-11-18,Nigeria,Rwanda,1.0,2.0,African Cup of Nations qualification,Uyo,Nigeria,False
2024-11-18,Libya,Benin,0.0,0.0,African Cup of Nations qualification,Tripoli,Libya,False
2024-11-18,Ghana,Niger,1.0,2.0,African Cup of Nations qualification,Accra,Ghana,False
2024-11-18,Sudan,Angola,0.0,0.0,African Cup of Nations qualification,Benghazi,Libya,True
2024-11-18,Malawi,Burkina Faso,3.0,0.0,African Cup of Nations qualification,Lilongwe,Malawi,False
2024-11-19,Bosnia and Herzegovina,Netherlands,1.0,1.0,UEFA Nations League,Zenica,Bosnia and Herzegovina,False
2024-11-19,Hungary,Germany,1.0,1.0,UEFA Nations League,Budapest,Hungary,False
2024-11-19,Albania,Ukraine,1.0,2.0,UEFA Nations League,Tirana,Albania,False
2024-11-19,Czech Republic,Georgia,2.0,1.0,UEFA Nations League,Olomouc,Czech Republic,False
2024-11-19,Wales,Iceland,4.0,1.0,UEFA Nations League,Cardiff,Wales,False
2024-11-19,Montenegro,Turkey,3.0,1.0,UEFA Nations League,Podgorica,Montenegro,False
2024-11-19,Slovakia,Estonia,1.0,0.0,UEFA Nations League,Trnava,Slovakia,False
2024-11-19,Sweden,Azerbaijan,6.0,0.0,UEFA Nations League,Solna,Sweden,False
2024-11-19,Malta,Andorra,0.0,0.0,UEFA Nations League,Ta' Qali,Malta,False
2024-11-19,Antigua and Barbuda,Dominica,0.0,0.0,CONCACAF Nations League,Santiago de los Caballeros,Dominican Republic,True
2024-11-19,Dominican Republic,Bermuda,6.0,1.0,CONCACAF Nations League,Santiago de los Caballeros,Dominican Republic,False
2024-11-19,French Guiana,Belize,2.0,2.0,CONCACAF Nations League,Paramaribo,Suriname,True
2024-11-19,Guadeloupe,Cayman Islands,1.0,0.0,CONCACAF Nations League,Le Gosier,Guadeloupe,False
2024-11-19,Guyana,Barbados,5.0,3.0,CONCACAF Nations League,Georgetown,Guyana,False
2024-11-19,Canada,Suriname,3.0,0.0,CONCACAF Nations League,Toronto,Canada,False
2024-11-19,Mexico,Honduras,4.0,0.0,CONCACAF Nations League,Toluca,Mexico,False
2024-11-19,Gibraltar,Moldova,1.0,1.0,Friendly,Gibraltar,Gibraltar,False
2024-11-19,Hong Kong,Mauritius,1.0,0.0,Friendly,Hong Kong,Hong Kong,False
2024-11-19,Myanmar,Lebanon,2.0,3.0,Friendly,Yangon,Myanmar,False
2024-11-19,Russia,Syria,4.0,0.0,Friendly,Volgograd,Russia,False
2024-11-19,Sri Lanka,Yemen,0.0,2.0,Friendly,Al Khor,Qatar,True
2024-11-19,Tajikistan,Afghanistan,3.0,1.0,Friendly,Dushanbe,Tajikistan,False
2024-11-19,Bolivia,Paraguay,2.0,2.0,FIFA World Cup qualification,El Alto,Bolivia,False
2024-11-19,Colombia,Ecuador,0.0,1.0,FIFA World Cup qualification,Barranquilla,Colombia,False
2024-11-19,Argentina,Peru,1.0,0.0,FIFA World Cup qualification,Buenos Aires,Argentina,False
2024-11-19,Chile,Venezuela,4.0,2.0,FIFA World Cup qualification,Santiago,Chile,False
2024-11-19,Brazil,Uruguay,1.0,1.0,FIFA World Cup qualification,Salvador,Brazil,False
2024-11-19,North Korea,Uzbekistan,0.0,1.0,FIFA World Cup qualification,Vientiane,Laos,True
2024-11-19,Kyrgyzstan,Iran,2.0,3.0,FIFA World Cup qualification,Bishkek,Kyrgyzstan,False
2024-11-19,United Arab Emirates,Qatar,5.0,0.0,FIFA World Cup qualification,Abu Dhabi,United Arab Emirates,False
2024-11-19,Palestine,South Korea,1.0,1.0,FIFA World Cup qualification,Amman,Jordan,True
2024-11-19,Oman,Iraq,0.0,1.0,FIFA World Cup qualification,Muscat,Oman,False
2024-11-19,Kuwait,Jordan,1.0,1.0,FIFA World Cup qualification,Kuwait City,Kuwait,False
2024-11-19,Bahrain,Australia,2.0,2.0,FIFA World Cup qualification,Riffa,Bahrain,False
2024-11-19,Indonesia,Saudi Arabia,2.0,0.0,FIFA World Cup qualification,Jakarta,Indonesia,False
2024-11-19,China PR,Japan,1.0,3.0,FIFA World Cup qualification,Xiamen,China PR,False
2024-11-19,Egypt,Botswana,1.0,1.0,African Cup of Nations qualification,Cairo,Egypt,False
2024-11-19,Mauritania,Cape Verde,1.0,0.0,African Cup of Nations qualification,Nouakchott,Mauritania,False
2024-11-19,Ivory Coast,Chad,4.0,0.0,African Cup of Nations qualification,Abidjan,Ivory Coast,False
2024-11-19,Sierra Leone,Zambia,0.0,2.0,African Cup of Nations qualification,Monrovia,Liberia,True
2024-11-19,DR Congo,Ethiopia,1.0,2.0,African Cup of Nations qualification,Kinshasa,DR Congo,False
2024-11-19,Tanzania,Guinea,1.0,0.0,African Cup of Nations qualification,Dar es Salaam,Tanzania,False
2024-11-19,Mali,Eswatini,6.0,0.0,African Cup of Nations qualification,Bamako,Mali,False
2024-11-19,Guinea-Bissau,Mozambique,1.0,2.0,African Cup of Nations qualification,Bissau,Guinea-Bissau,False
2024-11-19,Cameroon,Zimbabwe,2.0,1.0,African Cup of Nations qualification,Yaoundé,Cameroon,False
2024-11-19,Kenya,Namibia,0.0,0.0,African Cup of Nations qualification,Polokwane,South Africa,True
2024-11-19,South Africa,South Sudan,3.0,0.0,African Cup of Nations qualification,Cape Town,South Africa,False
2024-11-19,Congo,Uganda,0.0,1.0,African Cup of Nations qualification,Brazzaville,Congo,False
2024-11-19,Senegal,Burundi,2.0,0.0,African Cup of Nations qualification,Dakar,Senegal,False
2024-12-08,Cambodia,Malaysia,2.0,2.0,ASEAN Championship,Phnom Penh,Cambodia,False
2024-12-08,Timor-Leste,Thailand,0.0,10.0,ASEAN Championship,Hanoi,Vietnam,True
2024-12-08,Hong Kong,Mongolia,3.0,0.0,EAFF Championship qualification,Hong Kong,Hong Kong,False
2024-12-09,Myanmar,Indonesia,0.0,1.0,ASEAN Championship,Yangon,Myanmar,False
2024-12-09,Laos,Vietnam,1.0,4.0,ASEAN Championship,Vientiane,Laos,False
2024-12-09,Solomon Islands,Vanuatu,4.0,1.0,MSG Prime Minister's Cup,Honiara,Solomon Islands,False
2024-12-11,Singapore,Cambodia,2.0,1.0,ASEAN Championship,Singapore,Singapore,False
2024-12-11,Malaysia,Timor-Leste,3.0,2.0,ASEAN Championship,Kuala Lumpur,Malaysia,False
2024-12-11,Taiwan,Mongolia,4.0,0.0,EAFF Championship qualification,Hong Kong,Hong Kong,True
2024-12-12,Philippines,Myanmar,1.0,1.0,ASEAN Championship,Manila,Philippines,False
2024-12-12,Indonesia,Laos,3.0,3.0,ASEAN Championship,Surakarta,Indonesia,False
2024-12-12,Fiji,Vanuatu,1.0,1.0,MSG Prime Minister's Cup,Honiara,Solomon Islands,True
2024-12-14,Timor-Leste,Singapore,0.0,3.0,ASEAN Championship,Hanoi,Vietnam,True
2024-12-14,Thailand,Malaysia,1.0,0.0,ASEAN Championship,Bangkok,Thailand,False
2024-12-14,Macau,Guam,1.0,2.0,EAFF Championship qualification,Hong Kong,Hong Kong,True
2024-12-14,Hong Kong,Taiwan,2.0,1.0,EAFF Championship qualification,Hong Kong,Hong Kong,False
2024-12-15,Laos,Philippines,1.0,1.0,ASEAN Championship,Vientiane,Laos,False
2024-12-15,Vietnam,Indonesia,1.0,0.0,ASEAN Championship,Việt Trì,Vietnam,False
2024-12-15,Papua New Guinea,Fiji,1.0,1.0,MSG Prime Minister's Cup,Honiara,Solomon Islands,True
2024-12-17,Cambodia,Timor-Leste,2.0,1.0,ASEAN Championship,Phnom Penh,Cambodia,False
2024-12-17,Singapore,Thailand,2.0,4.0,ASEAN Championship,Singapore,Singapore,False
2024-12-17,Hong Kong,Guam,5.0,0.0,EAFF Championship qualification,Hong Kong,Hong Kong,False
2024-12-18,Myanmar,Laos,3.0,2.0,ASEAN Championship,Yangon,Myanmar,False
2024-12-18,Philippines,Vietnam,1.0,1.0,ASEAN Championship,Manila,Philippines,False
2024-12-18,Solomon Islands,Papua New Guinea,2.0,3.0,MSG Prime Minister's Cup,Honiara,Solomon Islands,False
2024-12-20,Thailand,Cambodia,3.0,2.0,ASEAN Championship,Bangkok,Thailand,False
2024-12-20,Malaysia,Singapore,0.0,0.0,ASEAN Championship,Kuala Lumpur,Malaysia,False
2024-12-21,Vietnam,Myanmar,5.0,0.0,ASEAN Championship,Việt Trì,Vietnam,False
2024-12-21,Indonesia,Philippines,0.0,1.0,ASEAN Championship,Surakarta,Indonesia,False
2024-12-21,Kuwait,Oman,1.0,1.0,Gulf Cup,Kuwait City,Kuwait,False
2024-12-21,Qatar,United Arab Emirates,1.0,1.0,Gulf Cup,Sulaibikhat,Kuwait,True
2024-12-21,Vanuatu,Papua New Guinea,1.0,2.0,MSG Prime Minister's Cup,Honiara,Solomon Islands,True
2024-12-21,Solomon Islands,Fiji,1.0,3.0,MSG Prime Minister's Cup,Honiara,Solomon Islands,False
2024-12-22,Iraq,Yemen,1.0,0.0,Gulf Cup,Sulaibikhat,Kuwait,True
2024-12-22,Saudi Arabia,Bahrain,2.0,3.0,Gulf Cup,Kuwait City,Kuwait,True
2024-12-24,Oman,Qatar,2.0,1.0,Gulf Cup,Sulaibikhat,Kuwait,True
2024-12-24,Kuwait,United Arab Emirates,2.0,1.0,Gulf Cup,Kuwait City,Kuwait,False
2024-12-25,Yemen,Saudi Arabia,2.0,3.0,Gulf Cup,Sulaibikhat,Kuwait,True
2024-12-25,Bahrain,Iraq,2.0,0.0,Gulf Cup,Kuwait City,Kuwait,True
2024-12-26,Singapore,Vietnam,0.0,2.0,ASEAN Championship,Singapore,Singapore,False
2024-12-27,Philippines,Thailand,2.0,1.0,ASEAN Championship,Manila,Philippines,False
2024-12-27,Kuwait,Qatar,1.0,1.0,Gulf Cup,Kuwait City,Kuwait,False
2024-12-27,United Arab Emirates,Oman,1.0,1.0,Gulf Cup,Sulaibikhat,Kuwait,True
2024-12-28,Iraq,Saudi Arabia,1.0,3.0,Gulf Cup,Kuwait City,Kuwait,True
2024-12-28,Bahrain,Yemen,1.0,2.0,Gulf Cup,Sulaibikhat,Kuwait,True
2024-12-29,Vietnam,Singapore,3.0,1.0,ASEAN Championship,Việt Trì,Vietnam,False
2024-12-30,Thailand,Philippines,3.0,1.0,ASEAN Championship,Bangkok,Thailand,False
2024-12-31,Oman,Saudi Arabia,2.0,1.0,Gulf Cup,Sulaibikhat,Kuwait,True
2024-12-31,Kuwait,Bahrain,0.0,1.0,Gulf Cup,Kuwait City,Kuwait,False
2025-01-02,Vietnam,Thailand,2.0,1.0,ASEAN Championship,Việt Trì,Vietnam,False
2025-01-03,Zanzibar,Tanzania,1.0,0.0,Mapinduzi Cup,Gombani,Zanzibar,False
2025-01-04,Oman,Bahrain,1.0,2.0,Gulf Cup,Kuwait City,Kuwait,True
2025-01-04,Burkina Faso,Kenya,1.0,1.0,Mapinduzi Cup,Gombani,Zanzibar,True
2025-01-05,Thailand,Vietnam,2.0,3.0,ASEAN Championship,Bangkok,Thailand,False
2025-01-06,Zanzibar,Burkina Faso,0.0,1.0,Mapinduzi Cup,Gombani,Zanzibar,False
2025-01-07,Tanzania,Kenya,0.0,2.0,Mapinduzi Cup,Gombani,Zanzibar,True
2025-01-09,Tanzania,Burkina Faso,0.0,2.0,Mapinduzi Cup,Gombani,Zanzibar,True
2025-01-10,Zanzibar,Kenya,1.0,0.0,Mapinduzi Cup,Gombani,Zanzibar,False
2025-01-13,Zanzibar,Burkina Faso,2.0,1.0,Mapinduzi Cup,Gombani,Zanzibar,False
2025-01-18,United States,Venezuela,3.0,1.0,Friendly,Fort Lauderdale,United States,False
2025-01-22,United States,Costa Rica,3.0,0.0,Friendly,Orlando,United States,False
2025-01-22,Uzbekistan,Jordan,0.0,0.0,Friendly,Doha,Qatar,True
2025-02-07,Jamaica,Trinidad and Tobago,1.0,0.0,Friendly,Montego Bay,Jamaica,False
2025-02-08,Chile,Panama,6.0,1.0,Friendly,Santiago,Chile,False
2025-02-10,Jamaica,Trinidad and Tobago,1.0,1.0,Friendly,Kingston,Jamaica,False
2025-02-13,Oman,Sudan,0.0,0.0,Friendly,Muscat,Oman,False
2025-03-09,Saint Vincent and the Grenadines,Grenada,1.0,1.0,Friendly,Kingston,Saint Vincent and the Grenadines,False
2025-03-13,Oman,Sudan,0.0,0.0,Friendly,Muscat,Oman,False
2025-03-14,Jordan,North Korea,1.0,1.0,Friendly,Amman,Jordan,False
2025-03-16,Honduras,Guatemala,1.0,2.0,Friendly,Fort Lauderdale,United States,True
2025-03-19,Hong Kong,Macau,2.0,0.0,Friendly,Hong Kong,Hong Kong,False
2025-03-19,India,Maldives,3.0,0.0,Friendly,Shillong,India,False
2025-03-19,Vietnam,Cambodia,2.0,1.0,Friendly,Thu Dau Mot,Vietnam,False
2025-03-19,Eswatini,Cameroon,0.0,0.0,FIFA World Cup qualification,Mbombela,South Africa,True
2025-03-19,Liberia,Tunisia,0.0,1.0,FIFA World Cup qualification,Monrovia,Liberia,False
2025-03-19,Central African Republic,Madagascar,1.0,4.0,FIFA World Cup qualification,Casablanca,Morocco,True
2025-03-19,Kazakhstan,Curaçao,2.0,0.0,Friendly,Antalya,Turkey,True
2025-03-19,Russia,Grenada,5.0,0.0,Friendly,Moscow,Russia,False
2025-03-20,Canada,Mexico,0.0,2.0,CONCACAF Nations League,Inglewood,United States,True
2025-03-20,United States,Panama,0.0,1.0,CONCACAF Nations League,Inglewood,United States,False
2025-03-20,Croatia,France,2.0,0.0,UEFA Nations League,Split,Croatia,False
2025-03-20,Denmark,Portugal,1.0,0.0,UEFA Nations League,Copenhagen,Denmark,False
2025-03-20,Italy,Germany,1.0,2.0,UEFA Nations League,Milan,Italy,False
2025-03-20,Netherlands,Spain,2.0,2.0,UEFA Nations League,Rotterdam,Netherlands,False
2025-03-20,Austria,Serbia,1.0,1.0,UEFA Nations League,Vienna,Austria,False
2025-03-20,Greece,Scotland,0.0,1.0,UEFA Nations League,Piraeus,Greece,False
2025-03-20,Turkey,Hungary,3.0,1.0,UEFA Nations League,Istanbul,Turkey,False
2025-03-20,Ukraine,Belgium,3.0,1.0,UEFA Nations League,Murcia,Spain,True
2025-03-20,Armenia,Georgia,0.0,3.0,UEFA Nations League,Yerevan,Armenia,False
2025-03-20,Bulgaria,Republic of Ireland,1.0,2.0,UEFA Nations League,Plovdiv,Bulgaria,False
2025-03-20,Kosovo,Iceland,2.0,1.0,UEFA Nations League,Pristina,Kosovo,False
2025-03-20,Slovakia,Slovenia,0.0,0.0,UEFA Nations League,Bratislava,Slovakia,False
2025-03-20,Laos,Sri Lanka,1.0,2.0,Friendly,Vientiane,Laos,False
2025-03-20,Tajikistan,Belarus,0.0,5.0,Friendly,Dushanbe,Tajikistan,False
2025-03-20,Paraguay,Chile,1.0,0.0,FIFA World Cup qualification,Asunción,Paraguay,False
2025-03-20,Peru,Bolivia,3.0,1.0,FIFA World Cup qualification,Lima,Peru,False
2025-03-20,Brazil,Colombia,2.0,1.0,FIFA World Cup qualification,Brasília,Brazil,False
2025-03-20,Iran,United Arab Emirates,2.0,0.0,FIFA World Cup qualification,Tehran,Iran,False
2025-03-20,Uzbekistan,Kyrgyzstan,1.0,0.0,FIFA World Cup qualification,Tashkent,Uzbekistan,False
2025-03-20,Qatar,North Korea,5.0,1.0,FIFA World Cup qualification,Al Rayyan,Qatar,False
2025-03-20,South Korea,Oman,1.0,1.0,FIFA World Cup qualification,Goyang,South Korea,False
2025-03-20,Iraq,Kuwait,2.0,2.0,FIFA World Cup qualification,Basra,Iraq,False
2025-03-20,Jordan,Palestine,3.0,1.0,FIFA World Cup qualification,Amman,Jordan,False
2025-03-20,Japan,Bahrain,2.0,0.0,FIFA World Cup qualification,Saitama,Japan,False
2025-03-20,Australia,Indonesia,5.0,1.0,FIFA World Cup qualification,Sydney,Australia,False
2025-03-20,Saudi Arabia,China PR,1.0,0.0,FIFA World Cup qualification,Riyadh,Saudi Arabia,False
2025-03-20,Sierra Leone,Guinea-Bissau,3.0,1.0,FIFA World Cup qualification,Monrovia,Liberia,True
2025-03-20,Zimbabwe,Benin,2.0,2.0,FIFA World Cup qualification,Durban,South Africa,True
2025-03-20,Cape Verde,Mauritius,1.0,0.0,FIFA World Cup qualification,Praia,Cape Verde,False
2025-03-20,Libya,Angola,1.0,1.0,FIFA World Cup qualification,Benghazi,Libya,False
2025-03-20,Gambia,Kenya,3.0,3.0,FIFA World Cup qualification,Ebimpé,Ivory Coast,True
2025-03-20,Gabon,Seychelles,3.0,0.0,FIFA World Cup qualification,Franceville,Gabon,False
2025-03-20,Mozambique,Uganda,3.0,1.0,FIFA World Cup qualification,Cairo,Egypt,True
2025-03-20,Malawi,Namibia,0.0,1.0,FIFA World Cup qualification,Lilongwe,Malawi,False
2025-03-20,Comoros,Mali,0.0,3.0,FIFA World Cup qualification,Berkane,Morocco,True
2025-03-20,Lebanon,Timor-Leste,4.0,0.0,Friendly,Al-Khor,Qatar,False
2025-03-21,Belize,Costa Rica,0.0,7.0,Gold Cup qualification,Belmopan,Belize,False
2025-03-21,Guyana,Guatemala,3.0,2.0,Gold Cup qualification,Wildey,Barbados,True
2025-03-21,Bermuda,Honduras,3.0,5.0,Gold Cup qualification,Hamilton,Bermuda,False
2025-03-21,Saint Vincent and the Grenadines,Jamaica,1.0,1.0,Gold Cup qualification,Kingstown,Saint Vincent and the Grenadines,False
2025-03-21,Suriname,Martinique,1.0,0.0,Gold Cup qualification,Paramaribo,Suriname,False
2025-03-21,Guadeloupe,Nicaragua,1.0,0.0,Gold Cup qualification,Le Gosier,Guadeloupe,False
2025-03-21,Cuba,Trinidad and Tobago,1.0,2.0,Gold Cup qualification,Santiago,Cuba,False
2025-03-21,Northern Ireland,Switzerland,1.0,1.0,Friendly,Belfast,Northern Ireland,False
2025-03-21,Puerto Rico,Dominican Republic,2.0,2.0,Friendly,Bayamón,Puerto Rico,False
2025-03-21,Singapore,Nepal,0.0,1.0,Friendly,Kallang,Singapore,False
2025-03-21,Thailand,Afghanistan,2.0,0.0,Friendly,Bangkok,Thailand,False
2025-03-21,Ecuador,Venezuela,2.0,1.0,FIFA World Cup qualification,Quito,Ecuador,False
2025-03-21,Uruguay,Argentina,0.0,1.0,FIFA World Cup qualification,Montevideo,Uruguay,False
2025-03-21,New Caledonia,Tahiti,3.0,0.0,FIFA World Cup qualification,Wellington,New Zealand,True
2025-03-21,New Zealand,Fiji,7.0,0.0,FIFA World Cup qualification,Wellington,New Zealand,False
2025-03-21,Burkina Faso,Djibouti,4.0,1.0,FIFA World Cup qualification,El Jadida,Morocco,True
2025-03-21,Ethiopia,Egypt,0.0,2.0,FIFA World Cup qualification,Casablanca,Morocco,True
2025-03-21,DR Congo,South Sudan,1.0,0.0,FIFA World Cup qualification,Kinshasa,DR Congo,False
2025-03-21,Rwanda,Nigeria,0.0,2.0,FIFA World Cup qualification,Kigali,Rwanda,False
2025-03-21,South Africa,Lesotho,0.0,3.0,FIFA World Cup qualification,Polokwane,South Africa,False
2025-03-21,Morocco,Niger,2.0,1.0,FIFA World Cup qualification,Oujda,Morocco,False
2025-03-21,Burundi,Ivory Coast,0.0,1.0,FIFA World Cup qualification,Meknes,Morocco,True
2025-03-21,Botswana,Algeria,1.0,3.0,FIFA World Cup qualification,Francistown,Botswana,False
2025-03-21,Guinea,Somalia,0.0,0.0,FIFA World Cup qualification,Ebimpé,Ivory Coast,True
2025-03-21,Equatorial Guinea,São Tomé and Príncipe,2.0,0.0,FIFA World Cup qualification,Malabo,Equatorial Guinea,False
2025-03-21,Ghana,Chad,5.0,0.0,FIFA World Cup qualification,Accra,Ghana,False
2025-03-21,Malta,Finland,0.0,1.0,FIFA World Cup qualification,Ta' Qali,Malta,False
2025-03-21,Poland,Lithuania,1.0,0.0,FIFA World Cup qualification,Warsaw,Poland,False
2025-03-21,Cyprus,San Marino,2.0,0.0,FIFA World Cup qualification,Larnaca,Cyprus,False
2025-03-21,Romania,Bosnia and Herzegovina,0.0,1.0,FIFA World Cup qualification,Bucharest,Romania,False
2025-03-21,England,Albania,2.0,0.0,FIFA World Cup qualification,London,England,False
2025-03-21,Andorra,Latvia,0.0,1.0,FIFA World Cup qualification,Andorra la Vella,Andorra,False
2025-03-22,Azerbaijan,Haiti,0.0,3.0,Friendly,Sumqayit,Azerbaijan,False
2025-03-22,Luxembourg,Sweden,1.0,0.0,Friendly,Luxembourg,Luxembourg,False
2025-03-22,Togo,Mauritania,2.0,2.0,FIFA World Cup qualification,Lomé,Togo,False
2025-03-22,Sudan,Senegal,0.0,0.0,FIFA World Cup qualification,Benghazi,Libya,True
2025-03-22,Moldova,Norway,0.0,5.0,FIFA World Cup qualification,Chișinău,Moldova,False
2025-03-22,Israel,Estonia,2.0,1.0,FIFA World Cup qualification,Debrecen,Hungary,True
2025-03-22,Liechtenstein,North Macedonia,0.0,3.0,FIFA World Cup qualification,Vaduz,Liechtenstein,False
2025-03-22,Wales,Kazakhstan,3.0,1.0,FIFA World Cup qualification,Cardiff,Wales,False
2025-03-22,Montenegro,Gibraltar,3.0,1.0,FIFA World Cup qualification,Nikšić,Montenegro,False
2025-03-22,Czech Republic,Faroe Islands,2.0,1.0,FIFA World Cup qualification,Hradec Králové,Czech Republic,False
2025-03-23,United States,Canada,1.0,2.0,CONCACAF Nations League,Inglewood,United States,False
2025-03-23,Panama,Mexico,1.0,2.0,CONCACAF Nations League,Inglewood,United States,True
2025-03-23,France,Croatia,2.0,0.0,UEFA Nations League,Paris,France,False
2025-03-23,Germany,Italy,3.0,3.0,UEFA Nations League,Dortmund,Germany,False
2025-03-23,Portugal,Denmark,5.0,2.0,UEFA Nations League,Lisbon,Portugal,False
2025-03-23,Spain,Netherlands,3.0,3.0,UEFA Nations League,Valencia,Spain,False
2025-03-23,Belgium,Ukraine,3.0,0.0,UEFA Nations League,Genk,Belgium,False
2025-03-23,Hungary,Turkey,0.0,3.0,UEFA Nations League,Budapest,Hungary,False
2025-03-23,Scotland,Greece,0.0,3.0,UEFA Nations League,Glasgow,Scotland,False
2025-03-23,Serbia,Austria,2.0,0.0,UEFA Nations League,Belgrade,Serbia,False
2025-03-23,Georgia,Armenia,6.0,1.0,UEFA Nations League,Tbilisi,Georgia,False
2025-03-23,Iceland,Kosovo,1.0,3.0,UEFA Nations League,Murcia,Spain,True
2025-03-23,Republic of Ireland,Bulgaria,2.0,1.0,UEFA Nations League,Dublin,Republic of Ireland,False
2025-03-23,Slovenia,Slovakia,1.0,0.0,UEFA Nations League,Ljubljana,Slovenia,False
2025-03-23,Eswatini,Mauritius,3.0,3.0,FIFA World Cup qualification,Mbombela,South Africa,True
2025-03-23,Kenya,Gabon,1.0,2.0,FIFA World Cup qualification,Nairobi,Kenya,False
2025-03-24,New Zealand,New Caledonia,3.0,0.0,FIFA World Cup qualification,Auckland,New Zealand,False
2025-03-24,Guinea-Bissau,Burkina Faso,1.0,2.0,FIFA World Cup qualification,Bissau,Guinea-Bissau,False
2025-03-24,Ethiopia,Djibouti,6.0,1.0,FIFA World Cup qualification,El Jadida,Morocco,True
2025-03-24,Ivory Coast,Gambia,1.0,0.0,FIFA World Cup qualification,Abidjan,Ivory Coast,False
2025-03-24,Namibia,Equatorial Guinea,1.0,1.0,FIFA World Cup qualification,Johannesburg,South Africa,True
2025-03-24,Liberia,São Tomé and Príncipe,2.0,1.0,FIFA World Cup qualification,Monrovia,Liberia,False
2025-03-24,Tunisia,Malawi,2.0,0.0,FIFA World Cup qualification,Radès,Tunisia,False
2025-03-24,Central African Republic,Mali,0.0,0.0,FIFA World Cup qualification,Casablanca,Morocco,True
2025-03-24,Madagascar,Ghana,0.0,3.0,FIFA World Cup qualification,Al Hoceima,Morocco,True
2025-03-24,Lithuania,Finland,2.0,2.0,FIFA World Cup qualification,Kaunas,Lithuania,False
2025-03-24,Poland,Malta,2.0,0.0,FIFA World Cup qualification,Warsaw,Poland,False
2025-03-24,Bosnia and Herzegovina,Cyprus,2.0,1.0,FIFA World Cup qualification,Zenica,Bosnia and Herzegovina,False
2025-03-24,San Marino,Romania,1.0,5.0,FIFA World Cup qualification,Serravalle,San Marino,False
2025-03-24,England,Latvia,3.0,0.0,FIFA World Cup qualification,London,England,False
2025-03-24,Albania,Andorra,3.0,0.0,FIFA World Cup qualification,Tirana,Albania,False
2025-03-25,Tajikistan,Timor-Leste,1.0,0.0,AFC Asian Cup qualification,Dushanbe,Tajikistan,False
2025-03-25,Philippines,Maldives,4.0,1.0,AFC Asian Cup qualification,Capas,Philippines,False
2025-03-25,Bhutan,Yemen,0.0,0.0,AFC Asian Cup qualification,Thimphu,Bhutan,False
2025-03-25,Lebanon,Brunei,5.0,0.0,AFC Asian Cup qualification,Al Wakrah,Qatar,True
2025-03-25,India,Bangladesh,0.0,0.0,AFC Asian Cup qualification,Shillong,India,False
2025-03-25,Singapore,Hong Kong,0.0,0.0,AFC Asian Cup qualification,Kallang,Singapore,False
2025-03-25,Taiwan,Turkmenistan,1.0,2.0,AFC Asian Cup qualification,Kaohsiung,Taiwan,False
2025-03-25,Thailand,Sri Lanka,1.0,0.0,AFC Asian Cup qualification,Bangkok,Thailand,False
2025-03-25,Myanmar,Afghanistan,2.0,1.0,AFC Asian Cup qualification,Yangon,Myanmar,False
2025-03-25,Syria,Pakistan,2.0,0.0,AFC Asian Cup qualification,Al Hofuf,Saudi Arabia,True
2025-03-25,Vietnam,Laos,5.0,0.0,AFC Asian Cup qualification,Thu Dau Mot,Vietnam,False
2025-03-25,Malaysia,Nepal,2.0,0.0,AFC Asian Cup qualification,Johor,Malaysia,False
2025-03-25,Costa Rica,Belize,6.0,1.0,Gold Cup qualification,San José,Costa Rica,False
2025-03-25,Guatemala,Guyana,2.0,0.0,Gold Cup qualification,Guatemala City,Guatemala,False
2025-03-25,Honduras,Bermuda,2.0,0.0,Gold Cup qualification,Tegucigalpa,Honduras,False
2025-03-25,Jamaica,Saint Vincent and the Grenadines,3.0,0.0,Gold Cup qualification,Kingston,Jamaica,False
2025-03-25,Martinique,Suriname,0.0,1.0,Gold Cup qualification,Fort de France,Martinique,False
2025-03-25,Nicaragua,Guadeloupe,0.0,1.0,Gold Cup qualification,Managua,Nicaragua,False
2025-03-25,Trinidad and Tobago,Cuba,4.0,0.0,Gold Cup qualification,Couva,Trinidad and Tobago,False
2025-03-25,Azerbaijan,Belarus,0.0,2.0,Friendly,Masazir,Azerbaijan,False
2025-03-25,Russia,Zambia,5.0,0.0,Friendly,Moscow,Russia,False
2025-03-25,Cambodia,Aruba,1.0,2.0,Friendly,Phnom Penh,Cambodia,False
2025-03-25,Dominican Republic,Puerto Rico,2.0,0.0,Friendly,Santiago de los Caballeros,Dominican Republic,False
2025-03-25,Niger,Bonaire,6.0,0.0,Friendly,Casablanca,Morocco,True
2025-03-25,Sweden,Northern Ireland,5.0,1.0,Friendly,Solna,Sweden,False
2025-03-25,Switzerland,Luxembourg,3.0,1.0,Friendly,Sankt Gallen,Switzerland,False
2025-03-25,Bolivia,Uruguay,0.0,0.0,FIFA World Cup qualification,El Alto,Bolivia,False
2025-03-25,Colombia,Paraguay,2.0,2.0,FIFA World Cup qualification,Barranquilla,Colombia,False
2025-03-25,Venezuela,Peru,1.0,0.0,FIFA World Cup qualification,Maturín,Venezuela,False
2025-03-25,Argentina,Brazil,4.0,1.0,FIFA World Cup qualification,Buenos Aires,Argentina,False
2025-03-25,Chile,Ecuador,0.0,0.0,FIFA World Cup qualification,Santiago,Chile,False
2025-03-25,Iran,Uzbekistan,2.0,2.0,FIFA World Cup qualification,Tehran,Iran,False
2025-03-25,Kyrgyzstan,Qatar,3.0,1.0,FIFA World Cup qualification,Bishkek,Kyrgyzstan,False
2025-03-25,North Korea,United Arab Emirates,1.0,2.0,FIFA World Cup qualification,Riyadh,Saudi Arabia,True
2025-03-25,South Korea,Jordan,1.0,1.0,FIFA World Cup qualification,Suwon,South Korea,False
2025-03-25,Kuwait,Oman,0.0,1.0,FIFA World Cup qualification,Kuwait City,Kuwait,False
2025-03-25,Palestine,Iraq,2.0,1.0,FIFA World Cup qualification,Amman,Jordan,True
2025-03-25,China PR,Australia,0.0,2.0,FIFA World Cup qualification,Hangzhou,China PR,False
2025-03-25,Japan,Saudi Arabia,0.0,0.0,FIFA World Cup qualification,Saitama,Japan,False
2025-03-25,Indonesia,Bahrain,1.0,0.0,FIFA World Cup qualification,Jakarta,Indonesia,False
2025-03-25,Egypt,Sierra Leone,1.0,0.0,FIFA World Cup qualification,Cairo,Egypt,False
2025-03-25,Mauritania,DR Congo,0.0,2.0,FIFA World Cup qualification,Nouadhibou,Mauritania,False
2025-03-25,Senegal,Togo,2.0,0.0,FIFA World Cup qualification,Diamniadio,Senegal,False
2025-03-25,Sudan,South Sudan,1.0,1.0,FIFA World Cup qualification,Benghazi,Libya,True
2025-03-25,Benin,South Africa,0.0,2.0,FIFA World Cup qualification,Abidjan,Ivory Coast,True
2025-03-25,Nigeria,Zimbabwe,1.0,1.0,FIFA World Cup qualification,Uyo,Nigeria,False
2025-03-25,Rwanda,Lesotho,1.0,1.0,FIFA World Cup qualification,Kigali,Rwanda,False
2025-03-25,Angola,Cape Verde,1.0,2.0,FIFA World Cup qualification,Luanda,Angola,False
2025-03-25,Cameroon,Libya,3.0,1.0,FIFA World Cup qualification,Yaounde,Cameroon,False
2025-03-25,Morocco,Tanzania,2.0,0.0,FIFA World Cup qualification,Oujda,Morocco,False
2025-03-25,Burundi,Seychelles,5.0,0.0,FIFA World Cup qualification,Meknes,Morocco,True
2025-03-25,Uganda,Guinea,1.0,0.0,FIFA World Cup qualification,Kira,Uganda,False
2025-03-25,Botswana,Somalia,2.0,0.0,FIFA World Cup qualification,Francistown,Botswana,False
2025-03-25,Algeria,Mozambique,5.0,1.0,FIFA World Cup qualification,Tizi Ouzou,Algeria,False
2025-03-25,Comoros,Chad,1.0,0.0,FIFA World Cup qualification,Berkane,Morocco,True
2025-03-25,Moldova,Estonia,2.0,3.0,FIFA World Cup qualification,Chișinău,Moldova,False
2025-03-25,Israel,Norway,2.0,4.0,FIFA World Cup qualification,Debrecen,Hungary,True
2025-03-25,Liechtenstein,Kazakhstan,0.0,2.0,FIFA World Cup qualification,Vaduz,Liechtenstein,False
2025-03-25,North Macedonia,Wales,1.0,1.0,FIFA World Cup qualification,Skopje,North Macedonia,False
2025-03-25,Gibraltar,Czech Republic,0.0,4.0,FIFA World Cup qualification,Faro-Loulé,Portugal,True
2025-03-25,Montenegro,Faroe Islands,1.0,0.0,FIFA World Cup qualification,Nikšić,Montenegro,False
2025-05-09,Dominica,Barbados,0.0,0.0,Friendly,Roseau,Dominica,False
2025-05-11,Dominica,Barbados,0.0,0.0,Friendly,Roseau,Dominica,False
2025-05-21,Saint Kitts and Nevis,Saint Vincent and the Grenadines,1.0,3.0,Friendly,Old Road Town,Saint Kitts and Nevis,False
2025-05-25,Anguilla,Saint Kitts and Nevis,2.0,4.0,Friendly,Quartier d'Orléans,Saint Martin,True
2025-05-25,Saint Vincent and the Grenadines,Saint Kitts and Nevis,3.0,0.0,Friendly,Georgetown,Saint Vincent and the Grenadines,False
2025-05-27,Jamaica,Trinidad and Tobago,3.0,2.0,Unity Cup,London,England,True
2025-05-28,Nigeria,Ghana,2.0,1.0,Unity Cup,London,England,True
2025-05-28,Oman,Lebanon,1.0,0.0,Friendly,Muscat,Oman,False
2025-05-29,Malaysia,Cape Verde,1.0,1.0,Friendly,Kuala Lumpur,Malaysia,False
2025-05-30,Saint Vincent and the Grenadines,British Virgin Islands,1.0,1.0,Friendly,Kingstown,Saint Vincent and the Grenadines,False
2025-05-30,Saudi Arabia,Jordan,2.0,0.0,Friendly,Dammam,Saudi Arabia,False
2025-05-31,Trinidad and Tobago,Ghana,0.0,4.0,Unity Cup,London,England,True
2025-05-31,Jamaica,Nigeria,2.0,2.0,Unity Cup,London,England,True
2025-06-01,Grenada,Anguilla,2.0,0.0,Friendly,Saint George's,Grenada,False
2025-06-01,El Salvador,Guatemala,1.0,1.0,Friendly,Chattanooga,United States,True
2025-06-01,Puerto Rico,Nicaragua,1.0,1.0,Friendly,Pawtucket,United States,True
2025-06-02,Tunisia,Burkina Faso,2.0,0.0,Friendly,Radès,Tunisia,False
2025-06-03,Malaysia,Cape Verde,0.0,3.0,Friendly,Kuala Lumpur,Malaysia,False
2025-06-04,Germany,Portugal,1.0,2.0,UEFA Nations League,Munich,Germany,False
2025-06-04,Thailand,India,2.0,0.0,Friendly,Pathum Thani,Thailand,False
2025-06-04,Bangladesh,Bhutan,2.0,0.0,Friendly,Dhaka,Bangladesh,False
2025-06-04,Bermuda,Cayman Islands,5.0,0.0,FIFA World Cup qualification,Devonshire Parish,Bermuda,False
2025-06-04,Grenada,Bahamas,6.0,0.0,FIFA World Cup qualification,St. George's,Grenada,False
2025-06-04,Barbados,Aruba,1.0,1.0,FIFA World Cup qualification,Wildey,Barbados,False
2025-06-04,Montserrat,Belize,1.0,0.0,FIFA World Cup qualification,Couva,Trinidad and Tobago,True
2025-06-04,Dominica,British Virgin Islands,3.0,0.0,FIFA World Cup qualification,Roseau,Dominica,False
2025-06-04,Saint Vincent and the Grenadines,Anguilla,6.0,0.0,FIFA World Cup qualification,Kingstown,Saint Vincent and the Grenadines,False
2025-06-05,Spain,France,5.0,4.0,UEFA Nations League,Stuttgart,Germany,True
2025-06-05,Algeria,Rwanda,2.0,0.0,Friendly,Constantine,Algeria,False
2025-06-05,Belarus,Kazakhstan,4.0,1.0,Friendly,Borisov,Belarus,False
2025-06-05,Cambodia,Tajikistan,1.0,2.0,Friendly,Phnom Penh,Cambodia,False
2025-06-05,DR Congo,Mali,1.0,0.0,Friendly,Orléans,France,True
2025-06-05,Georgia,Faroe Islands,1.0,0.0,Friendly,Tbilisi,Georgia,False
2025-06-05,Hong Kong,Nepal,0.0,0.0,Friendly,Hong Kong,Hong Kong,False
2025-06-05,Singapore,Maldives,3.0,1.0,Friendly,Bishan,Singapore,False
2025-06-05,Ecuador,Brazil,0.0,0.0,FIFA World Cup qualification,Guayaquil,Ecuador,False
2025-06-05,Paraguay,Uruguay,2.0,0.0,FIFA World Cup qualification,Asunción,Paraguay,False
2025-06-05,Chile,Argentina,0.0,1.0,FIFA World Cup qualification,Santiago,Chile,False
2025-06-05,United Arab Emirates,Uzbekistan,0.0,0.0,FIFA World Cup qualification,Abu Dhabi,United Arab Emirates,False
2025-06-05,North Korea,Kyrgyzstan,2.0,2.0,FIFA World Cup qualification,Riyadh,Saudi Arabia,True
2025-06-05,Qatar,Iran,1.0,0.0,FIFA World Cup qualification,Al Rayyan,Qatar,False
2025-06-05,Oman,Jordan,0.0,3.0,FIFA World Cup qualification,Muscat,Oman,False
2025-06-05,Iraq,South Korea,0.0,2.0,FIFA World Cup qualification,Basra,Iraq,False
2025-06-05,Kuwait,Palestine,0.0,2.0,FIFA World Cup qualification,Kuwait City,Kuwait,False
2025-06-05,Bahrain,Saudi Arabia,0.0,2.0,FIFA World Cup qualification,Riffa,Bahrain,False
2025-06-05,Australia,Japan,1.0,0.0,FIFA World Cup qualification,Perth,Australia,False
2025-06-05,Indonesia,China PR,1.0,0.0,FIFA World Cup qualification,Jakarta,Indonesia,False
2025-06-05,Sri Lanka,Brunei,1.0,0.0,Friendly,Bangkok,Thailand,True
2025-06-06,Bulgaria,Cyprus,2.0,2.0,Friendly,Plovdiv,Bulgaria,False
2025-06-06,Burundi,Guinea-Bissau,1.0,0.0,Friendly,Berrechid,Egypt,True
2025-06-06,Central African Republic,Mauritania,2.0,1.0,Friendly,Casablanca,Morocco,True
2025-06-06,Equatorial Guinea,Gambia,1.0,2.0,Friendly,Marrakech,Morocco,True
2025-06-06,Hungary,Sweden,0.0,2.0,Friendly,Budapest,Hungary,False
2025-06-06,Kosovo,Armenia,5.0,2.0,Friendly,Pristina,Kosovo,False
2025-06-06,Luxembourg,Slovenia,0.0,1.0,Friendly,Luxembourg,Luxembourg,False
2025-06-06,Morocco,Tunisia,2.0,0.0,Friendly,Fès,Morocco,False
2025-06-06,Niger,Gabon,4.0,3.0,Friendly,Casablanca,Morocco,True
2025-06-06,Poland,Moldova,2.0,0.0,Friendly,Chorzow,Poland,False
2025-06-06,Republic of Ireland,Senegal,1.0,1.0,Friendly,Dublin,Republic of Ireland,False
2025-06-06,Scotland,Iceland,1.0,3.0,Friendly,Glasgow,Scotland,False
2025-06-06,South Africa,Tanzania,0.0,0.0,Friendly,Polokwane,South Africa,False
2025-06-06,Uganda,Cameroon,0.0,3.0,Friendly,Marrakech,Morocco,True
2025-06-06,Zimbabwe,Burkina Faso,0.0,2.0,Friendly,Mohammédia,Morocco,True
2025-06-06,Russia,Nigeria,1.0,1.0,Friendly,Moscow,Russia,False
2025-06-06,Colombia,Peru,0.0,0.0,FIFA World Cup qualification,Barranquilla,Colombia,False
2025-06-06,Venezuela,Bolivia,2.0,0.0,FIFA World Cup qualification,Maturín,Venezuela,False
2025-06-06,Norway,Italy,3.0,0.0,FIFA World Cup qualification,Oslo,Norway,False
2025-06-06,Estonia,Israel,1.0,3.0,FIFA World Cup qualification,Tallinn,Estonia,False
2025-06-06,Wales,Liechtenstein,3.0,0.0,FIFA World Cup qualification,Cardiff,Wales,False
2025-06-06,North Macedonia,Belgium,1.0,1.0,FIFA World Cup qualification,Skopje,North Macedonia,False
2025-06-06,Czech Republic,Montenegro,2.0,0.0,FIFA World Cup qualification,Plzeň,Czech Republic,False
2025-06-06,Gibraltar,Croatia,0.0,7.0,FIFA World Cup qualification,Faro-Loulé,Portugal,True
2025-06-06,Antigua and Barbuda,Cuba,0.0,1.0,FIFA World Cup qualification,Piggotts,Antigua and Barbuda,False
2025-06-06,Trinidad and Tobago,Saint Kitts and Nevis,6.0,2.0,FIFA World Cup qualification,Port of Spain,Trinidad and Tobago,False
2025-06-06,Curaçao,Saint Lucia,4.0,0.0,FIFA World Cup qualification,Willemstad,Curaçao,False
2025-06-06,Nicaragua,Guyana,1.0,0.0,FIFA World Cup qualification,Managua,Nicaragua,False
2025-06-06,Guatemala,Dominican Republic,4.0,2.0,FIFA World Cup qualification,Guatemala City,Guatemala,False
2025-06-06,Suriname,Puerto Rico,1.0,0.0,FIFA World Cup qualification,Paramaribo,Suriname,False
2025-06-07,Denmark,Northern Ireland,2.0,1.0,Friendly,Copenhagen,Denmark,False
2025-06-07,Greece,Slovakia,4.0,1.0,Friendly,Heraklion,Greece,False
2025-06-07,Latvia,Azerbaijan,0.0,0.0,Friendly,Riga,Latvia,False
2025-06-07,Mexico,Switzerland,2.0,4.0,Friendly,Salt Lake City,United States,True
2025-06-07,United States,Turkey,1.0,2.0,Friendly,East Hartford,United States,False
2025-06-07,Malta,Lithuania,0.0,0.0,FIFA World Cup qualification,Ta' Qali,Malta,False
2025-06-07,Finland,Netherlands,0.0,2.0,FIFA World Cup qualification,Helsinki,Finland,False
2025-06-07,Bosnia and Herzegovina,San Marino,1.0,0.0,FIFA World Cup qualification,Zenica,Bosnia and Herzegovina,False
2025-06-07,Austria,Romania,2.0,1.0,FIFA World Cup qualification,Vienna,Austria,False
2025-06-07,Andorra,England,0.0,1.0,FIFA World Cup qualification,Barcelona,Spain,True
2025-06-07,Albania,Serbia,0.0,0.0,FIFA World Cup qualification,Tirana,Albania,False
2025-06-07,Canada,Ukraine,4.0,2.0,Canadian Shield,Toronto,Canada,False
2025-06-07,Ivory Coast,New Zealand,0.0,1.0,Canadian Shield,Toronto,Canada,True
2025-06-07,Kenya,Chad,0.0,0.0,Friendly,Marrakech,Morocco,True
2025-06-07,Cayman Islands,Honduras,0.0,1.0,FIFA World Cup qualification,George Town,Cayman Islands,False
2025-06-07,Bahamas,Costa Rica,0.0,8.0,FIFA World Cup qualification,Wildey,Barbados,True
2025-06-07,Aruba,Haiti,0.0,5.0,FIFA World Cup qualification,Oranjestad,Aruba,False
2025-06-07,Belize,Panama,0.0,2.0,FIFA World Cup qualification,Belmopan,Belize,False
2025-06-07,British Virgin Islands,Jamaica,0.0,1.0,FIFA World Cup qualification,Road Town,British Virgin Islands,False
2025-06-07,Anguilla,El Salvador,0.0,3.0,FIFA World Cup qualification,The Valley,Anguilla,False
2025-06-08,Germany,France,0.0,2.0,UEFA Nations League,Stuttgart,Germany,False
2025-06-08,Portugal,Spain,2.0,2.0,UEFA Nations League,Munich,Germany,True
2025-06-08,DR Congo,Madagascar,3.0,1.0,Friendly,Orléans,France,True
2025-06-08,Georgia,Cape Verde,1.0,1.0,Friendly,Kutaisi,Georgia,False
2025-06-09,Algeria,Rwanda,2.0,0.0,Friendly,Blida,Algeria,False
2025-06-09,Equatorial Guinea,Cameroon,1.0,1.0,Friendly,Marrakech,Morocco,True
2025-06-09,Gabon,Guinea-Bissau,2.0,0.0,Friendly,Mohammédia,Morocco,True
2025-06-09,Kosovo,Comoros,4.0,2.0,Friendly,Pristina,Kosovo,False
2025-06-09,Liechtenstein,Scotland,0.0,4.0,Friendly,Vaduz,Liechtenstein,False
2025-06-09,Montenegro,Armenia,2.0,2.0,Friendly,Nikšić,Montenegro,False
2025-06-09,Morocco,Benin,1.0,0.0,Friendly,Fès,Morocco,False
2025-06-09,Uganda,Gambia,1.0,1.0,Friendly,Marrakech,Morocco,True
2025-06-09,Italy,Moldova,2.0,0.0,FIFA World Cup qualification,Reggio Emilia,Italy,False
2025-06-09,Estonia,Norway,0.0,1.0,FIFA World Cup qualification,Tallinn,Estonia,False
2025-06-09,Kazakhstan,North Macedonia,0.0,1.0,FIFA World Cup qualification,Astana,Kazakhstan,False
2025-06-09,Belgium,Wales,4.0,3.0,FIFA World Cup qualification,Brussels,Belgium,False
2025-06-09,Faroe Islands,Gibraltar,2.0,1.0,FIFA World Cup qualification,Tórshavn,Faroe Islands,False
2025-06-09,Croatia,Czech Republic,5.0,1.0,FIFA World Cup qualification,Osijek,Croatia,False
2025-06-10,Timor-Leste,Maldives,1.0,0.0,AFC Asian Cup qualification,Darwin,Australia,True
2025-06-10,Philippines,Tajikistan,2.0,2.0,AFC Asian Cup qualification,Capas,Philippines,False
2025-06-10,Brunei,Bhutan,2.0,1.0,AFC Asian Cup qualification,Bandar Seri Begawan,Brunei,False
2025-06-10,Yemen,Lebanon,0.0,0.0,AFC Asian Cup qualification,Kuwait City,Kuwait,True
2025-06-10,Bangladesh,Singapore,1.0,2.0,AFC Asian Cup qualification,Dhaka,Bangladesh,False
2025-06-10,Hong Kong,India,1.0,0.0,AFC Asian Cup qualification,Kowloon,Hong Kong,False
2025-06-10,Sri Lanka,Taiwan,3.0,1.0,AFC Asian Cup qualification,Colombo,Sri Lanka,False
2025-06-10,Turkmenistan,Thailand,3.0,1.0,AFC Asian Cup qualification,Ashgabat,Turkmenistan,False
2025-06-10,Myanmar,Pakistan,1.0,0.0,AFC Asian Cup qualification,Yangon,Myanmar,False
2025-06-10,Afghanistan,Syria,0.0,1.0,AFC Asian Cup qualification,Al Hofuf,Saudi Arabia,True
2025-06-10,Laos,Nepal,2.0,1.0,AFC Asian Cup qualification,Vientiane,Laos,False
2025-06-10,Malaysia,Vietnam,4.0,0.0,AFC Asian Cup qualification,Kuala Lumpur,Malaysia,False
2025-06-10,Azerbaijan,Hungary,1.0,2.0,Friendly,Baku,Azerbaijan,False
2025-06-10,Burundi,Mauritania,0.0,0.0,Friendly,Mohammédia,Morocco,True
2025-06-10,Chad,Kenya,1.0,2.0,Friendly,Marrakech,Morocco,True
2025-06-10,Denmark,Lithuania,5.0,0.0,Friendly,Odense,Denmark,False
2025-06-10,England,Senegal,1.0,3.0,Friendly,London,England,False
2025-06-10,Greece,Bulgaria,4.0,0.0,Friendly,Heraklion,Greece,False
2025-06-10,Israel,Slovakia,1.0,0.0,Friendly,Debrecen,Hungary,True
2025-06-10,Luxembourg,Republic of Ireland,0.0,0.0,Friendly,Luxembourg,Luxembourg,False
2025-06-10,Mexico,Turkey,1.0,0.0,Friendly,Chapel Hill,United States,True
2025-06-10,Niger,Zimbabwe,1.0,1.0,Friendly,Casablanca,Morocco,True
2025-06-10,Northern Ireland,Iceland,1.0,0.0,Friendly,Belfast,Northern Ireland,False
2025-06-10,Slovenia,Bosnia and Herzegovina,2.0,1.0,Friendly,Celje,Slovenia,False
2025-06-10,South Africa,Mozambique,2.0,0.0,Friendly,Polokwane,South Africa,False
2025-06-10,Sweden,Algeria,4.0,3.0,Friendly,Solna,Sweden,False
2025-06-10,United States,Switzerland,0.0,4.0,Friendly,Nashville,United States,False
2025-06-10,Bolivia,Chile,2.0,0.0,FIFA World Cup qualification,El Alto,Bolivia,False
2025-06-10,Uruguay,Venezuela,2.0,0.0,FIFA World Cup qualification,Montevideo,Uruguay,False
2025-06-10,Peru,Ecuador,0.0,0.0,FIFA World Cup qualification,Lima,Peru,False
2025-06-10,Argentina,Colombia,1.0,1.0,FIFA World Cup qualification,Buenos Aires,Argentina,False
2025-06-10,Brazil,Paraguay,1.0,0.0,FIFA World Cup qualification,São Paulo,Brazil,False
2025-06-10,Uzbekistan,Qatar,3.0,0.0,FIFA World Cup qualification,Tashkent,Uzbekistan,False
2025-06-10,Iran,North Korea,3.0,0.0,FIFA World Cup qualification,Tehran,Iran,False
2025-06-10,Kyrgyzstan,United Arab Emirates,1.0,1.0,FIFA World Cup qualification,Bishkek,Kyrgyzstan,False
2025-06-10,South Korea,Kuwait,4.0,0.0,FIFA World Cup qualification,Seoul,South Korea,False
2025-06-10,Jordan,Iraq,0.0,1.0,FIFA World Cup qualification,Amman,Jordan,False
2025-06-10,Palestine,Oman,1.0,1.0,FIFA World Cup qualification,Amman,Jordan,True
2025-06-10,China PR,Bahrain,1.0,0.0,FIFA World Cup qualification,Chongqing,China PR,False
2025-06-10,Japan,Indonesia,6.0,0.0,FIFA World Cup qualification,Suita,Japan,False
2025-06-10,Saudi Arabia,Australia,1.0,2.0,FIFA World Cup qualification,Jeddah,Saudi Arabia,False
2025-06-10,Netherlands,Malta,8.0,0.0,FIFA World Cup qualification,Groningen,Netherlands,False
2025-06-10,Finland,Poland,2.0,1.0,FIFA World Cup qualification,Helsinki,Finland,False
2025-06-10,San Marino,Austria,0.0,4.0,FIFA World Cup qualification,Serravalle,San Marino,False
2025-06-10,Romania,Cyprus,2.0,0.0,FIFA World Cup qualification,Bucharest,Romania,False
2025-06-10,Serbia,Andorra,3.0,0.0,FIFA World Cup qualification,Leskovac,Serbia,False
2025-06-10,Latvia,Albania,1.0,1.0,FIFA World Cup qualification,Riga,Latvia,False
2025-06-10,New Zealand,Ukraine,1.0,2.0,Canadian Shield,Toronto,Canada,True
2025-06-10,Canada,Ivory Coast,0.0,0.0,Canadian Shield,Toronto,Canada,False
2025-06-10,Belarus,Russia,1.0,4.0,Friendly,Minsk,Belarus,False
2025-06-10,Cuba,Bermuda,1.0,2.0,FIFA World Cup qualification,Santiago de Cuba,Cuba,False
2025-06-10,Honduras,Antigua and Barbuda,2.0,0.0,FIFA World Cup qualification,Tegucigalpa,Honduras,False
2025-06-10,Saint Kitts and Nevis,Grenada,2.0,3.0,FIFA World Cup qualification,Basseterre,Saint Kitts and Nevis,False
2025-06-10,Costa Rica,Trinidad and Tobago,2.0,1.0,FIFA World Cup qualification,San José,Costa Rica,False
2025-06-10,Saint Lucia,Barbados,2.0,1.0,FIFA World Cup qualification,Gros Islet,Saint Lucia,False
2025-06-10,Haiti,Curaçao,1.0,5.0,FIFA World Cup qualification,Oranjestad,Aruba,True
2025-06-10,Guyana,Montserrat,3.0,0.0,FIFA World Cup qualification,Leonora,Guyana,False
2025-06-10,Panama,Nicaragua,3.0,0.0,FIFA World Cup qualification,Panama City,Panama,False
2025-06-10,Dominican Republic,Dominica,5.0,0.0,FIFA World Cup qualification,Santo Domingo,Dominican Republic,False
2025-06-10,Jamaica,Guatemala,3.0,0.0,FIFA World Cup qualification,Kingston,Jamaica,False
2025-06-10,Puerto Rico,Saint Vincent and the Grenadines,2.0,1.0,FIFA World Cup qualification,Mayagüez,Puerto Rico,False
2025-06-10,El Salvador,Suriname,1.0,1.0,FIFA World Cup qualification,San Salvador,El Salvador,False
2025-06-14,Mexico,Dominican Republic,3.0,2.0,Gold Cup,Inglewood,United States,True
2025-06-15,Costa Rica,Suriname,4.0,3.0,Gold Cup,San Diego,United States,True
2025-06-15,United States,Trinidad and Tobago,5.0,0.0,Gold Cup,San Jose,United States,False
2025-06-15,Haiti,Saudi Arabia,0.0,1.0,Gold Cup,San Diego,United States,True
2025-06-16,Panama,Guadeloupe,5.0,2.0,Gold Cup,Carson,United States,True
2025-06-16,Jamaica,Guatemala,0.0,1.0,Gold Cup,Carson,United States,True
2025-06-17,Curaçao,El Salvador,0.0,0.0,Gold Cup,San Jose,United States,True
2025-06-17,Canada,Honduras,6.0,0.0,Gold Cup,Vancouver,Canada,False
2025-06-18,Costa Rica,Dominican Republic,2.0,1.0,Gold Cup,Arlington,United States,True
2025-06-18,Suriname,Mexico,0.0,2.0,Gold Cup,Arlington,United States,True
2025-06-19,Trinidad and Tobago,Haiti,1.0,1.0,Gold Cup,Houston,United States,True
2025-06-19,United States,Saudi Arabia,1.0,0.0,Gold Cup,Austin,United States,False
2025-06-20,Jamaica,Guadeloupe,2.0,1.0,Gold Cup,San Jose,United States,True
2025-06-20,Guatemala,Panama,0.0,1.0,Gold Cup,Austin,United States,True
2025-06-21,Curaçao,Canada,1.0,1.0,Gold Cup,Houston,United States,True
2025-06-21,Honduras,El Salvador,2.0,0.0,Gold Cup,Houston,United States,True
2025-06-22,Mexico,Costa Rica,0.0,0.0,Gold Cup,Paradise,United States,True
2025-06-22,Dominican Republic,Suriname,0.0,0.0,Gold Cup,Arlington,United States,True
2025-06-22,Saudi Arabia,Trinidad and Tobago,1.0,1.0,Gold Cup,Paradise,United States,True
2025-06-22,United States,Haiti,2.0,1.0,Gold Cup,Arlington,United States,False
2025-06-24,Honduras,Curaçao,2.0,1.0,Gold Cup,San Jose,United States,True
2025-06-24,Canada,El Salvador,2.0,0.0,Gold Cup,Houston,United States,True
2025-06-24,Panama,Jamaica,4.0,1.0,Gold Cup,Austin,United States,True
2025-06-24,Guadeloupe,Guatemala,2.0,3.0,Gold Cup,Houston,United States,True
2025-06-28,Panama,Honduras,1.0,1.0,Gold Cup,Glendale,United States,True
2025-06-28,Mexico,Saudi Arabia,2.0,0.0,Gold Cup,Glendale,United States,True
2025-06-29,Canada,Guatemala,1.0,1.0,Gold Cup,Minneapolis,United States,True
2025-06-29,United States,Costa Rica,2.0,2.0,Gold Cup,Minneapolis,United States,False
2025-07-02,United States,Guatemala,2.0,1.0,Gold Cup,St. Louis,United States,False
2025-07-02,Mexico,Honduras,1.0,0.0,Gold Cup,Santa Clara,United States,True
2025-07-06,United States,Mexico,1.0,2.0,Gold Cup,Houston,United States,False
2025-07-13,Hitra,Isle of Man,2.0,7.0,Island Games,Finstown,Scotland,True
2025-07-13,Orkney,Frøya,3.0,0.0,Island Games,Kirkwall,Scotland,False
2025-07-13,Gozo,Shetland,0.0,0.0,Island Games,Kirkwall,Scotland,True
2025-07-14,Orkney,Hitra,3.0,2.0,Island Games,Kirkwall,Scotland,False
2025-07-14,Isle of Man,Frøya,10.0,1.0,Island Games,Dounby,Scotland,True
2025-07-14,Jersey,Gozo,2.0,0.0,Island Games,Holm,Scotland,True
2025-07-14,Ynys Môn,Western Isles,1.0,0.0,Island Games,Rendall,Scotland,True
2025-07-15,Orkney,Isle of Man,1.0,3.0,Island Games,Kirkwall,Scotland,False
2025-07-15,Frøya,Hitra,0.0,6.0,Island Games,Finstown,Scotland,True
2025-07-15,Jersey,Shetland,2.0,2.0,Island Games,Kirkwall,Scotland,True
2025-07-17,Hitra,Frøya,3.0,0.0,Island Games,Holm,Scotland,True
2025-07-17,Gozo,Western Isles,3.0,3.0,Island Games,Dounby,Scotland,True
2025-07-17,Orkney,Shetland,3.0,2.0,Island Games,Stromness,Scotland,False
2025-07-17,Isle of Man,Ynys Môn,0.0,1.0,Island Games,Kirkwall,Scotland,True
2025-07-18,Isle of Man,Jersey,3.0,2.0,Island Games,Kirkwall,Scotland,True
2025-08-13,United States Virgin Islands,Turks and Caicos Islands,1.0,1.0,Outrigger Challenge Cup,United States,United States,True
2025-08-14,Marshall Islands,United States Virgin Islands,0.0,4.0,Outrigger Challenge Cup,United States,United States,True
2025-08-16,Turks and Caicos Islands,Marshall Islands,3.0,2.0,Outrigger Challenge Cup,United States,United States,True
2025-08-24,Qatar,Lebanon,2.0,2.0,Friendly,Doha,Qatar,False
2025-09-03,Qatar,Bahrain,2.0,2.0,Friendly,Doha,Qatar,False
2025-09-03,Seychelles,Gabon,0.0,4.0,FIFA World Cup qualification,Saint Pierre,Mauritius,True
2025-09-04,Gibraltar,Albania,0.0,1.0,Friendly,Gibraltar,Gibraltar,False
2025-09-04,Malaysia,Singapore,2.0,1.0,Friendly,Kuala Lumpur,Malaysia,False
2025-09-04,Norway,Finland,1.0,0.0,Friendly,Oslo,Norway,False
2025-09-04,Russia,Jordan,0.0,0.0,Friendly,Moscow,Russia,False
2025-09-04,Saudi Arabia,North Macedonia,2.0,1.0,Friendly,Prague,Czech Republic,True
2025-09-04,United Arab Emirates,Syria,3.0,1.0,Friendly,Dubai,United Arab Emirates,False
2025-09-04,Colombia,Bolivia,3.0,0.0,FIFA World Cup qualification,Barranquilla,Colombia,False
2025-09-04,Argentina,Venezuela,3.0,0.0,FIFA World Cup qualification,Buenos Aires,Argentina,False
2025-09-04,Paraguay,Ecuador,0.0,0.0,FIFA World Cup qualification,Asunción,Paraguay,False
2025-09-04,Uruguay,Peru,3.0,0.0,FIFA World Cup qualification,Montevideo,Uruguay,False
2025-09-04,Brazil,Chile,3.0,0.0,FIFA World Cup qualification,Rio de Janeiro,Brazil,False
2025-09-04,Guinea-Bissau,Sierra Leone,1.0,1.0,FIFA World Cup qualification,Bissau,Guinea-Bissau,False
2025-09-04,Angola,Libya,0.0,1.0,FIFA World Cup qualification,Luanda,Angola,False
2025-09-04,Cameroon,Eswatini,3.0,0.0,FIFA World Cup qualification,Yaoundé,Cameroon,False
2025-09-04,Mauritius,Cape Verde,0.0,2.0,FIFA World Cup qualification,Saint Pierre,Mauritius,False
2025-09-04,Algeria,Botswana,3.0,1.0,FIFA World Cup qualification,Tizi Ouzou,Algeria,False
2025-09-04,São Tomé and Príncipe,Equatorial Guinea,2.0,3.0,FIFA World Cup qualification,Oujda,Morocco,True
2025-09-04,Tunisia,Liberia,3.0,0.0,FIFA World Cup qualification,Radès,Tunisia,False
2025-09-04,Chad,Ghana,1.0,1.0,FIFA World Cup qualification,N'Djamena,Chad,False
2025-09-04,Madagascar,Central African Republic,2.0,0.0,FIFA World Cup qualification,Casablanca,Morocco,True
2025-09-04,Mali,Comoros,3.0,0.0,FIFA World Cup qualification,Berkane,Morocco,True
2025-09-04,Luxembourg,Northern Ireland,1.0,3.0,FIFA World Cup qualification,Luxembourg,Luxembourg,False
2025-09-04,Slovakia,Germany,2.0,0.0,FIFA World Cup qualification,Bratislava,Slovakia,False
2025-09-04,Georgia,Turkey,2.0,3.0,FIFA World Cup qualification,Tbilisi,Georgia,False
2025-09-04,Bulgaria,Spain,0.0,3.0,FIFA World Cup qualification,Sofia,Bulgaria,False
2025-09-04,Lithuania,Malta,1.0,1.0,FIFA World Cup qualification,Kaunas,Lithuania,False
2025-09-04,Netherlands,Poland,1.0,1.0,FIFA World Cup qualification,Rotterdam,Netherlands,False
2025-09-04,Kazakhstan,Wales,0.0,1.0,FIFA World Cup qualification,Astana,Kazakhstan,False
2025-09-04,Liechtenstein,Belgium,0.0,6.0,FIFA World Cup qualification,Vaduz,Liechtenstein,False
2025-09-04,Iraq,Hong Kong,2.0,1.0,King's Cup,Kanchanaburi,Thailand,True
2025-09-04,Thailand,Fiji,3.0,0.0,King's Cup,Kanchanaburi,Thailand,False
2025-09-04,Suriname,Panama,0.0,0.0,FIFA World Cup qualification,Paramaribo,Suriname,False
2025-09-04,Guatemala,El Salvador,0.0,1.0,FIFA World Cup qualification,Guatemala City,Guatemala,False
2025-09-05,Australia,New Zealand,1.0,0.0,Soccer Ashes,Canberra,Australia,False
2025-09-05,Indonesia,Taiwan,6.0,0.0,Friendly,Surabaya,Indonesia,False
2025-09-05,Romania,Canada,0.0,3.0,Friendly,Bucharest,Romania,False
2025-09-05,Djibouti,Burkina Faso,0.0,6.0,FIFA World Cup qualification,Bissau,Guinea-Bissau,True
2025-09-05,Egypt,Ethiopia,2.0,0.0,FIFA World Cup qualification,Cairo,Egypt,False
2025-09-05,South Sudan,DR Congo,1.0,4.0,FIFA World Cup qualification,Juba,South Sudan,False
2025-09-05,Mauritania,Togo,2.0,0.0,FIFA World Cup qualification,Nouadhibou,Mauritania,False
2025-09-05,Senegal,Sudan,2.0,0.0,FIFA World Cup qualification,Diamniadio,Senegal,False
2025-09-05,Benin,Zimbabwe,1.0,0.0,FIFA World Cup qualification,Ebimpé,Ivory Coast,True
2025-09-05,South Africa,Lesotho,3.0,0.0,FIFA World Cup qualification,Bloemfontein,South Africa,False
2025-09-05,Congo,Tanzania,1.0,1.0,FIFA World Cup qualification,Brazzaville,Congo,False
2025-09-05,Morocco,Niger,5.0,0.0,FIFA World Cup qualification,Rabat,Morocco,False
2025-09-05,Kenya,Gambia,1.0,3.0,FIFA World Cup qualification,Nairobi,Kenya,False
2025-09-05,Ivory Coast,Burundi,1.0,0.0,FIFA World Cup qualification,Abidjan,Ivory Coast,False
2025-09-05,Somalia,Guinea,0.0,3.0,FIFA World Cup qualification,Kampala,Uganda,True
2025-09-05,Uganda,Mozambique,4.0,0.0,FIFA World Cup qualification,Kampala,Uganda,False
2025-09-05,Namibia,Malawi,1.0,2.0,FIFA World Cup qualification,Francistown,Botswana,True
2025-09-05,Slovenia,Sweden,2.0,2.0,FIFA World Cup qualification,Ljubljana,Slovenia,False
2025-09-05,Switzerland,Kosovo,4.0,0.0,FIFA World Cup qualification,Basel,Switzerland,False
2025-09-05,Denmark,Scotland,0.0,0.0,FIFA World Cup qualification,Copenhagen,Denmark,False
2025-09-05,Greece,Belarus,5.0,1.0,FIFA World Cup qualification,Athens,Greece,False
2025-09-05,Iceland,Azerbaijan,5.0,0.0,FIFA World Cup qualification,Reykjavík,Iceland,False
2025-09-05,Ukraine,France,0.0,2.0,FIFA World Cup qualification,Wrocław,Poland,True
2025-09-05,Italy,Estonia,5.0,0.0,FIFA World Cup qualification,Bergamo,Italy,False
2025-09-05,Moldova,Israel,0.0,4.0,FIFA World Cup qualification,Chișinău,Moldova,False
2025-09-05,Faroe Islands,Croatia,0.0,1.0,FIFA World Cup qualification,Tórshavn,Faroe Islands,False
2025-09-05,Montenegro,Czech Republic,0.0,2.0,FIFA World Cup qualification,Podgorica,Montenegro,False
2025-09-05,Bermuda,Jamaica,0.0,4.0,FIFA World Cup qualification,Devonshire Parish,Bermuda,False
2025-09-05,Trinidad and Tobago,Curaçao,0.0,0.0,FIFA World Cup qualification,Port of Spain,Trinidad and Tobago,False
2025-09-05,Haiti,Honduras,0.0,0.0,FIFA World Cup qualification,Willemstad,Curaçao,True
2025-09-05,Nicaragua,Costa Rica,1.0,1.0,FIFA World Cup qualification,Managua,Nicaragua,False
2025-09-06,Sri Lanka,Maldives,0.0,3.0,South Asian Super Cup,Colombo,Sri Lanka,False
2025-09-06,Mexico,Japan,0.0,0.0,Friendly,Oakland,United States,True
2025-09-06,Nepal,Bangladesh,0.0,0.0,Friendly,Kathmandu,Nepal,False
2025-09-06,United States,South Korea,0.0,2.0,Friendly,Harrison,United States,False
2025-09-06,Nigeria,Rwanda,1.0,0.0,FIFA World Cup qualification,Uyo,Nigeria,False
2025-09-06,Republic of Ireland,Hungary,2.0,2.0,FIFA World Cup qualification,Dublin,Republic of Ireland,False
2025-09-06,Armenia,Portugal,0.0,5.0,FIFA World Cup qualification,Yerevan,Armenia,False
2025-09-06,Austria,Cyprus,1.0,0.0,FIFA World Cup qualification,Linz,Austria,False
2025-09-06,San Marino,Bosnia and Herzegovina,0.0,6.0,FIFA World Cup qualification,Serravalle,San Marino,False
2025-09-06,Latvia,Serbia,0.0,1.0,FIFA World Cup qualification,Riga,Latvia,False
2025-09-06,England,Andorra,2.0,0.0,FIFA World Cup qualification,London,England,False
2025-09-07,Central African Republic,Comoros,0.0,2.0,FIFA World Cup qualification,Meknes,Morocco,True
2025-09-07,Germany,Northern Ireland,3.0,1.0,FIFA World Cup qualification,Cologne,Germany,False
2025-09-07,Luxembourg,Slovakia,0.0,1.0,FIFA World Cup qualification,Luxembourg,Luxembourg,False
2025-09-07,Georgia,Bulgaria,3.0,0.0,FIFA World Cup qualification,Tbilisi,Georgia,False
2025-09-07,Turkey,Spain,0.0,6.0,FIFA World Cup qualification,Konya,Turkey,False
2025-09-07,Lithuania,Netherlands,2.0,3.0,FIFA World Cup qualification,Kaunas,Lithuania,False
2025-09-07,Poland,Finland,3.0,1.0,FIFA World Cup qualification,Chorzów,Poland,False
2025-09-07,North Macedonia,Liechtenstein,5.0,0.0,FIFA World Cup qualification,Skopje,North Macedonia,False
2025-09-07,Belgium,Kazakhstan,6.0,0.0,FIFA World Cup qualification,Anderlecht,Belgium,False
2025-09-07,Qatar,Russia,1.0,4.0,Friendly,Doha,Qatar,False
2025-09-07,Fiji,Hong Kong,0.0,8.0,King's Cup,Kanchanaburi,Thailand,True
2025-09-07,Thailand,Iraq,0.0,1.0,King's Cup,Kanchanaburi,Thailand,False
2025-09-08,Czech Republic,Saudi Arabia,1.0,1.0,Friendly,Hradec Králové,Czech Republic,False
2025-09-08,Indonesia,Lebanon,0.0,0.0,Friendly,Surabaya,Indonesia,False
2025-09-08,Malaysia,Palestine,1.0,0.0,Friendly,Johor,Malaysia,False
2025-09-08,Syria,Kuwait,2.0,2.0,Friendly,Doha,Qatar,True
2025-09-08,United Arab Emirates,Bahrain,1.0,0.0,Friendly,Dubai,United Arab Emirates,False
2025-09-08,Guinea-Bissau,Djibouti,2.0,0.0,FIFA World Cup qualification,Bissau,Guinea-Bissau,False
2025-09-08,Libya,Eswatini,2.0,0.0,FIFA World Cup qualification,Benghazi,Libya,False
2025-09-08,Zambia,Morocco,0.0,2.0,FIFA World Cup qualification,Ndola,Zambia,False
2025-09-08,Mozambique,Botswana,2.0,0.0,FIFA World Cup qualification,Maputo,Mozambique,False
2025-09-08,Guinea,Algeria,0.0,0.0,FIFA World Cup qualification,Casablanca,Morocco,True
2025-09-08,Uganda,Somalia,2.0,0.0,FIFA World Cup qualification,Kampala,Uganda,False
2025-09-08,Equatorial Guinea,Tunisia,0.0,1.0,FIFA World Cup qualification,Malabo,Equatorial Guinea,False
2025-09-08,Malawi,Liberia,2.0,2.0,FIFA World Cup qualification,Lilongwe,Malawi,False
2025-09-08,Madagascar,Chad,3.0,1.0,FIFA World Cup qualification,Casablanca,Morocco,True
2025-09-08,Ghana,Mali,1.0,0.0,FIFA World Cup qualification,Accra,Ghana,False
2025-09-08,Kosovo,Sweden,2.0,0.0,FIFA World Cup qualification,Pristina,Kosovo,False
2025-09-08,Switzerland,Slovenia,3.0,0.0,FIFA World Cup qualification,Basel,Switzerland,False
2025-09-08,Belarus,Scotland,0.0,2.0,FIFA World Cup qualification,Zalaegerszeg,Hungary,True
2025-09-08,Greece,Denmark,0.0,3.0,FIFA World Cup qualification,Athens,Greece,False
2025-09-08,Israel,Italy,4.0,5.0,FIFA World Cup qualification,Debrecen,Hungary,True
2025-09-08,Croatia,Montenegro,4.0,0.0,FIFA World Cup qualification,Zagreb,Croatia,False
2025-09-08,Gibraltar,Faroe Islands,0.0,1.0,FIFA World Cup qualification,Gibraltar,Gibraltar,False
2025-09-08,El Salvador,Suriname,1.0,2.0,FIFA World Cup qualification,San Salvador,El Salvador,False
2025-09-08,Panama,Guatemala,1.0,1.0,FIFA World Cup qualification,Panama City,Panama,False
2025-09-09,Estonia,Andorra,0.0,0.0,Friendly,Tallinn,Estonia,False
2025-09-09,Jordan,Dominican Republic,3.0,0.0,Friendly,Amman,Jordan,False
2025-09-09,Malta,San Marino,3.0,1.0,Friendly,Ta' Qali,Malta,False
2025-09-09,Mexico,South Korea,2.0,2.0,Friendly,Nashville,United States,True
2025-09-09,New Zealand,Australia,1.0,3.0,Soccer Ashes,Auckland,New Zealand,False
2025-09-09,Singapore,Myanmar,1.0,1.0,Friendly,Singapore,Singapore,False
2025-09-09,Sri Lanka,Maldives,1.0,1.0,Friendly,Colombo,Sri Lanka,False
2025-09-09,United States,Japan,2.0,0.0,Friendly,Columbus,United States,False
2025-09-09,Wales,Canada,0.0,1.0,Friendly,Cardiff,Wales,False
2025-09-09,Ecuador,Argentina,1.0,0.0,FIFA World Cup qualification,Guayaquil,Ecuador,False
2025-09-09,Peru,Paraguay,0.0,1.0,FIFA World Cup qualification,Lima,Peru,False
2025-09-09,Bolivia,Brazil,1.0,0.0,FIFA World Cup qualification,El Alto,Bolivia,False
2025-09-09,Venezuela,Colombia,3.0,6.0,FIFA World Cup qualification,Maturín,Venezuela,False
2025-09-09,Chile,Uruguay,0.0,0.0,FIFA World Cup qualification,Santiago,Chile,False
2025-09-09,Sierra Leone,Ethiopia,2.0,0.0,FIFA World Cup qualification,Monrovia,Liberia,True
2025-09-09,Burkina Faso,Egypt,0.0,0.0,FIFA World Cup qualification,Ouagadougou,Burkina Faso,False
2025-09-09,Togo,Sudan,1.0,0.0,FIFA World Cup qualification,Lomé,Togo,False
2025-09-09,DR Congo,Senegal,2.0,3.0,FIFA World Cup qualification,Kinshasa,DR Congo,False
2025-09-09,Mauritania,South Sudan,0.0,0.0,FIFA World Cup qualification,Nouadhibou,Mauritania,False
2025-09-09,Zimbabwe,Rwanda,0.0,1.0,FIFA World Cup qualification,Johannesburg,South Africa,True
2025-09-09,South Africa,Nigeria,1.0,1.0,FIFA World Cup qualification,Bloemfontein,South Africa,False
2025-09-09,Benin,Lesotho,4.0,0.0,FIFA World Cup qualification,Abidjan,Ivory Coast,True
2025-09-09,Cape Verde,Cameroon,1.0,0.0,FIFA World Cup qualification,Praia,Cape Verde,False
2025-09-09,Angola,Mauritius,3.0,1.0,FIFA World Cup qualification,Luanda,Angola,False
2025-09-09,Tanzania,Niger,0.0,1.0,FIFA World Cup qualification,Unguja,Tanzania,False
2025-09-09,Kenya,Seychelles,5.0,0.0,FIFA World Cup qualification,Nairobi,Kenya,False
2025-09-09,Gabon,Ivory Coast,0.0,0.0,FIFA World Cup qualification,Franceville,Gabon,False
2025-09-09,Gambia,Burundi,2.0,0.0,FIFA World Cup qualification,Nairobi,Kenya,True
2025-09-09,Namibia,São Tomé and Príncipe,3.0,0.0,FIFA World Cup qualification,Francistown,Botswana,True
2025-09-09,Azerbaijan,Ukraine,1.0,1.0,FIFA World Cup qualification,Baku,Azerbaijan,False
2025-09-09,France,Iceland,2.0,1.0,FIFA World Cup qualification,Paris,France,False
2025-09-09,Armenia,Republic of Ireland,2.0,1.0,FIFA World Cup qualification,Yerevan,Armenia,False
2025-09-09,Hungary,Portugal,2.0,3.0,FIFA World Cup qualification,Budapest,Hungary,False
2025-09-09,Bosnia and Herzegovina,Austria,1.0,2.0,FIFA World Cup qualification,Zenica,Bosnia and Herzegovina,False
2025-09-09,Cyprus,Romania,2.0,2.0,FIFA World Cup qualification,Nicosia,Cyprus,False
2025-09-09,Norway,Moldova,11.0,1.0,FIFA World Cup qualification,Oslo,Norway,False
2025-09-09,Albania,Latvia,1.0,0.0,FIFA World Cup qualification,Tirana,Albania,False
2025-09-09,Serbia,England,0.0,5.0,FIFA World Cup qualification,Belgrade,Serbia,False
2025-09-09,Jamaica,Trinidad and Tobago,2.0,0.0,FIFA World Cup qualification,Kingston,Jamaica,False
2025-09-09,Curaçao,Bermuda,3.0,2.0,FIFA World Cup qualification,Willemstad,Curaçao,False
2025-09-09,Costa Rica,Haiti,3.0,3.0,FIFA World Cup qualification,San José,Costa Rica,False
2025-09-09,Honduras,Nicaragua,2.0,0.0,FIFA World Cup qualification,Tegucigalpa,Honduras,False
2025-10-04,Saint Kitts and Nevis,Saint Martin,5.0,0.0,Friendly,Basseterre,Saint Kitts and Nevis,False
2025-10-05,Saint Kitts and Nevis,Saint Martin,2.0,1.0,Friendly,Basseterre,Saint Kitts and Nevis,False
2025-10-05,Saint Vincent and the Grenadines,Cuba,7.0,0.0,Friendly,Arnos Vale,Saint Vincent and the Grenadines,False
2025-10-08,Qatar,Oman,0.0,0.0,FIFA World Cup qualification,Al Rayyan,Qatar,False
2025-10-08,Saudi Arabia,Indonesia,3.0,2.0,FIFA World Cup qualification,Jeddah,Saudi Arabia,False
2025-10-08,Ethiopia,Guinea-Bissau,1.0,0.0,FIFA World Cup qualification,Kigali,Rwanda,True
2025-10-08,Sierra Leone,Burkina Faso,0.0,1.0,FIFA World Cup qualification,Monrovia,Liberia,True
2025-10-08,Djibouti,Egypt,0.0,3.0,FIFA World Cup qualification,Casablanca,Morocco,True
2025-10-08,Libya,Cape Verde,3.0,3.0,FIFA World Cup qualification,Tripoli,Libya,False
2025-10-08,Eswatini,Angola,2.0,2.0,FIFA World Cup qualification,Lobamba,Eswatini,False
2025-10-08,Mauritius,Cameroon,0.0,2.0,FIFA World Cup qualification,Saint Pierre,Mauritius,False
2025-10-08,Niger,Congo,3.0,1.0,FIFA World Cup qualification,Ouagadougou,Burkina Faso,True
2025-10-08,Tanzania,Zambia,0.0,1.0,FIFA World Cup qualification,Unguja,Tanzania,False
2025-10-08,Comoros,Madagascar,1.0,2.0,FIFA World Cup qualification,Abidjan,Ivory Coast,True
2025-10-08,Central African Republic,Ghana,0.0,5.0,FIFA World Cup qualification,El Jadida,Morocco,True
2025-10-08,Chad,Mali,0.0,2.0,FIFA World Cup qualification,N'Djamena,Chad,False
2025-10-08,Gibraltar,New Caledonia,0.0,2.0,Friendly,Gibraltar,Gibraltar,False
2025-10-08,Saint Vincent and the Grenadines,Cuba,1.0,0.0,Friendly,Arnos Vale,Saint Vincent and the Grenadines,False
2025-10-09,England,Wales,3.0,0.0,Friendly,London,England,False
2025-10-09,Poland,New Zealand,1.0,0.0,Friendly,Chorzów,Poland,False
2025-10-09,Romania,Moldova,2.0,1.0,Friendly,Bucharest,Romania,False
2025-10-09,Morocco,Bahrain,1.0,0.0,Friendly,Rabat,Morocco,False
2025-10-09,Grenada,British Virgin Islands,4.0,1.0,Friendly,St. George's,Grenada,False
2025-10-09,Burundi,Kenya,0.0,1.0,FIFA World Cup qualification,Bujumbura,Burundi,False
2025-10-09,Algeria,Somalia,3.0,0.0,FIFA World Cup qualification,Bir El Djir,Algeria,False
2025-10-09,Botswana,Uganda,0.0,1.0,FIFA World Cup qualification,Francistown,Botswana,False
2025-10-09,Mozambique,Guinea,1.0,2.0,FIFA World Cup qualification,Maputo,Mozambique,False
2025-10-09,Malawi,Equatorial Guinea,3.0,0.0,FIFA World Cup qualification,Lilongwe,Malawi,False
2025-10-09,Scotland,Greece,3.0,1.0,FIFA World Cup qualification,Glasgow,Scotland,False
2025-10-09,Belarus,Denmark,0.0,6.0,FIFA World Cup qualification,Zalaegerszeg,Hungary,True
2025-10-09,Malta,Netherlands,0.0,4.0,FIFA World Cup qualification,Ta' Qali,Malta,False
2025-10-09,Finland,Lithuania,2.0,1.0,FIFA World Cup qualification,Helsinki,Finland,False
2025-10-09,Austria,San Marino,10.0,0.0,FIFA World Cup qualification,Vienna,Austria,False
2025-10-09,Cyprus,Bosnia and Herzegovina,2.0,2.0,FIFA World Cup qualification,Larnaca,Cyprus,False
2025-10-09,Faroe Islands,Montenegro,4.0,0.0,FIFA World Cup qualification,Tórshavn,Faroe Islands,False
2025-10-09,Czech Republic,Croatia,0.0,0.0,FIFA World Cup qualification,Prague,Czech Republic,False
2025-10-09,Tajikistan,Maldives,2.0,0.0,AFC Asian Cup qualification,Hisor,Tajikistan,False
2025-10-09,Timor-Leste,Philippines,1.0,4.0,AFC Asian Cup qualification,Darwin,Australia,True
2025-10-09,Brunei,Yemen,0.0,2.0,AFC Asian Cup qualification,Bandar Seri Begawan,Brunei,False
2025-10-09,Lebanon,Bhutan,2.0,0.0,AFC Asian Cup qualification,Doha,Qatar,True
2025-10-09,Singapore,India,1.0,1.0,AFC Asian Cup qualification,Kallang,Singapore,False
2025-10-09,Bangladesh,Hong Kong,3.0,4.0,AFC Asian Cup qualification,Dhaka,Bangladesh,False
2025-10-09,Sri Lanka,Turkmenistan,1.0,0.0,AFC Asian Cup qualification,Colombo,Sri Lanka,False
2025-10-09,Thailand,Taiwan,2.0,0.0,AFC Asian Cup qualification,Bangkok,Thailand,False
2025-10-09,Pakistan,Afghanistan,0.0,0.0,AFC Asian Cup qualification,Islamabad,Pakistan,False
2025-10-09,Syria,Myanmar,5.0,1.0,AFC Asian Cup qualification,Al Hofuf,Saudi Arabia,True
2025-10-09,Laos,Malaysia,0.0,3.0,AFC Asian Cup qualification,Vientiane,Laos,False
2025-10-09,Vietnam,Nepal,3.0,1.0,AFC Asian Cup qualification,Ho Chi Minh City,Vietnam,False
2025-10-09,Liberia,Namibia,3.0,1.0,FIFA World Cup qualification,Monrovia,Liberia,False
2025-10-09,Nicaragua,Haiti,0.0,3.0,FIFA World Cup qualification,Managua,Nicaragua,False
2025-10-09,Honduras,Costa Rica,0.0,0.0,FIFA World Cup qualification,San Pedro Sula,Honduras,False
2025-10-10,Argentina,Venezuela,1.0,0.0,Friendly,Miami Gardens,United States,True
2025-10-10,Chile,Peru,2.0,1.0,Friendly,Santiago,Chile,False
2025-10-10,Canada,Australia,0.0,1.0,Friendly,Montreal,Canada,False
2025-10-10,Russia,Iran,2.0,1.0,Friendly,Volgograd,Russia,False
2025-10-10,Japan,Paraguay,2.0,2.0,Kirin Cup,Osaka,Japan,False
2025-10-10,Uzbekistan,Kuwait,2.0,0.0,Friendly,Tashkent,Uzbekistan,False
2025-10-10,Jordan,Bolivia,0.0,1.0,Friendly,Istanbul,Turkey,True
2025-10-10,South Korea,Brazil,0.0,5.0,Friendly,Seoul,South Korea,False
2025-10-10,Uruguay,Dominican Republic,1.0,0.0,Friendly,Kuala Lumpur,Malaysia,True
2025-10-10,United States,Ecuador,1.0,1.0,Friendly,Austin,United States,False
2025-10-10,Togo,DR Congo,0.0,1.0,FIFA World Cup qualification,Lomé,Togo,False
2025-10-10,South Sudan,Senegal,0.0,5.0,FIFA World Cup qualification,Juba,South Sudan,False
2025-10-10,Sudan,Mauritania,0.0,0.0,FIFA World Cup qualification,Dar es Salaam,Tanzania,True
2025-10-10,Lesotho,Nigeria,1.0,2.0,FIFA World Cup qualification,Polokwane,South Africa,True
2025-10-10,Rwanda,Benin,0.0,1.0,FIFA World Cup qualification,Kigali,Rwanda,False
2025-10-10,South Africa,Zimbabwe,0.0,0.0,FIFA World Cup qualification,Durban,South Africa,False
2025-10-10,Gambia,Gabon,3.0,4.0,FIFA World Cup qualification,Nairobi,Kenya,True
2025-10-10,Seychelles,Ivory Coast,0.0,7.0,FIFA World Cup qualification,Saint Pierre,Mauritius,True
2025-10-10,Tunisia,São Tomé and Príncipe,6.0,0.0,FIFA World Cup qualification,Radès,Tunisia,False
2025-10-10,Northern Ireland,Slovakia,2.0,0.0,FIFA World Cup qualification,Belfast,Northern Ireland,False
2025-10-10,Germany,Luxembourg,4.0,0.0,FIFA World Cup qualification,Sinsheim,Germany,False
2025-10-10,Kosovo,Slovenia,0.0,0.0,FIFA World Cup qualification,Pristina,Kosovo,False
2025-10-10,Sweden,Switzerland,0.0,2.0,FIFA World Cup qualification,Solna,Sweden,False
2025-10-10,Iceland,Ukraine,3.0,5.0,FIFA World Cup qualification,Reykjavík,Iceland,False
2025-10-10,France,Azerbaijan,3.0,0.0,FIFA World Cup qualification,Paris,France,False
2025-10-10,Kazakhstan,Liechtenstein,4.0,0.0,FIFA World Cup qualification,Astana,Kazakhstan,False
2025-10-10,Belgium,North Macedonia,0.0,0.0,FIFA World Cup qualification,Gent,Belgium,False
2025-10-10,Suriname,Guatemala,1.0,1.0,FIFA World Cup qualification,Paramaribo,Suriname,False
2025-10-10,El Salvador,Panama,0.0,1.0,FIFA World Cup qualification,San Salvador,El Salvador,False
2025-10-10,Bermuda,Trinidad and Tobago,0.0,3.0,FIFA World Cup qualification,Devonshire Parish,Bermuda,False
2025-10-10,Curaçao,Jamaica,2.0,0.0,FIFA World Cup qualification,Willemstad,Curaçao,False
2025-10-11,Grenada,Cuba,2.0,0.0,Friendly,St. George's,Grenada,False
2025-10-11,Mexico,Colombia,0.0,4.0,Friendly,Arlington,United States,True
2025-10-11,United Arab Emirates,Oman,2.0,1.0,FIFA World Cup qualification,Al Rayyan,Qatar,True
2025-10-11,Iraq,Indonesia,1.0,0.0,FIFA World Cup qualification,Jeddah,Saudi Arabia,True
2025-10-11,Spain,Georgia,2.0,0.0,FIFA World Cup qualification,Elche,Spain,False
2025-10-11,Bulgaria,Turkey,1.0,6.0,FIFA World Cup qualification,Sofia,Bulgaria,False
2025-10-11,Hungary,Armenia,2.0,0.0,FIFA World Cup qualification,Budapest,Hungary,False
2025-10-11,Portugal,Republic of Ireland,1.0,0.0,FIFA World Cup qualification,Lisbon,Portugal,False
2025-10-11,Norway,Israel,5.0,0.0,FIFA World Cup qualification,Oslo,Norway,False
2025-10-11,Estonia,Italy,1.0,3.0,FIFA World Cup qualification,Tallinn,Estonia,False
2025-10-11,Latvia,Andorra,2.0,2.0,FIFA World Cup qualification,Riga,Latvia,False
2025-10-11,Serbia,Albania,0.0,1.0,FIFA World Cup qualification,Leskovac,Serbia,False
2025-10-12,Malta,Bosnia and Herzegovina,1.0,4.0,Friendly,Ta' Qali,Malta,False
2025-10-12,Burkina Faso,Ethiopia,3.0,1.0,FIFA World Cup qualification,Ouagadougou,Burkina Faso,False
2025-10-12,Djibouti,Sierra Leone,1.0,2.0,FIFA World Cup qualification,Casablanca,Morocco,True
2025-10-12,Egypt,Guinea-Bissau,1.0,0.0,FIFA World Cup qualification,Cairo,Egypt,False
2025-10-12,Zambia,Niger,0.0,1.0,FIFA World Cup qualification,Ndola,Zambia,False
2025-10-12,Chad,Central African Republic,2.0,3.0,FIFA World Cup qualification,N'Djamena,Chad,False
2025-10-12,Ghana,Comoros,1.0,0.0,FIFA World Cup qualification,Accra,Ghana,False
2025-10-12,Mali,Madagascar,4.0,1.0,FIFA World Cup qualification,Bamako,Mali,False
2025-10-12,Scotland,Belarus,2.0,1.0,FIFA World Cup qualification,Glasgow,Scotland,False
2025-10-12,Denmark,Greece,3.0,1.0,FIFA World Cup qualification,Copenhagen,Denmark,False
2025-10-12,Netherlands,Finland,4.0,0.0,FIFA World Cup qualification,Amsterdam,Netherlands,False
2025-10-12,Lithuania,Poland,0.0,2.0,FIFA World Cup qualification,Kaunas,Lithuania,False
2025-10-12,San Marino,Cyprus,0.0,4.0,FIFA World Cup qualification,Serravalle,San Marino,False
2025-10-12,Romania,Austria,1.0,0.0,FIFA World Cup qualification,Bucharest,Romania,False
2025-10-12,Faroe Islands,Czech Republic,2.0,1.0,FIFA World Cup qualification,Tórshavn,Faroe Islands,False
2025-10-12,Croatia,Gibraltar,3.0,0.0,FIFA World Cup qualification,Varaždin,Croatia,False
2025-10-13,Montenegro,Liechtenstein,2.0,1.0,Friendly,Podgorica,Montenegro,False
2025-10-13,Uzbekistan,Uruguay,1.0,2.0,Friendly,Malacca City,Malaysia,True
2025-10-13,South Sudan,Togo,0.0,0.0,FIFA World Cup qualification,Juba,South Sudan,False
2025-10-13,Lesotho,Zimbabwe,1.0,0.0,FIFA World Cup qualification,Polokwane,South Africa,True
2025-10-13,Cape Verde,Eswatini,3.0,0.0,FIFA World Cup qualification,Praia,Cape Verde,False
2025-10-13,Cameroon,Angola,0.0,0.0,FIFA World Cup qualification,Yaoundé,Cameroon,False
2025-10-13,Mauritius,Libya,0.0,0.0,FIFA World Cup qualification,Saint Pierre,Mauritius,False
2025-10-13,Equatorial Guinea,Liberia,1.0,1.0,FIFA World Cup qualification,Malabo,Equatorial Guinea,False
2025-10-13,São Tomé and Príncipe,Malawi,1.0,0.0,FIFA World Cup qualification,Sousse,Tunisia,True
2025-10-13,Tunisia,Namibia,3.0,0.0,FIFA World Cup qualification,Radès,Tunisia,False
2025-10-13,Northern Ireland,Germany,0.0,1.0,FIFA World Cup qualification,Belfast,Northern Ireland,False
2025-10-13,Slovakia,Luxembourg,2.0,0.0,FIFA World Cup qualification,Trnava,Slovakia,False
2025-10-13,Slovenia,Switzerland,0.0,0.0,FIFA World Cup qualification,Ljubljana,Slovenia,False
2025-10-13,Sweden,Kosovo,0.0,1.0,FIFA World Cup qualification,Gothenburg,Sweden,False
2025-10-13,Iceland,France,2.0,2.0,FIFA World Cup qualification,Reykjavík,Iceland,False
2025-10-13,Ukraine,Azerbaijan,2.0,1.0,FIFA World Cup qualification,Kraków,Poland,True
2025-10-13,Wales,Belgium,2.0,4.0,FIFA World Cup qualification,Cardiff,Wales,False
2025-10-13,North Macedonia,Kazakhstan,1.0,1.0,FIFA World Cup qualification,Skopje,North Macedonia,False
2025-10-13,Honduras,Haiti,3.0,0.0,FIFA World Cup qualification,Tegucigalpa,Honduras,False
2025-10-13,Costa Rica,Nicaragua,4.0,1.0,FIFA World Cup qualification,San José,Costa Rica,False
2025-10-14,Albania,Jordan,4.0,2.0,Friendly,Tirana,Albania,False
2025-10-14,Japan,Brazil,3.0,2.0,Kirin Cup,Tokyo,Japan,False
2025-10-14,Iran,Tanzania,2.0,0.0,Friendly,Dubai,United Arab Emirates,True
2025-10-14,Canada,Colombia,0.0,0.0,Friendly,Harrison,United States,True
2025-10-14,South Korea,Paraguay,2.0,0.0,Friendly,Seoul,South Korea,False
2025-10-14,Mexico,Ecuador,1.0,1.0,Friendly,Zapopan,Mexico,False
2025-10-14,Norway,New Zealand,1.0,1.0,Friendly,Oslo,Norway,False
2025-10-14,Puerto Rico,Argentina,0.0,6.0,Friendly,Fort Lauderdale,United States,True
2025-10-14,Russia,Bolivia,3.0,0.0,Friendly,Moscow,Russia,False
2025-10-14,United States,Australia,2.0,1.0,Friendly,Denver,United States,False
2025-10-14,Qatar,United Arab Emirates,2.0,1.0,FIFA World Cup qualification,Al Rayyan,Qatar,False
2025-10-14,Saudi Arabia,Iraq,0.0,0.0,FIFA World Cup qualification,Jeddah,Saudi Arabia,False
2025-10-14,Senegal,Mauritania,4.0,0.0,FIFA World Cup qualification,Diamniadio,Senegal,False
2025-10-14,DR Congo,Sudan,1.0,0.0,FIFA World Cup qualification,Kinshasa,DR Congo,False
2025-10-14,Nigeria,Benin,4.0,0.0,FIFA World Cup qualification,Uyo,Nigeria,False
2025-10-14,South Africa,Rwanda,3.0,0.0,FIFA World Cup qualification,Mbombela,South Africa,False
2025-10-14,Morocco,Congo,1.0,0.0,FIFA World Cup qualification,Rabat,Morocco,False
2025-10-14,Seychelles,Gambia,0.0,7.0,FIFA World Cup qualification,Saint Pierre,Mauritius,True
2025-10-14,Ivory Coast,Kenya,3.0,0.0,FIFA World Cup qualification,Ebimpé,Ivory Coast,False
2025-10-14,Gabon,Burundi,2.0,0.0,FIFA World Cup qualification,Franceville,Gabon,False
2025-10-14,Algeria,Uganda,2.0,1.0,FIFA World Cup qualification,Tizi Ouzou,Algeria,False
2025-10-14,Guinea,Botswana,2.0,2.0,FIFA World Cup qualification,Casablanca,Morocco,True
2025-10-14,Somalia,Mozambique,0.0,1.0,FIFA World Cup qualification,Bir El Djir,Algeria,True
2025-10-14,Spain,Bulgaria,4.0,0.0,FIFA World Cup qualification,Valladolid,Spain,False
2025-10-14,Turkey,Georgia,4.0,1.0,FIFA World Cup qualification,Izmit,Turkey,False
2025-10-14,Portugal,Hungary,2.0,2.0,FIFA World Cup qualification,Lisbon,Portugal,False
2025-10-14,Republic of Ireland,Armenia,1.0,0.0,FIFA World Cup qualification,Dublin,Republic of Ireland,False
2025-10-14,Estonia,Moldova,1.0,1.0,FIFA World Cup qualification,Tallinn,Estonia,False
2025-10-14,Italy,Israel,3.0,0.0,FIFA World Cup qualification,Udine,Italy,False
2025-10-14,Andorra,Serbia,1.0,3.0,FIFA World Cup qualification,Encamp,Andorra,False
2025-10-14,Latvia,England,0.0,5.0,FIFA World Cup qualification,Riga,Latvia,False
2025-10-14,Maldives,Tajikistan,0.0,3.0,AFC Asian Cup qualification,Malé,Maldives,False
2025-10-14,Philippines,Timor-Leste,3.0,1.0,AFC Asian Cup qualification,Capas,Philippines,False
2025-10-14,Bhutan,Lebanon,0.0,4.0,AFC Asian Cup qualification,Al Wakrah,Qatar,True
2025-10-14,Yemen,Brunei,9.0,0.0,AFC Asian Cup qualification,Kuwait City,Kuwait,True
2025-10-14,India,Singapore,1.0,2.0,AFC Asian Cup qualification,Margao,India,False
2025-10-14,Hong Kong,Bangladesh,1.0,1.0,AFC Asian Cup qualification,Kowloon,Hong Kong,False
2025-10-14,Taiwan,Thailand,1.0,6.0,AFC Asian Cup qualification,Taipei,Taiwan,False
2025-10-14,Turkmenistan,Sri Lanka,2.0,1.0,AFC Asian Cup qualification,Arkadag,Turkmenistan,False
2025-10-14,Myanmar,Syria,0.0,3.0,AFC Asian Cup qualification,Yangon,Myanmar,False
2025-10-14,Afghanistan,Pakistan,1.0,1.0,AFC Asian Cup qualification,Al Farwaniyah,Kuwait,True
2025-10-14,Vietnam,Nepal,1.0,0.0,AFC Asian Cup qualification,Ho Chi Minh City,Vietnam,False
2025-10-14,Malaysia,Laos,5.0,1.0,AFC Asian Cup qualification,Kuala Lumpur,Malaysia,False
2025-10-14,Panama,Suriname,1.0,1.0,FIFA World Cup qualification,Panama City,Panama,False
2025-10-14,El Salvador,Guatemala,0.0,1.0,FIFA World Cup qualification,San Salvador,El Salvador,False
2025-10-14,Curaçao,Trinidad and Tobago,1.0,1.0,FIFA World Cup qualification,Willemstad,Curaçao,False
2025-10-14,Jamaica,Bermuda,4.0,0.0,FIFA World Cup qualification,Kingston,Jamaica,False
2025-11-12,Tunisia,Mauritania,1.0,1.0,Friendly,Radès,Tunisia,False
2025-11-12,Russia,Peru,1.0,1.0,Friendly,Saint Petersburg,Russia,False
2025-11-12,Cuba,Saint Lucia,3.0,0.0,CONCACAF Series,Santiago de los Caballeros,Dominican Republic,True
2025-11-12,Dominican Republic,Saint Vincent and the Grenadines,2.0,0.0,CONCACAF Series,Santiago de los Caballeros,Dominican Republic,False
2025-11-12,Dominica,Saint Martin,1.0,2.0,CONCACAF Series,Basseterre,Saint Kitts and Nevis,True
2025-11-12,Saint Kitts and Nevis,Sint Maarten,0.0,0.0,CONCACAF Series,Basseterre,Saint Kitts and Nevis,False
2025-11-12,Barbados,Bonaire,3.0,2.0,CONCACAF Series,North Sound,Antigua and Barbuda,True
2025-11-12,Antigua and Barbuda,Aruba,0.0,0.0,CONCACAF Series,North Sound,Antigua and Barbuda,False
2025-11-12,Bahamas,Anguilla,1.0,2.0,CONCACAF Series,George Town,Cayman Islands,True
2025-11-12,Cayman Islands,British Virgin Islands,1.0,2.0,CONCACAF Series,George Town,Cayman Islands,False
2025-11-13,Algeria,Zimbabwe,3.0,1.0,Friendly,Jeddah,Saudi Arabia,True
2025-11-13,Bangladesh,Nepal,2.0,2.0,Friendly,Dhaka,Bangladesh,False
2025-11-13,Canada,Ecuador,0.0,0.0,Friendly,Toronto,Canada,False
2025-11-13,Czech Republic,San Marino,1.0,0.0,Friendly,Karviná,Czech Republic,False
2025-11-13,Hong Kong,Cambodia,1.0,1.0,Friendly,Hong Kong,Hong Kong,False
2025-11-13,Lithuania,Israel,0.0,0.0,Friendly,Kaunas,Lithuania,False
2025-11-13,North Macedonia,Latvia,0.0,0.0,Friendly,Skopje,North Macedonia,False
2025-11-13,Thailand,Singapore,3.0,2.0,Friendly,Pathum Thani,Thailand,False
2025-11-13,United Arab Emirates,Iraq,1.0,1.0,FIFA World Cup qualification,Abu Dhabi,United Arab Emirates,False
2025-11-13,Cameroon,DR Congo,0.0,1.0,FIFA World Cup qualification,Rabat,Morocco,True
2025-11-13,Nigeria,Gabon,4.0,1.0,FIFA World Cup qualification,Rabat,Morocco,True
2025-11-13,France,Ukraine,4.0,0.0,FIFA World Cup qualification,Paris,France,False
2025-11-13,Azerbaijan,Iceland,0.0,2.0,FIFA World Cup qualification,Baku,Azerbaijan,False
2025-11-13,Republic of Ireland,Portugal,2.0,0.0,FIFA World Cup qualification,Dublin,Republic of Ireland,False
2025-11-13,Armenia,Hungary,0.0,1.0,FIFA World Cup qualification,Yerevan,Armenia,False
2025-11-13,Norway,Estonia,4.0,1.0,FIFA World Cup qualification,Oslo,Norway,False
2025-11-13,Moldova,Italy,0.0,2.0,FIFA World Cup qualification,Chișinău,Moldova,False
2025-11-13,England,Serbia,2.0,0.0,FIFA World Cup qualification,London,England,False
2025-11-13,Andorra,Albania,0.0,1.0,FIFA World Cup qualification,Encamp,Andorra,False
2025-11-13,Iran,Cape Verde,0.0,0.0,Al Ain International Cup,Al Ain,United Arab Emirates,True
2025-11-13,Papua New Guinea,Solomon Islands,1.0,0.0,MSG Prime Minister's Cup,Port Moresby,Papua New Guinea,False
2025-11-13,Suriname,El Salvador,4.0,0.0,FIFA World Cup qualification,Paramaribo,Suriname,False
2025-11-13,Guatemala,Panama,2.0,3.0,FIFA World Cup qualification,Guatemala City,Guatemala,False
2025-11-13,Bermuda,Curaçao,0.0,7.0,FIFA World Cup qualification,Devonshire Parish,Bermuda,False
2025-11-13,Trinidad and Tobago,Jamaica,1.0,1.0,FIFA World Cup qualification,Port of Spain,Trinidad and Tobago,False
2025-11-13,Haiti,Costa Rica,1.0,0.0,FIFA World Cup qualification,Willemstad,Curaçao,True
2025-11-13,Nicaragua,Honduras,2.0,0.0,FIFA World Cup qualification,Managua,Nicaragua,False
2025-11-14,Angola,Argentina,0.0,2.0,Friendly,Luanda,Angola,False
2025-11-14,Australia,Venezuela,0.0,1.0,Friendly,Houston,United States,True
2025-11-14,South Korea,Bolivia,2.0,0.0,Friendly,Daejeon,South Korea,False
2025-11-14,Morocco,Mozambique,1.0,0.0,Friendly,Tangier,Morocco,False
2025-11-14,Oman,Sudan,2.0,0.0,Friendly,Seeb,Oman,False
2025-11-14,Comoros,Namibia,1.0,0.0,Friendly,Iconi,Comoros,False
2025-11-14,Uganda,Chad,2.0,1.0,Friendly,Berrechid,Morocco,True
2025-11-14,Burkina Faso,Niger,3.0,2.0,Friendly,Mohammedia,Morocco,True
2025-11-14,Japan,Ghana,2.0,0.0,Kirin Cup,Toyota,Japan,False
2025-11-14,Saudi Arabia,Ivory Coast,1.0,0.0,Friendly,Jeddah,Saudi Arabia,False
2025-11-14,Tunisia,Jordan,3.0,2.0,Friendly,Radès,Tunisia,False
2025-11-14,Luxembourg,Germany,0.0,2.0,FIFA World Cup qualification,Luxembourg,Luxembourg,False
2025-11-14,Slovakia,Northern Ireland,1.0,0.0,FIFA World Cup qualification,Košice,Slovakia,False
2025-11-14,Finland,Malta,0.0,1.0,FIFA World Cup qualification,Helsinki,Finland,False
2025-11-14,Poland,Netherlands,1.0,1.0,FIFA World Cup qualification,Warsaw,Poland,False
2025-11-14,Croatia,Faroe Islands,3.0,1.0,FIFA World Cup qualification,Rijeka,Croatia,False
2025-11-14,Gibraltar,Montenegro,1.0,2.0,FIFA World Cup qualification,Gibraltar,Gibraltar,False
2025-11-14,Uzbekistan,Egypt,2.0,0.0,Al Ain International Cup,Al Ain,United Arab Emirates,True
2025-11-15,Russia,Chile,0.0,2.0,Friendly,Sochi,Russia,False
2025-11-15,Libya,Mauritania,1.0,0.0,Friendly,Benina,Libya,False
2025-11-15,Kuwait,Tanzania,4.0,3.0,Friendly,Cairo,Egypt,True
2025-11-15,Lesotho,Malawi,0.0,0.0,Friendly,Bloemfontein,South Africa,True
2025-11-15,Guinea,Liberia,2.0,0.0,Friendly,Casablanca,Morocco,True
2025-11-15,Brazil,Senegal,2.0,0.0,Friendly,London,England,True
2025-11-15,Colombia,New Zealand,2.0,1.0,Friendly,Fort Lauderdale,United States,True
2025-11-15,Mexico,Uruguay,0.0,0.0,Friendly,Torreón,Mexico,False
2025-11-15,South Africa,Zambia,3.0,1.0,Friendly,Gqeberha,South Africa,False
2025-11-15,United States,Paraguay,2.0,1.0,Friendly,Chester,United States,False
2025-11-15,Slovenia,Kosovo,0.0,2.0,FIFA World Cup qualification,Ljubljana,Slovenia,False
2025-11-15,Switzerland,Sweden,4.0,1.0,FIFA World Cup qualification,Geneva,Switzerland,False
2025-11-15,Denmark,Belarus,2.0,2.0,FIFA World Cup qualification,Copenhagen,Denmark,False
2025-11-15,Greece,Scotland,3.0,2.0,FIFA World Cup qualification,Piraeus,Greece,False
2025-11-15,Turkey,Bulgaria,2.0,0.0,FIFA World Cup qualification,Bursa,Turkey,False
2025-11-15,Georgia,Spain,0.0,4.0,FIFA World Cup qualification,Tbilisi,Georgia,False
2025-11-15,Cyprus,Austria,0.0,2.0,FIFA World Cup qualification,Limassol,Cyprus,False
2025-11-15,Bosnia and Herzegovina,Romania,3.0,1.0,FIFA World Cup qualification,Zenica,Bosnia and Herzegovina,False
2025-11-15,Liechtenstein,Wales,0.0,1.0,FIFA World Cup qualification,Vaduz,Liechtenstein,False
2025-11-15,Kazakhstan,Belgium,1.0,1.0,FIFA World Cup qualification,Astana,Kazakhstan,False
2025-11-15,Martinique,Cuba,0.0,2.0,CONCACAF Series,Santiago de los Caballeros,Dominican Republic,True
2025-11-15,Saint Vincent and the Grenadines,Saint Lucia,3.0,1.0,CONCACAF Series,Santiago de los Caballeros,Dominican Republic,True
2025-11-15,Dominica,Sint Maarten,2.0,3.0,CONCACAF Series,Basseterre,Saint Kitts and Nevis,True
2025-11-15,Saint Martin,Belize,0.0,1.0,CONCACAF Series,Basseterre,Saint Kitts and Nevis,True
2025-11-15,Barbados,Aruba,0.0,3.0,CONCACAF Series,North Sound,Antigua and Barbuda,True
2025-11-15,Guyana,Bonaire,2.0,1.0,CONCACAF Series,North Sound,Antigua and Barbuda,True
2025-11-15,Bahamas,British Virgin Islands,0.0,6.0,CONCACAF Series,George Town,Cayman Islands,True
2025-11-15,Cayman Islands,Anguilla,4.0,0.0,CONCACAF Series,George Town,Cayman Islands,False
2025-11-16,Nigeria,DR Congo,1.0,1.0,FIFA World Cup qualification,Rabat,Morocco,True
2025-11-16,Ukraine,Iceland,2.0,0.0,FIFA World Cup qualification,Warsaw,Poland,True
2025-11-16,Azerbaijan,France,1.0,3.0,FIFA World Cup qualification,Baku,Azerbaijan,False
2025-11-16,Portugal,Armenia,9.0,1.0,FIFA World Cup qualification,Porto,Portugal,False
2025-11-16,Hungary,Republic of Ireland,2.0,3.0,FIFA World Cup qualification,Budapest,Hungary,False
2025-11-16,Moldova,Israel,1.0,4.0,FIFA World Cup qualification,Chișinău,Moldova,False
2025-11-16,Italy,Norway,1.0,4.0,FIFA World Cup qualification,Milan,Italy,False
2025-11-16,Albania,England,0.0,2.0,FIFA World Cup qualification,Tirana,Albania,False
2025-11-16,Serbia,Latvia,2.0,1.0,FIFA World Cup qualification,Leskovac,Serbia,False
2025-11-17,Comoros,Namibia,4.0,0.0,Friendly,Iconi,Comoros,False
2025-11-17,Mozambique,Chad,2.0,2.0,Friendly,Berrechid,Morocco,True
2025-11-17,Madagascar,Equatorial Guinea,2.0,0.0,Friendly,Antalya,Turkey,True
2025-11-17,Finland,Andorra,4.0,0.0,Friendly,Tampere,Finland,False
2025-11-17,Qatar,Zimbabwe,1.0,2.0,Friendly,Ar-Rayyan,Qatar,False
2025-11-17,Bahrain,Somalia,1.0,2.0,Friendly,Riffa,Bahrain,False
2025-11-17,Northern Ireland,Luxembourg,1.0,0.0,FIFA World Cup qualification,Belfast,Northern Ireland,False
2025-11-17,Germany,Slovakia,6.0,0.0,FIFA World Cup qualification,Leipzig,Germany,False
2025-11-17,Malta,Poland,2.0,3.0,FIFA World Cup qualification,Ta' Qali,Malta,False
2025-11-17,Netherlands,Lithuania,4.0,0.0,FIFA World Cup qualification,Amsterdam,Netherlands,False
2025-11-17,Czech Republic,Gibraltar,6.0,0.0,FIFA World Cup qualification,Olomouc,Czech Republic,False
2025-11-17,Montenegro,Croatia,2.0,3.0,FIFA World Cup qualification,Podgorica,Montenegro,False
2025-11-17,Cape Verde,Egypt,1.0,1.0,Al Ain International Cup,Al Ain,United Arab Emirates,True
2025-11-17,Vanuatu,Fiji,2.0,0.0,MSG Prime Minister's Cup,Port Moresby,Papua New Guinea,True
2025-11-18,Angola,Zambia,3.0,2.0,Friendly,Luanda,Angola,False
2025-11-18,Morocco,Uganda,4.0,0.0,Friendly,Tangier,Morocco,False
2025-11-18,Oman,Ivory Coast,0.0,2.0,Friendly,Seeb,Oman,False
2025-11-18,Saudi Arabia,Algeria,0.0,2.0,Friendly,Jeddah,Saudi Arabia,False
2025-11-18,Guinea,Niger,1.0,1.0,Friendly,Mohammedia,Morocco,True
2025-11-18,Kenya,Senegal,0.0,8.0,Friendly,Antalya,Turkey,True
2025-11-18,Benin,Burkina Faso,0.0,3.0,Friendly,Mohammedia,Morocco,True
2025-11-18,Japan,Bolivia,3.0,0.0,Kirin Cup,Tokyo,Japan,False
2025-11-18,Mali,Jordan,3.0,2.0,Friendly,Radès,Tunisia,True
2025-11-18,Kuwait,Gambia,2.0,2.0,Friendly,Cairo,Egypt,True
2025-11-18,Lesotho,Malawi,0.0,1.0,Friendly,Bloemfontein,South Africa,True
2025-11-18,Maldives,Philippines,0.0,2.0,AFC Asian Cup qualification,Malé,Maldives,False
2025-11-18,Timor-Leste,Tajikistan,0.0,5.0,AFC Asian Cup qualification,Darwin,Australia,True
2025-11-18,Yemen,Bhutan,7.0,1.0,AFC Asian Cup qualification,Kuwait City,Kuwait,True
2025-11-18,Brunei,Lebanon,0.0,3.0,AFC Asian Cup qualification,Bandar Seri Begawan,Brunei,False
2025-11-18,Bangladesh,India,1.0,0.0,AFC Asian Cup qualification,Dhaka,Bangladesh,False
2025-11-18,Hong Kong,Singapore,1.0,2.0,AFC Asian Cup qualification,Kowloon,Hong Kong,False
2025-11-18,Sri Lanka,Thailand,0.0,4.0,AFC Asian Cup qualification,Colombo,Sri Lanka,False
2025-11-18,Turkmenistan,Taiwan,3.0,1.0,AFC Asian Cup qualification,Arkadag,Turkmenistan,False
2025-11-18,Pakistan,Syria,0.0,5.0,AFC Asian Cup qualification,Islamabad,Pakistan,False
2025-11-18,Malaysia,Nepal,1.0,0.0,AFC Asian Cup qualification,Kuala Lumpur,Malaysia,False
2025-11-18,Brazil,Tunisia,1.0,1.0,Friendly,Lille,France,True
2025-11-18,Canada,Venezuela,2.0,0.0,Friendly,Fort Lauderdale,United States,True
2025-11-18,Chile,Peru,2.0,1.0,Friendly,Sochi,Russia,True
2025-11-18,Colombia,Australia,3.0,0.0,Friendly,New York,United States,True
2025-11-18,Cyprus,Estonia,2.0,4.0,Friendly,Limassol,Cyprus,False
2025-11-18,Ecuador,New Zealand,2.0,0.0,Friendly,Harrison,United States,True
2025-11-18,Faroe Islands,Kazakhstan,1.0,0.0,Friendly,Pula,Croatia,True
2025-11-18,South Korea,Ghana,1.0,0.0,Friendly,Seoul,South Korea,False
2025-11-18,Mexico,Paraguay,1.0,2.0,Friendly,San Antonio,United States,True
2025-11-18,United States,Uruguay,5.0,1.0,Friendly,Tampa,United States,False
2025-11-18,Iraq,United Arab Emirates,2.0,1.0,FIFA World Cup qualification,Basra,Iraq,False
2025-11-18,Kosovo,Switzerland,1.0,1.0,FIFA World Cup qualification,Pristina,Kosovo,False
2025-11-18,Sweden,Slovenia,1.0,1.0,FIFA World Cup qualification,Solna,Sweden,False
2025-11-18,Scotland,Denmark,4.0,2.0,FIFA World Cup qualification,Glasgow,Scotland,False
2025-11-18,Belarus,Greece,0.0,0.0,FIFA World Cup qualification,Zalaegerszeg,Hungary,True
2025-11-18,Spain,Turkey,2.0,2.0,FIFA World Cup qualification,Seville,Spain,False
2025-11-18,Bulgaria,Georgia,2.0,1.0,FIFA World Cup qualification,Sofia,Bulgaria,False
2025-11-18,Austria,Bosnia and Herzegovina,1.0,1.0,FIFA World Cup qualification,Vienna,Austria,False
2025-11-18,Romania,San Marino,7.0,1.0,FIFA World Cup qualification,Ploiești,Romania,False
2025-11-18,Wales,North Macedonia,7.0,1.0,FIFA World Cup qualification,Cardiff,Wales,False
2025-11-18,Belgium,Liechtenstein,7.0,0.0,FIFA World Cup qualification,Liège,Belgium,False
2025-11-18,Dominican Republic,Martinique,0.0,0.0,CONCACAF Series,Santiago de los Caballeros,Dominican Republic,False
2025-11-18,Saint Kitts and Nevis,Belize,2.0,6.0,CONCACAF Series,Basseterre,Saint Kitts and Nevis,False
2025-11-18,Antigua and Barbuda,Guyana,1.0,4.0,CONCACAF Series,North Sound,Antigua and Barbuda,False
2025-11-18,Iran,Uzbekistan,0.0,0.0,Al Ain International Cup,Al Ain,United Arab Emirates,True
2025-11-18,Guatemala,Suriname,3.0,1.0,FIFA World Cup qualification,Guatemala City,Guatemala,False
2025-11-18,Panama,El Salvador,3.0,0.0,FIFA World Cup qualification,Panama City,Panama,False
2025-11-18,Jamaica,Curaçao,0.0,0.0,FIFA World Cup qualification,Kingston,Jamaica,False
2025-11-18,Trinidad and Tobago,Bermuda,2.0,2.0,FIFA World Cup qualification,Port of Spain,Trinidad and Tobago,False
2025-11-18,Costa Rica,Honduras,0.0,0.0,FIFA World Cup qualification,San José,Costa Rica,False
2025-11-18,Haiti,Nicaragua,2.0,0.0,FIFA World Cup qualification,Willemstad,Curaçao,True
2025-11-19,Laos,Vietnam,0.0,2.0,AFC Asian Cup qualification,Vientiane,Laos,False
2025-11-20,Vanuatu,Solomon Islands,2.0,1.0,MSG Prime Minister's Cup,Port Moresby,Papua New Guinea,True
2025-11-20,Papua New Guinea,Fiji,2.0,0.0,MSG Prime Minister's Cup,Port Moresby,Papua New Guinea,False
2025-11-23,Papua New Guinea,Vanuatu,2.0,2.0,MSG Prime Minister's Cup,Port Moresby,Papua New Guinea,False
2025-11-25,Mauritania,Kuwait,0.0,2.0,Arab Cup qualification,Al Rayyan,Qatar,True
2025-11-25,Syria,South Sudan,2.0,0.0,Arab Cup qualification,Doha,Qatar,True
2025-11-25,Palestine,Libya,0.0,0.0,Arab Cup qualification,Al Rayyan,Qatar,True
2025-11-26,Oman,Somalia,0.0,0.0,Arab Cup qualification,Doha,Qatar,True
2025-11-26,Bahrain,Djibouti,1.0,0.0,Arab Cup qualification,Al Rayyan,Qatar,True
2025-11-26,Sudan,Lebanon,2.0,1.0,Arab Cup qualification,Al Rayyan,Qatar,True
2025-11-26,Comoros,Yemen,4.0,4.0,Arab Cup qualification,Doha,Qatar,True
2025-12-01,Tunisia,Syria,0.0,1.0,Arab Cup,Al Rayyan,Qatar,True
2025-12-01,Qatar,Palestine,0.0,1.0,Arab Cup,Al Khor,Qatar,False
2025-12-02,Morocco,Comoros,3.0,1.0,Arab Cup,Al Rayyan,Qatar,True
2025-12-02,Saudi Arabia,Oman,2.0,1.0,Arab Cup,Al Rayyan,Qatar,True
2025-12-02,Egypt,Kuwait,1.0,1.0,Arab Cup,Lusail,Qatar,True
2025-12-03,Jordan,United Arab Emirates,2.0,1.0,Arab Cup,Al Khor,Qatar,True
2025-12-03,Algeria,Sudan,0.0,0.0,Arab Cup,Al Rayyan,Qatar,True
2025-12-03,Iraq,Bahrain,2.0,1.0,Arab Cup,Doha,Qatar,True
2025-12-04,Palestine,Tunisia,2.0,2.0,Arab Cup,Lusail,Qatar,True
2025-12-04,Qatar,Syria,1.0,1.0,Arab Cup,Al Rayyan,Qatar,False
2025-12-05,Oman,Morocco,0.0,0.0,Arab Cup,Al Rayyan,Qatar,True
2025-12-05,Comoros,Saudi Arabia,1.0,3.0,Arab Cup,Al Khor,Qatar,True
2025-12-06,Kuwait,Jordan,1.0,3.0,Arab Cup,Al Rayyan,Qatar,True
2025-12-06,United Arab Emirates,Egypt,1.0,1.0,Arab Cup,Lusail,Qatar,True
2025-12-06,Bahrain,Algeria,1.0,5.0,Arab Cup,Al Rayyan,Qatar,True
2025-12-06,Sudan,Iraq,0.0,2.0,Arab Cup,Doha,Qatar,True
2025-12-07,Qatar,Tunisia,0.0,3.0,Arab Cup,Al Khor,Qatar,False
2025-12-07,Syria,Palestine,0.0,0.0,Arab Cup,Al Rayyan,Qatar,True
2025-12-08,Morocco,Saudi Arabia,1.0,0.0,Arab Cup,Lusail,Qatar,True
2025-12-08,Oman,Comoros,2.0,1.0,Arab Cup,Doha,Qatar,True
2025-12-09,Egypt,Jordan,0.0,3.0,Arab Cup,Al Khor,Qatar,True
2025-12-09,United Arab Emirates,Kuwait,3.0,1.0,Arab Cup,Doha,Qatar,True
2025-12-09,Algeria,Iraq,2.0,0.0,Arab Cup,Al Rayyan,Qatar,True
2025-12-09,Bahrain,Sudan,3.0,1.0,Arab Cup,Al Rayyan,Qatar,True
2025-12-11,Morocco,Syria,1.0,0.0,Arab Cup,Al Rayyan,Qatar,True
2025-12-11,Palestine,Saudi Arabia,1.0,2.0,Arab Cup,Lusail,Qatar,True
2025-12-12,Jordan,Iraq,1.0,0.0,Arab Cup,Al Rayyan,Qatar,True
2025-12-12,Algeria,United Arab Emirates,1.0,1.0,Arab Cup,Al Khor,Qatar,True
2025-12-15,Morocco,United Arab Emirates,3.0,0.0,Arab Cup,Al Rayyan,Qatar,True
2025-12-15,Saudi Arabia,Jordan,0.0,1.0,Arab Cup,Al Khor,Qatar,True
2025-12-18,Jordan,Morocco,2.0,3.0,Arab Cup,Lusail,Qatar,True
2025-12-21,Morocco,Comoros,2.0,0.0,African Cup of Nations,Rabat,Morocco,False
2025-12-22,Mali,Zambia,1.0,1.0,African Cup of Nations,Casablanca,Morocco,True
2025-12-22,South Africa,Angola,2.0,1.0,African Cup of Nations,Marrakesh,Morocco,True
2025-12-22,Egypt,Zimbabwe,2.0,1.0,African Cup of Nations,Agadir,Morocco,True
2025-12-23,Nigeria,Tanzania,2.0,1.0,African Cup of Nations,Fez,Morocco,True
2025-12-23,Tunisia,Uganda,3.0,1.0,African Cup of Nations,Rabat,Morocco,True
2025-12-23,DR Congo,Benin,1.0,0.0,African Cup of Nations,Rabat,Morocco,True
2025-12-23,Senegal,Botswana,3.0,0.0,African Cup of Nations,Tangier,Morocco,True
2025-12-24,Burkina Faso,Equatorial Guinea,2.0,1.0,African Cup of Nations,Casablanca,Morocco,True
2025-12-24,Algeria,Sudan,3.0,0.0,African Cup of Nations,Rabat,Morocco,True
2025-12-24,Ivory Coast,Mozambique,1.0,0.0,African Cup of Nations,Marrakesh,Morocco,True
2025-12-24,Cameroon,Gabon,1.0,0.0,African Cup of Nations,Agadir,Morocco,True
2025-12-26,Zambia,Comoros,0.0,0.0,African Cup of Nations,Casablanca,Morocco,True
2025-12-26,Morocco,Mali,1.0,1.0,African Cup of Nations,Rabat,Morocco,False
2025-12-26,Angola,Zimbabwe,1.0,1.0,African Cup of Nations,Marrakesh,Morocco,True
2025-12-26,Egypt,South Africa,1.0,0.0,African Cup of Nations,Agadir,Morocco,True
2025-12-27,Uganda,Tanzania,1.0,1.0,African Cup of Nations,Rabat,Morocco,True
2025-12-27,Nigeria,Tunisia,3.0,2.0,African Cup of Nations,Fez,Morocco,True
2025-12-27,Benin,Botswana,1.0,0.0,African Cup of Nations,Rabat,Morocco,True
2025-12-27,Senegal,DR Congo,1.0,1.0,African Cup of Nations,Tangier,Morocco,True
2025-12-28,Equatorial Guinea,Sudan,0.0,1.0,African Cup of Nations,Casablanca,Morocco,True
2025-12-28,Algeria,Burkina Faso,1.0,0.0,African Cup of Nations,Rabat,Morocco,True
2025-12-28,Gabon,Mozambique,2.0,3.0,African Cup of Nations,Agadir,Morocco,True
2025-12-28,Ivory Coast,Cameroon,1.0,1.0,African Cup of Nations,Marrakesh,Morocco,True
2025-12-29,Morocco,Zambia,3.0,0.0,African Cup of Nations,Rabat,Morocco,False
2025-12-29,Comoros,Mali,0.0,0.0,African Cup of Nations,Casablanca,Morocco,True
2025-12-29,Angola,Egypt,0.0,0.0,African Cup of Nations,Agadir,Morocco,True
2025-12-29,Zimbabwe,South Africa,2.0,3.0,African Cup of Nations,Marrakesh,Morocco,True
2025-12-30,Uganda,Nigeria,1.0,3.0,African Cup of Nations,Fez,Morocco,True
2025-12-30,Tanzania,Tunisia,1.0,1.0,African Cup of Nations,Rabat,Morocco,True
2025-12-30,Benin,Senegal,0.0,3.0,African Cup of Nations,Tangier,Morocco,True
2025-12-30,Botswana,DR Congo,0.0,3.0,African Cup of Nations,Rabat,Morocco,True
2025-12-31,Equatorial Guinea,Algeria,1.0,3.0,African Cup of Nations,Rabat,Morocco,True
2025-12-31,Sudan,Burkina Faso,0.0,2.0,African Cup of Nations,Casablanca,Morocco,True
2025-12-31,Gabon,Ivory Coast,2.0,3.0,African Cup of Nations,Marrakesh,Morocco,True
2025-12-31,Mozambique,Cameroon,1.0,2.0,African Cup of Nations,Agadir,Morocco,True
2026-01-03,Senegal,Sudan,3.0,1.0,African Cup of Nations,Tangier,Morocco,True
2026-01-03,Mali,Tunisia,1.0,1.0,African Cup of Nations,Casablanca,Morocco,True
2026-01-04,Morocco,Tanzania,1.0,0.0,African Cup of Nations,Rabat,Morocco,False
2026-01-04,South Africa,Cameroon,1.0,2.0,African Cup of Nations,Rabat,Morocco,True
2026-01-05,Egypt,Benin,3.0,1.0,African Cup of Nations,Agadir,Morocco,True
2026-01-05,Nigeria,Mozambique,4.0,0.0,African Cup of Nations,Fez,Morocco,True
2026-01-06,Algeria,DR Congo,1.0,0.0,African Cup of Nations,Rabat,Morocco,True
2026-01-06,Ivory Coast,Burkina Faso,3.0,0.0,African Cup of Nations,Marrakesh,Morocco,True
2026-01-09,Mali,Senegal,0.0,1.0,African Cup of Nations,Tangier,Morocco,True
2026-01-09,Morocco,Cameroon,2.0,0.0,African Cup of Nations,Rabat,Morocco,False
2026-01-10,Algeria,Nigeria,0.0,2.0,African Cup of Nations,Marrakesh,Morocco,True
2026-01-10,Egypt,Ivory Coast,3.0,2.0,African Cup of Nations,Agadir,Morocco,True
2026-01-14,Senegal,Egypt,1.0,0.0,African Cup of Nations,Tangier,Morocco,True
2026-01-14,Morocco,Nigeria,0.0,0.0,African Cup of Nations,Rabat,Morocco,False
2026-01-17,Egypt,Nigeria,0.0,0.0,African Cup of Nations,Casablanca,Morocco,True
2026-01-18,Morocco,Senegal,3.0,0.0,African Cup of Nations,Rabat,Morocco,False
2026-01-18,Bolivia,Panama,1.0,1.0,Friendly,Tarija,Bolivia,False
2026-01-18,Grenada,Jamaica,0.0,1.0,Friendly,St. George's,Grenada,False
2026-01-22,Panama,Mexico,0.0,1.0,Friendly,Panama City,Panama,False
2026-01-25,Bolivia,Mexico,0.0,1.0,Friendly,Santa Cruz,Bolivia,False
2026-01-26,Uzbekistan,China PR,2.0,2.0,Friendly,Dubai,United Arab Emirates,True
2026-02-25,Mexico,Iceland,4.0,0.0,Friendly,Querétaro,Mexico,False
2026-03-15,Bolivia,Trinidad and Tobago,3.0,0.0,Friendly,Santa Cruz,Bolivia,False
2026-03-25,Bermuda,DR Congo,0.0,2.0,Friendly,Zapopan,Mexico,True
2026-03-25,Equatorial Guinea,Kyrgyzstan,1.0,0.0,Friendly,Antalya,Turkey,True
2026-03-25,Kazakhstan,Namibia,2.0,0.0,FIFA Series,Astana,Kazakhstan,False
2026-03-25,United States Virgin Islands,American Samoa,5.0,2.0,FIFA Series,Bayamón,Puerto Rico,True
2026-03-25,Puerto Rico,Guam,4.0,0.0,FIFA Series,Bayamón,Puerto Rico,False
2026-03-26,Brazil,France,1.0,2.0,Friendly,Foxborough,United States,True
2026-03-26,Colombia,Croatia,1.0,2.0,Friendly,Orlando,United States,True
2026-03-26,Cyprus,Belarus,0.0,1.0,Friendly,Nicosia,Cyprus,False
2026-03-26,Georgia,Israel,2.0,2.0,Friendly,Tbilisi,Georgia,False
2026-03-26,Moldova,Lithuania,0.0,2.0,Friendly,Chișinău,Moldova,False
2026-03-26,Vietnam,Bangladesh,3.0,0.0,Friendly,Hanoi,Vietnam,False
2026-03-26,New Caledonia,Jamaica,0.0,1.0,FIFA World Cup qualification,Zapopan,Mexico,True
2026-03-26,Bolivia,Suriname,2.0,1.0,FIFA World Cup qualification,Guadalupe,Mexico,True
2026-03-26,Italy,Northern Ireland,2.0,0.0,FIFA World Cup qualification,Bergamo,Italy,False
2026-03-26,Wales,Bosnia and Herzegovina,1.0,1.0,FIFA World Cup qualification,Cardiff,Wales,False
2026-03-26,Poland,Albania,2.0,1.0,FIFA World Cup qualification,Warsaw,Poland,False
2026-03-26,Ukraine,Sweden,1.0,3.0,FIFA World Cup qualification,Valencia,Spain,True
2026-03-26,Slovakia,Kosovo,3.0,4.0,FIFA World Cup qualification,Bratislava,Slovakia,False
2026-03-26,Turkey,Romania,1.0,0.0,FIFA World Cup qualification,Istanbul,Turkey,False
2026-03-26,Czech Republic,Republic of Ireland,2.0,2.0,FIFA World Cup qualification,Prague,Czech Republic,False
2026-03-26,Denmark,North Macedonia,4.0,0.0,FIFA World Cup qualification,Copenhagen,Denmark,False
2026-03-26,Aruba,Macau,4.0,1.0,FIFA Series,Kigali,Rwanda,True
2026-03-26,Tanzania,Liechtenstein,0.0,1.0,FIFA Series,Kigali,Rwanda,True
2026-03-26,Martinique,Cuba,2.0,2.0,CONCACAF Series,Santiago de los Caballeros,Dominican Republic,True
2026-03-26,Dominican Republic,El Salvador,2.0,2.0,CONCACAF Series,Santiago de los Caballeros,Dominican Republic,False
2026-03-26,Saint Martin,Barbados,3.0,1.0,CONCACAF Series,Rincon,Bonaire,True
2026-03-26,Bonaire,Saint Vincent and the Grenadines,3.0,1.0,CONCACAF Series,Rincon,Bonaire,False
2026-03-26,Bahamas,Anguilla,1.0,3.0,CONCACAF Series,George Town,Cayman Islands,True
2026-03-26,Cayman Islands,British Virgin Islands,1.0,1.0,CONCACAF Series,George Town,Cayman Islands,False
2026-03-27,Algeria,Guatemala,7.0,0.0,Friendly,Genoa,Switzerland,True
2026-03-27,Argentina,Mauritania,2.0,1.0,Friendly,Buenos Aires,Argentina,False
2026-03-27,Austria,Ghana,5.0,1.0,Friendly,Vienna,Austria,False
2026-03-27,England,Uruguay,1.0,1.0,Friendly,London,England,False
2026-03-27,Greece,Paraguay,0.0,1.0,Friendly,Athens,Greece,False
2026-03-27,Guinea,Togo,2.0,2.0,"Morocco, Capital of African Football",Rabat,Morocco,True
2026-03-27,Liberia,Benin,0.0,1.0,"Morocco, Capital of African Football",Casablanca,Morocco,True
2026-03-27,Libya,Niger,0.0,0.0,"Morocco, Capital of African Football",Casablanca,Morocco,True
2026-03-27,Montenegro,Andorra,2.0,0.0,Friendly,Podgorica,Montenegro,False
2026-03-27,Morocco,Ecuador,1.0,1.0,Friendly,Madrid,Spain,True
2026-03-27,Netherlands,Norway,2.0,1.0,Friendly,Amsterdam,Netherlands,False
2026-03-27,Saudi Arabia,Egypt,0.0,4.0,Friendly,Jeddah,Saudi Arabia,False
2026-03-27,South Africa,Panama,1.0,1.0,Friendly,Durban,South Africa,False
2026-03-27,Spain,Serbia,3.0,0.0,Friendly,Villarreal,Spain,False
2026-03-27,Russia,Nicaragua,3.0,1.0,Friendly,Krasnodar,Russia,False
2026-03-27,Switzerland,Germany,3.0,4.0,Friendly,Basel,Switzerland,False
2026-03-27,Costa Rica,Jordan,2.0,2.0,Friendly,Antalya,Turkey,True
2026-03-27,Iran,Nigeria,1.0,2.0,Friendly,Antalya,Turkey,True
2026-03-27,China PR,Curaçao,2.0,0.0,FIFA Series,Sydney,Australia,True
2026-03-27,Australia,Cameroon,1.0,0.0,FIFA Series,Sydney,Australia,False
2026-03-27,Azerbaijan,Saint Lucia,6.0,1.0,FIFA Series,Sumgait,Azerbaijan,False
2026-03-27,Solomon Islands,Bulgaria,2.0,10.0,FIFA Series,Jakarta,Indonesia,True
2026-03-27,Indonesia,Saint Kitts and Nevis,4.0,0.0,FIFA Series,Jakarta,Indonesia,False
2026-03-27,Chile,Cape Verde,4.0,2.0,FIFA Series,Auckland,New Zealand,True
2026-03-27,New Zealand,Finland,0.0,2.0,FIFA Series,Auckland,New Zealand,False
2026-03-27,Kenya,Estonia,1.0,1.0,FIFA Series,Kigali,Rwanda,True
2026-03-27,Rwanda,Grenada,4.0,0.0,FIFA Series,Kigali,Rwanda,False
2026-03-27,Venezuela,Trinidad and Tobago,4.0,1.0,FIFA Series,Tashkent,Uzbekistan,True
2026-03-27,Uzbekistan,Gabon,3.0,1.0,FIFA Series,Tashkent,Uzbekistan,False
2026-03-27,Guyana,Dominica,2.0,0.0,CONCACAF Series,Santiago de los Caballeros,Dominican Republic,True
2026-03-27,Belize,Sint Maarten,2.0,3.0,CONCACAF Series,Santiago de los Caballeros,Dominican Republic,True
2026-03-28,Burkina Faso,Guinea-Bissau,5.0,0.0,Friendly,Ouagadougou,Burkina Faso,False
2026-03-28,Canada,Iceland,2.0,2.0,Friendly,Toronto,Canada,False
2026-03-28,Haiti,Tunisia,0.0,1.0,Friendly,Toronto,Canada,True
2026-03-28,Hungary,Slovenia,1.0,0.0,Friendly,Budapest,Hungary,False
2026-03-28,Ivory Coast,South Korea,4.0,0.0,Friendly,Milton Keynes,England,True
2026-03-28,Mexico,Portugal,0.0,0.0,Friendly,Mexico City,Mexico,False
2026-03-28,San Marino,Faroe Islands,1.0,2.0,Friendly,Serravalle,San Marino,False
2026-03-28,Scotland,Japan,0.0,1.0,Friendly,Glasgow,Scotland,False
2026-03-28,Senegal,Peru,2.0,0.0,Friendly,Paris,France,True
2026-03-28,United States,Belgium,2.0,5.0,Friendly,Atlanta,United States,False
2026-03-28,Kyrgyzstan,Madagascar,2.0,5.0,Friendly,Antalya,Turkey,True
2026-03-28,Botswana,Zimbabwe,0.0,3.0,Mukuru 4 Nations,Francistown,Botswana,False
2026-03-28,Namibia,Comoros,0.0,0.0,FIFA Series,Astana,Kazakhstan,True
2026-03-28,American Samoa,Guam,0.0,6.0,FIFA Series,Bayamón,Puerto Rico,True
2026-03-28,Puerto Rico,United States Virgin Islands,2.0,0.0,FIFA Series,Bayamón,Puerto Rico,False
2026-03-29,Armenia,Belarus,1.0,2.0,Friendly,Yerevan,Armenia,False
2026-03-29,Colombia,France,1.0,3.0,Friendly,Landover,United States,True
2026-03-29,Lithuania,Georgia,0.0,2.0,Friendly,Kaunas,Lithuania,False
2026-03-29,Macau,Tanzania,0.0,6.0,FIFA Series,Kigali,Rwanda,True
2026-03-29,Aruba,Liechtenstein,4.0,1.0,FIFA Series,Kigali,Rwanda,True
2026-03-29,Martinique,El Salvador,0.0,1.0,CONCACAF Series,Santiago de los Caballeros,Dominican Republic,True
2026-03-29,Dominican Republic,Cuba,1.0,1.0,CONCACAF Series,Santiago de los Caballeros,Dominican Republic,False
2026-03-29,Barbados,Saint Vincent and the Grenadines,2.0,3.0,CONCACAF Series,Rincon,Bonaire,True
2026-03-29,Bonaire,Saint Martin,0.0,3.0,CONCACAF Series,Rincon,Bonaire,False
2026-03-29,British Virgin Islands,Anguilla,4.0,0.0,CONCACAF Series,George Town,Cayman Islands,True
2026-03-29,Cayman Islands,Bahamas,1.0,0.0,CONCACAF Series,George Town,Cayman Islands,False
2026-03-30,Cyprus,Moldova,3.0,2.0,Friendly,Nicosia,Cyprus,False
2026-03-30,Germany,Ghana,2.0,1.0,Friendly,Stuttgart,Germany,False
2026-03-30,Azerbaijan,Sierra Leone,1.0,1.0,FIFA Series,Sumgait,Azerbaijan,False
2026-03-30,Saint Kitts and Nevis,Solomon Islands,4.0,2.0,FIFA Series,Jakarta,Indonesia,True
2026-03-30,Indonesia,Bulgaria,0.0,1.0,FIFA Series,Jakarta,Indonesia,False
2026-03-30,Cape Verde,Finland,1.0,1.0,FIFA Series,Auckland,New Zealand,True
2026-03-30,New Zealand,Chile,4.0,1.0,FIFA Series,Auckland,New Zealand,False
2026-03-30,Grenada,Kenya,0.0,3.0,FIFA Series,Kigali,Rwanda,True
2026-03-30,Rwanda,Estonia,2.0,0.0,FIFA Series,Kigali,Rwanda,False
2026-03-30,Gabon,Trinidad and Tobago,2.0,2.0,FIFA Series,Tashkent,Uzbekistan,True
2026-03-30,Uzbekistan,Venezuela,0.0,0.0,FIFA Series,Tashkent,Uzbekistan,False
2026-03-30,Guyana,Belize,3.0,1.0,CONCACAF Series,Santiago de los Caballeros,Dominican Republic,True
2026-03-30,Dominica,Sint Maarten,0.0,0.0,CONCACAF Series,Santiago de los Caballeros,Dominican Republic,True
2026-03-31,Algeria,Uruguay,0.0,0.0,Friendly,Turin,Italy,True
2026-03-31,Argentina,Zambia,5.0,0.0,Friendly,Buenos Aires,Argentina,False
2026-03-31,Austria,South Korea,1.0,0.0,Friendly,Vienna,Austria,False
2026-03-31,Benin,Guinea,1.0,0.0,"Morocco, Capital of African Football",Casablanca,Morocco,True
2026-03-31,Brazil,Croatia,3.0,1.0,Friendly,Orlando,United States,True
2026-03-31,Burkina Faso,Guinea-Bissau,1.0,1.0,Friendly,Ouagadougou,Burkina Faso,False
2026-03-31,Canada,Tunisia,0.0,0.0,Friendly,Toronto,Canada,False
2026-03-31,Costa Rica,Iran,0.0,5.0,Friendly,Antalya,Turkey,True
2026-03-31,England,Japan,0.0,1.0,Friendly,London,England,False
2026-03-31,Equatorial Guinea,Madagascar,1.0,1.0,Friendly,Manavgat,Turkey,True
2026-03-31,Haiti,Iceland,1.0,1.0,Friendly,Toronto,Canada,True
2026-03-31,Hungary,Greece,0.0,0.0,Friendly,Budapest,Hungary,False
2026-03-31,Ivory Coast,Scotland,1.0,0.0,Friendly,Liverpool,England,True
2026-03-31,Jordan,Nigeria,2.0,2.0,Friendly,Antalya,Turkey,True
2026-03-31,Liberia,Libya,2.0,2.0,"Morocco, Capital of African Football",Casablanca,Morocco,True
2026-03-31,Botswana,Malawi,1.0,0.0,Mukuru 4 Nations,Francistown,Botswana,False
2026-03-31,Mexico,Belgium,1.0,1.0,Friendly,Chicago,United States,True
2026-03-31,Montenegro,Slovenia,2.0,3.0,Friendly,Podgorica,Montenegro,False
2026-03-31,Morocco,Paraguay,2.0,1.0,Friendly,Lens,France,True
2026-03-31,Netherlands,Ecuador,1.0,1.0,Friendly,Eindhoven,Netherlands,False
2026-03-31,Niger,Togo,0.0,1.0,"Morocco, Capital of African Football",Casablanca,Morocco,True
2026-03-31,Norway,Switzerland,0.0,0.0,Friendly,Oslo,Norway,False
2026-03-31,Peru,Honduras,2.0,2.0,Friendly,Madrid,Spain,True
2026-03-31,Russia,Mali,0.0,0.0,Friendly,Saint Petersburg,Russia,False
2026-03-31,Republic of Ireland,North Macedonia,0.0,0.0,Friendly,Dublin,Republic of Ireland,False
2026-03-31,San Marino,Andorra,0.0,0.0,Friendly,Serravalle,San Marino,False
2026-03-31,Senegal,Gambia,3.0,1.0,Friendly,Diamniadio,Senegal,False
2026-03-31,Serbia,Saudi Arabia,2.0,1.0,Friendly,Backa Topola,Serbia,False
2026-03-31,Slovakia,Romania,2.0,0.0,Friendly,Bratislava,Slovakia,False
2026-03-31,South Africa,Panama,1.0,2.0,Friendly,Cape Town,South Africa,False
2026-03-31,Spain,Egypt,0.0,0.0,Friendly,Barcelona,Spain,False
2026-03-31,Ukraine,Albania,1.0,0.0,Friendly,Valencia,Spain,True
2026-03-31,United States,Portugal,0.0,2.0,Friendly,Atlanta,United States,False
2026-03-31,Wales,Northern Ireland,1.0,1.0,Friendly,Cardiff,Wales,False
2026-03-31,DR Congo,Jamaica,1.0,0.0,FIFA World Cup qualification,Zapopan,Mexico,True
2026-03-31,Iraq,Bolivia,2.0,1.0,FIFA World Cup qualification,Guadalupe,Mexico,True
2026-03-31,Bosnia and Herzegovina,Italy,1.0,1.0,FIFA World Cup qualification,Zenica,Bosnia and Herzegovina,False
2026-03-31,Sweden,Poland,3.0,2.0,FIFA World Cup qualification,Solna,Sweden,False
2026-03-31,Kosovo,Turkey,0.0,1.0,FIFA World Cup qualification,Pristina,Kosovo,False
2026-03-31,Czech Republic,Denmark,2.0,2.0,FIFA World Cup qualification,Prague,Czech Republic,False
2026-03-31,Cameroon,China PR,2.0,0.0,FIFA Series,Melbourne,Australia,True
2026-03-31,Australia,Curaçao,5.0,1.0,FIFA Series,Melbourne,Australia,False
2026-03-31,Kazakhstan,Comoros,1.0,0.0,FIFA Series,Astana,Kazakhstan,False
2026-06-11,Mexico,South Africa,,,FIFA World Cup,Mexico City,Mexico,False
2026-06-11,South Korea,Czech Republic,,,FIFA World Cup,Zapopan,Mexico,True
2026-06-12,Canada,Bosnia and Herzegovina,,,FIFA World Cup,Toronto,Canada,False
2026-06-12,United States,Paraguay,,,FIFA World Cup,Inglewood,United States,False
2026-06-13,Qatar,Switzerland,,,FIFA World Cup,Santa Clara,United States,True
2026-06-13,Brazil,Morocco,,,FIFA World Cup,East Rutherford,United States,True
2026-06-13,Haiti,Scotland,,,FIFA World Cup,Foxborough,United States,True
2026-06-13,Australia,Turkey,,,FIFA World Cup,Vancouver,Canada,True
2026-06-14,Germany,Curaçao,,,FIFA World Cup,Houston,United States,True
2026-06-14,Ivory Coast,Ecuador,,,FIFA World Cup,Philadelphia,United States,True
2026-06-14,Netherlands,Japan,,,FIFA World Cup,Arlington,United States,True
2026-06-14,Sweden,Tunisia,,,FIFA World Cup,Guadalupe,Mexico,True
2026-06-15,Belgium,Egypt,,,FIFA World Cup,Seattle,United States,True
2026-06-15,Iran,New Zealand,,,FIFA World Cup,Inglewood,United States,True
2026-06-15,Spain,Cape Verde,,,FIFA World Cup,Atlanta,United States,True
2026-06-15,Saudi Arabia,Uruguay,,,FIFA World Cup,Miami Gardens,United States,True
2026-06-16,France,Senegal,,,FIFA World Cup,East Rutherford,United States,True
2026-06-16,Iraq,Norway,,,FIFA World Cup,Foxborough,United States,True
2026-06-16,Argentina,Algeria,,,FIFA World Cup,Kansas City,United States,True
2026-06-16,Austria,Jordan,,,FIFA World Cup,Santa Clara,United States,True
2026-06-17,Portugal,DR Congo,,,FIFA World Cup,Houston,United States,True
2026-06-17,Uzbekistan,Colombia,,,FIFA World Cup,Mexico City,Mexico,True
2026-06-17,England,Croatia,,,FIFA World Cup,Arlington,United States,True
2026-06-17,Ghana,Panama,,,FIFA World Cup,Toronto,Canada,True
2026-06-18,Czech Republic,South Africa,,,FIFA World Cup,Atlanta,United States,True
2026-06-18,Mexico,South Korea,,,FIFA World Cup,Zapopan,Mexico,False
2026-06-18,Switzerland,Bosnia and Herzegovina,,,FIFA World Cup,Inglewood,United States,True
2026-06-18,Canada,Qatar,,,FIFA World Cup,Vancouver,Canada,False
2026-06-19,Scotland,Morocco,,,FIFA World Cup,Foxborough,United States,True
2026-06-19,Brazil,Haiti,,,FIFA World Cup,Philadelphia,United States,True
2026-06-19,United States,Australia,,,FIFA World Cup,Seattle,United States,False
2026-06-19,Turkey,Paraguay,,,FIFA World Cup,Santa Clara,United States,True
2026-06-20,Germany,Ivory Coast,,,FIFA World Cup,Toronto,Canada,True
2026-06-20,Ecuador,Curaçao,,,FIFA World Cup,Kansas City,United States,True
2026-06-20,Netherlands,Sweden,,,FIFA World Cup,Houston,United States,True
2026-06-20,Tunisia,Japan,,,FIFA World Cup,Guadalupe,Mexico,True
2026-06-21,Belgium,Iran,,,FIFA World Cup,Inglewood,United States,True
2026-06-21,New Zealand,Egypt,,,FIFA World Cup,Vancouver,Canada,True
2026-06-21,Spain,Saudi Arabia,,,FIFA World Cup,Atlanta,United States,True
2026-06-21,Uruguay,Cape Verde,,,FIFA World Cup,Miami Gardens,United States,True
2026-06-22,France,Iraq,,,FIFA World Cup,Philadelphia,United States,True
2026-06-22,Norway,Senegal,,,FIFA World Cup,East Rutherford,United States,True
2026-06-22,Argentina,Austria,,,FIFA World Cup,Arlington,United States,True
2026-06-22,Jordan,Algeria,,,FIFA World Cup,Santa Clara,United States,True
2026-06-23,Portugal,Uzbekistan,,,FIFA World Cup,Houston,United States,True
2026-06-23,Colombia,DR Congo,,,FIFA World Cup,Zapopan,Mexico,True
2026-06-23,England,Ghana,,,FIFA World Cup,Foxborough,United States,True
2026-06-23,Panama,Croatia,,,FIFA World Cup,Toronto,Canada,True
2026-06-24,Mexico,Czech Republic,,,FIFA World Cup,Mexico City,Mexico,False
2026-06-24,South Africa,South Korea,,,FIFA World Cup,Guadalupe,Mexico,True
2026-06-24,Canada,Switzerland,,,FIFA World Cup,Vancouver,Canada,False
2026-06-24,Bosnia and Herzegovina,Qatar,,,FIFA World Cup,Seattle,United States,True
2026-06-24,Scotland,Brazil,,,FIFA World Cup,Miami Gardens,United States,True
2026-06-24,Morocco,Haiti,,,FIFA World Cup,Atlanta,United States,True
2026-06-25,United States,Turkey,,,FIFA World Cup,Inglewood,United States,False
2026-06-25,Paraguay,Australia,,,FIFA World Cup,Santa Clara,United States,True
2026-06-25,Curaçao,Ivory Coast,,,FIFA World Cup,Philadelphia,United States,True
2026-06-25,Ecuador,Germany,,,FIFA World Cup,East Rutherford,United States,True
2026-06-25,Japan,Sweden,,,FIFA World Cup,Arlington,United States,True
2026-06-25,Tunisia,Netherlands,,,FIFA World Cup,Kansas City,United States,True
2026-06-26,Egypt,Iran,,,FIFA World Cup,Seattle,United States,True
2026-06-26,New Zealand,Belgium,,,FIFA World Cup,Vancouver,Canada,True
2026-06-26,Cape Verde,Saudi Arabia,,,FIFA World Cup,Houston,United States,True
2026-06-26,Uruguay,Spain,,,FIFA World Cup,Zapopan,Mexico,True
2026-06-26,Norway,France,,,FIFA World Cup,Foxborough,United States,True
2026-06-26,Senegal,Iraq,,,FIFA World Cup,Toronto,Canada,True
2026-06-27,Algeria,Austria,,,FIFA World Cup,Kansas City,United States,True
2026-06-27,Jordan,Argentina,,,FIFA World Cup,Arlington,United States,True
2026-06-27,Colombia,Portugal,,,FIFA World Cup,Miami Gardens,United States,True
2026-06-27,DR Congo,Uzbekistan,,,FIFA World Cup,Atlanta,United States,True
2026-06-27,Panama,England,,,FIFA World Cup,East Rutherford,United States,True
2026-06-27,Croatia,Ghana,,,FIFA World Cup,Philadelphia,United States,True
